collection_id,source_id,source_table,source_row,pays_percepteur,pays_origine,nomenclature,code_tarifaire,code_affiche_source,code_sh6,position_source,description_source,taux_surtaxe_pourcent,date_application_initiale_source,periode_table_source,debut_periode_table_source,fin_periode_table_source_inclusive,statut_validation,observed_at_utc
20261005T190524Z_92397,finances_liste,1,1,CAN,USA,Numero_tarifaire_canadien,04021010,0402.10.10,040210,"Lait et crème de lait, concentrés ou additionnés de sucre ou d'autres édulcorants.","- En poudre, en granulés ou sous d'autres formes solides, d'une teneur en poids de matières grasses n'excédant pas 1,5 % : Dans les limites de l'engagement d'accès",50,NA,En vigueur à compter du 8 septembre 2026,2026-09-08,NA,table_recapitulative_extraite_conditions_non_resolues,2026-10-05T18:47:45Z
20261005T190524Z_92397,finances_liste,1,2,CAN,USA,Numero_tarifaire_canadien,04021020,0402.10.20,040210,"Lait et crème de lait, concentrés ou additionnés de sucre ou d'autres édulcorants.","- En poudre, en granulés ou sous d'autres formes solides, d'une teneur en poids de matières grasses n'excédant pas 1,5 % : Au-dessus de l'engagement d'accès",50,NA,En vigueur à compter du 8 septembre 2026,2026-09-08,NA,table_recapitulative_extraite_conditions_non_resolues,2026-10-05T18:47:45Z
20261005T190524Z_92397,finances_liste,1,3,CAN,USA,Numero_tarifaire_canadien,04022111,0402.21.11,040221,"Lait et crème de lait, concentrés ou additionnés de sucre ou d'autres édulcorants.","- En poudre, en granulés ou sous d'autres formes solides, d'une teneur en poids de matières grasses excédant 1,5 % : Sans addition de sucre ou d'autres édulcorants : Lait : Dans les limites de l'engagement d'accès",50,NA,En vigueur à compter du 8 septembre 2026,2026-09-08,NA,table_recapitulative_extraite_conditions_non_resolues,2026-10-05T18:47:45Z
20261005T190524Z_92397,finances_liste,1,4,CAN,USA,Numero_tarifaire_canadien,04022112,0402.21.12,040221,"Lait et crème de lait, concentrés ou additionnés de sucre ou d'autres édulcorants.","- En poudre, en granulés ou sous d'autres formes solides, d'une teneur en poids de matières grasses excédant 1,5 % : Sans addition de sucre ou d'autres édulcorants : Lait : Au-dessus de l'engagement d'accès",50,NA,En vigueur à compter du 8 septembre 2026,2026-09-08,NA,table_recapitulative_extraite_conditions_non_resolues,2026-10-05T18:47:45Z
20261005T190524Z_92397,finances_liste,1,5,CAN,USA,Numero_tarifaire_canadien,04022121,0402.21.21,040221,"Lait et crème de lait, concentrés ou additionnés de sucre ou d'autres édulcorants.","- En poudre, en granulés ou sous d'autres formes solides, d'une teneur en poids de matières grasses excédant 1,5 % : Sans addition de sucre ou d'autres édulcorants : Crème : Dans les limites de l'engagement d'accès",50,NA,En vigueur à compter du 8 septembre 2026,2026-09-08,NA,table_recapitulative_extraite_conditions_non_resolues,2026-10-05T18:47:45Z
20261005T190524Z_92397,finances_liste,1,6,CAN,USA,Numero_tarifaire_canadien,04022122,0402.21.22,040221,"Lait et crème de lait, concentrés ou additionnés de sucre ou d'autres édulcorants.","- En poudre, en granulés ou sous d'autres formes solides, d'une teneur en poids de matières grasses excédant 1,5 % : Sans addition de sucre ou d'autres édulcorants : Crème : Au-dessus de l'engagement d'accès",50,NA,En vigueur à compter du 8 septembre 2026,2026-09-08,NA,table_recapitulative_extraite_conditions_non_resolues,2026-10-05T18:47:45Z
20261005T190524Z_92397,finances_liste,1,7,CAN,USA,Numero_tarifaire_canadien,04029110,0402.91.10,040291,"Lait et crème de lait, concentrés ou additionnés de sucre ou d'autres édulcorants.",- Autres : Sans addition de sucre ou d'autres édulcorants : Dans les limites de l'engagement d'accès,50,NA,En vigueur à compter du 8 septembre 2026,2026-09-08,NA,table_recapitulative_extraite_conditions_non_resolues,2026-10-05T18:47:45Z
20261005T190524Z_92397,finances_liste,1,8,CAN,USA,Numero_tarifaire_canadien,04029120,0402.91.20,040291,"Lait et crème de lait, concentrés ou additionnés de sucre ou d'autres édulcorants.",- Autres : Sans addition de sucre ou d'autres édulcorants : Au-dessus de l'engagement d'accès,50,NA,En vigueur à compter du 8 septembre 2026,2026-09-08,NA,table_recapitulative_extraite_conditions_non_resolues,2026-10-05T18:47:45Z
20261005T190524Z_92397,finances_liste,1,9,CAN,USA,Numero_tarifaire_canadien,04029910,0402.99.10,040299,"Lait et crème de lait, concentrés ou additionnés de sucre ou d'autres édulcorants.",- Autres : Autres : Dans les limites de l'engagement d'accès,50,NA,En vigueur à compter du 8 septembre 2026,2026-09-08,NA,table_recapitulative_extraite_conditions_non_resolues,2026-10-05T18:47:45Z
20261005T190524Z_92397,finances_liste,1,10,CAN,USA,Numero_tarifaire_canadien,04029920,0402.99.20,040299,"Lait et crème de lait, concentrés ou additionnés de sucre ou d'autres édulcorants.",- Autres : Autres : Au-dessus de l'engagement d'accès,50,NA,En vigueur à compter du 8 septembre 2026,2026-09-08,NA,table_recapitulative_extraite_conditions_non_resolues,2026-10-05T18:47:45Z
20261005T190524Z_92397,finances_liste,1,11,CAN,USA,Numero_tarifaire_canadien,04041010,0404.10.10,040410,"Lactosérum, même concentré ou additionné de sucre ou d'autres édulcorants; produits consistant en composants naturels du lait, même additionnés de sucre ou d'autres édulcorants, non dénommés ni compris ailleurs.","- Lactosérum, modifié ou non, même concentré ou additionné de sucre ou d'autres édulcorants : Concentré de protéines de lactosérum",50,NA,En vigueur à compter du 8 septembre 2026,2026-09-08,NA,table_recapitulative_extraite_conditions_non_resolues,2026-10-05T18:47:45Z
20261005T190524Z_92397,finances_liste,1,12,CAN,USA,Numero_tarifaire_canadien,04041021,0404.10.21,040410,"Lactosérum, même concentré ou additionné de sucre ou d'autres édulcorants; produits consistant en composants naturels du lait, même additionnés de sucre ou d'autres édulcorants, non dénommés ni compris ailleurs.","- Lactosérum, modifié ou non, même concentré ou additionné de sucre ou d'autres édulcorants : Lactosérum en poudre : Dans les limites de l'engagement d'accès",50,NA,En vigueur à compter du 8 septembre 2026,2026-09-08,NA,table_recapitulative_extraite_conditions_non_resolues,2026-10-05T18:47:45Z
20261005T190524Z_92397,finances_liste,1,13,CAN,USA,Numero_tarifaire_canadien,04041022,0404.10.22,040410,"Lactosérum, même concentré ou additionné de sucre ou d'autres édulcorants; produits consistant en composants naturels du lait, même additionnés de sucre ou d'autres édulcorants, non dénommés ni compris ailleurs.","- Lactosérum, modifié ou non, même concentré ou additionné de sucre ou d'autres édulcorants : Lactosérum en poudre : Au-dessus de l'engagement d'accès",50,NA,En vigueur à compter du 8 septembre 2026,2026-09-08,NA,table_recapitulative_extraite_conditions_non_resolues,2026-10-05T18:47:45Z
20261005T190524Z_92397,finances_liste,1,14,CAN,USA,Numero_tarifaire_canadien,04041090,0404.10.90,040410,"Lactosérum, même concentré ou additionné de sucre ou d'autres édulcorants; produits consistant en composants naturels du lait, même additionnés de sucre ou d'autres édulcorants, non dénommés ni compris ailleurs.","- Lactosérum, modifié ou non, même concentré ou additionné de sucre ou d'autres édulcorants : Autres",50,NA,En vigueur à compter du 8 septembre 2026,2026-09-08,NA,table_recapitulative_extraite_conditions_non_resolues,2026-10-05T18:47:45Z
20261005T190524Z_92397,finances_liste,1,15,CAN,USA,Numero_tarifaire_canadien,04049010,0404.90.10,040490,"Lactosérum, même concentré ou additionné de sucre ou d'autres édulcorants; produits consistant en composants naturels du lait, même additionnés de sucre ou d'autres édulcorants, non dénommés ni compris ailleurs.",- Autres : Dans les limites de l'engagement d'accès,50,NA,En vigueur à compter du 8 septembre 2026,2026-09-08,NA,table_recapitulative_extraite_conditions_non_resolues,2026-10-05T18:47:45Z
20261005T190524Z_92397,finances_liste,1,16,CAN,USA,Numero_tarifaire_canadien,04049020,0404.90.20,040490,"Lactosérum, même concentré ou additionné de sucre ou d'autres édulcorants; produits consistant en composants naturels du lait, même additionnés de sucre ou d'autres édulcorants, non dénommés ni compris ailleurs.",- Autres : Au-dessus de l'engagement d'accès,50,NA,En vigueur à compter du 8 septembre 2026,2026-09-08,NA,table_recapitulative_extraite_conditions_non_resolues,2026-10-05T18:47:45Z
20261005T190524Z_92397,finances_liste,1,17,CAN,USA,Numero_tarifaire_canadien,04061010,0406.10.10,040610,Fromages et caillebotte.,"- Fromages frais (non affinés), y compris le fromage de lactosérum, et caillebotte : Dans les limites de l'engagement d'accès",25,NA,En vigueur à compter du 8 septembre 2026,2026-09-08,NA,table_recapitulative_extraite_conditions_non_resolues,2026-10-05T18:47:45Z
20261005T190524Z_92397,finances_liste,1,18,CAN,USA,Numero_tarifaire_canadien,04061020,0406.10.20,040610,Fromages et caillebotte.,"- Fromages frais (non affinés), y compris le fromage de lactosérum, et caillebotte : Au-dessus de l'engagement d'accès",25,NA,En vigueur à compter du 8 septembre 2026,2026-09-08,NA,table_recapitulative_extraite_conditions_non_resolues,2026-10-05T18:47:45Z
20261005T190524Z_92397,finances_liste,1,19,CAN,USA,Numero_tarifaire_canadien,04062011,0406.20.11,040620,Fromages et caillebotte.,"- Fromages râpés ou en poudre, de tous types : Cheddar et du type Cheddar : Dans les limites de l'engagement d'accès",25,NA,En vigueur à compter du 8 septembre 2026,2026-09-08,NA,table_recapitulative_extraite_conditions_non_resolues,2026-10-05T18:47:45Z
20261005T190524Z_92397,finances_liste,1,20,CAN,USA,Numero_tarifaire_canadien,04062012,0406.20.12,040620,Fromages et caillebotte.,"- Fromages râpés ou en poudre, de tous types : Cheddar et du type Cheddar : Au-dessus de l'engagement d'accès",25,NA,En vigueur à compter du 8 septembre 2026,2026-09-08,NA,table_recapitulative_extraite_conditions_non_resolues,2026-10-05T18:47:45Z
20261005T190524Z_92397,finances_liste,1,21,CAN,USA,Numero_tarifaire_canadien,04062091,0406.20.91,040620,Fromages et caillebotte.,"- Fromages râpés ou en poudre, de tous types : Autres : Dans les limites de l'engagement d'accès",25,NA,En vigueur à compter du 8 septembre 2026,2026-09-08,NA,table_recapitulative_extraite_conditions_non_resolues,2026-10-05T18:47:45Z
20261005T190524Z_92397,finances_liste,1,22,CAN,USA,Numero_tarifaire_canadien,04062092,0406.20.92,040620,Fromages et caillebotte.,"- Fromages râpés ou en poudre, de tous types : Autres : Au-dessus de l'engagement d'accès",25,NA,En vigueur à compter du 8 septembre 2026,2026-09-08,NA,table_recapitulative_extraite_conditions_non_resolues,2026-10-05T18:47:45Z
20261005T190524Z_92397,finances_liste,1,23,CAN,USA,Numero_tarifaire_canadien,04063010,0406.30.10,040630,Fromages et caillebotte.,"- Fromages fondus, autres que râpés ou en poudre : Dans les limites de l'engagement d'accès",25,NA,En vigueur à compter du 8 septembre 2026,2026-09-08,NA,table_recapitulative_extraite_conditions_non_resolues,2026-10-05T18:47:45Z
20261005T190524Z_92397,finances_liste,1,24,CAN,USA,Numero_tarifaire_canadien,04063020,0406.30.20,040630,Fromages et caillebotte.,"- Fromages fondus, autres que râpés ou en poudre : Au-dessus de l'engagement d'accès",25,NA,En vigueur à compter du 8 septembre 2026,2026-09-08,NA,table_recapitulative_extraite_conditions_non_resolues,2026-10-05T18:47:45Z
20261005T190524Z_92397,finances_liste,1,25,CAN,USA,Numero_tarifaire_canadien,04064010,0406.40.10,040640,Fromages et caillebotte.,- Fromages à pâte persillée et autres fromages présentant des marbrures obtenues en utilisant du Penicillium roqueforti : Dans les limites de l'engagement d'accès,25,NA,En vigueur à compter du 8 septembre 2026,2026-09-08,NA,table_recapitulative_extraite_conditions_non_resolues,2026-10-05T18:47:45Z
20261005T190524Z_92397,finances_liste,1,26,CAN,USA,Numero_tarifaire_canadien,04064020,0406.40.20,040640,Fromages et caillebotte.,- Fromages à pâte persillée et autres fromages présentant des marbrures obtenues en utilisant du Penicillium roqueforti : Au-dessus de l'engagement d'accès,25,NA,En vigueur à compter du 8 septembre 2026,2026-09-08,NA,table_recapitulative_extraite_conditions_non_resolues,2026-10-05T18:47:45Z
20261005T190524Z_92397,finances_liste,1,27,CAN,USA,Numero_tarifaire_canadien,04069011,0406.90.11,040690,Fromages et caillebotte.,- Autres fromages : Cheddar et du type Cheddar : Dans les limites de l'engagement d'accès,25,NA,En vigueur à compter du 8 septembre 2026,2026-09-08,NA,table_recapitulative_extraite_conditions_non_resolues,2026-10-05T18:47:45Z
20261005T190524Z_92397,finances_liste,1,28,CAN,USA,Numero_tarifaire_canadien,04069012,0406.90.12,040690,Fromages et caillebotte.,- Autres fromages : Cheddar et du type Cheddar : Au-dessus de l'engagement d'accès,25,NA,En vigueur à compter du 8 septembre 2026,2026-09-08,NA,table_recapitulative_extraite_conditions_non_resolues,2026-10-05T18:47:45Z
20261005T190524Z_92397,finances_liste,1,29,CAN,USA,Numero_tarifaire_canadien,04069021,0406.90.21,040690,Fromages et caillebotte.,- Autres fromages : Camembert et du type Camembert : Dans les limites de l'engagement d'accès,25,NA,En vigueur à compter du 8 septembre 2026,2026-09-08,NA,table_recapitulative_extraite_conditions_non_resolues,2026-10-05T18:47:45Z
20261005T190524Z_92397,finances_liste,1,30,CAN,USA,Numero_tarifaire_canadien,04069022,0406.90.22,040690,Fromages et caillebotte.,- Autres fromages : Camembert et du type Camembert : Au-dessus de l'engagement d'accès,25,NA,En vigueur à compter du 8 septembre 2026,2026-09-08,NA,table_recapitulative_extraite_conditions_non_resolues,2026-10-05T18:47:45Z
20261005T190524Z_92397,finances_liste,1,31,CAN,USA,Numero_tarifaire_canadien,04069031,0406.90.31,040690,Fromages et caillebotte.,- Autres fromages : Brie et du type Brie : Dans les limites de l'engagement d'accès,25,NA,En vigueur à compter du 8 septembre 2026,2026-09-08,NA,table_recapitulative_extraite_conditions_non_resolues,2026-10-05T18:47:45Z
20261005T190524Z_92397,finances_liste,1,32,CAN,USA,Numero_tarifaire_canadien,04069032,0406.90.32,040690,Fromages et caillebotte.,- Autres fromages : Brie et du type Brie : Au-dessus de l'engagement d'accès,25,NA,En vigueur à compter du 8 septembre 2026,2026-09-08,NA,table_recapitulative_extraite_conditions_non_resolues,2026-10-05T18:47:45Z
20261005T190524Z_92397,finances_liste,1,33,CAN,USA,Numero_tarifaire_canadien,04069041,0406.90.41,040690,Fromages et caillebotte.,- Autres fromages : Gouda et du type Gouda : Dans les limites de l'engagement d'accès,25,NA,En vigueur à compter du 8 septembre 2026,2026-09-08,NA,table_recapitulative_extraite_conditions_non_resolues,2026-10-05T18:47:45Z
20261005T190524Z_92397,finances_liste,1,34,CAN,USA,Numero_tarifaire_canadien,04069042,0406.90.42,040690,Fromages et caillebotte.,- Autres fromages : Gouda et du type Gouda : Au-dessus de l'engagement d'accès,25,NA,En vigueur à compter du 8 septembre 2026,2026-09-08,NA,table_recapitulative_extraite_conditions_non_resolues,2026-10-05T18:47:45Z
20261005T190524Z_92397,finances_liste,1,35,CAN,USA,Numero_tarifaire_canadien,04069051,0406.90.51,040690,Fromages et caillebotte.,- Autres fromages : Provolone et du type Provolone : Dans les limites de l'engagement d'accès,25,NA,En vigueur à compter du 8 septembre 2026,2026-09-08,NA,table_recapitulative_extraite_conditions_non_resolues,2026-10-05T18:47:45Z
20261005T190524Z_92397,finances_liste,1,36,CAN,USA,Numero_tarifaire_canadien,04069052,0406.90.52,040690,Fromages et caillebotte.,- Autres fromages : Provolone et du type Provolone : Au-dessus de l'engagement d'accès,25,NA,En vigueur à compter du 8 septembre 2026,2026-09-08,NA,table_recapitulative_extraite_conditions_non_resolues,2026-10-05T18:47:45Z
20261005T190524Z_92397,finances_liste,1,37,CAN,USA,Numero_tarifaire_canadien,04069061,0406.90.61,040690,Fromages et caillebotte.,- Autres fromages : Mozzarella et du type Mozzarella : Dans les limites de l'engagement d'accès,25,NA,En vigueur à compter du 8 septembre 2026,2026-09-08,NA,table_recapitulative_extraite_conditions_non_resolues,2026-10-05T18:47:45Z
20261005T190524Z_92397,finances_liste,1,38,CAN,USA,Numero_tarifaire_canadien,04069062,0406.90.62,040690,Fromages et caillebotte.,- Autres fromages : Mozzarella et du type Mozzarella : Au-dessus de l'engagement d'accès,25,NA,En vigueur à compter du 8 septembre 2026,2026-09-08,NA,table_recapitulative_extraite_conditions_non_resolues,2026-10-05T18:47:45Z
20261005T190524Z_92397,finances_liste,1,39,CAN,USA,Numero_tarifaire_canadien,04069071,0406.90.71,040690,Fromages et caillebotte.,- Autres fromages : Suisse/Emmental et du type Suisse/Emmental : Dans les limites de l'engagement d'accès,25,NA,En vigueur à compter du 8 septembre 2026,2026-09-08,NA,table_recapitulative_extraite_conditions_non_resolues,2026-10-05T18:47:45Z
20261005T190524Z_92397,finances_liste,1,40,CAN,USA,Numero_tarifaire_canadien,04069072,0406.90.72,040690,Fromages et caillebotte.,- Autres fromages : Suisse/Emmental et du type Suisse/Emmental : Au-dessus de l'engagement d'accès,25,NA,En vigueur à compter du 8 septembre 2026,2026-09-08,NA,table_recapitulative_extraite_conditions_non_resolues,2026-10-05T18:47:45Z
20261005T190524Z_92397,finances_liste,1,41,CAN,USA,Numero_tarifaire_canadien,04069081,0406.90.81,040690,Fromages et caillebotte.,- Autres fromages : Gruyère et du type Gruyère : Dans les limites de l'engagement d'accès,25,NA,En vigueur à compter du 8 septembre 2026,2026-09-08,NA,table_recapitulative_extraite_conditions_non_resolues,2026-10-05T18:47:45Z
20261005T190524Z_92397,finances_liste,1,42,CAN,USA,Numero_tarifaire_canadien,04069082,0406.90.82,040690,Fromages et caillebotte.,- Autres fromages : Gruyère et du type Gruyère : Au-dessus de l'engagement d'accès,25,NA,En vigueur à compter du 8 septembre 2026,2026-09-08,NA,table_recapitulative_extraite_conditions_non_resolues,2026-10-05T18:47:45Z
20261005T190524Z_92397,finances_liste,1,43,CAN,USA,Numero_tarifaire_canadien,04069091,0406.90.91,040690,Fromages et caillebotte.,"- Autres fromages : Autres : Havarti et du type Havarti, dans les limites de l'engagement d'accès",25,NA,En vigueur à compter du 8 septembre 2026,2026-09-08,NA,table_recapitulative_extraite_conditions_non_resolues,2026-10-05T18:47:45Z
20261005T190524Z_92397,finances_liste,1,44,CAN,USA,Numero_tarifaire_canadien,04069092,0406.90.92,040690,Fromages et caillebotte.,"- Autres fromages : Autres : Havarti et du type Havarti, au-dessus de l'engagement d'accès",25,NA,En vigueur à compter du 8 septembre 2026,2026-09-08,NA,table_recapitulative_extraite_conditions_non_resolues,2026-10-05T18:47:45Z
20261005T190524Z_92397,finances_liste,1,45,CAN,USA,Numero_tarifaire_canadien,04069093,0406.90.93,040690,Fromages et caillebotte.,"- Autres fromages : Autres : Parmesan et du type Parmesan, dans les limites de l'engagement d'accès",25,NA,En vigueur à compter du 8 septembre 2026,2026-09-08,NA,table_recapitulative_extraite_conditions_non_resolues,2026-10-05T18:47:45Z
20261005T190524Z_92397,finances_liste,1,46,CAN,USA,Numero_tarifaire_canadien,04069094,0406.90.94,040690,Fromages et caillebotte.,"- Autres fromages : Autres : Parmesan et du type Parmesan, au-dessus de l'engagement d'accès",25,NA,En vigueur à compter du 8 septembre 2026,2026-09-08,NA,table_recapitulative_extraite_conditions_non_resolues,2026-10-05T18:47:45Z
20261005T190524Z_92397,finances_liste,1,47,CAN,USA,Numero_tarifaire_canadien,04069095,0406.90.95,040690,Fromages et caillebotte.,"- Autres fromages : Autres : Romano et du type Romano, dans les limites de l'engagement d'accès",25,NA,En vigueur à compter du 8 septembre 2026,2026-09-08,NA,table_recapitulative_extraite_conditions_non_resolues,2026-10-05T18:47:45Z
20261005T190524Z_92397,finances_liste,1,48,CAN,USA,Numero_tarifaire_canadien,04069096,0406.90.96,040690,Fromages et caillebotte.,"- Autres fromages : Autres : Romano et du type Romano, au-dessus de l'engagement d'accès",25,NA,En vigueur à compter du 8 septembre 2026,2026-09-08,NA,table_recapitulative_extraite_conditions_non_resolues,2026-10-05T18:47:45Z
20261005T190524Z_92397,finances_liste,1,49,CAN,USA,Numero_tarifaire_canadien,04069098,0406.90.98,040690,Fromages et caillebotte.,"- Autres fromages : Autres : Autres, dans les limites de l'engagement d'accès",25,NA,En vigueur à compter du 8 septembre 2026,2026-09-08,NA,table_recapitulative_extraite_conditions_non_resolues,2026-10-05T18:47:45Z
20261005T190524Z_92397,finances_liste,1,50,CAN,USA,Numero_tarifaire_canadien,04069099,0406.90.99,040690,Fromages et caillebotte.,"- Autres fromages : Autres : Autres, au-dessus de l'engagement d'accès",25,NA,En vigueur à compter du 8 septembre 2026,2026-09-08,NA,table_recapitulative_extraite_conditions_non_resolues,2026-10-05T18:47:45Z
20261005T190524Z_92397,finances_liste,1,51,CAN,USA,Numero_tarifaire_canadien,04090000,0409.00.00,040900,Miel naturel.,NA,50,NA,En vigueur à compter du 8 septembre 2026,2026-09-08,NA,table_recapitulative_extraite_conditions_non_resolues,2026-10-05T18:47:45Z
20261005T190524Z_92397,finances_liste,1,52,CAN,USA,Numero_tarifaire_canadien,17031010,1703.10.10,170310,Mélasses résultant de l'extraction ou du raffinage du sucre.,"- Mélasses de canne : En poudre, mélangé avec d'autres ingrédients, autres que contenant des agents colorants ou empêchant l'agglomération",50,NA,En vigueur à compter du 8 septembre 2026,2026-09-08,NA,table_recapitulative_extraite_conditions_non_resolues,2026-10-05T18:47:45Z
20261005T190524Z_92397,finances_liste,1,53,CAN,USA,Numero_tarifaire_canadien,17031090,1703.10.90,170310,Mélasses résultant de l'extraction ou du raffinage du sucre.,- Mélasses de canne : Autres,50,NA,En vigueur à compter du 8 septembre 2026,2026-09-08,NA,table_recapitulative_extraite_conditions_non_resolues,2026-10-05T18:47:45Z
20261005T190524Z_92397,finances_liste,1,54,CAN,USA,Numero_tarifaire_canadien,17039010,1703.90.10,170390,Mélasses résultant de l'extraction ou du raffinage du sucre.,"- Autres : En poudre, mélangé avec d'autres ingrédients, autres que contenant des agents colorants ou empêchant l'agglomération",50,NA,En vigueur à compter du 8 septembre 2026,2026-09-08,NA,table_recapitulative_extraite_conditions_non_resolues,2026-10-05T18:47:45Z
20261005T190524Z_92397,finances_liste,1,55,CAN,USA,Numero_tarifaire_canadien,17039090,1703.90.90,170390,Mélasses résultant de l'extraction ou du raffinage du sucre.,- Autres : Autres,50,NA,En vigueur à compter du 8 septembre 2026,2026-09-08,NA,table_recapitulative_extraite_conditions_non_resolues,2026-10-05T18:47:45Z
20261005T190524Z_92397,finances_liste,1,56,CAN,USA,Numero_tarifaire_canadien,19012011,1901.20.11,190120,"Extraits de malt; préparations alimentaires de farines, gruaux, semoules, amidons, fécules ou extraits de malt, ne contenant pas de cacao ou contenant moins de 40 % en poids de cacao calculés sur une base entièrement dégraissée, non dénommées ni comprises ailleurs; préparations alimentaires de produits des nos 04.01 à 04.04, ne contenant pas de cacao ou contenant moins de 5 % en poids de cacao calculés sur une base entièrement dégraissée, non dénommées ni comprises ailleurs.","- Mélanges et pâtes pour la préparation des produits de la boulangerie, de la pâtisserie ou de la biscuiterie du no 19.05 : En paquets d'un poids n'excédant pas 11,34 kg chacun : Contenant plus de 25 % de matière grasse du beurre en poids, non conditionnées pour la vente au détail, dans les limites de l'engagement d'accès",50,NA,En vigueur à compter du 8 septembre 2026,2026-09-08,NA,table_recapitulative_extraite_conditions_non_resolues,2026-10-05T18:47:45Z
20261005T190524Z_92397,finances_liste,1,57,CAN,USA,Numero_tarifaire_canadien,19012012,1901.20.12,190120,"Extraits de malt; préparations alimentaires de farines, gruaux, semoules, amidons, fécules ou extraits de malt, ne contenant pas de cacao ou contenant moins de 40 % en poids de cacao calculés sur une base entièrement dégraissée, non dénommées ni comprises ailleurs; préparations alimentaires de produits des nos 04.01 à 04.04, ne contenant pas de cacao ou contenant moins de 5 % en poids de cacao calculés sur une base entièrement dégraissée, non dénommées ni comprises ailleurs.","- Mélanges et pâtes pour la préparation des produits de la boulangerie, de la pâtisserie ou de la biscuiterie du no 19.05 : En paquets d'un poids n'excédant pas 11,34 kg chacun : Contenant plus de 25 % de matière grasse du beurre en poids, non conditionnées pour la vente au détail, au-dessus de l'engagement d'accès",50,NA,En vigueur à compter du 8 septembre 2026,2026-09-08,NA,table_recapitulative_extraite_conditions_non_resolues,2026-10-05T18:47:45Z
20261005T190524Z_92397,finances_liste,1,58,CAN,USA,Numero_tarifaire_canadien,19012013,1901.20.13,190120,"Extraits de malt; préparations alimentaires de farines, gruaux, semoules, amidons, fécules ou extraits de malt, ne contenant pas de cacao ou contenant moins de 40 % en poids de cacao calculés sur une base entièrement dégraissée, non dénommées ni comprises ailleurs; préparations alimentaires de produits des nos 04.01 à 04.04, ne contenant pas de cacao ou contenant moins de 5 % en poids de cacao calculés sur une base entièrement dégraissée, non dénommées ni comprises ailleurs.","- Mélanges et pâtes pour la préparation des produits de la boulangerie, de la pâtisserie ou de la biscuiterie du no 19.05 : En paquets d'un poids n'excédant pas 11,34 kg chacun : Autres, contenant 25 % ou plus en poids de froment (blé), dans les limites de l'engagement d'accès",50,NA,En vigueur à compter du 8 septembre 2026,2026-09-08,NA,table_recapitulative_extraite_conditions_non_resolues,2026-10-05T18:47:45Z
20261005T190524Z_92397,finances_liste,1,59,CAN,USA,Numero_tarifaire_canadien,19012014,1901.20.14,190120,"Extraits de malt; préparations alimentaires de farines, gruaux, semoules, amidons, fécules ou extraits de malt, ne contenant pas de cacao ou contenant moins de 40 % en poids de cacao calculés sur une base entièrement dégraissée, non dénommées ni comprises ailleurs; préparations alimentaires de produits des nos 04.01 à 04.04, ne contenant pas de cacao ou contenant moins de 5 % en poids de cacao calculés sur une base entièrement dégraissée, non dénommées ni comprises ailleurs.","- Mélanges et pâtes pour la préparation des produits de la boulangerie, de la pâtisserie ou de la biscuiterie du no 19.05 : En paquets d'un poids n'excédant pas 11,34 kg chacun : Autres, en paquets d'un poids n'excédant pas 454 g chacun, contenant 25 % ou plus en poids de froment (blé), au-dessus de l'engagement d'accès; Congelés, pour pains, petits pains, mollets et pâtes à pizza, en paquets d'un poids n'excédant pas 900 g chacun, contenant 25 % ou plus en poids de froment (blé), au-dessus de l'engagement d'accès",50,NA,En vigueur à compter du 8 septembre 2026,2026-09-08,NA,table_recapitulative_extraite_conditions_non_resolues,2026-10-05T18:47:45Z
20261005T190524Z_92397,finances_liste,1,60,CAN,USA,Numero_tarifaire_canadien,19012015,1901.20.15,190120,"Extraits de malt; préparations alimentaires de farines, gruaux, semoules, amidons, fécules ou extraits de malt, ne contenant pas de cacao ou contenant moins de 40 % en poids de cacao calculés sur une base entièrement dégraissée, non dénommées ni comprises ailleurs; préparations alimentaires de produits des nos 04.01 à 04.04, ne contenant pas de cacao ou contenant moins de 5 % en poids de cacao calculés sur une base entièrement dégraissée, non dénommées ni comprises ailleurs.","- Mélanges et pâtes pour la préparation des produits de la boulangerie, de la pâtisserie ou de la biscuiterie du no 19.05 : En paquets d'un poids n'excédant pas 11,34 kg chacun : Autres, contenant 25 % ou plus en poids de froment (blé), au-dessus de l'engagement d'accès",50,NA,En vigueur à compter du 8 septembre 2026,2026-09-08,NA,table_recapitulative_extraite_conditions_non_resolues,2026-10-05T18:47:45Z
20261005T190524Z_92397,finances_liste,1,61,CAN,USA,Numero_tarifaire_canadien,19012019,1901.20.19,190120,"Extraits de malt; préparations alimentaires de farines, gruaux, semoules, amidons, fécules ou extraits de malt, ne contenant pas de cacao ou contenant moins de 40 % en poids de cacao calculés sur une base entièrement dégraissée, non dénommées ni comprises ailleurs; préparations alimentaires de produits des nos 04.01 à 04.04, ne contenant pas de cacao ou contenant moins de 5 % en poids de cacao calculés sur une base entièrement dégraissée, non dénommées ni comprises ailleurs.","- Mélanges et pâtes pour la préparation des produits de la boulangerie, de la pâtisserie ou de la biscuiterie du no 19.05 : En paquets d'un poids n'excédant pas 11,34 kg chacun : Autres",50,NA,En vigueur à compter du 8 septembre 2026,2026-09-08,NA,table_recapitulative_extraite_conditions_non_resolues,2026-10-05T18:47:45Z
20261005T190524Z_92397,finances_liste,1,62,CAN,USA,Numero_tarifaire_canadien,19012021,1901.20.21,190120,"Extraits de malt; préparations alimentaires de farines, gruaux, semoules, amidons, fécules ou extraits de malt, ne contenant pas de cacao ou contenant moins de 40 % en poids de cacao calculés sur une base entièrement dégraissée, non dénommées ni comprises ailleurs; préparations alimentaires de produits des nos 04.01 à 04.04, ne contenant pas de cacao ou contenant moins de 5 % en poids de cacao calculés sur une base entièrement dégraissée, non dénommées ni comprises ailleurs.","- Mélanges et pâtes pour la préparation des produits de la boulangerie, de la pâtisserie ou de la biscuiterie du no 19.05 : En vrac ou en paquets d'un poids excédant 11,34 kg chacun : Contenant plus de 25 % de matière grasse du beurre en poids, non conditionnées pour la vente au détail, dans les limites de l'engagement d'accès",50,NA,En vigueur à compter du 8 septembre 2026,2026-09-08,NA,table_recapitulative_extraite_conditions_non_resolues,2026-10-05T18:47:45Z
20261005T190524Z_92397,finances_liste,1,63,CAN,USA,Numero_tarifaire_canadien,19012022,1901.20.22,190120,"Extraits de malt; préparations alimentaires de farines, gruaux, semoules, amidons, fécules ou extraits de malt, ne contenant pas de cacao ou contenant moins de 40 % en poids de cacao calculés sur une base entièrement dégraissée, non dénommées ni comprises ailleurs; préparations alimentaires de produits des nos 04.01 à 04.04, ne contenant pas de cacao ou contenant moins de 5 % en poids de cacao calculés sur une base entièrement dégraissée, non dénommées ni comprises ailleurs.","- Mélanges et pâtes pour la préparation des produits de la boulangerie, de la pâtisserie ou de la biscuiterie du no 19.05 : En vrac ou en paquets d'un poids excédant 11,34 kg chacun : Contenant plus de 25 % de matière grasse du beurre en poids, non conditionnées pour la vente au détail, au-dessus de l'engagement d'accès",50,NA,En vigueur à compter du 8 septembre 2026,2026-09-08,NA,table_recapitulative_extraite_conditions_non_resolues,2026-10-05T18:47:45Z
20261005T190524Z_92397,finances_liste,1,64,CAN,USA,Numero_tarifaire_canadien,19012023,1901.20.23,190120,"Extraits de malt; préparations alimentaires de farines, gruaux, semoules, amidons, fécules ou extraits de malt, ne contenant pas de cacao ou contenant moins de 40 % en poids de cacao calculés sur une base entièrement dégraissée, non dénommées ni comprises ailleurs; préparations alimentaires de produits des nos 04.01 à 04.04, ne contenant pas de cacao ou contenant moins de 5 % en poids de cacao calculés sur une base entièrement dégraissée, non dénommées ni comprises ailleurs.","- Mélanges et pâtes pour la préparation des produits de la boulangerie, de la pâtisserie ou de la biscuiterie du no 19.05 : En vrac ou en paquets d'un poids excédant 11,34 kg chacun : Autres, contenant 25 % ou plus en poids de froment (blé), dans les limites de l'engagement d'accès",50,NA,En vigueur à compter du 8 septembre 2026,2026-09-08,NA,table_recapitulative_extraite_conditions_non_resolues,2026-10-05T18:47:45Z
20261005T190524Z_92397,finances_liste,1,65,CAN,USA,Numero_tarifaire_canadien,19012024,1901.20.24,190120,"Extraits de malt; préparations alimentaires de farines, gruaux, semoules, amidons, fécules ou extraits de malt, ne contenant pas de cacao ou contenant moins de 40 % en poids de cacao calculés sur une base entièrement dégraissée, non dénommées ni comprises ailleurs; préparations alimentaires de produits des nos 04.01 à 04.04, ne contenant pas de cacao ou contenant moins de 5 % en poids de cacao calculés sur une base entièrement dégraissée, non dénommées ni comprises ailleurs.","- Mélanges et pâtes pour la préparation des produits de la boulangerie, de la pâtisserie ou de la biscuiterie du no 19.05 : En vrac ou en paquets d'un poids excédant 11,34 kg chacun : Autres, contenant 25 % ou plus en poids de froment (blé), au-dessus de l'engagement d'accès",50,NA,En vigueur à compter du 8 septembre 2026,2026-09-08,NA,table_recapitulative_extraite_conditions_non_resolues,2026-10-05T18:47:45Z
20261005T190524Z_92397,finances_liste,1,66,CAN,USA,Numero_tarifaire_canadien,19012029,1901.20.29,190120,"Extraits de malt; préparations alimentaires de farines, gruaux, semoules, amidons, fécules ou extraits de malt, ne contenant pas de cacao ou contenant moins de 40 % en poids de cacao calculés sur une base entièrement dégraissée, non dénommées ni comprises ailleurs; préparations alimentaires de produits des nos 04.01 à 04.04, ne contenant pas de cacao ou contenant moins de 5 % en poids de cacao calculés sur une base entièrement dégraissée, non dénommées ni comprises ailleurs.","- Mélanges et pâtes pour la préparation des produits de la boulangerie, de la pâtisserie ou de la biscuiterie du no 19.05 : En vrac ou en paquets d'un poids excédant 11,34 kg chacun : Autres",50,NA,En vigueur à compter du 8 septembre 2026,2026-09-08,NA,table_recapitulative_extraite_conditions_non_resolues,2026-10-05T18:47:45Z
20261005T190524Z_92397,finances_liste,1,67,CAN,USA,Numero_tarifaire_canadien,33030000,3303.00.00,330300,Parfums et eaux de toilette.,NA,50,NA,En vigueur à compter du 8 septembre 2026,2026-09-08,NA,table_recapitulative_extraite_conditions_non_resolues,2026-10-05T18:47:45Z
20261005T190524Z_92397,finances_liste,1,68,CAN,USA,Numero_tarifaire_canadien,33041000,3304.10.00,330410,"Produits de beauté ou de maquillage préparés et préparations pour l'entretien ou les soins de la peau, autres que les médicaments, y compris les préparations antisolaires et les préparations pour bronzer; préparations pour manucures ou pédicures.",- Produits de maquillage pour les lèvres,50,NA,En vigueur à compter du 8 septembre 2026,2026-09-08,NA,table_recapitulative_extraite_conditions_non_resolues,2026-10-05T18:47:45Z
20261005T190524Z_92397,finances_liste,1,69,CAN,USA,Numero_tarifaire_canadien,33042000,3304.20.00,330420,"Produits de beauté ou de maquillage préparés et préparations pour l'entretien ou les soins de la peau, autres que les médicaments, y compris les préparations antisolaires et les préparations pour bronzer; préparations pour manucures ou pédicures.",- Produits de maquillage pour les yeux,50,NA,En vigueur à compter du 8 septembre 2026,2026-09-08,NA,table_recapitulative_extraite_conditions_non_resolues,2026-10-05T18:47:45Z
20261005T190524Z_92397,finances_liste,1,70,CAN,USA,Numero_tarifaire_canadien,33043000,3304.30.00,330430,"Produits de beauté ou de maquillage préparés et préparations pour l'entretien ou les soins de la peau, autres que les médicaments, y compris les préparations antisolaires et les préparations pour bronzer; préparations pour manucures ou pédicures.",- Préparations pour manucures ou pédicures,50,NA,En vigueur à compter du 8 septembre 2026,2026-09-08,NA,table_recapitulative_extraite_conditions_non_resolues,2026-10-05T18:47:45Z
20261005T190524Z_92397,finances_liste,1,71,CAN,USA,Numero_tarifaire_canadien,33059000,3305.90.00,330590,Préparations capillaires.,- Autres,50,NA,En vigueur à compter du 8 septembre 2026,2026-09-08,NA,table_recapitulative_extraite_conditions_non_resolues,2026-10-05T18:47:45Z
20261005T190524Z_92397,finances_liste,1,72,CAN,USA,Numero_tarifaire_canadien,35011000,3501.10.00,350110,"Caséines, caséinates et autres dérivés des caséines; colles de caséine.",- Caséines,50,NA,En vigueur à compter du 8 septembre 2026,2026-09-08,NA,table_recapitulative_extraite_conditions_non_resolues,2026-10-05T18:47:45Z
20261005T190524Z_92397,finances_liste,1,73,CAN,USA,Numero_tarifaire_canadien,35022000,3502.20.00,350220,"Albumines (y compris les concentrats de plusieurs protéines de lactosérum, contenant, en poids calculé sur matière sèche, plus de 80 % de protéines de lactosérum), albuminates et autres dérivés des albumines.","- Lactalbumine, y compris les concentrés de deux ou plusieurs protéines de lactosérum",50,NA,En vigueur à compter du 8 septembre 2026,2026-09-08,NA,table_recapitulative_extraite_conditions_non_resolues,2026-10-05T18:47:45Z
20261005T190524Z_92397,finances_liste,1,74,CAN,USA,Numero_tarifaire_canadien,35040011,3504.00.11,350400,"Peptones et leurs dérivés; autres matières protéiques et leurs dérivés, non dénommés ni compris ailleurs; poudre de peau, traitée ou non au chrome.",- Matières protéiques de lait : Dans les limites de l'engagement d'accès,50,NA,En vigueur à compter du 8 septembre 2026,2026-09-08,NA,table_recapitulative_extraite_conditions_non_resolues,2026-10-05T18:47:45Z
20261005T190524Z_92397,finances_liste,1,75,CAN,USA,Numero_tarifaire_canadien,35040012,3504.00.12,350400,"Peptones et leurs dérivés; autres matières protéiques et leurs dérivés, non dénommés ni compris ailleurs; poudre de peau, traitée ou non au chrome.",- Matières protéiques de lait : Au-dessus de l'engagement d'accès,50,NA,En vigueur à compter du 8 septembre 2026,2026-09-08,NA,table_recapitulative_extraite_conditions_non_resolues,2026-10-05T18:47:45Z
20261005T190524Z_92397,finances_liste,1,76,CAN,USA,Numero_tarifaire_canadien,35040090,3504.00.90,350400,"Peptones et leurs dérivés; autres matières protéiques et leurs dérivés, non dénommés ni compris ailleurs; poudre de peau, traitée ou non au chrome.",- Autres,50,NA,En vigueur à compter du 8 septembre 2026,2026-09-08,NA,table_recapitulative_extraite_conditions_non_resolues,2026-10-05T18:47:45Z
20261005T190524Z_92397,finances_liste,1,77,CAN,USA,Numero_tarifaire_canadien,39181010,3918.10.10,391810,"Revêtements de sols en matières plastiques, même auto-adhésifs, en rouleaux ou sous formes de carreaux ou de dalles; revêtements de murs ou de plafonds en matières plastiques définis dans la Note 9 du présent Chapitre.","- En polymères du chlorure de vinyle : Revêtements de murs ou de plafonds combinés à des tissus, des étoffes de bonneterie, des nontissés ou des feutres",50,NA,En vigueur à compter du 8 septembre 2026,2026-09-08,NA,table_recapitulative_extraite_conditions_non_resolues,2026-10-05T18:47:45Z
20261005T190524Z_92397,finances_liste,1,78,CAN,USA,Numero_tarifaire_canadien,39181090,3918.10.90,391810,"Revêtements de sols en matières plastiques, même auto-adhésifs, en rouleaux ou sous formes de carreaux ou de dalles; revêtements de murs ou de plafonds en matières plastiques définis dans la Note 9 du présent Chapitre.",- En polymères du chlorure de vinyle : Autres,50,NA,En vigueur à compter du 8 septembre 2026,2026-09-08,NA,table_recapitulative_extraite_conditions_non_resolues,2026-10-05T18:47:45Z
20261005T190524Z_92397,finances_liste,1,79,CAN,USA,Numero_tarifaire_canadien,39191099,3919.10.99,391910,"Plaques, feuilles, bandes, rubans, pellicules et autres formes plates, auto-adhésifs, en matières plastiques, même en rouleaux.",- En rouleaux d'une largeur n'excédant pas 20 cm : Autres : Autres,50,NA,En vigueur à compter du 8 septembre 2026,2026-09-08,NA,table_recapitulative_extraite_conditions_non_resolues,2026-10-05T18:47:45Z
20261005T190524Z_92397,finances_liste,1,80,CAN,USA,Numero_tarifaire_canadien,39232190,3923.21.90,392321,"Articles de transport ou d'emballage, en matières plastiques; bouchons, couvercles, capsules et autres dispositifs de fermeture, en matières plastiques.","- Sacs, sachets, pochettes et cornets : En polymères de l'éthylène : Autres",50,NA,En vigueur à compter du 8 septembre 2026,2026-09-08,NA,table_recapitulative_extraite_conditions_non_resolues,2026-10-05T18:47:45Z
20261005T190524Z_92397,finances_liste,1,81,CAN,USA,Numero_tarifaire_canadien,39241000,3924.10.00,392410,"Vaisselle, autres articles de ménage ou d'économie domestique et articles d'hygiène ou de toilette, en matières plastiques.",- Vaisselle et autres articles pour le service de la table ou de la cuisine,50,NA,En vigueur à compter du 8 septembre 2026,2026-09-08,NA,table_recapitulative_extraite_conditions_non_resolues,2026-10-05T18:47:45Z
20261005T190524Z_92397,finances_liste,1,82,CAN,USA,Numero_tarifaire_canadien,39249000,3924.90.00,392490,"Vaisselle, autres articles de ménage ou d'économie domestique et articles d'hygiène ou de toilette, en matières plastiques.",- Autres,50,NA,En vigueur à compter du 8 septembre 2026,2026-09-08,NA,table_recapitulative_extraite_conditions_non_resolues,2026-10-05T18:47:45Z
20261005T190524Z_92397,finances_liste,1,83,CAN,USA,Numero_tarifaire_canadien,44029010,4402.90.10,440290,"Charbon de bois (y compris le charbon de coques ou de noix), même aggloméré.","- Autres : Charbon de bois (autre que le charbon de coques ou de noix), contenant 10 % ou moins en poids de liant",50,NA,En vigueur à compter du 8 septembre 2026,2026-09-08,NA,table_recapitulative_extraite_conditions_non_resolues,2026-10-05T18:47:45Z
20261005T190524Z_92397,finances_liste,1,84,CAN,USA,Numero_tarifaire_canadien,44029090,4402.90.90,440290,"Charbon de bois (y compris le charbon de coques ou de noix), même aggloméré.",- Autres : Autres,50,NA,En vigueur à compter du 8 septembre 2026,2026-09-08,NA,table_recapitulative_extraite_conditions_non_resolues,2026-10-05T18:47:45Z
20261005T190524Z_92397,finances_liste,1,85,CAN,USA,Numero_tarifaire_canadien,44071100,4407.11.00,440711,"Bois sciés ou dédossés longitudinalement, tranchés ou déroulés, même rabotés, poncés ou collés par assemblage en bout, d'une épaisseur excédant 6 mm.",- De conifères : De pin (Pinus spp.),25,NA,En vigueur à compter du 8 septembre 2026,2026-09-08,NA,table_recapitulative_extraite_conditions_non_resolues,2026-10-05T18:47:45Z
20261005T190524Z_92397,finances_liste,1,86,CAN,USA,Numero_tarifaire_canadien,44071200,4407.12.00,440712,"Bois sciés ou dédossés longitudinalement, tranchés ou déroulés, même rabotés, poncés ou collés par assemblage en bout, d'une épaisseur excédant 6 mm.",- De conifères : De sapin (Abies spp.) et d'épicéa (Picea spp.),25,NA,En vigueur à compter du 8 septembre 2026,2026-09-08,NA,table_recapitulative_extraite_conditions_non_resolues,2026-10-05T18:47:45Z
20261005T190524Z_92397,finances_liste,1,87,CAN,USA,Numero_tarifaire_canadien,44071300,4407.13.00,440713,"Bois sciés ou dédossés longitudinalement, tranchés ou déroulés, même rabotés, poncés ou collés par assemblage en bout, d'une épaisseur excédant 6 mm.","- De conifères : De E-P-S (épicéa (Picea spp.), pin (Pinus spp.) et sapin (Abies spp.))",25,NA,En vigueur à compter du 8 septembre 2026,2026-09-08,NA,table_recapitulative_extraite_conditions_non_resolues,2026-10-05T18:47:45Z
20261005T190524Z_92397,finances_liste,1,88,CAN,USA,Numero_tarifaire_canadien,44071400,4407.14.00,440714,"Bois sciés ou dédossés longitudinalement, tranchés ou déroulés, même rabotés, poncés ou collés par assemblage en bout, d'une épaisseur excédant 6 mm.",- De conifères : De Hem-fir (hemlock de l'Ouest (Tsuga heterophylla) et sapin (Abies spp.)),25,NA,En vigueur à compter du 8 septembre 2026,2026-09-08,NA,table_recapitulative_extraite_conditions_non_resolues,2026-10-05T18:47:45Z
20261005T190524Z_92397,finances_liste,1,89,CAN,USA,Numero_tarifaire_canadien,44071900,4407.19.00,440719,"Bois sciés ou dédossés longitudinalement, tranchés ou déroulés, même rabotés, poncés ou collés par assemblage en bout, d'une épaisseur excédant 6 mm.",- De conifères : Autres,25,NA,En vigueur à compter du 8 septembre 2026,2026-09-08,NA,table_recapitulative_extraite_conditions_non_resolues,2026-10-05T18:47:45Z
20261005T190524Z_92397,finances_liste,1,90,CAN,USA,Numero_tarifaire_canadien,44121000,4412.10.00,441210,"Bois contre-plaqués, bois plaqués et bois stratifiés similaires.",- En bambou,50,NA,En vigueur à compter du 8 septembre 2026,2026-09-08,NA,table_recapitulative_extraite_conditions_non_resolues,2026-10-05T18:47:45Z
20261005T190524Z_92397,finances_liste,1,91,CAN,USA,Numero_tarifaire_canadien,44123100,4412.31.00,441231,"Bois contre-plaqués, bois plaqués et bois stratifiés similaires.","- Autres bois contre-plaqués, constitués exclusivement de feuilles de bois (autres que bambou) dont chacune a une épaisseur n'excédant pas 6 mm : Ayant au moins un pli extérieur en bois tropicaux",50,NA,En vigueur à compter du 8 septembre 2026,2026-09-08,NA,table_recapitulative_extraite_conditions_non_resolues,2026-10-05T18:47:45Z
20261005T190524Z_92397,finances_liste,1,92,CAN,USA,Numero_tarifaire_canadien,44123300,4412.33.00,441233,"Bois contre-plaqués, bois plaqués et bois stratifiés similaires.","- Autres bois contre-plaqués, constitués exclusivement de feuilles de bois (autres que bambou) dont chacune a une épaisseur n'excédant pas 6 mm : Autres, ayant au moins un pli extérieur en bois autre que de conifères, des espèces aulne (Alnus spp.), frêne (Fraxinus spp.), hêtre (Fagus spp.), bouleau (Betula spp.), ceriser (Prunus spp.), châtaignier (Castanea spp.), orme (Ulmus spp.), eucalyptus (Eucalyptus spp.), caryer (Carya spp.), marronnier (Aesculus spp.), tilleul (Tilia spp.), érable (Acer spp.), chêne (Quercus spp.), platane (Platanus spp.), peuplier (Populus spp.), robinier (Robinia spp.), tulipier (Liriodendron spp.) ou noyer (Juglans spp.)",50,NA,En vigueur à compter du 8 septembre 2026,2026-09-08,NA,table_recapitulative_extraite_conditions_non_resolues,2026-10-05T18:47:45Z
20261005T190524Z_92397,finances_liste,1,93,CAN,USA,Numero_tarifaire_canadien,44123400,4412.34.00,441234,"Bois contre-plaqués, bois plaqués et bois stratifiés similaires.","- Autres bois contre-plaqués, constitués exclusivement de feuilles de bois (autres que bambou) dont chacune a une épaisseur n'excédant pas 6 mm : Autres, ayant au moins un pli extérieur en bois autre que de conifères non dénommés dans le no 4412.33",50,NA,En vigueur à compter du 8 septembre 2026,2026-09-08,NA,table_recapitulative_extraite_conditions_non_resolues,2026-10-05T18:47:45Z
20261005T190524Z_92397,finances_liste,1,94,CAN,USA,Numero_tarifaire_canadien,44123900,4412.39.00,441239,"Bois contre-plaqués, bois plaqués et bois stratifiés similaires.","- Autres bois contre-plaqués, constitués exclusivement de feuilles de bois (autres que bambou) dont chacune a une épaisseur n'excédant pas 6 mm : Autres, ayant les deux plis extérieurs en bois de conifères",50,NA,En vigueur à compter du 8 septembre 2026,2026-09-08,NA,table_recapitulative_extraite_conditions_non_resolues,2026-10-05T18:47:45Z
20261005T190524Z_92397,finances_liste,1,95,CAN,USA,Numero_tarifaire_canadien,44124100,4412.41.00,441241,"Bois contre-plaqués, bois plaqués et bois stratifiés similaires.",- Bois de placage stratifié (lamibois (LVL)) : Ayant au moins un pli extérieur en bois tropicaux,50,NA,En vigueur à compter du 8 septembre 2026,2026-09-08,NA,table_recapitulative_extraite_conditions_non_resolues,2026-10-05T18:47:45Z
20261005T190524Z_92397,finances_liste,1,96,CAN,USA,Numero_tarifaire_canadien,44124200,4412.42.00,441242,"Bois contre-plaqués, bois plaqués et bois stratifiés similaires.","- Bois de placage stratifié (lamibois (LVL)) : Autres, ayant au moins un pli extérieur en bois autres que de conifères",50,NA,En vigueur à compter du 8 septembre 2026,2026-09-08,NA,table_recapitulative_extraite_conditions_non_resolues,2026-10-05T18:47:45Z
20261005T190524Z_92397,finances_liste,1,97,CAN,USA,Numero_tarifaire_canadien,44124900,4412.49.00,441249,"Bois contre-plaqués, bois plaqués et bois stratifiés similaires.","- Bois de placage stratifié (lamibois (LVL)) : Autres, ayant les deux plis extérieurs en bois de conifères",50,NA,En vigueur à compter du 8 septembre 2026,2026-09-08,NA,table_recapitulative_extraite_conditions_non_resolues,2026-10-05T18:47:45Z
20261005T190524Z_92397,finances_liste,1,98,CAN,USA,Numero_tarifaire_canadien,44125100,4412.51.00,441251,"Bois contre-plaqués, bois plaqués et bois stratifiés similaires.","- À âme panneautée, lattée ou lamellée : Ayant au moins un pli extérieur en bois tropicaux",50,NA,En vigueur à compter du 8 septembre 2026,2026-09-08,NA,table_recapitulative_extraite_conditions_non_resolues,2026-10-05T18:47:45Z
20261005T190524Z_92397,finances_liste,1,99,CAN,USA,Numero_tarifaire_canadien,44125200,4412.52.00,441252,"Bois contre-plaqués, bois plaqués et bois stratifiés similaires.","- À âme panneautée, lattée ou lamellée : Autres, ayant au moins un pli extérieur en bois autres que de conifères",50,NA,En vigueur à compter du 8 septembre 2026,2026-09-08,NA,table_recapitulative_extraite_conditions_non_resolues,2026-10-05T18:47:45Z
20261005T190524Z_92397,finances_liste,1,100,CAN,USA,Numero_tarifaire_canadien,44129100,4412.91.00,441291,"Bois contre-plaqués, bois plaqués et bois stratifiés similaires.",- Autres : Ayant au moins un pli extérieur en bois tropicaux,50,NA,En vigueur à compter du 8 septembre 2026,2026-09-08,NA,table_recapitulative_extraite_conditions_non_resolues,2026-10-05T18:47:45Z
20261005T190524Z_92397,finances_liste,1,101,CAN,USA,Numero_tarifaire_canadien,44129200,4412.92.00,441292,"Bois contre-plaqués, bois plaqués et bois stratifiés similaires.","- Autres : Autres, ayant au moins un pli extérieur en bois autres que de conifères",50,NA,En vigueur à compter du 8 septembre 2026,2026-09-08,NA,table_recapitulative_extraite_conditions_non_resolues,2026-10-05T18:47:45Z
20261005T190524Z_92397,finances_liste,1,102,CAN,USA,Numero_tarifaire_canadien,44129900,4412.99.00,441299,"Bois contre-plaqués, bois plaqués et bois stratifiés similaires.","- Autres : Autres, ayant les deux plis extérieurs de bois de conifères",50,NA,En vigueur à compter du 8 septembre 2026,2026-09-08,NA,table_recapitulative_extraite_conditions_non_resolues,2026-10-05T18:47:45Z
20261005T190524Z_92397,finances_liste,1,103,CAN,USA,Numero_tarifaire_canadien,47020000,4702.00.00,470200,"Pâtes chimiques de bois, à dissoudre.",NA,50,NA,En vigueur à compter du 8 septembre 2026,2026-09-08,NA,table_recapitulative_extraite_conditions_non_resolues,2026-10-05T18:47:45Z
20261005T190524Z_92397,finances_liste,1,104,CAN,USA,Numero_tarifaire_canadien,48030000,4803.00.00,480300,"Papiers des types utilisés pour papiers de toilette, pour serviettes à démaquiller, pour essuie-mains, pour serviettes ou pour papiers similaires à usages domestiques, d'hygiène ou de toilette, ouate de cellulose et nappes de fibres de cellulose, même crêpés, plissés, gaufrés, estampés, perforés, coloriés en surface, décorés en surface ou imprimés, en rouleaux ou en feuilles.",NA,50,NA,En vigueur à compter du 8 septembre 2026,2026-09-08,NA,table_recapitulative_extraite_conditions_non_resolues,2026-10-05T18:47:45Z
20261005T190524Z_92397,finances_liste,1,105,CAN,USA,Numero_tarifaire_canadien,48043900,4804.39.00,480439,"Papiers et cartons Kraft, non couchés ni enduits, en rouleaux ou en feuilles, autres que ceux des nos 48.02 ou 48.03.",- Autres papiers et cartons Kraft d'un poids au m² n'excédant pas 150 g : Autres,25,NA,En vigueur à compter du 8 septembre 2026,2026-09-08,NA,table_recapitulative_extraite_conditions_non_resolues,2026-10-05T18:47:45Z
20261005T190524Z_92397,finances_liste,1,106,CAN,USA,Numero_tarifaire_canadien,48101300,4810.13.00,481013,"Papiers et cartons couchés au kaolin ou à d'autres substances inorganiques sur une ou sur les deux faces, avec ou sans liants, à l'exclusion de tout autre couchage ou enduction, même coloriés en surface, décorés en surface ou imprimés, en rouleaux ou en feuilles de forme carrée ou rectangulaire, de tout format.","- Papiers et cartons des types utilisés pour l'écriture, l'impression ou d'autres fins graphiques, sans fibres obtenues par un procédé mécanique ou chimico-mécanique ou dont 10 % au plus en poids de la composition fibreuse totale sont constitués par de telles fibres : En rouleaux",50,NA,En vigueur à compter du 8 septembre 2026,2026-09-08,NA,table_recapitulative_extraite_conditions_non_resolues,2026-10-05T18:47:45Z
20261005T190524Z_92397,finances_liste,1,107,CAN,USA,Numero_tarifaire_canadien,48103100,4810.31.00,481031,"Papiers et cartons couchés au kaolin ou à d'autres substances inorganiques sur une ou sur les deux faces, avec ou sans liants, à l'exclusion de tout autre couchage ou enduction, même coloriés en surface, décorés en surface ou imprimés, en rouleaux ou en feuilles de forme carrée ou rectangulaire, de tout format.","- Papiers et cartons Kraft autres que ceux des types utilisés pour l'écriture, l'impression ou d'autres fins graphiques : Blanchis uniformément dans la masse et dont plus de 95 % en poids de la composition fibreuse totale sont constitués par des fibres de bois obtenues par un procédé chimique, d'un poids au m² n'excédant pas 150 g",25,NA,En vigueur à compter du 8 septembre 2026,2026-09-08,NA,table_recapitulative_extraite_conditions_non_resolues,2026-10-05T18:47:45Z
20261005T190524Z_92397,finances_liste,1,108,CAN,USA,Numero_tarifaire_canadien,48103200,4810.32.00,481032,"Papiers et cartons couchés au kaolin ou à d'autres substances inorganiques sur une ou sur les deux faces, avec ou sans liants, à l'exclusion de tout autre couchage ou enduction, même coloriés en surface, décorés en surface ou imprimés, en rouleaux ou en feuilles de forme carrée ou rectangulaire, de tout format.","- Papiers et cartons Kraft autres que ceux des types utilisés pour l'écriture, l'impression ou d'autres fins graphiques : Blanchis uniformément dans la masse et dont plus de 95 % en poids de la composition fibreuse totale sont constitués par des fibres de bois obtenues par un procédé chimique, d'un poids au m² excédant 150 g",50,NA,En vigueur à compter du 8 septembre 2026,2026-09-08,NA,table_recapitulative_extraite_conditions_non_resolues,2026-10-05T18:47:45Z
20261005T190524Z_92397,finances_liste,1,109,CAN,USA,Numero_tarifaire_canadien,48109200,4810.92.00,481092,"Papiers et cartons couchés au kaolin ou à d'autres substances inorganiques sur une ou sur les deux faces, avec ou sans liants, à l'exclusion de tout autre couchage ou enduction, même coloriés en surface, décorés en surface ou imprimés, en rouleaux ou en feuilles de forme carrée ou rectangulaire, de tout format.",- Autres papiers et cartons : Multicouches,50,NA,En vigueur à compter du 8 septembre 2026,2026-09-08,NA,table_recapitulative_extraite_conditions_non_resolues,2026-10-05T18:47:45Z
20261005T190524Z_92397,finances_liste,1,110,CAN,USA,Numero_tarifaire_canadien,48119000,4811.90.00,481190,"Papiers, cartons, ouate de cellulose et nappes de fibres de cellulose, couchés, enduits, imprégnés, recouverts, coloriés en surface, décorés en surface ou imprimés, en rouleaux ou en feuilles de forme carrée ou rectangulaire, de tout format, autres que les produits des types décrits dans les libellés des nos 48.03, 48.09 ou 48.10.","- Autres papiers, cartons, ouate de cellulose et nappes de fibres de cellulose",50,NA,En vigueur à compter du 8 septembre 2026,2026-09-08,NA,table_recapitulative_extraite_conditions_non_resolues,2026-10-05T18:47:45Z
20261005T190524Z_92397,finances_liste,1,111,CAN,USA,Numero_tarifaire_canadien,48171000,4817.10.00,481710,"Enveloppes, cartes-lettres, cartes postales non illustrées et cartes pour correspondance, en papier ou carton; boîtes, pochettes et présentations similaires, en papier ou carton, renfermant un assortiment d'articles de correspondance.",- Enveloppes,50,NA,En vigueur à compter du 8 septembre 2026,2026-09-08,NA,table_recapitulative_extraite_conditions_non_resolues,2026-10-05T18:47:45Z
20261005T190524Z_92397,finances_liste,1,112,CAN,USA,Numero_tarifaire_canadien,48181000,4818.10.00,481810,"Papiers des types utilisés pour papiers de toilette et pour papiers similaires, ouate de cellulose ou nappes de fibres de cellulose, des types utilisés à des fins domestiques ou sanitaires, en rouleaux d'une largeur n'excédant pas 36 cm, ou coupés à format; mouchoirs, serviettes à démaquiller, essuie-mains, nappes, serviettes de table, draps de lit et articles similaires à usages domestiques, de toilette, hygiénique ou hospitaliers, vêtements et accessoires du vêtement, en pâte à papier, papier, ouate de cellulose ou nappes de fibres de cellulose.",- Papier hygiénique,25,NA,En vigueur à compter du 8 septembre 2026,2026-09-08,NA,table_recapitulative_extraite_conditions_non_resolues,2026-10-05T18:47:45Z
20261005T190524Z_92397,finances_liste,1,113,CAN,USA,Numero_tarifaire_canadien,48182000,4818.20.00,481820,"Papiers des types utilisés pour papiers de toilette et pour papiers similaires, ouate de cellulose ou nappes de fibres de cellulose, des types utilisés à des fins domestiques ou sanitaires, en rouleaux d'une largeur n'excédant pas 36 cm, ou coupés à format; mouchoirs, serviettes à démaquiller, essuie-mains, nappes, serviettes de table, draps de lit et articles similaires à usages domestiques, de toilette, hygiénique ou hospitaliers, vêtements et accessoires du vêtement, en pâte à papier, papier, ouate de cellulose ou nappes de fibres de cellulose.","- Mouchoirs, serviettes à démaquiller et essuie-mains",25,NA,En vigueur à compter du 8 septembre 2026,2026-09-08,NA,table_recapitulative_extraite_conditions_non_resolues,2026-10-05T18:47:45Z
20261005T190524Z_92397,finances_liste,1,114,CAN,USA,Numero_tarifaire_canadien,48183000,4818.30.00,481830,"Papiers des types utilisés pour papiers de toilette et pour papiers similaires, ouate de cellulose ou nappes de fibres de cellulose, des types utilisés à des fins domestiques ou sanitaires, en rouleaux d'une largeur n'excédant pas 36 cm, ou coupés à format; mouchoirs, serviettes à démaquiller, essuie-mains, nappes, serviettes de table, draps de lit et articles similaires à usages domestiques, de toilette, hygiénique ou hospitaliers, vêtements et accessoires du vêtement, en pâte à papier, papier, ouate de cellulose ou nappes de fibres de cellulose.",- Nappes et serviettes de table,50,NA,En vigueur à compter du 8 septembre 2026,2026-09-08,NA,table_recapitulative_extraite_conditions_non_resolues,2026-10-05T18:47:45Z
20261005T190524Z_92397,finances_liste,1,115,CAN,USA,Numero_tarifaire_canadien,48189000,4818.90.00,481890,"Papiers des types utilisés pour papiers de toilette et pour papiers similaires, ouate de cellulose ou nappes de fibres de cellulose, des types utilisés à des fins domestiques ou sanitaires, en rouleaux d'une largeur n'excédant pas 36 cm, ou coupés à format; mouchoirs, serviettes à démaquiller, essuie-mains, nappes, serviettes de table, draps de lit et articles similaires à usages domestiques, de toilette, hygiénique ou hospitaliers, vêtements et accessoires du vêtement, en pâte à papier, papier, ouate de cellulose ou nappes de fibres de cellulose.",- Autres,50,NA,En vigueur à compter du 8 septembre 2026,2026-09-08,NA,table_recapitulative_extraite_conditions_non_resolues,2026-10-05T18:47:45Z
20261005T190524Z_92397,finances_liste,1,116,CAN,USA,Numero_tarifaire_canadien,48191000,4819.10.00,481910,"Boîtes, sacs, pochettes, cornets et autres emballages en papier, carton, ouate de cellulose ou nappes de fibres de cellulose; cartonnages de bureau, de magasin ou similaires.",- Boîtes et caisses en papier ou carton ondulé,50,NA,En vigueur à compter du 8 septembre 2026,2026-09-08,NA,table_recapitulative_extraite_conditions_non_resolues,2026-10-05T18:47:45Z
20261005T190524Z_92397,finances_liste,1,117,CAN,USA,Numero_tarifaire_canadien,48194000,4819.40.00,481940,"Boîtes, sacs, pochettes, cornets et autres emballages en papier, carton, ouate de cellulose ou nappes de fibres de cellulose; cartonnages de bureau, de magasin ou similaires.","- Autres sacs; sachets, pochettes (autres que celles pour disques) et cornets",50,NA,En vigueur à compter du 8 septembre 2026,2026-09-08,NA,table_recapitulative_extraite_conditions_non_resolues,2026-10-05T18:47:45Z
20261005T190524Z_92397,finances_liste,1,118,CAN,USA,Numero_tarifaire_canadien,48201000,4820.10.00,482010,"Registres, livres comptables, carnets (de notes, de commandes, de quittances), agendas, blocs-mémorandums, blocs de papier à lettres et ouvrages similaires, cahiers, sous-main, classeurs, reliures (à feuillets mobiles ou autres), chemises et couvertures à dossiers et autres articles scolaires, de bureau ou de papeterie, y compris les liasses et carnets manifold, même comportant des feuilles de papier carbone, en papier ou carton; albums pour échantillonnages ou pour collections et couvertures pour livres, en papier ou carton.","- Registres, livres comptables, carnets (de notes, de commandes, de quittances), blocs-mémorandums, blocs de papier à lettres, agendas et ouvrages similaires",50,NA,En vigueur à compter du 8 septembre 2026,2026-09-08,NA,table_recapitulative_extraite_conditions_non_resolues,2026-10-05T18:47:45Z
20261005T190524Z_92397,finances_liste,1,119,CAN,USA,Numero_tarifaire_canadien,48203000,4820.30.00,482030,"Registres, livres comptables, carnets (de notes, de commandes, de quittances), agendas, blocs-mémorandums, blocs de papier à lettres et ouvrages similaires, cahiers, sous-main, classeurs, reliures (à feuillets mobiles ou autres), chemises et couvertures à dossiers et autres articles scolaires, de bureau ou de papeterie, y compris les liasses et carnets manifold, même comportant des feuilles de papier carbone, en papier ou carton; albums pour échantillonnages ou pour collections et couvertures pour livres, en papier ou carton.","- Classeurs, reliures (autres que les couvertures pour livres), chemises et couvertures à dossiers",50,NA,En vigueur à compter du 8 septembre 2026,2026-09-08,NA,table_recapitulative_extraite_conditions_non_resolues,2026-10-05T18:47:45Z
20261005T190524Z_92397,finances_liste,1,120,CAN,USA,Numero_tarifaire_canadien,48236900,4823.69.00,482369,"Autres papiers, cartons, ouate de cellulose et nappes de fibres de cellulose découpés à format; autres ouvrages en pâte à papier, papier, carton, ouate de cellulose ou nappes de fibres de cellulose.","- Plateaux, plats, assiettes, tasses, gobelets et articles similaires, en papier ou carton : Autres",50,NA,En vigueur à compter du 8 septembre 2026,2026-09-08,NA,table_recapitulative_extraite_conditions_non_resolues,2026-10-05T18:47:45Z
20261005T190524Z_92397,finances_liste,1,121,CAN,USA,Numero_tarifaire_canadien,49119100,4911.91.00,491191,"Autres imprimés, y compris les images, les gravures et les photographies.","- Autres : Images, gravures et photographies",50,NA,En vigueur à compter du 8 septembre 2026,2026-09-08,NA,table_recapitulative_extraite_conditions_non_resolues,2026-10-05T18:47:45Z
20261005T190524Z_92397,finances_liste,1,122,CAN,USA,Numero_tarifaire_canadien,57011010,5701.10.10,570110,"Tapis en matières textiles, à points noués ou enroulés, même confectionnés.",- De laine ou de poils fins : Noués à la machine,25,NA,En vigueur à compter du 8 septembre 2026,2026-09-08,NA,table_recapitulative_extraite_conditions_non_resolues,2026-10-05T18:47:45Z
20261005T190524Z_92397,finances_liste,1,123,CAN,USA,Numero_tarifaire_canadien,57011090,5701.10.90,570110,"Tapis en matières textiles, à points noués ou enroulés, même confectionnés.",- De laine ou de poils fins : Autres,25,NA,En vigueur à compter du 8 septembre 2026,2026-09-08,NA,table_recapitulative_extraite_conditions_non_resolues,2026-10-05T18:47:45Z
20261005T190524Z_92397,finances_liste,1,124,CAN,USA,Numero_tarifaire_canadien,57019010,5701.90.10,570190,"Tapis en matières textiles, à points noués ou enroulés, même confectionnés.",- D'autres matières textiles : Noués à la machine,25,NA,En vigueur à compter du 8 septembre 2026,2026-09-08,NA,table_recapitulative_extraite_conditions_non_resolues,2026-10-05T18:47:45Z
20261005T190524Z_92397,finances_liste,1,125,CAN,USA,Numero_tarifaire_canadien,57019090,5701.90.90,570190,"Tapis en matières textiles, à points noués ou enroulés, même confectionnés.",- D'autres matières textiles : Autres,25,NA,En vigueur à compter du 8 septembre 2026,2026-09-08,NA,table_recapitulative_extraite_conditions_non_resolues,2026-10-05T18:47:45Z
20261005T190524Z_92397,finances_liste,1,126,CAN,USA,Numero_tarifaire_canadien,57021000,5702.10.00,570210,"Tapis et autres revêtements de sol en matières textiles, tissés, non touffetés ni floqués, même confectionnés, y compris les tapis dits « Kelim » ou « Kilim », « Schumacks » ou « Soumak », « Karamanie » et tapis similaires tissés à la main.","- Tapis dits « Kelim » ou « Kilim », « Schumacks » ou « Soumak », « Karamanie » et tapis similaires tissés à la main",25,NA,En vigueur à compter du 8 septembre 2026,2026-09-08,NA,table_recapitulative_extraite_conditions_non_resolues,2026-10-05T18:47:45Z
20261005T190524Z_92397,finances_liste,1,127,CAN,USA,Numero_tarifaire_canadien,57022000,5702.20.00,570220,"Tapis et autres revêtements de sol en matières textiles, tissés, non touffetés ni floqués, même confectionnés, y compris les tapis dits « Kelim » ou « Kilim », « Schumacks » ou « Soumak », « Karamanie » et tapis similaires tissés à la main.",- Revêtements de sol en coco,25,NA,En vigueur à compter du 8 septembre 2026,2026-09-08,NA,table_recapitulative_extraite_conditions_non_resolues,2026-10-05T18:47:45Z
20261005T190524Z_92397,finances_liste,1,128,CAN,USA,Numero_tarifaire_canadien,57023100,5702.31.00,570231,"Tapis et autres revêtements de sol en matières textiles, tissés, non touffetés ni floqués, même confectionnés, y compris les tapis dits « Kelim » ou « Kilim », « Schumacks » ou « Soumak », « Karamanie » et tapis similaires tissés à la main.","- Autres, à velours, non confectionnés : De laine ou de poils fins",25,NA,En vigueur à compter du 8 septembre 2026,2026-09-08,NA,table_recapitulative_extraite_conditions_non_resolues,2026-10-05T18:47:45Z
20261005T190524Z_92397,finances_liste,1,129,CAN,USA,Numero_tarifaire_canadien,57023200,5702.32.00,570232,"Tapis et autres revêtements de sol en matières textiles, tissés, non touffetés ni floqués, même confectionnés, y compris les tapis dits « Kelim » ou « Kilim », « Schumacks » ou « Soumak », « Karamanie » et tapis similaires tissés à la main.","- Autres, à velours, non confectionnés : De matières textiles synthétiques ou artificielles",25,NA,En vigueur à compter du 8 septembre 2026,2026-09-08,NA,table_recapitulative_extraite_conditions_non_resolues,2026-10-05T18:47:45Z
20261005T190524Z_92397,finances_liste,1,130,CAN,USA,Numero_tarifaire_canadien,57023900,5702.39.00,570239,"Tapis et autres revêtements de sol en matières textiles, tissés, non touffetés ni floqués, même confectionnés, y compris les tapis dits « Kelim » ou « Kilim », « Schumacks » ou « Soumak », « Karamanie » et tapis similaires tissés à la main.","- Autres, à velours, non confectionnés : D'autres matières textiles",25,NA,En vigueur à compter du 8 septembre 2026,2026-09-08,NA,table_recapitulative_extraite_conditions_non_resolues,2026-10-05T18:47:45Z
20261005T190524Z_92397,finances_liste,1,131,CAN,USA,Numero_tarifaire_canadien,57024100,5702.41.00,570241,"Tapis et autres revêtements de sol en matières textiles, tissés, non touffetés ni floqués, même confectionnés, y compris les tapis dits « Kelim » ou « Kilim », « Schumacks » ou « Soumak », « Karamanie » et tapis similaires tissés à la main.","- Autres, à velours, confectionnés : De laine ou de poils fins",25,NA,En vigueur à compter du 8 septembre 2026,2026-09-08,NA,table_recapitulative_extraite_conditions_non_resolues,2026-10-05T18:47:45Z
20261005T190524Z_92397,finances_liste,1,132,CAN,USA,Numero_tarifaire_canadien,57024200,5702.42.00,570242,"Tapis et autres revêtements de sol en matières textiles, tissés, non touffetés ni floqués, même confectionnés, y compris les tapis dits « Kelim » ou « Kilim », « Schumacks » ou « Soumak », « Karamanie » et tapis similaires tissés à la main.","- Autres, à velours, confectionnés : De matières textiles synthétiques ou artificielles",25,NA,En vigueur à compter du 8 septembre 2026,2026-09-08,NA,table_recapitulative_extraite_conditions_non_resolues,2026-10-05T18:47:45Z
20261005T190524Z_92397,finances_liste,1,133,CAN,USA,Numero_tarifaire_canadien,57024900,5702.49.00,570249,"Tapis et autres revêtements de sol en matières textiles, tissés, non touffetés ni floqués, même confectionnés, y compris les tapis dits « Kelim » ou « Kilim », « Schumacks » ou « Soumak », « Karamanie » et tapis similaires tissés à la main.","- Autres, à velours, confectionnés : D'autres matières textiles",25,NA,En vigueur à compter du 8 septembre 2026,2026-09-08,NA,table_recapitulative_extraite_conditions_non_resolues,2026-10-05T18:47:45Z
20261005T190524Z_92397,finances_liste,1,134,CAN,USA,Numero_tarifaire_canadien,57025010,5702.50.10,570250,"Tapis et autres revêtements de sol en matières textiles, tissés, non touffetés ni floqués, même confectionnés, y compris les tapis dits « Kelim » ou « Kilim », « Schumacks » ou « Soumak », « Karamanie » et tapis similaires tissés à la main.","- Autres, sans velours, non confectionnés : En paille, en chanvre, en filasse de lin ou en jute",25,NA,En vigueur à compter du 8 septembre 2026,2026-09-08,NA,table_recapitulative_extraite_conditions_non_resolues,2026-10-05T18:47:45Z
20261005T190524Z_92397,finances_liste,1,135,CAN,USA,Numero_tarifaire_canadien,57025090,5702.50.90,570250,"Tapis et autres revêtements de sol en matières textiles, tissés, non touffetés ni floqués, même confectionnés, y compris les tapis dits « Kelim » ou « Kilim », « Schumacks » ou « Soumak », « Karamanie » et tapis similaires tissés à la main.","- Autres, sans velours, non confectionnés : Autres",25,NA,En vigueur à compter du 8 septembre 2026,2026-09-08,NA,table_recapitulative_extraite_conditions_non_resolues,2026-10-05T18:47:45Z
20261005T190524Z_92397,finances_liste,1,136,CAN,USA,Numero_tarifaire_canadien,57029100,5702.91.00,570291,"Tapis et autres revêtements de sol en matières textiles, tissés, non touffetés ni floqués, même confectionnés, y compris les tapis dits « Kelim » ou « Kilim », « Schumacks » ou « Soumak », « Karamanie » et tapis similaires tissés à la main.","- Autres, sans velours, confectionnés : De laine ou de poils fins",25,NA,En vigueur à compter du 8 septembre 2026,2026-09-08,NA,table_recapitulative_extraite_conditions_non_resolues,2026-10-05T18:47:45Z
20261005T190524Z_92397,finances_liste,1,137,CAN,USA,Numero_tarifaire_canadien,57029200,5702.92.00,570292,"Tapis et autres revêtements de sol en matières textiles, tissés, non touffetés ni floqués, même confectionnés, y compris les tapis dits « Kelim » ou « Kilim », « Schumacks » ou « Soumak », « Karamanie » et tapis similaires tissés à la main.","- Autres, sans velours, confectionnés : De matières textiles synthétiques ou artificielles",25,NA,En vigueur à compter du 8 septembre 2026,2026-09-08,NA,table_recapitulative_extraite_conditions_non_resolues,2026-10-05T18:47:45Z
20261005T190524Z_92397,finances_liste,1,138,CAN,USA,Numero_tarifaire_canadien,57029910,5702.99.10,570299,"Tapis et autres revêtements de sol en matières textiles, tissés, non touffetés ni floqués, même confectionnés, y compris les tapis dits « Kelim » ou « Kilim », « Schumacks » ou « Soumak », « Karamanie » et tapis similaires tissés à la main.","- Autres, sans velours, confectionnés : D'autres matières textiles : En paille, en chanvre, en filasse de lin ou en jute",25,NA,En vigueur à compter du 8 septembre 2026,2026-09-08,NA,table_recapitulative_extraite_conditions_non_resolues,2026-10-05T18:47:45Z
20261005T190524Z_92397,finances_liste,1,139,CAN,USA,Numero_tarifaire_canadien,57029990,5702.99.90,570299,"Tapis et autres revêtements de sol en matières textiles, tissés, non touffetés ni floqués, même confectionnés, y compris les tapis dits « Kelim » ou « Kilim », « Schumacks » ou « Soumak », « Karamanie » et tapis similaires tissés à la main.","- Autres, sans velours, confectionnés : D'autres matières textiles : Autres",25,NA,En vigueur à compter du 8 septembre 2026,2026-09-08,NA,table_recapitulative_extraite_conditions_non_resolues,2026-10-05T18:47:45Z
20261005T190524Z_92397,finances_liste,1,140,CAN,USA,Numero_tarifaire_canadien,57031010,5703.10.10,570310,"Tapis et autres revêtements de sol en matières textiles (y compris le gazon), touffetés, même confectionnés.",- De laine ou de poils fins : Touffetés à la machine,25,NA,En vigueur à compter du 8 septembre 2026,2026-09-08,NA,table_recapitulative_extraite_conditions_non_resolues,2026-10-05T18:47:45Z
20261005T190524Z_92397,finances_liste,1,141,CAN,USA,Numero_tarifaire_canadien,57031090,5703.10.90,570310,"Tapis et autres revêtements de sol en matières textiles (y compris le gazon), touffetés, même confectionnés.",- De laine ou de poils fins : Autres,25,NA,En vigueur à compter du 8 septembre 2026,2026-09-08,NA,table_recapitulative_extraite_conditions_non_resolues,2026-10-05T18:47:45Z
20261005T190524Z_92397,finances_liste,1,142,CAN,USA,Numero_tarifaire_canadien,57032100,5703.21.00,570321,"Tapis et autres revêtements de sol en matières textiles (y compris le gazon), touffetés, même confectionnés.",- De nylon ou d'autres polyamides : Gazon,25,NA,En vigueur à compter du 8 septembre 2026,2026-09-08,NA,table_recapitulative_extraite_conditions_non_resolues,2026-10-05T18:47:45Z
20261005T190524Z_92397,finances_liste,1,143,CAN,USA,Numero_tarifaire_canadien,57032910,5703.29.10,570329,"Tapis et autres revêtements de sol en matières textiles (y compris le gazon), touffetés, même confectionnés.",- De nylon ou d'autres polyamides : Autres : Touffetés à la machine,25,NA,En vigueur à compter du 8 septembre 2026,2026-09-08,NA,table_recapitulative_extraite_conditions_non_resolues,2026-10-05T18:47:45Z
20261005T190524Z_92397,finances_liste,1,144,CAN,USA,Numero_tarifaire_canadien,57032990,5703.29.90,570329,"Tapis et autres revêtements de sol en matières textiles (y compris le gazon), touffetés, même confectionnés.",- De nylon ou d'autres polyamides : Autres : Autres,25,NA,En vigueur à compter du 8 septembre 2026,2026-09-08,NA,table_recapitulative_extraite_conditions_non_resolues,2026-10-05T18:47:45Z
20261005T190524Z_92397,finances_liste,1,145,CAN,USA,Numero_tarifaire_canadien,57033100,5703.31.00,570331,"Tapis et autres revêtements de sol en matières textiles (y compris le gazon), touffetés, même confectionnés.",- D'autres matières textiles synthétiques ou de matières textiles artificielles : Gazon,25,NA,En vigueur à compter du 8 septembre 2026,2026-09-08,NA,table_recapitulative_extraite_conditions_non_resolues,2026-10-05T18:47:45Z
20261005T190524Z_92397,finances_liste,1,146,CAN,USA,Numero_tarifaire_canadien,57033910,5703.39.10,570339,"Tapis et autres revêtements de sol en matières textiles (y compris le gazon), touffetés, même confectionnés.",- D'autres matières textiles synthétiques ou de matières textiles artificielles : Autres : Touffetés à la machine,50,NA,En vigueur à compter du 8 septembre 2026,2026-09-08,NA,table_recapitulative_extraite_conditions_non_resolues,2026-10-05T18:47:45Z
20261005T190524Z_92397,finances_liste,1,147,CAN,USA,Numero_tarifaire_canadien,57033990,5703.39.90,570339,"Tapis et autres revêtements de sol en matières textiles (y compris le gazon), touffetés, même confectionnés.",- D'autres matières textiles synthétiques ou de matières textiles artificielles : Autres : Autres,50,NA,En vigueur à compter du 8 septembre 2026,2026-09-08,NA,table_recapitulative_extraite_conditions_non_resolues,2026-10-05T18:47:45Z
20261005T190524Z_92397,finances_liste,1,148,CAN,USA,Numero_tarifaire_canadien,57039010,5703.90.10,570390,"Tapis et autres revêtements de sol en matières textiles (y compris le gazon), touffetés, même confectionnés.",- D'autres matières textiles : Touffetés à la machine,25,NA,En vigueur à compter du 8 septembre 2026,2026-09-08,NA,table_recapitulative_extraite_conditions_non_resolues,2026-10-05T18:47:45Z
20261005T190524Z_92397,finances_liste,1,149,CAN,USA,Numero_tarifaire_canadien,57039090,5703.90.90,570390,"Tapis et autres revêtements de sol en matières textiles (y compris le gazon), touffetés, même confectionnés.",- D'autres matières textiles : Autres,25,NA,En vigueur à compter du 8 septembre 2026,2026-09-08,NA,table_recapitulative_extraite_conditions_non_resolues,2026-10-05T18:47:45Z
20261005T190524Z_92397,finances_liste,1,150,CAN,USA,Numero_tarifaire_canadien,57041000,5704.10.00,570410,"Tapis et autres revêtements de sol, en feutre, non touffetés ni floqués, même confectionnés.","- Carreaux dont la surface n'excède pas 0,3 m²",25,NA,En vigueur à compter du 8 septembre 2026,2026-09-08,NA,table_recapitulative_extraite_conditions_non_resolues,2026-10-05T18:47:45Z
20261005T190524Z_92397,finances_liste,1,151,CAN,USA,Numero_tarifaire_canadien,57042000,5704.20.00,570420,"Tapis et autres revêtements de sol, en feutre, non touffetés ni floqués, même confectionnés.","- Carreaux dont la surface excède 0,3 m² mais n'excède pas 1 m²",25,NA,En vigueur à compter du 8 septembre 2026,2026-09-08,NA,table_recapitulative_extraite_conditions_non_resolues,2026-10-05T18:47:45Z
20261005T190524Z_92397,finances_liste,1,152,CAN,USA,Numero_tarifaire_canadien,57049000,5704.90.00,570490,"Tapis et autres revêtements de sol, en feutre, non touffetés ni floqués, même confectionnés.",- Autres,25,NA,En vigueur à compter du 8 septembre 2026,2026-09-08,NA,table_recapitulative_extraite_conditions_non_resolues,2026-10-05T18:47:45Z
20261005T190524Z_92397,finances_liste,1,153,CAN,USA,Numero_tarifaire_canadien,57050000,5705.00.00,570500,"Autres tapis et revêtements de sol en matières textiles, même confectionnés.",NA,25,NA,En vigueur à compter du 8 septembre 2026,2026-09-08,NA,table_recapitulative_extraite_conditions_non_resolues,2026-10-05T18:47:45Z
20261005T190524Z_92397,finances_liste,1,154,CAN,USA,Numero_tarifaire_canadien,61044300,6104.43.00,610443,"Costumes tailleurs, ensembles, vestes, robes, jupes, jupes-culottes, pantalons, salopettes à bretelles, culottes et shorts (autres que pour le bain), en bonneterie, pour femmes ou fillettes.",- Robes : De fibres synthétiques,50,NA,En vigueur à compter du 8 septembre 2026,2026-09-08,NA,table_recapitulative_extraite_conditions_non_resolues,2026-10-05T18:47:45Z
20261005T190524Z_92397,finances_liste,1,155,CAN,USA,Numero_tarifaire_canadien,61046300,6104.63.00,610463,"Costumes tailleurs, ensembles, vestes, robes, jupes, jupes-culottes, pantalons, salopettes à bretelles, culottes et shorts (autres que pour le bain), en bonneterie, pour femmes ou fillettes.","- Pantalons, salopettes à bretelles, culottes et shorts : De fibres synthétiques",50,NA,En vigueur à compter du 8 septembre 2026,2026-09-08,NA,table_recapitulative_extraite_conditions_non_resolues,2026-10-05T18:47:45Z
20261005T190524Z_92397,finances_liste,1,156,CAN,USA,Numero_tarifaire_canadien,61091000,6109.10.00,610910,"T-shirts et maillots de corps, en bonneterie.",- De coton,50,NA,En vigueur à compter du 8 septembre 2026,2026-09-08,NA,table_recapitulative_extraite_conditions_non_resolues,2026-10-05T18:47:45Z
20261005T190524Z_92397,finances_liste,1,157,CAN,USA,Numero_tarifaire_canadien,61102000,6110.20.00,611020,"Chandails, pull-overs, cardigans, gilets et articles similaires, y compris les sous-pulls, en bonneterie.",- De coton,50,NA,En vigueur à compter du 8 septembre 2026,2026-09-08,NA,table_recapitulative_extraite_conditions_non_resolues,2026-10-05T18:47:45Z
20261005T190524Z_92397,finances_liste,1,158,CAN,USA,Numero_tarifaire_canadien,61103000,6110.30.00,611030,"Chandails, pull-overs, cardigans, gilets et articles similaires, y compris les sous-pulls, en bonneterie.",- De fibres synthétiques ou artificielles,50,NA,En vigueur à compter du 8 septembre 2026,2026-09-08,NA,table_recapitulative_extraite_conditions_non_resolues,2026-10-05T18:47:45Z
20261005T190524Z_92397,finances_liste,1,159,CAN,USA,Numero_tarifaire_canadien,61169300,6116.93.00,611693,"Gants, mitaines et moufles, en bonneterie.",- Autres : De fibres synthétiques,50,NA,En vigueur à compter du 8 septembre 2026,2026-09-08,NA,table_recapitulative_extraite_conditions_non_resolues,2026-10-05T18:47:45Z
20261005T190524Z_92397,finances_liste,1,160,CAN,USA,Numero_tarifaire_canadien,62014010,6201.40.10,620140,"Manteaux, cabans, capes, anoraks, blousons et articles similaires, pour hommes ou garçonnets, à l'exclusion des articles du no 62.03.","- De fibres synthétiques ou artificielles : Manteaux, imperméables, cabans, capes et articles similaires",50,NA,En vigueur à compter du 8 septembre 2026,2026-09-08,NA,table_recapitulative_extraite_conditions_non_resolues,2026-10-05T18:47:45Z
20261005T190524Z_92397,finances_liste,1,161,CAN,USA,Numero_tarifaire_canadien,62014090,6201.40.90,620140,"Manteaux, cabans, capes, anoraks, blousons et articles similaires, pour hommes ou garçonnets, à l'exclusion des articles du no 62.03.",- De fibres synthétiques ou artificielles : Autres,50,NA,En vigueur à compter du 8 septembre 2026,2026-09-08,NA,table_recapitulative_extraite_conditions_non_resolues,2026-10-05T18:47:45Z
20261005T190524Z_92397,finances_liste,1,162,CAN,USA,Numero_tarifaire_canadien,62024000,6202.40.00,620240,"Manteaux, cabans, capes, anoraks, blousons et articles similaires, pour femmes ou fillettes, à l'exclusion des articles du no 62.04.",- De fibres synthétiques ou artificielles,50,NA,En vigueur à compter du 8 septembre 2026,2026-09-08,NA,table_recapitulative_extraite_conditions_non_resolues,2026-10-05T18:47:45Z
20261005T190524Z_92397,finances_liste,1,163,CAN,USA,Numero_tarifaire_canadien,62031100,6203.11.00,620311,"Costumes ou complets, ensembles, vestons, pantalons, salopettes à bretelles, culottes et shorts (autres que pour le bain), pour hommes ou garçonnets.",- Costumes ou complets : De laine ou de poils fins,50,NA,En vigueur à compter du 8 septembre 2026,2026-09-08,NA,table_recapitulative_extraite_conditions_non_resolues,2026-10-05T18:47:45Z
20261005T190524Z_92397,finances_liste,1,164,CAN,USA,Numero_tarifaire_canadien,62033100,6203.31.00,620331,"Costumes ou complets, ensembles, vestons, pantalons, salopettes à bretelles, culottes et shorts (autres que pour le bain), pour hommes ou garçonnets.",- Vestons : De laine ou de poils fins,50,NA,En vigueur à compter du 8 septembre 2026,2026-09-08,NA,table_recapitulative_extraite_conditions_non_resolues,2026-10-05T18:47:45Z
20261005T190524Z_92397,finances_liste,1,165,CAN,USA,Numero_tarifaire_canadien,62034100,6203.41.00,620341,"Costumes ou complets, ensembles, vestons, pantalons, salopettes à bretelles, culottes et shorts (autres que pour le bain), pour hommes ou garçonnets.","- Pantalons, salopettes à bretelles, culottes et shorts : De laine ou de poils fins",50,NA,En vigueur à compter du 8 septembre 2026,2026-09-08,NA,table_recapitulative_extraite_conditions_non_resolues,2026-10-05T18:47:45Z
20261005T190524Z_92397,finances_liste,1,166,CAN,USA,Numero_tarifaire_canadien,62044300,6204.43.00,620443,"Costumes tailleurs, ensembles, vestes, robes, jupes, jupes-culottes, pantalons, salopettes à bretelles, culottes et shorts (autres que pour le bain), pour femmes ou fillettes.",- Robes : De fibres synthétiques,50,NA,En vigueur à compter du 8 septembre 2026,2026-09-08,NA,table_recapitulative_extraite_conditions_non_resolues,2026-10-05T18:47:45Z
20261005T190524Z_92397,finances_liste,1,167,CAN,USA,Numero_tarifaire_canadien,62044900,6204.49.00,620449,"Costumes tailleurs, ensembles, vestes, robes, jupes, jupes-culottes, pantalons, salopettes à bretelles, culottes et shorts (autres que pour le bain), pour femmes ou fillettes.",- Robes : D'autres matières textiles,50,NA,En vigueur à compter du 8 septembre 2026,2026-09-08,NA,table_recapitulative_extraite_conditions_non_resolues,2026-10-05T18:47:45Z
20261005T190524Z_92397,finances_liste,1,168,CAN,USA,Numero_tarifaire_canadien,62102010,6210.20.10,621020,"Vêtements confectionnés en produits des nos 56.02, 56.03, 59.03, 59.06 ou 59.07.","- Autres vêtements, des types visés dans le no 62.01 : Scaphandres de protection, devant être utilisés dans l'air empoisonné",50,NA,En vigueur à compter du 8 septembre 2026,2026-09-08,NA,table_recapitulative_extraite_conditions_non_resolues,2026-10-05T18:47:45Z
20261005T190524Z_92397,finances_liste,1,169,CAN,USA,Numero_tarifaire_canadien,62102090,6210.20.90,621020,"Vêtements confectionnés en produits des nos 56.02, 56.03, 59.03, 59.06 ou 59.07.","- Autres vêtements, des types visés dans le no 62.01 : Autres",50,NA,En vigueur à compter du 8 septembre 2026,2026-09-08,NA,table_recapitulative_extraite_conditions_non_resolues,2026-10-05T18:47:45Z
20261005T190524Z_92397,finances_liste,1,170,CAN,USA,Numero_tarifaire_canadien,62104010,6210.40.10,621040,"Vêtements confectionnés en produits des nos 56.02, 56.03, 59.03, 59.06 ou 59.07.","- Autres vêtements pour hommes ou garçonnets : Scaphandres de protection, devant être utilisés dans l'air empoisonné",50,NA,En vigueur à compter du 8 septembre 2026,2026-09-08,NA,table_recapitulative_extraite_conditions_non_resolues,2026-10-05T18:47:45Z
20261005T190524Z_92397,finances_liste,1,171,CAN,USA,Numero_tarifaire_canadien,62104090,6210.40.90,621040,"Vêtements confectionnés en produits des nos 56.02, 56.03, 59.03, 59.06 ou 59.07.",- Autres vêtements pour hommes ou garçonnets : Autres,50,NA,En vigueur à compter du 8 septembre 2026,2026-09-08,NA,table_recapitulative_extraite_conditions_non_resolues,2026-10-05T18:47:45Z
20261005T190524Z_92397,finances_liste,1,172,CAN,USA,Numero_tarifaire_canadien,62105010,6210.50.10,621050,"Vêtements confectionnés en produits des nos 56.02, 56.03, 59.03, 59.06 ou 59.07.","- Autres vêtements pour femmes ou fillettes : Scaphandres de protection, devant être utilisés dans l'air empoisonné",50,NA,En vigueur à compter du 8 septembre 2026,2026-09-08,NA,table_recapitulative_extraite_conditions_non_resolues,2026-10-05T18:47:45Z
20261005T190524Z_92397,finances_liste,1,173,CAN,USA,Numero_tarifaire_canadien,62105090,6210.50.90,621050,"Vêtements confectionnés en produits des nos 56.02, 56.03, 59.03, 59.06 ou 59.07.",- Autres vêtements pour femmes ou fillettes : Autres,50,NA,En vigueur à compter du 8 septembre 2026,2026-09-08,NA,table_recapitulative_extraite_conditions_non_resolues,2026-10-05T18:47:45Z
20261005T190524Z_92397,finances_liste,1,174,CAN,USA,Numero_tarifaire_canadien,62113200,6211.32.00,621132,"Survêtements de sport (trainings), combinaisons et ensembles de ski maillots, culottes et slips de bain; autres vêtements.","- Autres vêtements, pour hommes ou garçonnets : De coton",50,NA,En vigueur à compter du 8 septembre 2026,2026-09-08,NA,table_recapitulative_extraite_conditions_non_resolues,2026-10-05T18:47:45Z
20261005T190524Z_92397,finances_liste,1,175,CAN,USA,Numero_tarifaire_canadien,62113300,6211.33.00,621133,"Survêtements de sport (trainings), combinaisons et ensembles de ski maillots, culottes et slips de bain; autres vêtements.","- Autres vêtements, pour hommes ou garçonnets : De fibres synthétiques ou artificielles",50,NA,En vigueur à compter du 8 septembre 2026,2026-09-08,NA,table_recapitulative_extraite_conditions_non_resolues,2026-10-05T18:47:45Z
20261005T190524Z_92397,finances_liste,1,176,CAN,USA,Numero_tarifaire_canadien,62114310,6211.43.10,621143,"Survêtements de sport (trainings), combinaisons et ensembles de ski maillots, culottes et slips de bain; autres vêtements.","- Autres vêtements, pour femmes ou fillettes : De fibres synthétiques ou artificielles : Saris",50,NA,En vigueur à compter du 8 septembre 2026,2026-09-08,NA,table_recapitulative_extraite_conditions_non_resolues,2026-10-05T18:47:45Z
20261005T190524Z_92397,finances_liste,1,177,CAN,USA,Numero_tarifaire_canadien,62114390,6211.43.90,621143,"Survêtements de sport (trainings), combinaisons et ensembles de ski maillots, culottes et slips de bain; autres vêtements.","- Autres vêtements, pour femmes ou fillettes : De fibres synthétiques ou artificielles : Autres",50,NA,En vigueur à compter du 8 septembre 2026,2026-09-08,NA,table_recapitulative_extraite_conditions_non_resolues,2026-10-05T18:47:45Z
20261005T190524Z_92397,finances_liste,1,178,CAN,USA,Numero_tarifaire_canadien,68091100,6809.11.00,680911,Ouvrages en plâtre ou en compositions à base de plâtre.,"- Planches, plaques, panneaux, carreaux et articles similaires, non ornementés : Revêtus ou renforcés de papier ou de carton uniquement",50,NA,En vigueur à compter du 8 septembre 2026,2026-09-08,NA,table_recapitulative_extraite_conditions_non_resolues,2026-10-05T18:47:45Z
20261005T190524Z_92397,finances_liste,1,179,CAN,USA,Numero_tarifaire_canadien,70109000,7010.90.00,701090,"Bonbonnes, bouteilles, flacons, bocaux, pots, emballages tubulaires, ampoules et autres récipients de transport ou d'emballage, en verre; bocaux à conserves en verre; bouchons, couvercles et autres dispositifs de fermeture, en verre.",- Autres,50,NA,En vigueur à compter du 8 septembre 2026,2026-09-08,NA,table_recapitulative_extraite_conditions_non_resolues,2026-10-05T18:47:45Z
20261005T190524Z_92397,finances_liste,1,180,CAN,USA,Numero_tarifaire_canadien,72061000,7206.10.00,720610,"Fer et aciers non alliés en lingots ou autres formes primaires, à l'exclusion du fer du no 72.03.",- Lingots,50,NA,En vigueur à compter du 8 septembre 2026,2026-09-08,NA,table_recapitulative_extraite_conditions_non_resolues,2026-10-05T18:47:45Z
20261005T190524Z_92397,finances_liste,1,181,CAN,USA,Numero_tarifaire_canadien,72069000,7206.90.00,720690,"Fer et aciers non alliés en lingots ou autres formes primaires, à l'exclusion du fer du no 72.03.",- Autres,50,NA,En vigueur à compter du 8 septembre 2026,2026-09-08,NA,table_recapitulative_extraite_conditions_non_resolues,2026-10-05T18:47:45Z
20261005T190524Z_92397,finances_liste,1,182,CAN,USA,Numero_tarifaire_canadien,72071100,7207.11.00,720711,Demi-produits en fer ou en aciers non alliés.,"- Contenant en poids moins de 0,25 % de carbone : De section transversale carrée ou rectangulaire et dont la largeur est inférieure à deux fois l'épaisseur",50,NA,En vigueur à compter du 8 septembre 2026,2026-09-08,NA,table_recapitulative_extraite_conditions_non_resolues,2026-10-05T18:47:45Z
20261005T190524Z_92397,finances_liste,1,183,CAN,USA,Numero_tarifaire_canadien,72071200,7207.12.00,720712,Demi-produits en fer ou en aciers non alliés.,"- Contenant en poids moins de 0,25 % de carbone : Autres, de section transversale rectangulaire",50,NA,En vigueur à compter du 8 septembre 2026,2026-09-08,NA,table_recapitulative_extraite_conditions_non_resolues,2026-10-05T18:47:45Z
20261005T190524Z_92397,finances_liste,1,184,CAN,USA,Numero_tarifaire_canadien,72071900,7207.19.00,720719,Demi-produits en fer ou en aciers non alliés.,"- Contenant en poids moins de 0,25 % de carbone : Autres",50,NA,En vigueur à compter du 8 septembre 2026,2026-09-08,NA,table_recapitulative_extraite_conditions_non_resolues,2026-10-05T18:47:45Z
20261005T190524Z_92397,finances_liste,1,185,CAN,USA,Numero_tarifaire_canadien,72072000,7207.20.00,720720,Demi-produits en fer ou en aciers non alliés.,"- Contenant en poids 0,25 % ou plus de carbone",50,NA,En vigueur à compter du 8 septembre 2026,2026-09-08,NA,table_recapitulative_extraite_conditions_non_resolues,2026-10-05T18:47:45Z
20261005T190524Z_92397,finances_liste,1,186,CAN,USA,Numero_tarifaire_canadien,72081000,7208.10.00,720810,"Produits laminés plats, en fer ou en aciers non alliés, d'une largeur de 600 mm ou plus, laminés à chaud, non plaqués ni revêtus.","- Enroulés, simplement laminés à chaud, présentant des motifs en relief",50,NA,En vigueur à compter du 8 septembre 2026,2026-09-08,NA,table_recapitulative_extraite_conditions_non_resolues,2026-10-05T18:47:45Z
20261005T190524Z_92397,finances_liste,1,187,CAN,USA,Numero_tarifaire_canadien,72082500,7208.25.00,720825,"Produits laminés plats, en fer ou en aciers non alliés, d'une largeur de 600 mm ou plus, laminés à chaud, non plaqués ni revêtus.","- Autres, enroulés, simplement laminés à chaud, décapés : D'une épaisseur de 4,75 mm ou plus",50,NA,En vigueur à compter du 8 septembre 2026,2026-09-08,NA,table_recapitulative_extraite_conditions_non_resolues,2026-10-05T18:47:45Z
20261005T190524Z_92397,finances_liste,1,188,CAN,USA,Numero_tarifaire_canadien,72082600,7208.26.00,720826,"Produits laminés plats, en fer ou en aciers non alliés, d'une largeur de 600 mm ou plus, laminés à chaud, non plaqués ni revêtus.","- Autres, enroulés, simplement laminés à chaud, décapés : D'une épaisseur de 3 mm ou plus mais inférieure à 4,75 mm",50,NA,En vigueur à compter du 8 septembre 2026,2026-09-08,NA,table_recapitulative_extraite_conditions_non_resolues,2026-10-05T18:47:45Z
20261005T190524Z_92397,finances_liste,1,189,CAN,USA,Numero_tarifaire_canadien,72082700,7208.27.00,720827,"Produits laminés plats, en fer ou en aciers non alliés, d'une largeur de 600 mm ou plus, laminés à chaud, non plaqués ni revêtus.","- Autres, enroulés, simplement laminés à chaud, décapés : D'une épaisseur inférieure à 3 mm",50,NA,En vigueur à compter du 8 septembre 2026,2026-09-08,NA,table_recapitulative_extraite_conditions_non_resolues,2026-10-05T18:47:45Z
20261005T190524Z_92397,finances_liste,1,190,CAN,USA,Numero_tarifaire_canadien,72083600,7208.36.00,720836,"Produits laminés plats, en fer ou en aciers non alliés, d'une largeur de 600 mm ou plus, laminés à chaud, non plaqués ni revêtus.","- Autres, enroulés, simplement laminés à chaud : D'une épaisseur excédant 10 mm",50,NA,En vigueur à compter du 8 septembre 2026,2026-09-08,NA,table_recapitulative_extraite_conditions_non_resolues,2026-10-05T18:47:45Z
20261005T190524Z_92397,finances_liste,1,191,CAN,USA,Numero_tarifaire_canadien,72083700,7208.37.00,720837,"Produits laminés plats, en fer ou en aciers non alliés, d'une largeur de 600 mm ou plus, laminés à chaud, non plaqués ni revêtus.","- Autres, enroulés, simplement laminés à chaud : D'une épaisseur de 4,75 mm ou plus mais n'excédant pas 10 mm",50,NA,En vigueur à compter du 8 septembre 2026,2026-09-08,NA,table_recapitulative_extraite_conditions_non_resolues,2026-10-05T18:47:45Z
20261005T190524Z_92397,finances_liste,1,192,CAN,USA,Numero_tarifaire_canadien,72083800,7208.38.00,720838,"Produits laminés plats, en fer ou en aciers non alliés, d'une largeur de 600 mm ou plus, laminés à chaud, non plaqués ni revêtus.","- Autres, enroulés, simplement laminés à chaud : D'une épaisseur de 3 mm ou plus mais inférieure à 4,75 mm",50,NA,En vigueur à compter du 8 septembre 2026,2026-09-08,NA,table_recapitulative_extraite_conditions_non_resolues,2026-10-05T18:47:45Z
20261005T190524Z_92397,finances_liste,1,193,CAN,USA,Numero_tarifaire_canadien,72083900,7208.39.00,720839,"Produits laminés plats, en fer ou en aciers non alliés, d'une largeur de 600 mm ou plus, laminés à chaud, non plaqués ni revêtus.","- Autres, enroulés, simplement laminés à chaud : D'une épaisseur inférieure à 3 mm",50,NA,En vigueur à compter du 8 septembre 2026,2026-09-08,NA,table_recapitulative_extraite_conditions_non_resolues,2026-10-05T18:47:45Z
20261005T190524Z_92397,finances_liste,1,194,CAN,USA,Numero_tarifaire_canadien,72084000,7208.40.00,720840,"Produits laminés plats, en fer ou en aciers non alliés, d'une largeur de 600 mm ou plus, laminés à chaud, non plaqués ni revêtus.","- Non enroulés, simplement laminés à chaud, présentant des motifs en relief",50,NA,En vigueur à compter du 8 septembre 2026,2026-09-08,NA,table_recapitulative_extraite_conditions_non_resolues,2026-10-05T18:47:45Z
20261005T190524Z_92397,finances_liste,1,195,CAN,USA,Numero_tarifaire_canadien,72085100,7208.51.00,720851,"Produits laminés plats, en fer ou en aciers non alliés, d'une largeur de 600 mm ou plus, laminés à chaud, non plaqués ni revêtus.","- Autres, non enroulés, simplement laminés à chaud : D'une épaisseur excédant 10 mm",50,NA,En vigueur à compter du 8 septembre 2026,2026-09-08,NA,table_recapitulative_extraite_conditions_non_resolues,2026-10-05T18:47:45Z
20261005T190524Z_92397,finances_liste,1,196,CAN,USA,Numero_tarifaire_canadien,72085200,7208.52.00,720852,"Produits laminés plats, en fer ou en aciers non alliés, d'une largeur de 600 mm ou plus, laminés à chaud, non plaqués ni revêtus.","- Autres, non enroulés, simplement laminés à chaud : D'une épaisseur de 4,75 mm ou plus mais n'excédant pas 10 mm",50,NA,En vigueur à compter du 8 septembre 2026,2026-09-08,NA,table_recapitulative_extraite_conditions_non_resolues,2026-10-05T18:47:45Z
20261005T190524Z_92397,finances_liste,1,197,CAN,USA,Numero_tarifaire_canadien,72085300,7208.53.00,720853,"Produits laminés plats, en fer ou en aciers non alliés, d'une largeur de 600 mm ou plus, laminés à chaud, non plaqués ni revêtus.","- Autres, non enroulés, simplement laminés à chaud : D'une épaisseur de 3 mm ou plus mais inférieure à 4,75 mm",50,NA,En vigueur à compter du 8 septembre 2026,2026-09-08,NA,table_recapitulative_extraite_conditions_non_resolues,2026-10-05T18:47:45Z
20261005T190524Z_92397,finances_liste,1,198,CAN,USA,Numero_tarifaire_canadien,72085400,7208.54.00,720854,"Produits laminés plats, en fer ou en aciers non alliés, d'une largeur de 600 mm ou plus, laminés à chaud, non plaqués ni revêtus.","- Autres, non enroulés, simplement laminés à chaud : D'une épaisseur inférieure à 3 mm",50,NA,En vigueur à compter du 8 septembre 2026,2026-09-08,NA,table_recapitulative_extraite_conditions_non_resolues,2026-10-05T18:47:45Z
20261005T190524Z_92397,finances_liste,1,199,CAN,USA,Numero_tarifaire_canadien,72089000,7208.90.00,720890,"Produits laminés plats, en fer ou en aciers non alliés, d'une largeur de 600 mm ou plus, laminés à chaud, non plaqués ni revêtus.",- Autres,50,NA,En vigueur à compter du 8 septembre 2026,2026-09-08,NA,table_recapitulative_extraite_conditions_non_resolues,2026-10-05T18:47:45Z
20261005T190524Z_92397,finances_liste,1,200,CAN,USA,Numero_tarifaire_canadien,72091500,7209.15.00,720915,"Produits laminés plats, en fer ou en aciers non alliés, d'une largeur de 600 mm ou plus, laminés à froid, non plaqués ni revêtus.","- Enroulés, simplement laminés à froid : D'une épaisseur de 3 mm ou plus",50,NA,En vigueur à compter du 8 septembre 2026,2026-09-08,NA,table_recapitulative_extraite_conditions_non_resolues,2026-10-05T18:47:45Z
20261005T190524Z_92397,finances_liste,1,201,CAN,USA,Numero_tarifaire_canadien,72091600,7209.16.00,720916,"Produits laminés plats, en fer ou en aciers non alliés, d'une largeur de 600 mm ou plus, laminés à froid, non plaqués ni revêtus.","- Enroulés, simplement laminés à froid : D'une épaisseur excédant 1 mm mais inférieure à 3 mm",50,NA,En vigueur à compter du 8 septembre 2026,2026-09-08,NA,table_recapitulative_extraite_conditions_non_resolues,2026-10-05T18:47:45Z
20261005T190524Z_92397,finances_liste,1,202,CAN,USA,Numero_tarifaire_canadien,72091700,7209.17.00,720917,"Produits laminés plats, en fer ou en aciers non alliés, d'une largeur de 600 mm ou plus, laminés à froid, non plaqués ni revêtus.","- Enroulés, simplement laminés à froid : D'une épaisseur de 0,5 mm ou plus mais n'excédant pas 1 mm",50,NA,En vigueur à compter du 8 septembre 2026,2026-09-08,NA,table_recapitulative_extraite_conditions_non_resolues,2026-10-05T18:47:45Z
20261005T190524Z_92397,finances_liste,1,203,CAN,USA,Numero_tarifaire_canadien,72091800,7209.18.00,720918,"Produits laminés plats, en fer ou en aciers non alliés, d'une largeur de 600 mm ou plus, laminés à froid, non plaqués ni revêtus.","- Enroulés, simplement laminés à froid : D'une épaisseur inférieure à 0,5 mm",50,NA,En vigueur à compter du 8 septembre 2026,2026-09-08,NA,table_recapitulative_extraite_conditions_non_resolues,2026-10-05T18:47:45Z
20261005T190524Z_92397,finances_liste,1,204,CAN,USA,Numero_tarifaire_canadien,72092500,7209.25.00,720925,"Produits laminés plats, en fer ou en aciers non alliés, d'une largeur de 600 mm ou plus, laminés à froid, non plaqués ni revêtus.","- Non enroulés, simplement laminés à froid : D'une épaisseur de 3 mm ou plus",50,NA,En vigueur à compter du 8 septembre 2026,2026-09-08,NA,table_recapitulative_extraite_conditions_non_resolues,2026-10-05T18:47:45Z
20261005T190524Z_92397,finances_liste,1,205,CAN,USA,Numero_tarifaire_canadien,72092600,7209.26.00,720926,"Produits laminés plats, en fer ou en aciers non alliés, d'une largeur de 600 mm ou plus, laminés à froid, non plaqués ni revêtus.","- Non enroulés, simplement laminés à froid : D'une épaisseur excédant 1 mm mais inférieure à 3 mm",50,NA,En vigueur à compter du 8 septembre 2026,2026-09-08,NA,table_recapitulative_extraite_conditions_non_resolues,2026-10-05T18:47:45Z
20261005T190524Z_92397,finances_liste,1,206,CAN,USA,Numero_tarifaire_canadien,72092700,7209.27.00,720927,"Produits laminés plats, en fer ou en aciers non alliés, d'une largeur de 600 mm ou plus, laminés à froid, non plaqués ni revêtus.","- Non enroulés, simplement laminés à froid : D'une épaisseur de 0,5 mm ou plus mais n'excédant pas 1 mm",50,NA,En vigueur à compter du 8 septembre 2026,2026-09-08,NA,table_recapitulative_extraite_conditions_non_resolues,2026-10-05T18:47:45Z
20261005T190524Z_92397,finances_liste,1,207,CAN,USA,Numero_tarifaire_canadien,72092800,7209.28.00,720928,"Produits laminés plats, en fer ou en aciers non alliés, d'une largeur de 600 mm ou plus, laminés à froid, non plaqués ni revêtus.","- Non enroulés, simplement laminés à froid : D'une épaisseur inférieure à 0,5 mm",50,NA,En vigueur à compter du 8 septembre 2026,2026-09-08,NA,table_recapitulative_extraite_conditions_non_resolues,2026-10-05T18:47:45Z
20261005T190524Z_92397,finances_liste,1,208,CAN,USA,Numero_tarifaire_canadien,72099000,7209.90.00,720990,"Produits laminés plats, en fer ou en aciers non alliés, d'une largeur de 600 mm ou plus, laminés à froid, non plaqués ni revêtus.",- Autres,50,NA,En vigueur à compter du 8 septembre 2026,2026-09-08,NA,table_recapitulative_extraite_conditions_non_resolues,2026-10-05T18:47:45Z
20261005T190524Z_92397,finances_liste,1,209,CAN,USA,Numero_tarifaire_canadien,72101100,7210.11.00,721011,"Produits laminés plats, en fer ou en aciers non alliés, d'une largeur de 600 mm ou plus, plaqués ou revêtus.","- Étamés : D'une épaisseur de 0,5 mm ou plus",50,NA,En vigueur à compter du 8 septembre 2026,2026-09-08,NA,table_recapitulative_extraite_conditions_non_resolues,2026-10-05T18:47:45Z
20261005T190524Z_92397,finances_liste,1,210,CAN,USA,Numero_tarifaire_canadien,72101200,7210.12.00,721012,"Produits laminés plats, en fer ou en aciers non alliés, d'une largeur de 600 mm ou plus, plaqués ou revêtus.","- Étamés : D'une épaisseur inférieure à 0,5 mm",50,NA,En vigueur à compter du 8 septembre 2026,2026-09-08,NA,table_recapitulative_extraite_conditions_non_resolues,2026-10-05T18:47:45Z
20261005T190524Z_92397,finances_liste,1,211,CAN,USA,Numero_tarifaire_canadien,72102000,7210.20.00,721020,"Produits laminés plats, en fer ou en aciers non alliés, d'une largeur de 600 mm ou plus, plaqués ou revêtus.","- Plombés, y compris le fer terne",50,NA,En vigueur à compter du 8 septembre 2026,2026-09-08,NA,table_recapitulative_extraite_conditions_non_resolues,2026-10-05T18:47:45Z
20261005T190524Z_92397,finances_liste,1,212,CAN,USA,Numero_tarifaire_canadien,72103000,7210.30.00,721030,"Produits laminés plats, en fer ou en aciers non alliés, d'une largeur de 600 mm ou plus, plaqués ou revêtus.",- Zingués électrolytiquement,50,NA,En vigueur à compter du 8 septembre 2026,2026-09-08,NA,table_recapitulative_extraite_conditions_non_resolues,2026-10-05T18:47:45Z
20261005T190524Z_92397,finances_liste,1,213,CAN,USA,Numero_tarifaire_canadien,72104100,7210.41.00,721041,"Produits laminés plats, en fer ou en aciers non alliés, d'une largeur de 600 mm ou plus, plaqués ou revêtus.",- Autrement zingués : Ondulés,50,NA,En vigueur à compter du 8 septembre 2026,2026-09-08,NA,table_recapitulative_extraite_conditions_non_resolues,2026-10-05T18:47:45Z
20261005T190524Z_92397,finances_liste,1,214,CAN,USA,Numero_tarifaire_canadien,72104900,7210.49.00,721049,"Produits laminés plats, en fer ou en aciers non alliés, d'une largeur de 600 mm ou plus, plaqués ou revêtus.",- Autrement zingués : Autres,50,NA,En vigueur à compter du 8 septembre 2026,2026-09-08,NA,table_recapitulative_extraite_conditions_non_resolues,2026-10-05T18:47:45Z
20261005T190524Z_92397,finances_liste,1,215,CAN,USA,Numero_tarifaire_canadien,72105000,7210.50.00,721050,"Produits laminés plats, en fer ou en aciers non alliés, d'une largeur de 600 mm ou plus, plaqués ou revêtus.",- Revêtus d'oxydes de chrome ou de chrome et oxydes de chrome,50,NA,En vigueur à compter du 8 septembre 2026,2026-09-08,NA,table_recapitulative_extraite_conditions_non_resolues,2026-10-05T18:47:45Z
20261005T190524Z_92397,finances_liste,1,216,CAN,USA,Numero_tarifaire_canadien,72106100,7210.61.00,721061,"Produits laminés plats, en fer ou en aciers non alliés, d'une largeur de 600 mm ou plus, plaqués ou revêtus.",- Revêtus d'aluminium : Revêtus d'alliages d'aluminium et de zinc,50,NA,En vigueur à compter du 8 septembre 2026,2026-09-08,NA,table_recapitulative_extraite_conditions_non_resolues,2026-10-05T18:47:45Z
20261005T190524Z_92397,finances_liste,1,217,CAN,USA,Numero_tarifaire_canadien,72106900,7210.69.00,721069,"Produits laminés plats, en fer ou en aciers non alliés, d'une largeur de 600 mm ou plus, plaqués ou revêtus.",- Revêtus d'aluminium : Autres,50,NA,En vigueur à compter du 8 septembre 2026,2026-09-08,NA,table_recapitulative_extraite_conditions_non_resolues,2026-10-05T18:47:45Z
20261005T190524Z_92397,finances_liste,1,218,CAN,USA,Numero_tarifaire_canadien,72107000,7210.70.00,721070,"Produits laminés plats, en fer ou en aciers non alliés, d'une largeur de 600 mm ou plus, plaqués ou revêtus.","- Peints, vernis ou revêtus de matières plastiques",50,NA,En vigueur à compter du 8 septembre 2026,2026-09-08,NA,table_recapitulative_extraite_conditions_non_resolues,2026-10-05T18:47:45Z
20261005T190524Z_92397,finances_liste,1,219,CAN,USA,Numero_tarifaire_canadien,72109000,7210.90.00,721090,"Produits laminés plats, en fer ou en aciers non alliés, d'une largeur de 600 mm ou plus, plaqués ou revêtus.",- Autres,50,NA,En vigueur à compter du 8 septembre 2026,2026-09-08,NA,table_recapitulative_extraite_conditions_non_resolues,2026-10-05T18:47:45Z
20261005T190524Z_92397,finances_liste,1,220,CAN,USA,Numero_tarifaire_canadien,72111300,7211.13.00,721113,"Produits laminés plats, en fer ou en aciers non alliés, d'une largeur inférieure à 600 mm, non plaqués ni revêtus.","- Simplement laminés à chaud : Laminés sur les quatre faces ou en cannelures fermées, d'une largeur excédant 150 mm et d'une épaisseur de 4 mm ou plus, non enroulés et ne présentant pas de motifs en relief",50,NA,En vigueur à compter du 8 septembre 2026,2026-09-08,NA,table_recapitulative_extraite_conditions_non_resolues,2026-10-05T18:47:45Z
20261005T190524Z_92397,finances_liste,1,221,CAN,USA,Numero_tarifaire_canadien,72111400,7211.14.00,721114,"Produits laminés plats, en fer ou en aciers non alliés, d'une largeur inférieure à 600 mm, non plaqués ni revêtus.","- Simplement laminés à chaud : Autres, d'une épaisseur de 4,75 mm ou plus",50,NA,En vigueur à compter du 8 septembre 2026,2026-09-08,NA,table_recapitulative_extraite_conditions_non_resolues,2026-10-05T18:47:45Z
20261005T190524Z_92397,finances_liste,1,222,CAN,USA,Numero_tarifaire_canadien,72111900,7211.19.00,721119,"Produits laminés plats, en fer ou en aciers non alliés, d'une largeur inférieure à 600 mm, non plaqués ni revêtus.",- Simplement laminés à chaud : Autres,50,NA,En vigueur à compter du 8 septembre 2026,2026-09-08,NA,table_recapitulative_extraite_conditions_non_resolues,2026-10-05T18:47:45Z
20261005T190524Z_92397,finances_liste,1,223,CAN,USA,Numero_tarifaire_canadien,72112300,7211.23.00,721123,"Produits laminés plats, en fer ou en aciers non alliés, d'une largeur inférieure à 600 mm, non plaqués ni revêtus.","- Simplement laminés à froid : Contenant en poids moins de 0,25 % de carbone",50,NA,En vigueur à compter du 8 septembre 2026,2026-09-08,NA,table_recapitulative_extraite_conditions_non_resolues,2026-10-05T18:47:45Z
20261005T190524Z_92397,finances_liste,1,224,CAN,USA,Numero_tarifaire_canadien,72112900,7211.29.00,721129,"Produits laminés plats, en fer ou en aciers non alliés, d'une largeur inférieure à 600 mm, non plaqués ni revêtus.",- Simplement laminés à froid : Autres,50,NA,En vigueur à compter du 8 septembre 2026,2026-09-08,NA,table_recapitulative_extraite_conditions_non_resolues,2026-10-05T18:47:45Z
20261005T190524Z_92397,finances_liste,1,225,CAN,USA,Numero_tarifaire_canadien,72119000,7211.90.00,721190,"Produits laminés plats, en fer ou en aciers non alliés, d'une largeur inférieure à 600 mm, non plaqués ni revêtus.",- Autres,50,NA,En vigueur à compter du 8 septembre 2026,2026-09-08,NA,table_recapitulative_extraite_conditions_non_resolues,2026-10-05T18:47:45Z
20261005T190524Z_92397,finances_liste,1,226,CAN,USA,Numero_tarifaire_canadien,72121000,7212.10.00,721210,"Produits laminés plats, en fer ou en aciers non alliés, d'une largeur inférieure à 600 mm, plaqués ou revêtus.",- Étamés,50,NA,En vigueur à compter du 8 septembre 2026,2026-09-08,NA,table_recapitulative_extraite_conditions_non_resolues,2026-10-05T18:47:45Z
20261005T190524Z_92397,finances_liste,1,227,CAN,USA,Numero_tarifaire_canadien,72122000,7212.20.00,721220,"Produits laminés plats, en fer ou en aciers non alliés, d'une largeur inférieure à 600 mm, plaqués ou revêtus.",- Zingués électrolytiquement,50,NA,En vigueur à compter du 8 septembre 2026,2026-09-08,NA,table_recapitulative_extraite_conditions_non_resolues,2026-10-05T18:47:45Z
20261005T190524Z_92397,finances_liste,1,228,CAN,USA,Numero_tarifaire_canadien,72123000,7212.30.00,721230,"Produits laminés plats, en fer ou en aciers non alliés, d'une largeur inférieure à 600 mm, plaqués ou revêtus.",- Autrement zingués,50,NA,En vigueur à compter du 8 septembre 2026,2026-09-08,NA,table_recapitulative_extraite_conditions_non_resolues,2026-10-05T18:47:45Z
20261005T190524Z_92397,finances_liste,1,229,CAN,USA,Numero_tarifaire_canadien,72124000,7212.40.00,721240,"Produits laminés plats, en fer ou en aciers non alliés, d'une largeur inférieure à 600 mm, plaqués ou revêtus.","- Peints, vernis ou revêtus de matières plastiques",50,NA,En vigueur à compter du 8 septembre 2026,2026-09-08,NA,table_recapitulative_extraite_conditions_non_resolues,2026-10-05T18:47:45Z
20261005T190524Z_92397,finances_liste,1,230,CAN,USA,Numero_tarifaire_canadien,72125000,7212.50.00,721250,"Produits laminés plats, en fer ou en aciers non alliés, d'une largeur inférieure à 600 mm, plaqués ou revêtus.",- Autrement revêtus,50,NA,En vigueur à compter du 8 septembre 2026,2026-09-08,NA,table_recapitulative_extraite_conditions_non_resolues,2026-10-05T18:47:45Z
20261005T190524Z_92397,finances_liste,1,231,CAN,USA,Numero_tarifaire_canadien,72126000,7212.60.00,721260,"Produits laminés plats, en fer ou en aciers non alliés, d'une largeur inférieure à 600 mm, plaqués ou revêtus.",- Plaqués,50,NA,En vigueur à compter du 8 septembre 2026,2026-09-08,NA,table_recapitulative_extraite_conditions_non_resolues,2026-10-05T18:47:45Z
20261005T190524Z_92397,finances_liste,1,232,CAN,USA,Numero_tarifaire_canadien,72131000,7213.10.00,721310,Fil machine en fer ou en aciers non alliés.,"- Comportant des indentations, bourrelets, creux ou reliefs obtenus au cours du laminage",50,NA,En vigueur à compter du 8 septembre 2026,2026-09-08,NA,table_recapitulative_extraite_conditions_non_resolues,2026-10-05T18:47:45Z
20261005T190524Z_92397,finances_liste,1,233,CAN,USA,Numero_tarifaire_canadien,72132000,7213.20.00,721320,Fil machine en fer ou en aciers non alliés.,"- Autres, en aciers de décolletage",50,NA,En vigueur à compter du 8 septembre 2026,2026-09-08,NA,table_recapitulative_extraite_conditions_non_resolues,2026-10-05T18:47:45Z
20261005T190524Z_92397,finances_liste,1,234,CAN,USA,Numero_tarifaire_canadien,72139100,7213.91.00,721391,Fil machine en fer ou en aciers non alliés.,- Autres : De section circulaire d'un diamètre inférieur à 14 mm,50,NA,En vigueur à compter du 8 septembre 2026,2026-09-08,NA,table_recapitulative_extraite_conditions_non_resolues,2026-10-05T18:47:45Z
20261005T190524Z_92397,finances_liste,1,235,CAN,USA,Numero_tarifaire_canadien,72139900,7213.99.00,721399,Fil machine en fer ou en aciers non alliés.,- Autres : Autres,50,NA,En vigueur à compter du 8 septembre 2026,2026-09-08,NA,table_recapitulative_extraite_conditions_non_resolues,2026-10-05T18:47:45Z
20261005T190524Z_92397,finances_liste,1,236,CAN,USA,Numero_tarifaire_canadien,72141000,7214.10.00,721410,"Barres en fer ou en aciers non alliés, simplement forgées, laminées ou filées à chaud ainsi que celles ayant subi une torsion après laminage.",- Forgées,50,NA,En vigueur à compter du 8 septembre 2026,2026-09-08,NA,table_recapitulative_extraite_conditions_non_resolues,2026-10-05T18:47:45Z
20261005T190524Z_92397,finances_liste,1,237,CAN,USA,Numero_tarifaire_canadien,72142000,7214.20.00,721420,"Barres en fer ou en aciers non alliés, simplement forgées, laminées ou filées à chaud ainsi que celles ayant subi une torsion après laminage.","- Comportant des indentations, bourrelets, creux ou reliefs obtenus au cours du laminage ou ayant subi une torsion après laminage",50,NA,En vigueur à compter du 8 septembre 2026,2026-09-08,NA,table_recapitulative_extraite_conditions_non_resolues,2026-10-05T18:47:45Z
20261005T190524Z_92397,finances_liste,1,238,CAN,USA,Numero_tarifaire_canadien,72143000,7214.30.00,721430,"Barres en fer ou en aciers non alliés, simplement forgées, laminées ou filées à chaud ainsi que celles ayant subi une torsion après laminage.","- Autres, en aciers de décolletage",50,NA,En vigueur à compter du 8 septembre 2026,2026-09-08,NA,table_recapitulative_extraite_conditions_non_resolues,2026-10-05T18:47:45Z
20261005T190524Z_92397,finances_liste,1,239,CAN,USA,Numero_tarifaire_canadien,72149100,7214.91.00,721491,"Barres en fer ou en aciers non alliés, simplement forgées, laminées ou filées à chaud ainsi que celles ayant subi une torsion après laminage.",- Autres : De section transversale rectangulaire,50,NA,En vigueur à compter du 8 septembre 2026,2026-09-08,NA,table_recapitulative_extraite_conditions_non_resolues,2026-10-05T18:47:45Z
20261005T190524Z_92397,finances_liste,1,240,CAN,USA,Numero_tarifaire_canadien,72149900,7214.99.00,721499,"Barres en fer ou en aciers non alliés, simplement forgées, laminées ou filées à chaud ainsi que celles ayant subi une torsion après laminage.",- Autres : Autres,50,NA,En vigueur à compter du 8 septembre 2026,2026-09-08,NA,table_recapitulative_extraite_conditions_non_resolues,2026-10-05T18:47:45Z
20261005T190524Z_92397,finances_liste,1,241,CAN,USA,Numero_tarifaire_canadien,72151000,7215.10.00,721510,Autres barres en fer ou en aciers non alliés.,"- En aciers de décolletage, simplement obtenues ou parachevées à froid",50,NA,En vigueur à compter du 8 septembre 2026,2026-09-08,NA,table_recapitulative_extraite_conditions_non_resolues,2026-10-05T18:47:45Z
20261005T190524Z_92397,finances_liste,1,242,CAN,USA,Numero_tarifaire_canadien,72155000,7215.50.00,721550,Autres barres en fer ou en aciers non alliés.,"- Autres, simplement obtenues ou parachevées à froid",50,NA,En vigueur à compter du 8 septembre 2026,2026-09-08,NA,table_recapitulative_extraite_conditions_non_resolues,2026-10-05T18:47:45Z
20261005T190524Z_92397,finances_liste,1,243,CAN,USA,Numero_tarifaire_canadien,72159000,7215.90.00,721590,Autres barres en fer ou en aciers non alliés.,- Autres,50,NA,En vigueur à compter du 8 septembre 2026,2026-09-08,NA,table_recapitulative_extraite_conditions_non_resolues,2026-10-05T18:47:45Z
20261005T190524Z_92397,finances_liste,1,244,CAN,USA,Numero_tarifaire_canadien,72161000,7216.10.00,721610,Profilés en fer ou en aciers non alliés.,"- Profilés en U, en I ou en H, simplement laminés ou filés à chaud, d'une hauteur de moins de 80 mm",50,NA,En vigueur à compter du 8 septembre 2026,2026-09-08,NA,table_recapitulative_extraite_conditions_non_resolues,2026-10-05T18:47:45Z
20261005T190524Z_92397,finances_liste,1,245,CAN,USA,Numero_tarifaire_canadien,72162100,7216.21.00,721621,Profilés en fer ou en aciers non alliés.,"- Profilés en L ou en T, simplement laminés ou filés à chaud, d'une hauteur de moins de 80 mm : Profilés en L",50,NA,En vigueur à compter du 8 septembre 2026,2026-09-08,NA,table_recapitulative_extraite_conditions_non_resolues,2026-10-05T18:47:45Z
20261005T190524Z_92397,finances_liste,1,246,CAN,USA,Numero_tarifaire_canadien,72162200,7216.22.00,721622,Profilés en fer ou en aciers non alliés.,"- Profilés en L ou en T, simplement laminés ou filés à chaud, d'une hauteur de moins de 80 mm : Profilés en T",50,NA,En vigueur à compter du 8 septembre 2026,2026-09-08,NA,table_recapitulative_extraite_conditions_non_resolues,2026-10-05T18:47:45Z
20261005T190524Z_92397,finances_liste,1,247,CAN,USA,Numero_tarifaire_canadien,72163100,7216.31.00,721631,Profilés en fer ou en aciers non alliés.,"- Profilés en U, en I ou en H, simplement laminés ou filés à chaud, d'une hauteur de 80 mm ou plus : Profilés en U",50,NA,En vigueur à compter du 8 septembre 2026,2026-09-08,NA,table_recapitulative_extraite_conditions_non_resolues,2026-10-05T18:47:45Z
20261005T190524Z_92397,finances_liste,1,248,CAN,USA,Numero_tarifaire_canadien,72163200,7216.32.00,721632,Profilés en fer ou en aciers non alliés.,"- Profilés en U, en I ou en H, simplement laminés ou filés à chaud, d'une hauteur de 80 mm ou plus : Profilés en I",50,NA,En vigueur à compter du 8 septembre 2026,2026-09-08,NA,table_recapitulative_extraite_conditions_non_resolues,2026-10-05T18:47:45Z
20261005T190524Z_92397,finances_liste,1,249,CAN,USA,Numero_tarifaire_canadien,72163300,7216.33.00,721633,Profilés en fer ou en aciers non alliés.,"- Profilés en U, en I ou en H, simplement laminés ou filés à chaud, d'une hauteur de 80 mm ou plus : Profilés en H",50,NA,En vigueur à compter du 8 septembre 2026,2026-09-08,NA,table_recapitulative_extraite_conditions_non_resolues,2026-10-05T18:47:45Z
20261005T190524Z_92397,finances_liste,1,250,CAN,USA,Numero_tarifaire_canadien,72164000,7216.40.00,721640,Profilés en fer ou en aciers non alliés.,"- Profilés en L ou en T, simplement laminés ou filés à chaud, d'une hauteur de 80 mm ou plus",50,NA,En vigueur à compter du 8 septembre 2026,2026-09-08,NA,table_recapitulative_extraite_conditions_non_resolues,2026-10-05T18:47:45Z
20261005T190524Z_92397,finances_liste,1,251,CAN,USA,Numero_tarifaire_canadien,72165000,7216.50.00,721650,Profilés en fer ou en aciers non alliés.,"- Autres profilés, simplement laminés ou filés à chaud",50,NA,En vigueur à compter du 8 septembre 2026,2026-09-08,NA,table_recapitulative_extraite_conditions_non_resolues,2026-10-05T18:47:45Z
20261005T190524Z_92397,finances_liste,1,252,CAN,USA,Numero_tarifaire_canadien,72169900,7216.99.00,721699,Profilés en fer ou en aciers non alliés.,- Autres : Autres,50,NA,En vigueur à compter du 8 septembre 2026,2026-09-08,NA,table_recapitulative_extraite_conditions_non_resolues,2026-10-05T18:47:45Z
20261005T190524Z_92397,finances_liste,1,253,CAN,USA,Numero_tarifaire_canadien,72171000,7217.10.00,721710,Fils en fer ou en aciers non alliés.,"- Non revêtus, même polis",50,NA,En vigueur à compter du 8 septembre 2026,2026-09-08,NA,table_recapitulative_extraite_conditions_non_resolues,2026-10-05T18:47:45Z
20261005T190524Z_92397,finances_liste,1,254,CAN,USA,Numero_tarifaire_canadien,72172000,7217.20.00,721720,Fils en fer ou en aciers non alliés.,- Zingués,50,NA,En vigueur à compter du 8 septembre 2026,2026-09-08,NA,table_recapitulative_extraite_conditions_non_resolues,2026-10-05T18:47:45Z
20261005T190524Z_92397,finances_liste,1,255,CAN,USA,Numero_tarifaire_canadien,72173000,7217.30.00,721730,Fils en fer ou en aciers non alliés.,- Revêtus d'autres métaux communs,50,NA,En vigueur à compter du 8 septembre 2026,2026-09-08,NA,table_recapitulative_extraite_conditions_non_resolues,2026-10-05T18:47:45Z
20261005T190524Z_92397,finances_liste,1,256,CAN,USA,Numero_tarifaire_canadien,72179000,7217.90.00,721790,Fils en fer ou en aciers non alliés.,- Autres,50,NA,En vigueur à compter du 8 septembre 2026,2026-09-08,NA,table_recapitulative_extraite_conditions_non_resolues,2026-10-05T18:47:45Z
20261005T190524Z_92397,finances_liste,1,257,CAN,USA,Numero_tarifaire_canadien,72181000,7218.10.00,721810,Aciers inoxydables en lingots ou autres formes primaires; demi-produits en aciers inoxydables.,- Lingots et autres formes primaires,50,NA,En vigueur à compter du 8 septembre 2026,2026-09-08,NA,table_recapitulative_extraite_conditions_non_resolues,2026-10-05T18:47:45Z
20261005T190524Z_92397,finances_liste,1,258,CAN,USA,Numero_tarifaire_canadien,72189100,7218.91.00,721891,Aciers inoxydables en lingots ou autres formes primaires; demi-produits en aciers inoxydables.,- Autres : De section transversale rectangulaire,50,NA,En vigueur à compter du 8 septembre 2026,2026-09-08,NA,table_recapitulative_extraite_conditions_non_resolues,2026-10-05T18:47:45Z
20261005T190524Z_92397,finances_liste,1,259,CAN,USA,Numero_tarifaire_canadien,72189900,7218.99.00,721899,Aciers inoxydables en lingots ou autres formes primaires; demi-produits en aciers inoxydables.,- Autres : Autres,50,NA,En vigueur à compter du 8 septembre 2026,2026-09-08,NA,table_recapitulative_extraite_conditions_non_resolues,2026-10-05T18:47:45Z
20261005T190524Z_92397,finances_liste,1,260,CAN,USA,Numero_tarifaire_canadien,72191100,7219.11.00,721911,"Produits laminés plats en aciers inoxydables, d'une largeur de 600 mm ou plus.","- Simplement laminés à chaud, enroulés : D'une épaisseur excédant 10 mm",50,NA,En vigueur à compter du 8 septembre 2026,2026-09-08,NA,table_recapitulative_extraite_conditions_non_resolues,2026-10-05T18:47:45Z
20261005T190524Z_92397,finances_liste,1,261,CAN,USA,Numero_tarifaire_canadien,72191200,7219.12.00,721912,"Produits laminés plats en aciers inoxydables, d'une largeur de 600 mm ou plus.","- Simplement laminés à chaud, enroulés : D'une épaisseur de 4,75 mm ou plus mais n'excédant pas 10 mm",50,NA,En vigueur à compter du 8 septembre 2026,2026-09-08,NA,table_recapitulative_extraite_conditions_non_resolues,2026-10-05T18:47:45Z
20261005T190524Z_92397,finances_liste,1,262,CAN,USA,Numero_tarifaire_canadien,72191300,7219.13.00,721913,"Produits laminés plats en aciers inoxydables, d'une largeur de 600 mm ou plus.","- Simplement laminés à chaud, enroulés : D'une épaisseur de 3 mm ou plus mais inférieure à 4,75 mm",50,NA,En vigueur à compter du 8 septembre 2026,2026-09-08,NA,table_recapitulative_extraite_conditions_non_resolues,2026-10-05T18:47:45Z
20261005T190524Z_92397,finances_liste,1,263,CAN,USA,Numero_tarifaire_canadien,72191400,7219.14.00,721914,"Produits laminés plats en aciers inoxydables, d'une largeur de 600 mm ou plus.","- Simplement laminés à chaud, enroulés : D'une épaisseur inférieure à 3 mm",50,NA,En vigueur à compter du 8 septembre 2026,2026-09-08,NA,table_recapitulative_extraite_conditions_non_resolues,2026-10-05T18:47:45Z
20261005T190524Z_92397,finances_liste,1,264,CAN,USA,Numero_tarifaire_canadien,72192100,7219.21.00,721921,"Produits laminés plats en aciers inoxydables, d'une largeur de 600 mm ou plus.","- Simplement laminés à chaud, non enroulés : D'une épaisseur excédant 10 mm",50,NA,En vigueur à compter du 8 septembre 2026,2026-09-08,NA,table_recapitulative_extraite_conditions_non_resolues,2026-10-05T18:47:45Z
20261005T190524Z_92397,finances_liste,1,265,CAN,USA,Numero_tarifaire_canadien,72192200,7219.22.00,721922,"Produits laminés plats en aciers inoxydables, d'une largeur de 600 mm ou plus.","- Simplement laminés à chaud, non enroulés : D'une épaisseur de 4,75 mm ou plus mais n'excédant pas 10 mm",50,NA,En vigueur à compter du 8 septembre 2026,2026-09-08,NA,table_recapitulative_extraite_conditions_non_resolues,2026-10-05T18:47:45Z
20261005T190524Z_92397,finances_liste,1,266,CAN,USA,Numero_tarifaire_canadien,72192300,7219.23.00,721923,"Produits laminés plats en aciers inoxydables, d'une largeur de 600 mm ou plus.","- Simplement laminés à chaud, non enroulés : D'une épaisseur de 3 mm ou plus mais inférieure à 4,75 mm",50,NA,En vigueur à compter du 8 septembre 2026,2026-09-08,NA,table_recapitulative_extraite_conditions_non_resolues,2026-10-05T18:47:45Z
20261005T190524Z_92397,finances_liste,1,267,CAN,USA,Numero_tarifaire_canadien,72192400,7219.24.00,721924,"Produits laminés plats en aciers inoxydables, d'une largeur de 600 mm ou plus.","- Simplement laminés à chaud, non enroulés : D'une épaisseur inférieure à 3 mm",50,NA,En vigueur à compter du 8 septembre 2026,2026-09-08,NA,table_recapitulative_extraite_conditions_non_resolues,2026-10-05T18:47:45Z
20261005T190524Z_92397,finances_liste,1,268,CAN,USA,Numero_tarifaire_canadien,72193100,7219.31.00,721931,"Produits laminés plats en aciers inoxydables, d'une largeur de 600 mm ou plus.","- Simplement laminés à froid : D'une épaisseur de 4,75 mm ou plus",50,NA,En vigueur à compter du 8 septembre 2026,2026-09-08,NA,table_recapitulative_extraite_conditions_non_resolues,2026-10-05T18:47:45Z
20261005T190524Z_92397,finances_liste,1,269,CAN,USA,Numero_tarifaire_canadien,72193200,7219.32.00,721932,"Produits laminés plats en aciers inoxydables, d'une largeur de 600 mm ou plus.","- Simplement laminés à froid : D'une épaisseur de 3 mm ou plus mais inférieure à 4,75 mm",50,NA,En vigueur à compter du 8 septembre 2026,2026-09-08,NA,table_recapitulative_extraite_conditions_non_resolues,2026-10-05T18:47:45Z
20261005T190524Z_92397,finances_liste,1,270,CAN,USA,Numero_tarifaire_canadien,72193300,7219.33.00,721933,"Produits laminés plats en aciers inoxydables, d'une largeur de 600 mm ou plus.",- Simplement laminés à froid : D'une épaisseur excédant 1 mm mais inférieure à 3 mm,50,NA,En vigueur à compter du 8 septembre 2026,2026-09-08,NA,table_recapitulative_extraite_conditions_non_resolues,2026-10-05T18:47:45Z
20261005T190524Z_92397,finances_liste,1,271,CAN,USA,Numero_tarifaire_canadien,72193400,7219.34.00,721934,"Produits laminés plats en aciers inoxydables, d'une largeur de 600 mm ou plus.","- Simplement laminés à froid : D'une épaisseur de 0,5 mm ou plus mais n'excédant pas 1 mm",50,NA,En vigueur à compter du 8 septembre 2026,2026-09-08,NA,table_recapitulative_extraite_conditions_non_resolues,2026-10-05T18:47:45Z
20261005T190524Z_92397,finances_liste,1,272,CAN,USA,Numero_tarifaire_canadien,72193500,7219.35.00,721935,"Produits laminés plats en aciers inoxydables, d'une largeur de 600 mm ou plus.","- Simplement laminés à froid : D'une épaisseur inférieure à 0,5 mm",50,NA,En vigueur à compter du 8 septembre 2026,2026-09-08,NA,table_recapitulative_extraite_conditions_non_resolues,2026-10-05T18:47:45Z
20261005T190524Z_92397,finances_liste,1,273,CAN,USA,Numero_tarifaire_canadien,72199000,7219.90.00,721990,"Produits laminés plats en aciers inoxydables, d'une largeur de 600 mm ou plus.",- Autres,50,NA,En vigueur à compter du 8 septembre 2026,2026-09-08,NA,table_recapitulative_extraite_conditions_non_resolues,2026-10-05T18:47:45Z
20261005T190524Z_92397,finances_liste,1,274,CAN,USA,Numero_tarifaire_canadien,72201100,7220.11.00,722011,"Produits laminés plats en aciers inoxydables, d'une largeur inférieure à 600 mm.","- Simplement laminés à chaud : D'une épaisseur de 4,75 mm ou plus",50,NA,En vigueur à compter du 8 septembre 2026,2026-09-08,NA,table_recapitulative_extraite_conditions_non_resolues,2026-10-05T18:47:45Z
20261005T190524Z_92397,finances_liste,1,275,CAN,USA,Numero_tarifaire_canadien,72201200,7220.12.00,722012,"Produits laminés plats en aciers inoxydables, d'une largeur inférieure à 600 mm.","- Simplement laminés à chaud : D'une épaisseur inférieure à 4,75 mm",50,NA,En vigueur à compter du 8 septembre 2026,2026-09-08,NA,table_recapitulative_extraite_conditions_non_resolues,2026-10-05T18:47:45Z
20261005T190524Z_92397,finances_liste,1,276,CAN,USA,Numero_tarifaire_canadien,72202000,7220.20.00,722020,"Produits laminés plats en aciers inoxydables, d'une largeur inférieure à 600 mm.",- Simplement laminés à froid,50,NA,En vigueur à compter du 8 septembre 2026,2026-09-08,NA,table_recapitulative_extraite_conditions_non_resolues,2026-10-05T18:47:45Z
20261005T190524Z_92397,finances_liste,1,277,CAN,USA,Numero_tarifaire_canadien,72209000,7220.90.00,722090,"Produits laminés plats en aciers inoxydables, d'une largeur inférieure à 600 mm.",- Autres,50,NA,En vigueur à compter du 8 septembre 2026,2026-09-08,NA,table_recapitulative_extraite_conditions_non_resolues,2026-10-05T18:47:45Z
20261005T190524Z_92397,finances_liste,1,278,CAN,USA,Numero_tarifaire_canadien,72210000,7221.00.00,722100,Fil machine en aciers inoxydables.,NA,50,NA,En vigueur à compter du 8 septembre 2026,2026-09-08,NA,table_recapitulative_extraite_conditions_non_resolues,2026-10-05T18:47:45Z
20261005T190524Z_92397,finances_liste,1,279,CAN,USA,Numero_tarifaire_canadien,72221100,7222.11.00,722211,Barres et profilés en aciers inoxydables.,- Barres simplement laminées ou filées à chaud : De section circulaire,50,NA,En vigueur à compter du 8 septembre 2026,2026-09-08,NA,table_recapitulative_extraite_conditions_non_resolues,2026-10-05T18:47:45Z
20261005T190524Z_92397,finances_liste,1,280,CAN,USA,Numero_tarifaire_canadien,72221900,7222.19.00,722219,Barres et profilés en aciers inoxydables.,- Barres simplement laminées ou filées à chaud : Autres,50,NA,En vigueur à compter du 8 septembre 2026,2026-09-08,NA,table_recapitulative_extraite_conditions_non_resolues,2026-10-05T18:47:45Z
20261005T190524Z_92397,finances_liste,1,281,CAN,USA,Numero_tarifaire_canadien,72222000,7222.20.00,722220,Barres et profilés en aciers inoxydables.,- Barres simplement obtenues ou parachevées à froid,50,NA,En vigueur à compter du 8 septembre 2026,2026-09-08,NA,table_recapitulative_extraite_conditions_non_resolues,2026-10-05T18:47:45Z
20261005T190524Z_92397,finances_liste,1,282,CAN,USA,Numero_tarifaire_canadien,72223000,7222.30.00,722230,Barres et profilés en aciers inoxydables.,- Autres barres,50,NA,En vigueur à compter du 8 septembre 2026,2026-09-08,NA,table_recapitulative_extraite_conditions_non_resolues,2026-10-05T18:47:45Z
20261005T190524Z_92397,finances_liste,1,283,CAN,USA,Numero_tarifaire_canadien,72224000,7222.40.00,722240,Barres et profilés en aciers inoxydables.,- Profilés,50,NA,En vigueur à compter du 8 septembre 2026,2026-09-08,NA,table_recapitulative_extraite_conditions_non_resolues,2026-10-05T18:47:45Z
20261005T190524Z_92397,finances_liste,1,284,CAN,USA,Numero_tarifaire_canadien,72230000,7223.00.00,722300,Fils en aciers inoxydables.,NA,50,NA,En vigueur à compter du 8 septembre 2026,2026-09-08,NA,table_recapitulative_extraite_conditions_non_resolues,2026-10-05T18:47:45Z
20261005T190524Z_92397,finances_liste,1,285,CAN,USA,Numero_tarifaire_canadien,72241000,7224.10.00,722410,Autres aciers alliés en lingots ou autres formes primaires; demi-produits en autres aciers alliés.,- Lingots et autres formes primaires,50,NA,En vigueur à compter du 8 septembre 2026,2026-09-08,NA,table_recapitulative_extraite_conditions_non_resolues,2026-10-05T18:47:45Z
20261005T190524Z_92397,finances_liste,1,286,CAN,USA,Numero_tarifaire_canadien,72249000,7224.90.00,722490,Autres aciers alliés en lingots ou autres formes primaires; demi-produits en autres aciers alliés.,- Autres,50,NA,En vigueur à compter du 8 septembre 2026,2026-09-08,NA,table_recapitulative_extraite_conditions_non_resolues,2026-10-05T18:47:45Z
20261005T190524Z_92397,finances_liste,1,287,CAN,USA,Numero_tarifaire_canadien,72251100,7225.11.00,722511,"Produits laminés plats en autres aciers alliés, d'une largeur de 600 mm ou plus.",- En aciers au silicium dits « magnétiques » : A grains orientés,50,NA,En vigueur à compter du 8 septembre 2026,2026-09-08,NA,table_recapitulative_extraite_conditions_non_resolues,2026-10-05T18:47:45Z
20261005T190524Z_92397,finances_liste,1,288,CAN,USA,Numero_tarifaire_canadien,72251900,7225.19.00,722519,"Produits laminés plats en autres aciers alliés, d'une largeur de 600 mm ou plus.",- En aciers au silicium dits « magnétiques » : Autres,50,NA,En vigueur à compter du 8 septembre 2026,2026-09-08,NA,table_recapitulative_extraite_conditions_non_resolues,2026-10-05T18:47:45Z
20261005T190524Z_92397,finances_liste,1,289,CAN,USA,Numero_tarifaire_canadien,72253000,7225.30.00,722530,"Produits laminés plats en autres aciers alliés, d'une largeur de 600 mm ou plus.","- Autres, simplement laminés à chaud, enroulés",50,NA,En vigueur à compter du 8 septembre 2026,2026-09-08,NA,table_recapitulative_extraite_conditions_non_resolues,2026-10-05T18:47:45Z
20261005T190524Z_92397,finances_liste,1,290,CAN,USA,Numero_tarifaire_canadien,72254000,7225.40.00,722540,"Produits laminés plats en autres aciers alliés, d'une largeur de 600 mm ou plus.","- Autres, simplement laminés à chaud, non enroulés",50,NA,En vigueur à compter du 8 septembre 2026,2026-09-08,NA,table_recapitulative_extraite_conditions_non_resolues,2026-10-05T18:47:45Z
20261005T190524Z_92397,finances_liste,1,291,CAN,USA,Numero_tarifaire_canadien,72255000,7225.50.00,722550,"Produits laminés plats en autres aciers alliés, d'une largeur de 600 mm ou plus.","- Autres, simplement laminés à froid",50,NA,En vigueur à compter du 8 septembre 2026,2026-09-08,NA,table_recapitulative_extraite_conditions_non_resolues,2026-10-05T18:47:45Z
20261005T190524Z_92397,finances_liste,1,292,CAN,USA,Numero_tarifaire_canadien,72259100,7225.91.00,722591,"Produits laminés plats en autres aciers alliés, d'une largeur de 600 mm ou plus.",- Autres : Zingués électrolytiquement,50,NA,En vigueur à compter du 8 septembre 2026,2026-09-08,NA,table_recapitulative_extraite_conditions_non_resolues,2026-10-05T18:47:45Z
20261005T190524Z_92397,finances_liste,1,293,CAN,USA,Numero_tarifaire_canadien,72259200,7225.92.00,722592,"Produits laminés plats en autres aciers alliés, d'une largeur de 600 mm ou plus.",- Autres : Autrement zingués,50,NA,En vigueur à compter du 8 septembre 2026,2026-09-08,NA,table_recapitulative_extraite_conditions_non_resolues,2026-10-05T18:47:45Z
20261005T190524Z_92397,finances_liste,1,294,CAN,USA,Numero_tarifaire_canadien,72259900,7225.99.00,722599,"Produits laminés plats en autres aciers alliés, d'une largeur de 600 mm ou plus.",- Autres : Autres,50,NA,En vigueur à compter du 8 septembre 2026,2026-09-08,NA,table_recapitulative_extraite_conditions_non_resolues,2026-10-05T18:47:45Z
20261005T190524Z_92397,finances_liste,1,295,CAN,USA,Numero_tarifaire_canadien,72261100,7226.11.00,722611,"Produits laminés plats en autres aciers alliés, d'une largeur inférieure à 600 mm.",- En aciers au silicium dits « magnétiques » : À grains orientés,50,NA,En vigueur à compter du 8 septembre 2026,2026-09-08,NA,table_recapitulative_extraite_conditions_non_resolues,2026-10-05T18:47:45Z
20261005T190524Z_92397,finances_liste,1,296,CAN,USA,Numero_tarifaire_canadien,72261900,7226.19.00,722619,"Produits laminés plats en autres aciers alliés, d'une largeur inférieure à 600 mm.",- En aciers au silicium dits « magnétiques » : Autres,50,NA,En vigueur à compter du 8 septembre 2026,2026-09-08,NA,table_recapitulative_extraite_conditions_non_resolues,2026-10-05T18:47:45Z
20261005T190524Z_92397,finances_liste,1,297,CAN,USA,Numero_tarifaire_canadien,72262000,7226.20.00,722620,"Produits laminés plats en autres aciers alliés, d'une largeur inférieure à 600 mm.",- En aciers à coupe rapide,50,NA,En vigueur à compter du 8 septembre 2026,2026-09-08,NA,table_recapitulative_extraite_conditions_non_resolues,2026-10-05T18:47:45Z
20261005T190524Z_92397,finances_liste,1,298,CAN,USA,Numero_tarifaire_canadien,72269100,7226.91.00,722691,"Produits laminés plats en autres aciers alliés, d'une largeur inférieure à 600 mm.",- Autres : Simplement laminés à chaud,50,NA,En vigueur à compter du 8 septembre 2026,2026-09-08,NA,table_recapitulative_extraite_conditions_non_resolues,2026-10-05T18:47:45Z
20261005T190524Z_92397,finances_liste,1,299,CAN,USA,Numero_tarifaire_canadien,72269200,7226.92.00,722692,"Produits laminés plats en autres aciers alliés, d'une largeur inférieure à 600 mm.",- Autres : Simplement laminés à froid,50,NA,En vigueur à compter du 8 septembre 2026,2026-09-08,NA,table_recapitulative_extraite_conditions_non_resolues,2026-10-05T18:47:45Z
20261005T190524Z_92397,finances_liste,1,300,CAN,USA,Numero_tarifaire_canadien,72269900,7226.99.00,722699,"Produits laminés plats en autres aciers alliés, d'une largeur inférieure à 600 mm.",- Autres : Autres,50,NA,En vigueur à compter du 8 septembre 2026,2026-09-08,NA,table_recapitulative_extraite_conditions_non_resolues,2026-10-05T18:47:45Z
20261005T190524Z_92397,finances_liste,1,301,CAN,USA,Numero_tarifaire_canadien,72271000,7227.10.00,722710,Fil machine en autres aciers alliés.,- En aciers à coupe rapide,50,NA,En vigueur à compter du 8 septembre 2026,2026-09-08,NA,table_recapitulative_extraite_conditions_non_resolues,2026-10-05T18:47:45Z
20261005T190524Z_92397,finances_liste,1,302,CAN,USA,Numero_tarifaire_canadien,72272000,7227.20.00,722720,Fil machine en autres aciers alliés.,- En aciers silico-manganeux,50,NA,En vigueur à compter du 8 septembre 2026,2026-09-08,NA,table_recapitulative_extraite_conditions_non_resolues,2026-10-05T18:47:45Z
20261005T190524Z_92397,finances_liste,1,303,CAN,USA,Numero_tarifaire_canadien,72279000,7227.90.00,722790,Fil machine en autres aciers alliés.,- Autres,50,NA,En vigueur à compter du 8 septembre 2026,2026-09-08,NA,table_recapitulative_extraite_conditions_non_resolues,2026-10-05T18:47:45Z
20261005T190524Z_92397,finances_liste,1,304,CAN,USA,Numero_tarifaire_canadien,72281000,7228.10.00,722810,Barres et profilés en autres aciers alliés; barres creuses pour le forage en aciers alliés ou non alliés.,- Barres en aciers à coupe rapide,50,NA,En vigueur à compter du 8 septembre 2026,2026-09-08,NA,table_recapitulative_extraite_conditions_non_resolues,2026-10-05T18:47:45Z
20261005T190524Z_92397,finances_liste,1,305,CAN,USA,Numero_tarifaire_canadien,72282000,7228.20.00,722820,Barres et profilés en autres aciers alliés; barres creuses pour le forage en aciers alliés ou non alliés.,- Barres en aciers silico-manganeux,50,NA,En vigueur à compter du 8 septembre 2026,2026-09-08,NA,table_recapitulative_extraite_conditions_non_resolues,2026-10-05T18:47:45Z
20261005T190524Z_92397,finances_liste,1,306,CAN,USA,Numero_tarifaire_canadien,72283000,7228.30.00,722830,Barres et profilés en autres aciers alliés; barres creuses pour le forage en aciers alliés ou non alliés.,"- Autres barres, simplement laminées ou filées à chaud",50,NA,En vigueur à compter du 8 septembre 2026,2026-09-08,NA,table_recapitulative_extraite_conditions_non_resolues,2026-10-05T18:47:45Z
20261005T190524Z_92397,finances_liste,1,307,CAN,USA,Numero_tarifaire_canadien,72284000,7228.40.00,722840,Barres et profilés en autres aciers alliés; barres creuses pour le forage en aciers alliés ou non alliés.,"- Autres barres, simplement forgées",50,NA,En vigueur à compter du 8 septembre 2026,2026-09-08,NA,table_recapitulative_extraite_conditions_non_resolues,2026-10-05T18:47:45Z
20261005T190524Z_92397,finances_liste,1,308,CAN,USA,Numero_tarifaire_canadien,72285000,7228.50.00,722850,Barres et profilés en autres aciers alliés; barres creuses pour le forage en aciers alliés ou non alliés.,"- Autres barres, simplement obtenues ou parachevées à froid",50,NA,En vigueur à compter du 8 septembre 2026,2026-09-08,NA,table_recapitulative_extraite_conditions_non_resolues,2026-10-05T18:47:45Z
20261005T190524Z_92397,finances_liste,1,309,CAN,USA,Numero_tarifaire_canadien,72286000,7228.60.00,722860,Barres et profilés en autres aciers alliés; barres creuses pour le forage en aciers alliés ou non alliés.,- Autres barres,50,NA,En vigueur à compter du 8 septembre 2026,2026-09-08,NA,table_recapitulative_extraite_conditions_non_resolues,2026-10-05T18:47:45Z
20261005T190524Z_92397,finances_liste,1,310,CAN,USA,Numero_tarifaire_canadien,72287000,7228.70.00,722870,Barres et profilés en autres aciers alliés; barres creuses pour le forage en aciers alliés ou non alliés.,- Profilés,50,NA,En vigueur à compter du 8 septembre 2026,2026-09-08,NA,table_recapitulative_extraite_conditions_non_resolues,2026-10-05T18:47:45Z
20261005T190524Z_92397,finances_liste,1,311,CAN,USA,Numero_tarifaire_canadien,72288000,7228.80.00,722880,Barres et profilés en autres aciers alliés; barres creuses pour le forage en aciers alliés ou non alliés.,- Barres creuses pour le forage,50,NA,En vigueur à compter du 8 septembre 2026,2026-09-08,NA,table_recapitulative_extraite_conditions_non_resolues,2026-10-05T18:47:45Z
20261005T190524Z_92397,finances_liste,1,312,CAN,USA,Numero_tarifaire_canadien,72292000,7229.20.00,722920,Fils en autres aciers alliés.,- En aciers silico-manganeux,50,NA,En vigueur à compter du 8 septembre 2026,2026-09-08,NA,table_recapitulative_extraite_conditions_non_resolues,2026-10-05T18:47:45Z
20261005T190524Z_92397,finances_liste,1,313,CAN,USA,Numero_tarifaire_canadien,72299000,7229.90.00,722990,Fils en autres aciers alliés.,- Autres,50,NA,En vigueur à compter du 8 septembre 2026,2026-09-08,NA,table_recapitulative_extraite_conditions_non_resolues,2026-10-05T18:47:45Z
20261005T190524Z_92397,finances_liste,1,314,CAN,USA,Numero_tarifaire_canadien,73011000,7301.10.00,730110,"Palplanches en fer ou en acier, même percées ou faites d'éléments assemblés; profilés obtenus par soudage, en fer ou en acier.",- Palplanches,50,NA,En vigueur à compter du 8 septembre 2026,2026-09-08,NA,table_recapitulative_extraite_conditions_non_resolues,2026-10-05T18:47:45Z
20261005T190524Z_92397,finances_liste,1,315,CAN,USA,Numero_tarifaire_canadien,73012000,7301.20.00,730120,"Palplanches en fer ou en acier, même percées ou faites d'éléments assemblés; profilés obtenus par soudage, en fer ou en acier.",- Profilés,50,NA,En vigueur à compter du 8 septembre 2026,2026-09-08,NA,table_recapitulative_extraite_conditions_non_resolues,2026-10-05T18:47:45Z
20261005T190524Z_92397,finances_liste,1,316,CAN,USA,Numero_tarifaire_canadien,73021000,7302.10.00,730210,"Éléments de voies ferrées, en fonte, fer ou acier : rails, contre-rails et crémaillères, aiguilles, pointes de coeur, tringles d'aiguillage et autres éléments de croisement ou changement de voies, traverses, éclisses, coussinets, coins, selles d'assise, plaques de serrage, plaques et barres d'écartement et autres pièces spécialement conçues pour la pose, le jointement ou la fixation des rails.",- Rails,50,NA,En vigueur à compter du 8 septembre 2026,2026-09-08,NA,table_recapitulative_extraite_conditions_non_resolues,2026-10-05T18:47:45Z
20261005T190524Z_92397,finances_liste,1,317,CAN,USA,Numero_tarifaire_canadien,73023010,7302.30.10,730230,"Éléments de voies ferrées, en fonte, fer ou acier : rails, contre-rails et crémaillères, aiguilles, pointes de coeur, tringles d'aiguillage et autres éléments de croisement ou changement de voies, traverses, éclisses, coussinets, coins, selles d'assise, plaques de serrage, plaques et barres d'écartement et autres pièces spécialement conçues pour la pose, le jointement ou la fixation des rails.","- Aiguilles, pointes de coeur, tringles d'aiguillage et autres éléments de croisement ou de changement de voies : À utiliser avec un contre-rail à gorge ou à ornière",50,NA,En vigueur à compter du 8 septembre 2026,2026-09-08,NA,table_recapitulative_extraite_conditions_non_resolues,2026-10-05T18:47:45Z
20261005T190524Z_92397,finances_liste,1,318,CAN,USA,Numero_tarifaire_canadien,73023090,7302.30.90,730230,"Éléments de voies ferrées, en fonte, fer ou acier : rails, contre-rails et crémaillères, aiguilles, pointes de coeur, tringles d'aiguillage et autres éléments de croisement ou changement de voies, traverses, éclisses, coussinets, coins, selles d'assise, plaques de serrage, plaques et barres d'écartement et autres pièces spécialement conçues pour la pose, le jointement ou la fixation des rails.","- Aiguilles, pointes de coeur, tringles d'aiguillage et autres éléments de croisement ou de changement de voies : Autres",50,NA,En vigueur à compter du 8 septembre 2026,2026-09-08,NA,table_recapitulative_extraite_conditions_non_resolues,2026-10-05T18:47:45Z
20261005T190524Z_92397,finances_liste,1,319,CAN,USA,Numero_tarifaire_canadien,73024000,7302.40.00,730240,"Éléments de voies ferrées, en fonte, fer ou acier : rails, contre-rails et crémaillères, aiguilles, pointes de coeur, tringles d'aiguillage et autres éléments de croisement ou changement de voies, traverses, éclisses, coussinets, coins, selles d'assise, plaques de serrage, plaques et barres d'écartement et autres pièces spécialement conçues pour la pose, le jointement ou la fixation des rails.",- Éclisses et selles d'assise,50,NA,En vigueur à compter du 8 septembre 2026,2026-09-08,NA,table_recapitulative_extraite_conditions_non_resolues,2026-10-05T18:47:45Z
20261005T190524Z_92397,finances_liste,1,320,CAN,USA,Numero_tarifaire_canadien,73029000,7302.90.00,730290,"Éléments de voies ferrées, en fonte, fer ou acier : rails, contre-rails et crémaillères, aiguilles, pointes de coeur, tringles d'aiguillage et autres éléments de croisement ou changement de voies, traverses, éclisses, coussinets, coins, selles d'assise, plaques de serrage, plaques et barres d'écartement et autres pièces spécialement conçues pour la pose, le jointement ou la fixation des rails.",- Autres,50,NA,En vigueur à compter du 8 septembre 2026,2026-09-08,NA,table_recapitulative_extraite_conditions_non_resolues,2026-10-05T18:47:45Z
20261005T190524Z_92397,finances_liste,1,321,CAN,USA,Numero_tarifaire_canadien,73041100,7304.11.00,730411,"Tubes, tuyaux et profilés creux, sans soudure, en fer ou en acier.",- Tubes et tuyaux des types utilisés pour oléoducs ou gazoducs : En aciers inoxydables,50,NA,En vigueur à compter du 8 septembre 2026,2026-09-08,NA,table_recapitulative_extraite_conditions_non_resolues,2026-10-05T18:47:45Z
20261005T190524Z_92397,finances_liste,1,322,CAN,USA,Numero_tarifaire_canadien,73041900,7304.19.00,730419,"Tubes, tuyaux et profilés creux, sans soudure, en fer ou en acier.",- Tubes et tuyaux des types utilisés pour oléoducs ou gazoducs : Autres,50,NA,En vigueur à compter du 8 septembre 2026,2026-09-08,NA,table_recapitulative_extraite_conditions_non_resolues,2026-10-05T18:47:45Z
20261005T190524Z_92397,finances_liste,1,323,CAN,USA,Numero_tarifaire_canadien,73042200,7304.22.00,730422,"Tubes, tuyaux et profilés creux, sans soudure, en fer ou en acier.","- Tubes et tuyaux de cuvelage ou de production et tiges de forage, des types utilisés pour l'extraction du pétrole ou du gaz : Tiges de forage en aciers inoxydables",50,NA,En vigueur à compter du 8 septembre 2026,2026-09-08,NA,table_recapitulative_extraite_conditions_non_resolues,2026-10-05T18:47:45Z
20261005T190524Z_92397,finances_liste,1,324,CAN,USA,Numero_tarifaire_canadien,73042300,7304.23.00,730423,"Tubes, tuyaux et profilés creux, sans soudure, en fer ou en acier.","- Tubes et tuyaux de cuvelage ou de production et tiges de forage, des types utilisés pour l'extraction du pétrole ou du gaz : Autres tiges de forage",50,NA,En vigueur à compter du 8 septembre 2026,2026-09-08,NA,table_recapitulative_extraite_conditions_non_resolues,2026-10-05T18:47:45Z
20261005T190524Z_92397,finances_liste,1,325,CAN,USA,Numero_tarifaire_canadien,73042400,7304.24.00,730424,"Tubes, tuyaux et profilés creux, sans soudure, en fer ou en acier.","- Tubes et tuyaux de cuvelage ou de production et tiges de forage, des types utilisés pour l'extraction du pétrole ou du gaz : Autres, en aciers inoxydables",50,NA,En vigueur à compter du 8 septembre 2026,2026-09-08,NA,table_recapitulative_extraite_conditions_non_resolues,2026-10-05T18:47:45Z
20261005T190524Z_92397,finances_liste,1,326,CAN,USA,Numero_tarifaire_canadien,73042900,7304.29.00,730429,"Tubes, tuyaux et profilés creux, sans soudure, en fer ou en acier.","- Tubes et tuyaux de cuvelage ou de production et tiges de forage, des types utilisés pour l'extraction du pétrole ou du gaz : Autres",50,NA,En vigueur à compter du 8 septembre 2026,2026-09-08,NA,table_recapitulative_extraite_conditions_non_resolues,2026-10-05T18:47:45Z
20261005T190524Z_92397,finances_liste,1,327,CAN,USA,Numero_tarifaire_canadien,73043100,7304.31.00,730431,"Tubes, tuyaux et profilés creux, sans soudure, en fer ou en acier.","- Autres, de section circulaire, en fer ou en aciers non alliés : Étirés ou laminés à froid",50,NA,En vigueur à compter du 8 septembre 2026,2026-09-08,NA,table_recapitulative_extraite_conditions_non_resolues,2026-10-05T18:47:45Z
20261005T190524Z_92397,finances_liste,1,328,CAN,USA,Numero_tarifaire_canadien,73043900,7304.39.00,730439,"Tubes, tuyaux et profilés creux, sans soudure, en fer ou en acier.","- Autres, de section circulaire, en fer ou en aciers non alliés : Autres",50,NA,En vigueur à compter du 8 septembre 2026,2026-09-08,NA,table_recapitulative_extraite_conditions_non_resolues,2026-10-05T18:47:45Z
20261005T190524Z_92397,finances_liste,1,329,CAN,USA,Numero_tarifaire_canadien,73044100,7304.41.00,730441,"Tubes, tuyaux et profilés creux, sans soudure, en fer ou en acier.","- Autres, de section circulaire, en aciers inoxydables : Étirés ou laminés à froid",50,NA,En vigueur à compter du 8 septembre 2026,2026-09-08,NA,table_recapitulative_extraite_conditions_non_resolues,2026-10-05T18:47:45Z
20261005T190524Z_92397,finances_liste,1,330,CAN,USA,Numero_tarifaire_canadien,73044900,7304.49.00,730449,"Tubes, tuyaux et profilés creux, sans soudure, en fer ou en acier.","- Autres, de section circulaire, en aciers inoxydables : Autres",50,NA,En vigueur à compter du 8 septembre 2026,2026-09-08,NA,table_recapitulative_extraite_conditions_non_resolues,2026-10-05T18:47:45Z
20261005T190524Z_92397,finances_liste,1,331,CAN,USA,Numero_tarifaire_canadien,73045100,7304.51.00,730451,"Tubes, tuyaux et profilés creux, sans soudure, en fer ou en acier.","- Autres, de section circulaire, en autres aciers alliés : Étirés ou laminés à froid",50,NA,En vigueur à compter du 8 septembre 2026,2026-09-08,NA,table_recapitulative_extraite_conditions_non_resolues,2026-10-05T18:47:45Z
20261005T190524Z_92397,finances_liste,1,332,CAN,USA,Numero_tarifaire_canadien,73045900,7304.59.00,730459,"Tubes, tuyaux et profilés creux, sans soudure, en fer ou en acier.","- Autres, de section circulaire, en autres aciers alliés : Autres",50,NA,En vigueur à compter du 8 septembre 2026,2026-09-08,NA,table_recapitulative_extraite_conditions_non_resolues,2026-10-05T18:47:45Z
20261005T190524Z_92397,finances_liste,1,333,CAN,USA,Numero_tarifaire_canadien,73049000,7304.90.00,730490,"Tubes, tuyaux et profilés creux, sans soudure, en fer ou en acier.",- Autres,50,NA,En vigueur à compter du 8 septembre 2026,2026-09-08,NA,table_recapitulative_extraite_conditions_non_resolues,2026-10-05T18:47:45Z
20261005T190524Z_92397,finances_liste,1,334,CAN,USA,Numero_tarifaire_canadien,73051100,7305.11.00,730511,"Autres tubes et tuyaux (soudés ou rivés, par exemple), de section circulaire, d'un diamètre extérieur excédant 406,4 mm, en fer ou en acier.",- Tubes et tuyaux des types utilisés pour oléoducs ou gazoducs : Soudés longitudinalement à l'arc immergé,50,NA,En vigueur à compter du 8 septembre 2026,2026-09-08,NA,table_recapitulative_extraite_conditions_non_resolues,2026-10-05T18:47:45Z
20261005T190524Z_92397,finances_liste,1,335,CAN,USA,Numero_tarifaire_canadien,73051200,7305.12.00,730512,"Autres tubes et tuyaux (soudés ou rivés, par exemple), de section circulaire, d'un diamètre extérieur excédant 406,4 mm, en fer ou en acier.","- Tubes et tuyaux des types utilisés pour oléoducs ou gazoducs : Soudés longitudinalement, autres",50,NA,En vigueur à compter du 8 septembre 2026,2026-09-08,NA,table_recapitulative_extraite_conditions_non_resolues,2026-10-05T18:47:45Z
20261005T190524Z_92397,finances_liste,1,336,CAN,USA,Numero_tarifaire_canadien,73051900,7305.19.00,730519,"Autres tubes et tuyaux (soudés ou rivés, par exemple), de section circulaire, d'un diamètre extérieur excédant 406,4 mm, en fer ou en acier.",- Tubes et tuyaux des types utilisés pour oléoducs ou gazoducs : Autres,50,NA,En vigueur à compter du 8 septembre 2026,2026-09-08,NA,table_recapitulative_extraite_conditions_non_resolues,2026-10-05T18:47:45Z
20261005T190524Z_92397,finances_liste,1,337,CAN,USA,Numero_tarifaire_canadien,73052000,7305.20.00,730520,"Autres tubes et tuyaux (soudés ou rivés, par exemple), de section circulaire, d'un diamètre extérieur excédant 406,4 mm, en fer ou en acier.",- Tubes et tuyaux de cuvelage des types utilisés pour l'extraction du pétrole ou du gaz,50,NA,En vigueur à compter du 8 septembre 2026,2026-09-08,NA,table_recapitulative_extraite_conditions_non_resolues,2026-10-05T18:47:45Z
20261005T190524Z_92397,finances_liste,1,338,CAN,USA,Numero_tarifaire_canadien,73053100,7305.31.00,730531,"Autres tubes et tuyaux (soudés ou rivés, par exemple), de section circulaire, d'un diamètre extérieur excédant 406,4 mm, en fer ou en acier.","- Autres, soudés : Soudés longitudinalement",50,NA,En vigueur à compter du 8 septembre 2026,2026-09-08,NA,table_recapitulative_extraite_conditions_non_resolues,2026-10-05T18:47:45Z
20261005T190524Z_92397,finances_liste,1,339,CAN,USA,Numero_tarifaire_canadien,73053900,7305.39.00,730539,"Autres tubes et tuyaux (soudés ou rivés, par exemple), de section circulaire, d'un diamètre extérieur excédant 406,4 mm, en fer ou en acier.","- Autres, soudés : Autres",50,NA,En vigueur à compter du 8 septembre 2026,2026-09-08,NA,table_recapitulative_extraite_conditions_non_resolues,2026-10-05T18:47:45Z
20261005T190524Z_92397,finances_liste,1,340,CAN,USA,Numero_tarifaire_canadien,73059000,7305.90.00,730590,"Autres tubes et tuyaux (soudés ou rivés, par exemple), de section circulaire, d'un diamètre extérieur excédant 406,4 mm, en fer ou en acier.",- Autres,50,NA,En vigueur à compter du 8 septembre 2026,2026-09-08,NA,table_recapitulative_extraite_conditions_non_resolues,2026-10-05T18:47:45Z
20261005T190524Z_92397,finances_liste,1,341,CAN,USA,Numero_tarifaire_canadien,73061100,7306.11.00,730611,"Autres tubes, tuyaux et profilés creux (soudés, rivés, agrafés ou à bords simplement rapprochés, par exemple), en fer ou en acier.","- Tubes et tuyaux des types utilisés pour oléoducs ou gazoducs : Soudés, en aciers inoxydables",50,NA,En vigueur à compter du 8 septembre 2026,2026-09-08,NA,table_recapitulative_extraite_conditions_non_resolues,2026-10-05T18:47:45Z
20261005T190524Z_92397,finances_liste,1,342,CAN,USA,Numero_tarifaire_canadien,73061900,7306.19.00,730619,"Autres tubes, tuyaux et profilés creux (soudés, rivés, agrafés ou à bords simplement rapprochés, par exemple), en fer ou en acier.",- Tubes et tuyaux des types utilisés pour oléoducs ou gazoducs : Autres,50,NA,En vigueur à compter du 8 septembre 2026,2026-09-08,NA,table_recapitulative_extraite_conditions_non_resolues,2026-10-05T18:47:45Z
20261005T190524Z_92397,finances_liste,1,343,CAN,USA,Numero_tarifaire_canadien,73062100,7306.21.00,730621,"Autres tubes, tuyaux et profilés creux (soudés, rivés, agrafés ou à bords simplement rapprochés, par exemple), en fer ou en acier.","- Tubes et tuyaux de cuvelage ou de production des types utilisés pour l'extraction du pétrole ou du gaz : Soudés, en aciers in oxydables",50,NA,En vigueur à compter du 8 septembre 2026,2026-09-08,NA,table_recapitulative_extraite_conditions_non_resolues,2026-10-05T18:47:45Z
20261005T190524Z_92397,finances_liste,1,344,CAN,USA,Numero_tarifaire_canadien,73062900,7306.29.00,730629,"Autres tubes, tuyaux et profilés creux (soudés, rivés, agrafés ou à bords simplement rapprochés, par exemple), en fer ou en acier.",- Tubes et tuyaux de cuvelage ou de production des types utilisés pour l'extraction du pétrole ou du gaz : Autres,50,NA,En vigueur à compter du 8 septembre 2026,2026-09-08,NA,table_recapitulative_extraite_conditions_non_resolues,2026-10-05T18:47:45Z
20261005T190524Z_92397,finances_liste,1,345,CAN,USA,Numero_tarifaire_canadien,73063000,7306.30.00,730630,"Autres tubes, tuyaux et profilés creux (soudés, rivés, agrafés ou à bords simplement rapprochés, par exemple), en fer ou en acier.","- Autres, soudés, de section circulaire, en fer ou en aciers non alliés",50,NA,En vigueur à compter du 8 septembre 2026,2026-09-08,NA,table_recapitulative_extraite_conditions_non_resolues,2026-10-05T18:47:45Z
20261005T190524Z_92397,finances_liste,1,346,CAN,USA,Numero_tarifaire_canadien,73064000,7306.40.00,730640,"Autres tubes, tuyaux et profilés creux (soudés, rivés, agrafés ou à bords simplement rapprochés, par exemple), en fer ou en acier.","- Autres, soudés, de section circulaire, en aciers inoxydables",50,NA,En vigueur à compter du 8 septembre 2026,2026-09-08,NA,table_recapitulative_extraite_conditions_non_resolues,2026-10-05T18:47:45Z
20261005T190524Z_92397,finances_liste,1,347,CAN,USA,Numero_tarifaire_canadien,73065000,7306.50.00,730650,"Autres tubes, tuyaux et profilés creux (soudés, rivés, agrafés ou à bords simplement rapprochés, par exemple), en fer ou en acier.","- Autres, soudés, de section circulaire, en autres aciers alliés",50,NA,En vigueur à compter du 8 septembre 2026,2026-09-08,NA,table_recapitulative_extraite_conditions_non_resolues,2026-10-05T18:47:45Z
20261005T190524Z_92397,finances_liste,1,348,CAN,USA,Numero_tarifaire_canadien,73066100,7306.61.00,730661,"Autres tubes, tuyaux et profilés creux (soudés, rivés, agrafés ou à bords simplement rapprochés, par exemple), en fer ou en acier.","- Autres, soudés, de section non circulaire : De section carrée ou rectangulaire",50,NA,En vigueur à compter du 8 septembre 2026,2026-09-08,NA,table_recapitulative_extraite_conditions_non_resolues,2026-10-05T18:47:45Z
20261005T190524Z_92397,finances_liste,1,349,CAN,USA,Numero_tarifaire_canadien,73066900,7306.69.00,730669,"Autres tubes, tuyaux et profilés creux (soudés, rivés, agrafés ou à bords simplement rapprochés, par exemple), en fer ou en acier.","- Autres, soudés, de section non circulaire : De section non circulaire, autre que carrée ou rectangulaire",50,NA,En vigueur à compter du 8 septembre 2026,2026-09-08,NA,table_recapitulative_extraite_conditions_non_resolues,2026-10-05T18:47:45Z
20261005T190524Z_92397,finances_liste,1,350,CAN,USA,Numero_tarifaire_canadien,73069000,7306.90.00,730690,"Autres tubes, tuyaux et profilés creux (soudés, rivés, agrafés ou à bords simplement rapprochés, par exemple), en fer ou en acier.",- Autres,50,NA,En vigueur à compter du 8 septembre 2026,2026-09-08,NA,table_recapitulative_extraite_conditions_non_resolues,2026-10-05T18:47:45Z
20261005T190524Z_92397,finances_liste,1,351,CAN,USA,Numero_tarifaire_canadien,73072100,7307.21.00,730721,"Accessoires de tuyauterie (raccords, coudes, manchons, par exemple), en fonte, fer ou acier.","- Autres, en aciers inoxydables : Brides",50,NA,En vigueur à compter du 8 septembre 2026,2026-09-08,NA,table_recapitulative_extraite_conditions_non_resolues,2026-10-05T18:47:45Z
20261005T190524Z_92397,finances_liste,1,352,CAN,USA,Numero_tarifaire_canadien,73072200,7307.22.00,730722,"Accessoires de tuyauterie (raccords, coudes, manchons, par exemple), en fonte, fer ou acier.","- Autres, en aciers inoxydables : Coudes, courbes et manchons, filetés",50,NA,En vigueur à compter du 8 septembre 2026,2026-09-08,NA,table_recapitulative_extraite_conditions_non_resolues,2026-10-05T18:47:45Z
20261005T190524Z_92397,finances_liste,1,353,CAN,USA,Numero_tarifaire_canadien,73072300,7307.23.00,730723,"Accessoires de tuyauterie (raccords, coudes, manchons, par exemple), en fonte, fer ou acier.","- Autres, en aciers inoxydables : Accessoires à souder bout à bout",50,NA,En vigueur à compter du 8 septembre 2026,2026-09-08,NA,table_recapitulative_extraite_conditions_non_resolues,2026-10-05T18:47:45Z
20261005T190524Z_92397,finances_liste,1,354,CAN,USA,Numero_tarifaire_canadien,73072910,7307.29.10,730729,"Accessoires de tuyauterie (raccords, coudes, manchons, par exemple), en fonte, fer ou acier.","- Autres, en aciers inoxydables : Autres : Devant être introduits dans le front de taille pour abattre les minéraux dans les mines, dans les carrières ou à la mise en valeur de gisements",50,NA,En vigueur à compter du 8 septembre 2026,2026-09-08,NA,table_recapitulative_extraite_conditions_non_resolues,2026-10-05T18:47:45Z
20261005T190524Z_92397,finances_liste,1,355,CAN,USA,Numero_tarifaire_canadien,73072920,7307.29.20,730729,"Accessoires de tuyauterie (raccords, coudes, manchons, par exemple), en fonte, fer ou acier.","- Autres, en aciers inoxydables : Autres : Devant être installés entre la tête du puits ou l'unité de pompage du pétrole en surface et la vanne de distribution sur place pour des puits de pétrole ou de gaz naturel",50,NA,En vigueur à compter du 8 septembre 2026,2026-09-08,NA,table_recapitulative_extraite_conditions_non_resolues,2026-10-05T18:47:45Z
20261005T190524Z_92397,finances_liste,1,356,CAN,USA,Numero_tarifaire_canadien,73072991,7307.29.91,730729,"Accessoires de tuyauterie (raccords, coudes, manchons, par exemple), en fonte, fer ou acier.","- Autres, en aciers inoxydables : Autres : Autres : Simplement forgés ou courbés à la forme requise",50,NA,En vigueur à compter du 8 septembre 2026,2026-09-08,NA,table_recapitulative_extraite_conditions_non_resolues,2026-10-05T18:47:45Z
20261005T190524Z_92397,finances_liste,1,357,CAN,USA,Numero_tarifaire_canadien,73072999,7307.29.99,730729,"Accessoires de tuyauterie (raccords, coudes, manchons, par exemple), en fonte, fer ou acier.","- Autres, en aciers inoxydables : Autres : Autres : Autres",50,NA,En vigueur à compter du 8 septembre 2026,2026-09-08,NA,table_recapitulative_extraite_conditions_non_resolues,2026-10-05T18:47:45Z
20261005T190524Z_92397,finances_liste,1,358,CAN,USA,Numero_tarifaire_canadien,73079100,7307.91.00,730791,"Accessoires de tuyauterie (raccords, coudes, manchons, par exemple), en fonte, fer ou acier.",- Autres : Brides,50,NA,En vigueur à compter du 8 septembre 2026,2026-09-08,NA,table_recapitulative_extraite_conditions_non_resolues,2026-10-05T18:47:45Z
20261005T190524Z_92397,finances_liste,1,359,CAN,USA,Numero_tarifaire_canadien,73079200,7307.92.00,730792,"Accessoires de tuyauterie (raccords, coudes, manchons, par exemple), en fonte, fer ou acier.","- Autres : Coudes, courbes et manchons, filetés",50,NA,En vigueur à compter du 8 septembre 2026,2026-09-08,NA,table_recapitulative_extraite_conditions_non_resolues,2026-10-05T18:47:45Z
20261005T190524Z_92397,finances_liste,1,360,CAN,USA,Numero_tarifaire_canadien,73079300,7307.93.00,730793,"Accessoires de tuyauterie (raccords, coudes, manchons, par exemple), en fonte, fer ou acier.",- Autres : Accessoires à souder bout à bout,50,NA,En vigueur à compter du 8 septembre 2026,2026-09-08,NA,table_recapitulative_extraite_conditions_non_resolues,2026-10-05T18:47:45Z
20261005T190524Z_92397,finances_liste,1,361,CAN,USA,Numero_tarifaire_canadien,73079900,7307.99.00,730799,"Accessoires de tuyauterie (raccords, coudes, manchons, par exemple), en fonte, fer ou acier.",- Autres : Autres,50,NA,En vigueur à compter du 8 septembre 2026,2026-09-08,NA,table_recapitulative_extraite_conditions_non_resolues,2026-10-05T18:47:45Z
20261005T190524Z_92397,finances_liste,1,362,CAN,USA,Numero_tarifaire_canadien,73081000,7308.10.00,730810,"Constructions et parties de constructions (ponts et éléments de ponts, portes d'écluses, tours, pylônes, piliers, colonnes, charpentes, toitures, portes et fenêtres et leurs cadres, chambranles et seuils, rideaux de fermeture, balustrades, par exemple), en fonte, fer ou acier, à l'exception des constructions préfabriquées du no 94.06; tôles, barres, profilés, tubes et similaires, en fonte, fer ou acier, préparés en vue de leur utilisation dans la construction.",- Ponts et éléments de ponts,50,NA,En vigueur à compter du 8 septembre 2026,2026-09-08,NA,table_recapitulative_extraite_conditions_non_resolues,2026-10-05T18:47:45Z
20261005T190524Z_92397,finances_liste,1,363,CAN,USA,Numero_tarifaire_canadien,73082000,7308.20.00,730820,"Constructions et parties de constructions (ponts et éléments de ponts, portes d'écluses, tours, pylônes, piliers, colonnes, charpentes, toitures, portes et fenêtres et leurs cadres, chambranles et seuils, rideaux de fermeture, balustrades, par exemple), en fonte, fer ou acier, à l'exception des constructions préfabriquées du no 94.06; tôles, barres, profilés, tubes et similaires, en fonte, fer ou acier, préparés en vue de leur utilisation dans la construction.",- Tours et pylônes,50,NA,En vigueur à compter du 8 septembre 2026,2026-09-08,NA,table_recapitulative_extraite_conditions_non_resolues,2026-10-05T18:47:45Z
20261005T190524Z_92397,finances_liste,1,364,CAN,USA,Numero_tarifaire_canadien,73083000,7308.30.00,730830,"Constructions et parties de constructions (ponts et éléments de ponts, portes d'écluses, tours, pylônes, piliers, colonnes, charpentes, toitures, portes et fenêtres et leurs cadres, chambranles et seuils, rideaux de fermeture, balustrades, par exemple), en fonte, fer ou acier, à l'exception des constructions préfabriquées du no 94.06; tôles, barres, profilés, tubes et similaires, en fonte, fer ou acier, préparés en vue de leur utilisation dans la construction.","- Portes, fenêtres et leurs cadres et chambranles et seuils",50,NA,En vigueur à compter du 8 septembre 2026,2026-09-08,NA,table_recapitulative_extraite_conditions_non_resolues,2026-10-05T18:47:45Z
20261005T190524Z_92397,finances_liste,1,365,CAN,USA,Numero_tarifaire_canadien,73084000,7308.40.00,730840,"Constructions et parties de constructions (ponts et éléments de ponts, portes d'écluses, tours, pylônes, piliers, colonnes, charpentes, toitures, portes et fenêtres et leurs cadres, chambranles et seuils, rideaux de fermeture, balustrades, par exemple), en fonte, fer ou acier, à l'exception des constructions préfabriquées du no 94.06; tôles, barres, profilés, tubes et similaires, en fonte, fer ou acier, préparés en vue de leur utilisation dans la construction.","- Matériel d'échafaudage, de coffrage, d'étançonnement ou d'étayage",50,NA,En vigueur à compter du 8 septembre 2026,2026-09-08,NA,table_recapitulative_extraite_conditions_non_resolues,2026-10-05T18:47:45Z
20261005T190524Z_92397,finances_liste,1,366,CAN,USA,Numero_tarifaire_canadien,73089000,7308.90.00,730890,"Constructions et parties de constructions (ponts et éléments de ponts, portes d'écluses, tours, pylônes, piliers, colonnes, charpentes, toitures, portes et fenêtres et leurs cadres, chambranles et seuils, rideaux de fermeture, balustrades, par exemple), en fonte, fer ou acier, à l'exception des constructions préfabriquées du no 94.06; tôles, barres, profilés, tubes et similaires, en fonte, fer ou acier, préparés en vue de leur utilisation dans la construction.",- Autres,50,NA,En vigueur à compter du 8 septembre 2026,2026-09-08,NA,table_recapitulative_extraite_conditions_non_resolues,2026-10-05T18:47:45Z
20261005T190524Z_92397,finances_liste,1,367,CAN,USA,Numero_tarifaire_canadien,73090000,7309.00.00,730900,"Réservoirs, foudres, cuves et récipients similaires pour toutes matières (à l'exception des gaz comprimés ou liquéfiés), en fonte, fer ou acier, d'une contenance excédant 300 litres, sans dispositifs mécaniques ou thermiques, même avec revêtement intérieur ou calorifuge.",NA,50,NA,En vigueur à compter du 8 septembre 2026,2026-09-08,NA,table_recapitulative_extraite_conditions_non_resolues,2026-10-05T18:47:45Z
20261005T190524Z_92397,finances_liste,1,368,CAN,USA,Numero_tarifaire_canadien,73101000,7310.10.00,731010,"Réservoirs, fûts, tambours, bidons, boîtes et récipients similaires, pour toutes matières (à l'exception des gaz comprimés ou liquéfiés), en fonte, fer ou acier, d'une contenance n'excédant pas 300 litres, sans dispositifs mécaniques ou thermiques, même avec revêtement intérieur ou calorifuge.",- D'une contenance de 50 litres ou plus,50,NA,En vigueur à compter du 8 septembre 2026,2026-09-08,NA,table_recapitulative_extraite_conditions_non_resolues,2026-10-05T18:47:45Z
20261005T190524Z_92397,finances_liste,1,369,CAN,USA,Numero_tarifaire_canadien,73102100,7310.21.00,731021,"Réservoirs, fûts, tambours, bidons, boîtes et récipients similaires, pour toutes matières (à l'exception des gaz comprimés ou liquéfiés), en fonte, fer ou acier, d'une contenance n'excédant pas 300 litres, sans dispositifs mécaniques ou thermiques, même avec revêtement intérieur ou calorifuge.",- D'une contenance de moins de 50 litres : Boîtes à fermer par soudage ou sertissage,50,NA,En vigueur à compter du 8 septembre 2026,2026-09-08,NA,table_recapitulative_extraite_conditions_non_resolues,2026-10-05T18:47:45Z
20261005T190524Z_92397,finances_liste,1,370,CAN,USA,Numero_tarifaire_canadien,73102900,7310.29.00,731029,"Réservoirs, fûts, tambours, bidons, boîtes et récipients similaires, pour toutes matières (à l'exception des gaz comprimés ou liquéfiés), en fonte, fer ou acier, d'une contenance n'excédant pas 300 litres, sans dispositifs mécaniques ou thermiques, même avec revêtement intérieur ou calorifuge.",- D'une contenance de moins de 50 litres : Autres,50,NA,En vigueur à compter du 8 septembre 2026,2026-09-08,NA,table_recapitulative_extraite_conditions_non_resolues,2026-10-05T18:47:45Z
20261005T190524Z_92397,finances_liste,1,371,CAN,USA,Numero_tarifaire_canadien,73110000,7311.00.00,731100,"Récipients pour gaz comprimés ou liquéfiés, en fonte, fer ou acier.",NA,50,NA,En vigueur à compter du 8 septembre 2026,2026-09-08,NA,table_recapitulative_extraite_conditions_non_resolues,2026-10-05T18:47:45Z
20261005T190524Z_92397,finances_liste,1,372,CAN,USA,Numero_tarifaire_canadien,73121000,7312.10.00,731210,"Torons, câbles, tresses, élingues et articles similaires, en fer ou en acier, non isolés pour l'électricité.",- Torons et câbles,50,NA,En vigueur à compter du 8 septembre 2026,2026-09-08,NA,table_recapitulative_extraite_conditions_non_resolues,2026-10-05T18:47:45Z
20261005T190524Z_92397,finances_liste,1,373,CAN,USA,Numero_tarifaire_canadien,73129000,7312.90.00,731290,"Torons, câbles, tresses, élingues et articles similaires, en fer ou en acier, non isolés pour l'électricité.",- Autres,50,NA,En vigueur à compter du 8 septembre 2026,2026-09-08,NA,table_recapitulative_extraite_conditions_non_resolues,2026-10-05T18:47:45Z
20261005T190524Z_92397,finances_liste,1,374,CAN,USA,Numero_tarifaire_canadien,73130000,7313.00.00,731300,"Ronces artificielles en fer ou en acier; torsades, barbelées ou non, en fils ou en feuillard de fer ou d'acier, des types utilisés pour les clôtures.",NA,50,NA,En vigueur à compter du 8 septembre 2026,2026-09-08,NA,table_recapitulative_extraite_conditions_non_resolues,2026-10-05T18:47:45Z
20261005T190524Z_92397,finances_liste,1,375,CAN,USA,Numero_tarifaire_canadien,73141200,7314.12.00,731412,"Toiles métalliques (y compris les toiles continues ou sans fin), grillages et treillis, en fils de fer ou d'acier; tôles et bandes déployées, en fer ou en acier.","- Toiles métalliques tissées : Toiles métalliques continues ou sans fin, pour machines, en aciers inoxydables",50,NA,En vigueur à compter du 8 septembre 2026,2026-09-08,NA,table_recapitulative_extraite_conditions_non_resolues,2026-10-05T18:47:45Z
20261005T190524Z_92397,finances_liste,1,376,CAN,USA,Numero_tarifaire_canadien,73141400,7314.14.00,731414,"Toiles métalliques (y compris les toiles continues ou sans fin), grillages et treillis, en fils de fer ou d'acier; tôles et bandes déployées, en fer ou en acier.","- Toiles métalliques tissées : Autres toiles métalliques tissées, en aciers inoxydables",50,NA,En vigueur à compter du 8 septembre 2026,2026-09-08,NA,table_recapitulative_extraite_conditions_non_resolues,2026-10-05T18:47:45Z
20261005T190524Z_92397,finances_liste,1,377,CAN,USA,Numero_tarifaire_canadien,73141900,7314.19.00,731419,"Toiles métalliques (y compris les toiles continues ou sans fin), grillages et treillis, en fils de fer ou d'acier; tôles et bandes déployées, en fer ou en acier.",- Toiles métalliques tissées : Autres,50,NA,En vigueur à compter du 8 septembre 2026,2026-09-08,NA,table_recapitulative_extraite_conditions_non_resolues,2026-10-05T18:47:45Z
20261005T190524Z_92397,finances_liste,1,378,CAN,USA,Numero_tarifaire_canadien,73142000,7314.20.00,731420,"Toiles métalliques (y compris les toiles continues ou sans fin), grillages et treillis, en fils de fer ou d'acier; tôles et bandes déployées, en fer ou en acier.","- Grillages et treillis, soudés aux points de rencontre, en fils dont la plus grande dimension de la coupe transversale est égale ou supérieure à 3 mm et dont les mailles ont une surface d'au moins 100 cm²",50,NA,En vigueur à compter du 8 septembre 2026,2026-09-08,NA,table_recapitulative_extraite_conditions_non_resolues,2026-10-05T18:47:45Z
20261005T190524Z_92397,finances_liste,1,379,CAN,USA,Numero_tarifaire_canadien,73143100,7314.31.00,731431,"Toiles métalliques (y compris les toiles continues ou sans fin), grillages et treillis, en fils de fer ou d'acier; tôles et bandes déployées, en fer ou en acier.","- Autres grillages et treillis, soudés aux points de rencontre : Zingués",50,NA,En vigueur à compter du 8 septembre 2026,2026-09-08,NA,table_recapitulative_extraite_conditions_non_resolues,2026-10-05T18:47:45Z
20261005T190524Z_92397,finances_liste,1,380,CAN,USA,Numero_tarifaire_canadien,73143900,7314.39.00,731439,"Toiles métalliques (y compris les toiles continues ou sans fin), grillages et treillis, en fils de fer ou d'acier; tôles et bandes déployées, en fer ou en acier.","- Autres grillages et treillis, soudés aux points de rencontre : Autres",50,NA,En vigueur à compter du 8 septembre 2026,2026-09-08,NA,table_recapitulative_extraite_conditions_non_resolues,2026-10-05T18:47:45Z
20261005T190524Z_92397,finances_liste,1,381,CAN,USA,Numero_tarifaire_canadien,73144100,7314.41.00,731441,"Toiles métalliques (y compris les toiles continues ou sans fin), grillages et treillis, en fils de fer ou d'acier; tôles et bandes déployées, en fer ou en acier.","- Autres toiles métalliques, grillages et treillis : Zingués",50,NA,En vigueur à compter du 8 septembre 2026,2026-09-08,NA,table_recapitulative_extraite_conditions_non_resolues,2026-10-05T18:47:45Z
20261005T190524Z_92397,finances_liste,1,382,CAN,USA,Numero_tarifaire_canadien,73144200,7314.42.00,731442,"Toiles métalliques (y compris les toiles continues ou sans fin), grillages et treillis, en fils de fer ou d'acier; tôles et bandes déployées, en fer ou en acier.","- Autres toiles métalliques, grillages et treillis : Recouverts de matières plastiques",50,NA,En vigueur à compter du 8 septembre 2026,2026-09-08,NA,table_recapitulative_extraite_conditions_non_resolues,2026-10-05T18:47:45Z
20261005T190524Z_92397,finances_liste,1,383,CAN,USA,Numero_tarifaire_canadien,73144900,7314.49.00,731449,"Toiles métalliques (y compris les toiles continues ou sans fin), grillages et treillis, en fils de fer ou d'acier; tôles et bandes déployées, en fer ou en acier.","- Autres toiles métalliques, grillages et treillis : Autres",50,NA,En vigueur à compter du 8 septembre 2026,2026-09-08,NA,table_recapitulative_extraite_conditions_non_resolues,2026-10-05T18:47:45Z
20261005T190524Z_92397,finances_liste,1,384,CAN,USA,Numero_tarifaire_canadien,73145000,7314.50.00,731450,"Toiles métalliques (y compris les toiles continues ou sans fin), grillages et treillis, en fils de fer ou d'acier; tôles et bandes déployées, en fer ou en acier.",- Tôles et bandes déployées,50,NA,En vigueur à compter du 8 septembre 2026,2026-09-08,NA,table_recapitulative_extraite_conditions_non_resolues,2026-10-05T18:47:45Z
20261005T190524Z_92397,finances_liste,1,385,CAN,USA,Numero_tarifaire_canadien,73151100,7315.11.00,731511,"Chaînes, chaînettes et leurs parties, en fonte, fer ou acier.",- Chaînes à maillons articulés et leurs parties : Chaînes à rouleaux,50,NA,En vigueur à compter du 8 septembre 2026,2026-09-08,NA,table_recapitulative_extraite_conditions_non_resolues,2026-10-05T18:47:45Z
20261005T190524Z_92397,finances_liste,1,386,CAN,USA,Numero_tarifaire_canadien,73151200,7315.12.00,731512,"Chaînes, chaînettes et leurs parties, en fonte, fer ou acier.",- Chaînes à maillons articulés et leurs parties : Autres chaînes,50,NA,En vigueur à compter du 8 septembre 2026,2026-09-08,NA,table_recapitulative_extraite_conditions_non_resolues,2026-10-05T18:47:45Z
20261005T190524Z_92397,finances_liste,1,387,CAN,USA,Numero_tarifaire_canadien,73151900,7315.19.00,731519,"Chaînes, chaînettes et leurs parties, en fonte, fer ou acier.",- Chaînes à maillons articulés et leurs parties : Parties,50,NA,En vigueur à compter du 8 septembre 2026,2026-09-08,NA,table_recapitulative_extraite_conditions_non_resolues,2026-10-05T18:47:45Z
20261005T190524Z_92397,finances_liste,1,388,CAN,USA,Numero_tarifaire_canadien,73152000,7315.20.00,731520,"Chaînes, chaînettes et leurs parties, en fonte, fer ou acier.",- Chaînes antidérapantes,50,NA,En vigueur à compter du 8 septembre 2026,2026-09-08,NA,table_recapitulative_extraite_conditions_non_resolues,2026-10-05T18:47:45Z
20261005T190524Z_92397,finances_liste,1,389,CAN,USA,Numero_tarifaire_canadien,73158100,7315.81.00,731581,"Chaînes, chaînettes et leurs parties, en fonte, fer ou acier.",- Autres chaînes et chaînettes : Chaînes à maillons à étais,50,NA,En vigueur à compter du 8 septembre 2026,2026-09-08,NA,table_recapitulative_extraite_conditions_non_resolues,2026-10-05T18:47:45Z
20261005T190524Z_92397,finances_liste,1,390,CAN,USA,Numero_tarifaire_canadien,73158200,7315.82.00,731582,"Chaînes, chaînettes et leurs parties, en fonte, fer ou acier.","- Autres chaînes et chaînettes : Autres chaînes, à maillons soudés",50,NA,En vigueur à compter du 8 septembre 2026,2026-09-08,NA,table_recapitulative_extraite_conditions_non_resolues,2026-10-05T18:47:45Z
20261005T190524Z_92397,finances_liste,1,391,CAN,USA,Numero_tarifaire_canadien,73158900,7315.89.00,731589,"Chaînes, chaînettes et leurs parties, en fonte, fer ou acier.",- Autres chaînes et chaînettes : Autres,50,NA,En vigueur à compter du 8 septembre 2026,2026-09-08,NA,table_recapitulative_extraite_conditions_non_resolues,2026-10-05T18:47:45Z
20261005T190524Z_92397,finances_liste,1,392,CAN,USA,Numero_tarifaire_canadien,73159000,7315.90.00,731590,"Chaînes, chaînettes et leurs parties, en fonte, fer ou acier.",- Autres parties,50,NA,En vigueur à compter du 8 septembre 2026,2026-09-08,NA,table_recapitulative_extraite_conditions_non_resolues,2026-10-05T18:47:45Z
20261005T190524Z_92397,finances_liste,1,393,CAN,USA,Numero_tarifaire_canadien,73160010,7316.00.10,731600,"Ancres, grappins et leurs parties, en fonte, fer ou acier.",- D'un poids de 18 kg ou plus,50,NA,En vigueur à compter du 8 septembre 2026,2026-09-08,NA,table_recapitulative_extraite_conditions_non_resolues,2026-10-05T18:47:45Z
20261005T190524Z_92397,finances_liste,1,394,CAN,USA,Numero_tarifaire_canadien,73160020,7316.00.20,731600,"Ancres, grappins et leurs parties, en fonte, fer ou acier.",- D'un poids de moins de 18 kg,50,NA,En vigueur à compter du 8 septembre 2026,2026-09-08,NA,table_recapitulative_extraite_conditions_non_resolues,2026-10-05T18:47:45Z
20261005T190524Z_92397,finances_liste,1,395,CAN,USA,Numero_tarifaire_canadien,73170000,7317.00.00,731700,"Pointes, clous, punaises, crampons appointés, agrafes ondulées ou biseautées et articles similaires, en fonte, fer ou acier, même avec tête en autre matière, à l'exclusion de ceux avec tête en cuivre.",NA,50,NA,En vigueur à compter du 8 septembre 2026,2026-09-08,NA,table_recapitulative_extraite_conditions_non_resolues,2026-10-05T18:47:45Z
20261005T190524Z_92397,finances_liste,1,396,CAN,USA,Numero_tarifaire_canadien,73181100,7318.11.00,731811,"Vis, boulons, écrous, tire-fond, crochets à pas de vis, rivets, goupilles, clavettes, rondelles (y compris les rondelles destinées à faire ressort) et articles similaires, en fonte, fer ou acier.",- Articles filetés : Tire-fond,50,NA,En vigueur à compter du 8 septembre 2026,2026-09-08,NA,table_recapitulative_extraite_conditions_non_resolues,2026-10-05T18:47:45Z
20261005T190524Z_92397,finances_liste,1,397,CAN,USA,Numero_tarifaire_canadien,73181200,7318.12.00,731812,"Vis, boulons, écrous, tire-fond, crochets à pas de vis, rivets, goupilles, clavettes, rondelles (y compris les rondelles destinées à faire ressort) et articles similaires, en fonte, fer ou acier.",- Articles filetés : Autres vis à bois,50,NA,En vigueur à compter du 8 septembre 2026,2026-09-08,NA,table_recapitulative_extraite_conditions_non_resolues,2026-10-05T18:47:45Z
20261005T190524Z_92397,finances_liste,1,398,CAN,USA,Numero_tarifaire_canadien,73181300,7318.13.00,731813,"Vis, boulons, écrous, tire-fond, crochets à pas de vis, rivets, goupilles, clavettes, rondelles (y compris les rondelles destinées à faire ressort) et articles similaires, en fonte, fer ou acier.",- Articles filetés : Crochets et pitons à pas de vis,50,NA,En vigueur à compter du 8 septembre 2026,2026-09-08,NA,table_recapitulative_extraite_conditions_non_resolues,2026-10-05T18:47:45Z
20261005T190524Z_92397,finances_liste,1,399,CAN,USA,Numero_tarifaire_canadien,73181400,7318.14.00,731814,"Vis, boulons, écrous, tire-fond, crochets à pas de vis, rivets, goupilles, clavettes, rondelles (y compris les rondelles destinées à faire ressort) et articles similaires, en fonte, fer ou acier.",- Articles filetés : Vis autotaraudeuses,50,NA,En vigueur à compter du 8 septembre 2026,2026-09-08,NA,table_recapitulative_extraite_conditions_non_resolues,2026-10-05T18:47:45Z
20261005T190524Z_92397,finances_liste,1,400,CAN,USA,Numero_tarifaire_canadien,73181500,7318.15.00,731815,"Vis, boulons, écrous, tire-fond, crochets à pas de vis, rivets, goupilles, clavettes, rondelles (y compris les rondelles destinées à faire ressort) et articles similaires, en fonte, fer ou acier.","- Articles filetés : Autres vis et boulons, même avec leurs écrous ou rondelles",50,NA,En vigueur à compter du 8 septembre 2026,2026-09-08,NA,table_recapitulative_extraite_conditions_non_resolues,2026-10-05T18:47:45Z
20261005T190524Z_92397,finances_liste,1,401,CAN,USA,Numero_tarifaire_canadien,73181600,7318.16.00,731816,"Vis, boulons, écrous, tire-fond, crochets à pas de vis, rivets, goupilles, clavettes, rondelles (y compris les rondelles destinées à faire ressort) et articles similaires, en fonte, fer ou acier.",- Articles filetés : Écrous,50,NA,En vigueur à compter du 8 septembre 2026,2026-09-08,NA,table_recapitulative_extraite_conditions_non_resolues,2026-10-05T18:47:45Z
20261005T190524Z_92397,finances_liste,1,402,CAN,USA,Numero_tarifaire_canadien,73181900,7318.19.00,731819,"Vis, boulons, écrous, tire-fond, crochets à pas de vis, rivets, goupilles, clavettes, rondelles (y compris les rondelles destinées à faire ressort) et articles similaires, en fonte, fer ou acier.",- Articles filetés : Autres,50,NA,En vigueur à compter du 8 septembre 2026,2026-09-08,NA,table_recapitulative_extraite_conditions_non_resolues,2026-10-05T18:47:45Z
20261005T190524Z_92397,finances_liste,1,403,CAN,USA,Numero_tarifaire_canadien,73182100,7318.21.00,731821,"Vis, boulons, écrous, tire-fond, crochets à pas de vis, rivets, goupilles, clavettes, rondelles (y compris les rondelles destinées à faire ressort) et articles similaires, en fonte, fer ou acier.",- Articles non filetés : Rondelles destinées à faire ressort et autres rondelles de blocage,50,NA,En vigueur à compter du 8 septembre 2026,2026-09-08,NA,table_recapitulative_extraite_conditions_non_resolues,2026-10-05T18:47:45Z
20261005T190524Z_92397,finances_liste,1,404,CAN,USA,Numero_tarifaire_canadien,73182200,7318.22.00,731822,"Vis, boulons, écrous, tire-fond, crochets à pas de vis, rivets, goupilles, clavettes, rondelles (y compris les rondelles destinées à faire ressort) et articles similaires, en fonte, fer ou acier.",- Articles non filetés : Autres rondelles,50,NA,En vigueur à compter du 8 septembre 2026,2026-09-08,NA,table_recapitulative_extraite_conditions_non_resolues,2026-10-05T18:47:45Z
20261005T190524Z_92397,finances_liste,1,405,CAN,USA,Numero_tarifaire_canadien,73182300,7318.23.00,731823,"Vis, boulons, écrous, tire-fond, crochets à pas de vis, rivets, goupilles, clavettes, rondelles (y compris les rondelles destinées à faire ressort) et articles similaires, en fonte, fer ou acier.",- Articles non filetés : Rivets,50,NA,En vigueur à compter du 8 septembre 2026,2026-09-08,NA,table_recapitulative_extraite_conditions_non_resolues,2026-10-05T18:47:45Z
20261005T190524Z_92397,finances_liste,1,406,CAN,USA,Numero_tarifaire_canadien,73182400,7318.24.00,731824,"Vis, boulons, écrous, tire-fond, crochets à pas de vis, rivets, goupilles, clavettes, rondelles (y compris les rondelles destinées à faire ressort) et articles similaires, en fonte, fer ou acier.",- Articles non filetés : Goupilles et clavettes,50,NA,En vigueur à compter du 8 septembre 2026,2026-09-08,NA,table_recapitulative_extraite_conditions_non_resolues,2026-10-05T18:47:45Z
20261005T190524Z_92397,finances_liste,1,407,CAN,USA,Numero_tarifaire_canadien,73182900,7318.29.00,731829,"Vis, boulons, écrous, tire-fond, crochets à pas de vis, rivets, goupilles, clavettes, rondelles (y compris les rondelles destinées à faire ressort) et articles similaires, en fonte, fer ou acier.",- Articles non filetés : Autres,50,NA,En vigueur à compter du 8 septembre 2026,2026-09-08,NA,table_recapitulative_extraite_conditions_non_resolues,2026-10-05T18:47:45Z
20261005T190524Z_92397,finances_liste,1,408,CAN,USA,Numero_tarifaire_canadien,73194010,7319.40.10,731940,"Aiguilles à coudre, aiguilles à tricoter, passe-lacets, crochets, poinçons à broder et articles similaires, pour usage à la main, en fer ou en acier; épingles de sûreté et autres épingles en fer ou en acier, non dénommées ni comprises ailleurs.",- Épingles de sûreté et autre épingles : Spécialement destinées au marquage,50,NA,En vigueur à compter du 8 septembre 2026,2026-09-08,NA,table_recapitulative_extraite_conditions_non_resolues,2026-10-05T18:47:45Z
20261005T190524Z_92397,finances_liste,1,409,CAN,USA,Numero_tarifaire_canadien,73194090,7319.40.90,731940,"Aiguilles à coudre, aiguilles à tricoter, passe-lacets, crochets, poinçons à broder et articles similaires, pour usage à la main, en fer ou en acier; épingles de sûreté et autres épingles en fer ou en acier, non dénommées ni comprises ailleurs.",- Épingles de sûreté et autre épingles : Autres,50,NA,En vigueur à compter du 8 septembre 2026,2026-09-08,NA,table_recapitulative_extraite_conditions_non_resolues,2026-10-05T18:47:45Z
20261005T190524Z_92397,finances_liste,1,410,CAN,USA,Numero_tarifaire_canadien,73199010,7319.90.10,731990,"Aiguilles à coudre, aiguilles à tricoter, passe-lacets, crochets, poinçons à broder et articles similaires, pour usage à la main, en fer ou en acier; épingles de sûreté et autres épingles en fer ou en acier, non dénommées ni comprises ailleurs.","- Autres : Aiguilles à coudre, à ravauder ou à broder",50,NA,En vigueur à compter du 8 septembre 2026,2026-09-08,NA,table_recapitulative_extraite_conditions_non_resolues,2026-10-05T18:47:45Z
20261005T190524Z_92397,finances_liste,1,411,CAN,USA,Numero_tarifaire_canadien,73199090,7319.90.90,731990,"Aiguilles à coudre, aiguilles à tricoter, passe-lacets, crochets, poinçons à broder et articles similaires, pour usage à la main, en fer ou en acier; épingles de sûreté et autres épingles en fer ou en acier, non dénommées ni comprises ailleurs.",- Autres : Autres,50,NA,En vigueur à compter du 8 septembre 2026,2026-09-08,NA,table_recapitulative_extraite_conditions_non_resolues,2026-10-05T18:47:45Z
20261005T190524Z_92397,finances_liste,1,412,CAN,USA,Numero_tarifaire_canadien,73201000,7320.10.00,732010,"Ressorts et lames de ressorts, en fer ou en acier.",- Ressorts à lames et leurs lames,25,NA,En vigueur à compter du 8 septembre 2026,2026-09-08,NA,table_recapitulative_extraite_conditions_non_resolues,2026-10-05T18:47:45Z
20261005T190524Z_92397,finances_liste,1,413,CAN,USA,Numero_tarifaire_canadien,73202000,7320.20.00,732020,"Ressorts et lames de ressorts, en fer ou en acier.",- Ressorts en hélice,50,NA,En vigueur à compter du 8 septembre 2026,2026-09-08,NA,table_recapitulative_extraite_conditions_non_resolues,2026-10-05T18:47:45Z
20261005T190524Z_92397,finances_liste,1,414,CAN,USA,Numero_tarifaire_canadien,73209000,7320.90.00,732090,"Ressorts et lames de ressorts, en fer ou en acier.",- Autres,50,NA,En vigueur à compter du 8 septembre 2026,2026-09-08,NA,table_recapitulative_extraite_conditions_non_resolues,2026-10-05T18:47:45Z
20261005T190524Z_92397,finances_liste,1,415,CAN,USA,Numero_tarifaire_canadien,73211110,7321.11.10,732111,"Poêles, chaudières à foyer, cuisinières (y compris ceux pouvant être utilisés accessoirement pour le chauffage central), barbecues, braseros, réchauds à gaz, chauffe-plats et appareils non électriques similaires, à usage domestique, ainsi que leurs parties, en fonte, fer ou acier.",- Appareils de cuisson et chauffe-plats : À combustibles gazeux ou à gaz et autres combustibles : Poêles ou cuisinières non portables (y compris ceux spécialement conçus pour usage sur les bateaux),25,NA,En vigueur à compter du 8 septembre 2026,2026-09-08,NA,table_recapitulative_extraite_conditions_non_resolues,2026-10-05T18:47:45Z
20261005T190524Z_92397,finances_liste,1,416,CAN,USA,Numero_tarifaire_canadien,73211190,7321.11.90,732111,"Poêles, chaudières à foyer, cuisinières (y compris ceux pouvant être utilisés accessoirement pour le chauffage central), barbecues, braseros, réchauds à gaz, chauffe-plats et appareils non électriques similaires, à usage domestique, ainsi que leurs parties, en fonte, fer ou acier.",- Appareils de cuisson et chauffe-plats : À combustibles gazeux ou à gaz et autres combustibles : Autres,25,NA,En vigueur à compter du 8 septembre 2026,2026-09-08,NA,table_recapitulative_extraite_conditions_non_resolues,2026-10-05T18:47:45Z
20261005T190524Z_92397,finances_liste,1,417,CAN,USA,Numero_tarifaire_canadien,73211200,7321.12.00,732112,"Poêles, chaudières à foyer, cuisinières (y compris ceux pouvant être utilisés accessoirement pour le chauffage central), barbecues, braseros, réchauds à gaz, chauffe-plats et appareils non électriques similaires, à usage domestique, ainsi que leurs parties, en fonte, fer ou acier.",- Appareils de cuisson et chauffe-plats : À combustibles liquides,25,NA,En vigueur à compter du 8 septembre 2026,2026-09-08,NA,table_recapitulative_extraite_conditions_non_resolues,2026-10-05T18:47:45Z
20261005T190524Z_92397,finances_liste,1,418,CAN,USA,Numero_tarifaire_canadien,73211910,7321.19.10,732119,"Poêles, chaudières à foyer, cuisinières (y compris ceux pouvant être utilisés accessoirement pour le chauffage central), barbecues, braseros, réchauds à gaz, chauffe-plats et appareils non électriques similaires, à usage domestique, ainsi que leurs parties, en fonte, fer ou acier.","- Appareils de cuisson et chauffe-plats : Autres, y compris les appareils à combustibles solides : Poêles ou cuisinières non portables (y compris ceux spécialement conçus pour usage sur les bateaux)",25,NA,En vigueur à compter du 8 septembre 2026,2026-09-08,NA,table_recapitulative_extraite_conditions_non_resolues,2026-10-05T18:47:45Z
20261005T190524Z_92397,finances_liste,1,419,CAN,USA,Numero_tarifaire_canadien,73211990,7321.19.90,732119,"Poêles, chaudières à foyer, cuisinières (y compris ceux pouvant être utilisés accessoirement pour le chauffage central), barbecues, braseros, réchauds à gaz, chauffe-plats et appareils non électriques similaires, à usage domestique, ainsi que leurs parties, en fonte, fer ou acier.","- Appareils de cuisson et chauffe-plats : Autres, y compris les appareils à combustibles solides : Autres",25,NA,En vigueur à compter du 8 septembre 2026,2026-09-08,NA,table_recapitulative_extraite_conditions_non_resolues,2026-10-05T18:47:45Z
20261005T190524Z_92397,finances_liste,1,420,CAN,USA,Numero_tarifaire_canadien,73218100,7321.81.00,732181,"Poêles, chaudières à foyer, cuisinières (y compris ceux pouvant être utilisés accessoirement pour le chauffage central), barbecues, braseros, réchauds à gaz, chauffe-plats et appareils non électriques similaires, à usage domestique, ainsi que leurs parties, en fonte, fer ou acier.",- Autres appareils : À combustibles gazeux ou à gaz et autres combustibles,25,NA,En vigueur à compter du 8 septembre 2026,2026-09-08,NA,table_recapitulative_extraite_conditions_non_resolues,2026-10-05T18:47:45Z
20261005T190524Z_92397,finances_liste,1,421,CAN,USA,Numero_tarifaire_canadien,73218200,7321.82.00,732182,"Poêles, chaudières à foyer, cuisinières (y compris ceux pouvant être utilisés accessoirement pour le chauffage central), barbecues, braseros, réchauds à gaz, chauffe-plats et appareils non électriques similaires, à usage domestique, ainsi que leurs parties, en fonte, fer ou acier.",- Autres appareils : À combustibles liquides,25,NA,En vigueur à compter du 8 septembre 2026,2026-09-08,NA,table_recapitulative_extraite_conditions_non_resolues,2026-10-05T18:47:45Z
20261005T190524Z_92397,finances_liste,1,422,CAN,USA,Numero_tarifaire_canadien,73218900,7321.89.00,732189,"Poêles, chaudières à foyer, cuisinières (y compris ceux pouvant être utilisés accessoirement pour le chauffage central), barbecues, braseros, réchauds à gaz, chauffe-plats et appareils non électriques similaires, à usage domestique, ainsi que leurs parties, en fonte, fer ou acier.","- Autres appareils : Autres, y compris les appareils à combusitbles solides",25,NA,En vigueur à compter du 8 septembre 2026,2026-09-08,NA,table_recapitulative_extraite_conditions_non_resolues,2026-10-05T18:47:45Z
20261005T190524Z_92397,finances_liste,1,423,CAN,USA,Numero_tarifaire_canadien,73219010,7321.90.10,732190,"Poêles, chaudières à foyer, cuisinières (y compris ceux pouvant être utilisés accessoirement pour le chauffage central), barbecues, braseros, réchauds à gaz, chauffe-plats et appareils non électriques similaires, à usage domestique, ainsi que leurs parties, en fonte, fer ou acier.","- Parties : Grilles (supports) de fonte, d'un poids n'excédant pas 3 kg, simplement moulées, coupées et meulées, devant servir à la fabrication de grilles finies pour poêles ou cuisinières non portables non industrielles, à combustibles gazeux ou à gaz et autres combustibles; Pour appareils, à l'exclusion des appareils de cuisson et chauffe-plats; Pour appareils de cuisson et chauffe-plats à combustibles gazeux ou à gaz et autres combustibles, à l'exclusion des poêles ou cuisinières non portables (y compris ceux spécialement conçus pour usage sur bateaux)",25,NA,En vigueur à compter du 8 septembre 2026,2026-09-08,NA,table_recapitulative_extraite_conditions_non_resolues,2026-10-05T18:47:45Z
20261005T190524Z_92397,finances_liste,1,424,CAN,USA,Numero_tarifaire_canadien,73219021,7321.90.21,732190,"Poêles, chaudières à foyer, cuisinières (y compris ceux pouvant être utilisés accessoirement pour le chauffage central), barbecues, braseros, réchauds à gaz, chauffe-plats et appareils non électriques similaires, à usage domestique, ainsi que leurs parties, en fonte, fer ou acier.","- Parties : Pour poêles ou cuisinières non portable (y compris ceux spécialement conçus pour usage sur les bateaux), à combustibles gazeux ou à gaz et autres combustibles : Chambres à cuisson",25,NA,En vigueur à compter du 8 septembre 2026,2026-09-08,NA,table_recapitulative_extraite_conditions_non_resolues,2026-10-05T18:47:45Z
20261005T190524Z_92397,finances_liste,1,425,CAN,USA,Numero_tarifaire_canadien,73219022,7321.90.22,732190,"Poêles, chaudières à foyer, cuisinières (y compris ceux pouvant être utilisés accessoirement pour le chauffage central), barbecues, braseros, réchauds à gaz, chauffe-plats et appareils non électriques similaires, à usage domestique, ainsi que leurs parties, en fonte, fer ou acier.","- Parties : Pour poêles ou cuisinières non portable (y compris ceux spécialement conçus pour usage sur les bateaux), à combustibles gazeux ou à gaz et autres combustibles : Panneaux de face supérieure",25,NA,En vigueur à compter du 8 septembre 2026,2026-09-08,NA,table_recapitulative_extraite_conditions_non_resolues,2026-10-05T18:47:45Z
20261005T190524Z_92397,finances_liste,1,426,CAN,USA,Numero_tarifaire_canadien,73219023,7321.90.23,732190,"Poêles, chaudières à foyer, cuisinières (y compris ceux pouvant être utilisés accessoirement pour le chauffage central), barbecues, braseros, réchauds à gaz, chauffe-plats et appareils non électriques similaires, à usage domestique, ainsi que leurs parties, en fonte, fer ou acier.","- Parties : Pour poêles ou cuisinières non portable (y compris ceux spécialement conçus pour usage sur les bateaux), à combustibles gazeux ou à gaz et autres combustibles : Assemblages de porte, incluant au moins deux des éléments suivants : panneau intérieur, panneau extérieur, vitre, isolation",25,NA,En vigueur à compter du 8 septembre 2026,2026-09-08,NA,table_recapitulative_extraite_conditions_non_resolues,2026-10-05T18:47:45Z
20261005T190524Z_92397,finances_liste,1,427,CAN,USA,Numero_tarifaire_canadien,73219024,7321.90.24,732190,"Poêles, chaudières à foyer, cuisinières (y compris ceux pouvant être utilisés accessoirement pour le chauffage central), barbecues, braseros, réchauds à gaz, chauffe-plats et appareils non électriques similaires, à usage domestique, ainsi que leurs parties, en fonte, fer ou acier.","- Parties : Pour poêles ou cuisinières non portable (y compris ceux spécialement conçus pour usage sur les bateaux), à combustibles gazeux ou à gaz et autres combustibles : Veilleuses de four, brûleurs supérieurs à l'exception des brûleurs en fonte, brûleurs de four et tubulures d'allumage, devant servir à la fabrication des cuisinières",25,NA,En vigueur à compter du 8 septembre 2026,2026-09-08,NA,table_recapitulative_extraite_conditions_non_resolues,2026-10-05T18:47:45Z
20261005T190524Z_92397,finances_liste,1,428,CAN,USA,Numero_tarifaire_canadien,73219029,7321.90.29,732190,"Poêles, chaudières à foyer, cuisinières (y compris ceux pouvant être utilisés accessoirement pour le chauffage central), barbecues, braseros, réchauds à gaz, chauffe-plats et appareils non électriques similaires, à usage domestique, ainsi que leurs parties, en fonte, fer ou acier.","- Parties : Pour poêles ou cuisinières non portable (y compris ceux spécialement conçus pour usage sur les bateaux), à combustibles gazeux ou à gaz et autres combustibles : Autres",25,NA,En vigueur à compter du 8 septembre 2026,2026-09-08,NA,table_recapitulative_extraite_conditions_non_resolues,2026-10-05T18:47:45Z
20261005T190524Z_92397,finances_liste,1,429,CAN,USA,Numero_tarifaire_canadien,73219090,7321.90.90,732190,"Poêles, chaudières à foyer, cuisinières (y compris ceux pouvant être utilisés accessoirement pour le chauffage central), barbecues, braseros, réchauds à gaz, chauffe-plats et appareils non électriques similaires, à usage domestique, ainsi que leurs parties, en fonte, fer ou acier.",- Parties : Autres,25,NA,En vigueur à compter du 8 septembre 2026,2026-09-08,NA,table_recapitulative_extraite_conditions_non_resolues,2026-10-05T18:47:45Z
20261005T190524Z_92397,finances_liste,1,430,CAN,USA,Numero_tarifaire_canadien,73221900,7322.19.00,732219,"Radiateurs pour le chauffage central, à chauffage non électrique, et leurs parties, en fonte, fer ou acier; générateurs et distributeurs d'air chaud (y compris les distributeurs pouvant également fonctionner comme distributeurs d'air frais ou conditionné), à chauffage non électrique, comportant un ventilateur ou une soufflerie à moteur, et leurs parties, en fonte, fer ou acier.",- Radiateurs et leurs parties : Autres,25,NA,En vigueur à compter du 8 septembre 2026,2026-09-08,NA,table_recapitulative_extraite_conditions_non_resolues,2026-10-05T18:47:45Z
20261005T190524Z_92397,finances_liste,1,431,CAN,USA,Numero_tarifaire_canadien,73229010,7322.90.10,732290,"Radiateurs pour le chauffage central, à chauffage non électrique, et leurs parties, en fonte, fer ou acier; générateurs et distributeurs d'air chaud (y compris les distributeurs pouvant également fonctionner comme distributeurs d'air frais ou conditionné), à chauffage non électrique, comportant un ventilateur ou une soufflerie à moteur, et leurs parties, en fonte, fer ou acier.",- Autres : Pour le chauffage des bâtiments,25,NA,En vigueur à compter du 8 septembre 2026,2026-09-08,NA,table_recapitulative_extraite_conditions_non_resolues,2026-10-05T18:47:45Z
20261005T190524Z_92397,finances_liste,1,432,CAN,USA,Numero_tarifaire_canadien,73229020,7322.90.20,732290,"Radiateurs pour le chauffage central, à chauffage non électrique, et leurs parties, en fonte, fer ou acier; générateurs et distributeurs d'air chaud (y compris les distributeurs pouvant également fonctionner comme distributeurs d'air frais ou conditionné), à chauffage non électrique, comportant un ventilateur ou une soufflerie à moteur, et leurs parties, en fonte, fer ou acier.","- Autres : Générateurs d'air chaud industriels; Réchauffeurs d'aiguilles et têtes de détection (type à air chaud et huile), dégivreurs de voie horizontale, pour chemin de fer",25,NA,En vigueur à compter du 8 septembre 2026,2026-09-08,NA,table_recapitulative_extraite_conditions_non_resolues,2026-10-05T18:47:45Z
20261005T190524Z_92397,finances_liste,1,433,CAN,USA,Numero_tarifaire_canadien,73229090,7322.90.90,732290,"Radiateurs pour le chauffage central, à chauffage non électrique, et leurs parties, en fonte, fer ou acier; générateurs et distributeurs d'air chaud (y compris les distributeurs pouvant également fonctionner comme distributeurs d'air frais ou conditionné), à chauffage non électrique, comportant un ventilateur ou une soufflerie à moteur, et leurs parties, en fonte, fer ou acier.",- Autres : Autres,25,NA,En vigueur à compter du 8 septembre 2026,2026-09-08,NA,table_recapitulative_extraite_conditions_non_resolues,2026-10-05T18:47:45Z
20261005T190524Z_92397,finances_liste,1,434,CAN,USA,Numero_tarifaire_canadien,73231000,7323.10.00,732310,"Articles de ménage ou d'économie domestique et leurs parties, en fonte, fer ou acier; paille de fer ou d'acier; éponges, torchons, gants et articles similaires pour le récurage, le polissage ou usages analogues, en fer ou en acier.","- Paille de fer ou d'acier; éponges, torchons, gants et articles similaires pour le récurage, le polissage ou usages analogues",25,NA,En vigueur à compter du 8 septembre 2026,2026-09-08,NA,table_recapitulative_extraite_conditions_non_resolues,2026-10-05T18:47:45Z
20261005T190524Z_92397,finances_liste,1,435,CAN,USA,Numero_tarifaire_canadien,73239310,7323.93.10,732393,"Articles de ménage ou d'économie domestique et leurs parties, en fonte, fer ou acier; paille de fer ou d'acier; éponges, torchons, gants et articles similaires pour le récurage, le polissage ou usages analogues, en fer ou en acier.",- Autres : En aciers inoxydables : Parties devant servier à la fabrication des batteries de cuisson,25,NA,En vigueur à compter du 8 septembre 2026,2026-09-08,NA,table_recapitulative_extraite_conditions_non_resolues,2026-10-05T18:47:45Z
20261005T190524Z_92397,finances_liste,1,436,CAN,USA,Numero_tarifaire_canadien,73239390,7323.93.90,732393,"Articles de ménage ou d'économie domestique et leurs parties, en fonte, fer ou acier; paille de fer ou d'acier; éponges, torchons, gants et articles similaires pour le récurage, le polissage ou usages analogues, en fer ou en acier.",- Autres : En aciers inoxydables : Autres,25,NA,En vigueur à compter du 8 septembre 2026,2026-09-08,NA,table_recapitulative_extraite_conditions_non_resolues,2026-10-05T18:47:45Z
20261005T190524Z_92397,finances_liste,1,437,CAN,USA,Numero_tarifaire_canadien,73239400,7323.94.00,732394,"Articles de ménage ou d'économie domestique et leurs parties, en fonte, fer ou acier; paille de fer ou d'acier; éponges, torchons, gants et articles similaires pour le récurage, le polissage ou usages analogues, en fer ou en acier.","- Autres : En fer ou en acier, émaillés",25,NA,En vigueur à compter du 8 septembre 2026,2026-09-08,NA,table_recapitulative_extraite_conditions_non_resolues,2026-10-05T18:47:45Z
20261005T190524Z_92397,finances_liste,1,438,CAN,USA,Numero_tarifaire_canadien,73239900,7323.99.00,732399,"Articles de ménage ou d'économie domestique et leurs parties, en fonte, fer ou acier; paille de fer ou d'acier; éponges, torchons, gants et articles similaires pour le récurage, le polissage ou usages analogues, en fer ou en acier.",- Autres : Autres,25,NA,En vigueur à compter du 8 septembre 2026,2026-09-08,NA,table_recapitulative_extraite_conditions_non_resolues,2026-10-05T18:47:45Z
20261005T190524Z_92397,finances_liste,1,439,CAN,USA,Numero_tarifaire_canadien,73241000,7324.10.00,732410,"Articles d'hygiène ou de toilette, et leurs parties, en fonte, fer ou acier.",- Éviers et lavabos en aciers inoxydables,25,NA,En vigueur à compter du 8 septembre 2026,2026-09-08,NA,table_recapitulative_extraite_conditions_non_resolues,2026-10-05T18:47:45Z
20261005T190524Z_92397,finances_liste,1,440,CAN,USA,Numero_tarifaire_canadien,73242910,7324.29.10,732429,"Articles d'hygiène ou de toilette, et leurs parties, en fonte, fer ou acier.","- Baignoires : Autres : Estampages et assemblages de ceux-ci, devant servir à la fabrication de baignoires",25,NA,En vigueur à compter du 8 septembre 2026,2026-09-08,NA,table_recapitulative_extraite_conditions_non_resolues,2026-10-05T18:47:45Z
20261005T190524Z_92397,finances_liste,1,441,CAN,USA,Numero_tarifaire_canadien,73242990,7324.29.90,732429,"Articles d'hygiène ou de toilette, et leurs parties, en fonte, fer ou acier.",- Baignoires : Autres : Autres,25,NA,En vigueur à compter du 8 septembre 2026,2026-09-08,NA,table_recapitulative_extraite_conditions_non_resolues,2026-10-05T18:47:45Z
20261005T190524Z_92397,finances_liste,1,442,CAN,USA,Numero_tarifaire_canadien,73249000,7324.90.00,732490,"Articles d'hygiène ou de toilette, et leurs parties, en fonte, fer ou acier.","- Autres, y compris les parties",25,NA,En vigueur à compter du 8 septembre 2026,2026-09-08,NA,table_recapitulative_extraite_conditions_non_resolues,2026-10-05T18:47:45Z
20261005T190524Z_92397,finances_liste,1,443,CAN,USA,Numero_tarifaire_canadien,73251000,7325.10.00,732510,"Autres ouvrages moulés en fonte, fer ou acier.",- En fonte non malléable,50,NA,En vigueur à compter du 8 septembre 2026,2026-09-08,NA,table_recapitulative_extraite_conditions_non_resolues,2026-10-05T18:47:45Z
20261005T190524Z_92397,finances_liste,1,444,CAN,USA,Numero_tarifaire_canadien,73259100,7325.91.00,732591,"Autres ouvrages moulés en fonte, fer ou acier.",- Autres : Boulets et articles similaires pour broyeurs,50,NA,En vigueur à compter du 8 septembre 2026,2026-09-08,NA,table_recapitulative_extraite_conditions_non_resolues,2026-10-05T18:47:45Z
20261005T190524Z_92397,finances_liste,1,445,CAN,USA,Numero_tarifaire_canadien,73259910,7325.99.10,732599,"Autres ouvrages moulés en fonte, fer ou acier.","- Autres : Autres : Ce qui suit, devant être utilisés dans l'exploration, la découverte, la mise en valeur, l'entretien, l'essai, l'épuisement ou la mise en exploration de puits d'huile ou de gaz naturel ou de gisements de potasse ou de sel gemme : Têtes de tubage à brides; Têtes de tubage taraudées en surface, d'un diamètre extérieur excédant 273 mm, ou conçues pour subir des pressions de service excédant 14 MPa E.P.G. (eau, pétrole, gaz)",50,NA,En vigueur à compter du 8 septembre 2026,2026-09-08,NA,table_recapitulative_extraite_conditions_non_resolues,2026-10-05T18:47:45Z
20261005T190524Z_92397,finances_liste,1,446,CAN,USA,Numero_tarifaire_canadien,73259991,7325.99.91,732599,"Autres ouvrages moulés en fonte, fer ou acier.",- Autres : Autres : Autres : Bruts,50,NA,En vigueur à compter du 8 septembre 2026,2026-09-08,NA,table_recapitulative_extraite_conditions_non_resolues,2026-10-05T18:47:45Z
20261005T190524Z_92397,finances_liste,1,447,CAN,USA,Numero_tarifaire_canadien,73259999,7325.99.99,732599,"Autres ouvrages moulés en fonte, fer ou acier.",- Autres : Autres : Autres : Autres,50,NA,En vigueur à compter du 8 septembre 2026,2026-09-08,NA,table_recapitulative_extraite_conditions_non_resolues,2026-10-05T18:47:45Z
20261005T190524Z_92397,finances_liste,1,448,CAN,USA,Numero_tarifaire_canadien,73261100,7326.11.00,732611,Autres ouvrages en fer ou en acier.,- Forgés ou estampés mais non autrement travaillés : Boulets et articles similaires pour broyeurs,50,NA,En vigueur à compter du 8 septembre 2026,2026-09-08,NA,table_recapitulative_extraite_conditions_non_resolues,2026-10-05T18:47:45Z
20261005T190524Z_92397,finances_liste,1,449,CAN,USA,Numero_tarifaire_canadien,73261910,7326.19.10,732619,Autres ouvrages en fer ou en acier.,"- Forgés ou estampés mais non autrement travaillés : Autres : Têtes de colonne de têtes de puits, à brides, et raccords double-bride de têtes de tubage, brutes, devant servir à la fabrication des têtes de colonne de puits ou de raccords double-bride de têtes de tubage, conçues pour subir des pressions de service excédant 14 MPa E.P.G. (eau, pétrole, gaz), devant être utilisées dans l'exploration, la découverte, la mise en valeur, l'entretien, l'essai, l'épuisement ou la mise en exploitation des puits d'huile ou de gaz naturel; Porte-mèche devant servir à la fabrication de chandelles",50,NA,En vigueur à compter du 8 septembre 2026,2026-09-08,NA,table_recapitulative_extraite_conditions_non_resolues,2026-10-05T18:47:45Z
20261005T190524Z_92397,finances_liste,1,450,CAN,USA,Numero_tarifaire_canadien,73261990,7326.19.90,732619,Autres ouvrages en fer ou en acier.,- Forgés ou estampés mais non autrement travaillés : Autres : Autres,50,NA,En vigueur à compter du 8 septembre 2026,2026-09-08,NA,table_recapitulative_extraite_conditions_non_resolues,2026-10-05T18:47:45Z
20261005T190524Z_92397,finances_liste,1,451,CAN,USA,Numero_tarifaire_canadien,73262000,7326.20.00,732620,Autres ouvrages en fer ou en acier.,- Ouvrages en fils de fer ou d'acier,50,NA,En vigueur à compter du 8 septembre 2026,2026-09-08,NA,table_recapitulative_extraite_conditions_non_resolues,2026-10-05T18:47:45Z
20261005T190524Z_92397,finances_liste,1,452,CAN,USA,Numero_tarifaire_canadien,73269010,7326.90.10,732690,Autres ouvrages en fer ou en acier.,"- Autres : Raccords pour les tiges de pompage ou les tiges polies pour les pompes conçues pour la production du pétrole; Outils de repêchage et leurs parties devant être utilisés dans les travaux d'exploration, de découverte, de mise en valeur, d'entretien, d'essai, d'épuisement ou de mise en exploitation de puits de pétrole et de gaz naturel ou pour les machines de forage devant être utilisées dans les travaux d'exploration, de découverte, de mise en valeur ou de mise en exploitation des gisements de potasse ou de sel gemme; Pour l'escalade ou l'alpinisme; Pour assurer l'ouverture des chalutes et émerillons, devant être utilisés dans la pêche commerciale ou dans la récolte commerciale de plantes aquatiques; Devant servir à la fabrication de détecteurs de vapeurs de propane et de vapeurs toxiques; Devant servir à la fabrication des voitures de lutte contre l'incendie; Devant servir à la fabrication des marchandises de la Section XVI ou du Chapitre 73, ces marchandises devant être utilisées dans la récupération ou la production de pétrole brut à partir de schistes, de sables pétrolifères ou de sables bitumineux; Devant servir à la fabrication ou à la réparation des moteurs ou de leurs parties pour les bateaux de pêche commerciale; Crochets de chaîne à manille et crochets fermés d'acier forgé devant servir à la fabrication de vide-ordures; Anneaux d'identification pour oiseaux migrateurs; Têtes de puits sans cavité et leurs parties; Conteneurs réutilisables, spécialement conçus pour le transport des éléments de véhicules automobiles qui sont en franchise des droits de douanes, présentés avec les marchandises qu'ils contiennent; Colliers de serrage de selle et étriers de câble devant servir à la fabrication des monocycles, des bicyclettes ou des tricycles; Têtes semi-elliptiques, d'un diamètre extérieur de 609,6 mm ou 762 mm, répondant à la spécification ASTM A455, devant servir dans des réservoirs de compresseurs d'air; Porte-mousquetons d'acier forgé, plaqués de zinc, de 12,5 cm à 23 cm de longuer, devant servir à la fabrication de vide-ordures et de palans pour vide-ordures; Carcans en aciers pour cantonner plusieurs animaux de ferme dans un parc; Ce qui suit, devant être utilisés dans l'exploration, la découverte, la mise en valeur, l'entretien, l'essai, l'épuisement ou l'exploration de puits d'huile ou de gaz naturel ou des gisements de potasse ou de sel gemme: Têtes de tubage à brides; Têtes de tubage taraudées, pour le tubage taraudées en surface d'un diamètre extérieur excédant 273 mm, ou conçus pour subir des pressions de service excédant 14 MPa E.P.G. (eau, pétrole, gaz); Packers de puits et leurs parties; Devant être utilisés pour la préparation, l'emmagasinage ou l'insémination de la semence animale; Chenilles devant servir à la fabrication des chargeuses à direction différentielle; Masques d'évaporation sous vide, en aciers inoxydables, à morsure avant de 90 % et une morsure arrière de 10 %, pour la production des photocellules; Porte-mèche devant servir à la fabrication de chandelles",50,NA,En vigueur à compter du 8 septembre 2026,2026-09-08,NA,table_recapitulative_extraite_conditions_non_resolues,2026-10-05T18:47:45Z
20261005T190524Z_92397,finances_liste,1,453,CAN,USA,Numero_tarifaire_canadien,73269090,7326.90.90,732690,Autres ouvrages en fer ou en acier.,- Autres : Autres,50,NA,En vigueur à compter du 8 septembre 2026,2026-09-08,NA,table_recapitulative_extraite_conditions_non_resolues,2026-10-05T18:47:45Z
20261005T190524Z_92397,finances_liste,1,454,CAN,USA,Numero_tarifaire_canadien,74081110,7408.11.10,740811,Fils de cuivre.,"- En cuivre affiné : Dont la plus grande dimension de la section transversale excède 6 mm : N'excédant pas 9,5 mm",50,NA,En vigueur à compter du 8 septembre 2026,2026-09-08,NA,table_recapitulative_extraite_conditions_non_resolues,2026-10-05T18:47:45Z
20261005T190524Z_92397,finances_liste,1,455,CAN,USA,Numero_tarifaire_canadien,74081120,7408.11.20,740811,Fils de cuivre.,"- En cuivre affiné : Dont la plus grande dimension de la section transversale excède 6 mm : Excédant 9,5 mm mais n'excédant pas 12,7 mm",50,NA,En vigueur à compter du 8 septembre 2026,2026-09-08,NA,table_recapitulative_extraite_conditions_non_resolues,2026-10-05T18:47:45Z
20261005T190524Z_92397,finances_liste,1,456,CAN,USA,Numero_tarifaire_canadien,74081130,7408.11.30,740811,Fils de cuivre.,"- En cuivre affiné : Dont la plus grande dimension de la section transversale excède 6 mm : Excédant 12,7 mm",50,NA,En vigueur à compter du 8 septembre 2026,2026-09-08,NA,table_recapitulative_extraite_conditions_non_resolues,2026-10-05T18:47:45Z
20261005T190524Z_92397,finances_liste,1,457,CAN,USA,Numero_tarifaire_canadien,74081900,7408.19.00,740819,Fils de cuivre.,- En cuivre affiné : Autres,50,NA,En vigueur à compter du 8 septembre 2026,2026-09-08,NA,table_recapitulative_extraite_conditions_non_resolues,2026-10-05T18:47:45Z
20261005T190524Z_92397,finances_liste,1,458,CAN,USA,Numero_tarifaire_canadien,76011000,7601.10.00,760110,Aluminium sous forme brute.,- Aluminium non allié,50,NA,En vigueur à compter du 8 septembre 2026,2026-09-08,NA,table_recapitulative_extraite_conditions_non_resolues,2026-10-05T18:47:45Z
20261005T190524Z_92397,finances_liste,1,459,CAN,USA,Numero_tarifaire_canadien,76012000,7601.20.00,760120,Aluminium sous forme brute.,- Alliages d'aluminium,50,NA,En vigueur à compter du 8 septembre 2026,2026-09-08,NA,table_recapitulative_extraite_conditions_non_resolues,2026-10-05T18:47:45Z
20261005T190524Z_92397,finances_liste,1,460,CAN,USA,Numero_tarifaire_canadien,76041000,7604.10.00,760410,Barres et profilés en aluminium.,- En aluminium non allié,50,NA,En vigueur à compter du 8 septembre 2026,2026-09-08,NA,table_recapitulative_extraite_conditions_non_resolues,2026-10-05T18:47:45Z
20261005T190524Z_92397,finances_liste,1,461,CAN,USA,Numero_tarifaire_canadien,76042100,7604.21.00,760421,Barres et profilés en aluminium.,- En alliages d'aluminium : Profilés creux,50,NA,En vigueur à compter du 8 septembre 2026,2026-09-08,NA,table_recapitulative_extraite_conditions_non_resolues,2026-10-05T18:47:45Z
20261005T190524Z_92397,finances_liste,1,462,CAN,USA,Numero_tarifaire_canadien,76042900,7604.29.00,760429,Barres et profilés en aluminium.,- En alliages d'aluminium : Autres,50,NA,En vigueur à compter du 8 septembre 2026,2026-09-08,NA,table_recapitulative_extraite_conditions_non_resolues,2026-10-05T18:47:45Z
20261005T190524Z_92397,finances_liste,1,463,CAN,USA,Numero_tarifaire_canadien,76051100,7605.11.00,760511,Fils en aluminium.,- En aluminium non allié : Dont la plus grande dimension de la section transversale excède 7 mm,50,NA,En vigueur à compter du 8 septembre 2026,2026-09-08,NA,table_recapitulative_extraite_conditions_non_resolues,2026-10-05T18:47:45Z
20261005T190524Z_92397,finances_liste,1,464,CAN,USA,Numero_tarifaire_canadien,76051900,7605.19.00,760519,Fils en aluminium.,- En aluminium non allié : Autres,50,NA,En vigueur à compter du 8 septembre 2026,2026-09-08,NA,table_recapitulative_extraite_conditions_non_resolues,2026-10-05T18:47:45Z
20261005T190524Z_92397,finances_liste,1,465,CAN,USA,Numero_tarifaire_canadien,76052100,7605.21.00,760521,Fils en aluminium.,- En alliages d'aluminium : Dont la plus grande dimension de la section transversale excède 7 mm,50,NA,En vigueur à compter du 8 septembre 2026,2026-09-08,NA,table_recapitulative_extraite_conditions_non_resolues,2026-10-05T18:47:45Z
20261005T190524Z_92397,finances_liste,1,466,CAN,USA,Numero_tarifaire_canadien,76052900,7605.29.00,760529,Fils en aluminium.,- En alliages d'aluminium : Autres,50,NA,En vigueur à compter du 8 septembre 2026,2026-09-08,NA,table_recapitulative_extraite_conditions_non_resolues,2026-10-05T18:47:45Z
20261005T190524Z_92397,finances_liste,1,467,CAN,USA,Numero_tarifaire_canadien,76061100,7606.11.00,760611,"Tôles et bandes en aluminium, d'une épaisseur excédant 0,2 mm.",- De forme carrée ou rectangulaire : En aluminium non allié,50,NA,En vigueur à compter du 8 septembre 2026,2026-09-08,NA,table_recapitulative_extraite_conditions_non_resolues,2026-10-05T18:47:45Z
20261005T190524Z_92397,finances_liste,1,468,CAN,USA,Numero_tarifaire_canadien,76061200,7606.12.00,760612,"Tôles et bandes en aluminium, d'une épaisseur excédant 0,2 mm.",- De forme carrée ou rectangulaire : En alliages d'aluminium,50,NA,En vigueur à compter du 8 septembre 2026,2026-09-08,NA,table_recapitulative_extraite_conditions_non_resolues,2026-10-05T18:47:45Z
20261005T190524Z_92397,finances_liste,1,469,CAN,USA,Numero_tarifaire_canadien,76069100,7606.91.00,760691,"Tôles et bandes en aluminium, d'une épaisseur excédant 0,2 mm.",- Autres : En aluminium non allié,50,NA,En vigueur à compter du 8 septembre 2026,2026-09-08,NA,table_recapitulative_extraite_conditions_non_resolues,2026-10-05T18:47:45Z
20261005T190524Z_92397,finances_liste,1,470,CAN,USA,Numero_tarifaire_canadien,76069200,7606.92.00,760692,"Tôles et bandes en aluminium, d'une épaisseur excédant 0,2 mm.",- Autres : En alliages d'aluminium,50,NA,En vigueur à compter du 8 septembre 2026,2026-09-08,NA,table_recapitulative_extraite_conditions_non_resolues,2026-10-05T18:47:45Z
20261005T190524Z_92397,finances_liste,1,471,CAN,USA,Numero_tarifaire_canadien,76071100,7607.11.00,760711,"Feuilles et bandes minces en aluminium (même imprimées ou fixées sur papier, carton, matières plastiques ou supports similaires) d'une épaisseur n'excédant pas 0,2 mm (support non compris).",- Sans support : Simplement laminées,50,NA,En vigueur à compter du 8 septembre 2026,2026-09-08,NA,table_recapitulative_extraite_conditions_non_resolues,2026-10-05T18:47:45Z
20261005T190524Z_92397,finances_liste,1,472,CAN,USA,Numero_tarifaire_canadien,76071900,7607.19.00,760719,"Feuilles et bandes minces en aluminium (même imprimées ou fixées sur papier, carton, matières plastiques ou supports similaires) d'une épaisseur n'excédant pas 0,2 mm (support non compris).",- Sans support : Autres,50,NA,En vigueur à compter du 8 septembre 2026,2026-09-08,NA,table_recapitulative_extraite_conditions_non_resolues,2026-10-05T18:47:45Z
20261005T190524Z_92397,finances_liste,1,473,CAN,USA,Numero_tarifaire_canadien,76072000,7607.20.00,760720,"Feuilles et bandes minces en aluminium (même imprimées ou fixées sur papier, carton, matières plastiques ou supports similaires) d'une épaisseur n'excédant pas 0,2 mm (support non compris).",- Sur support,50,NA,En vigueur à compter du 8 septembre 2026,2026-09-08,NA,table_recapitulative_extraite_conditions_non_resolues,2026-10-05T18:47:45Z
20261005T190524Z_92397,finances_liste,1,474,CAN,USA,Numero_tarifaire_canadien,76081000,7608.10.00,760810,Tubes et tuyaux en aluminium.,- En aluminium non allié,50,NA,En vigueur à compter du 8 septembre 2026,2026-09-08,NA,table_recapitulative_extraite_conditions_non_resolues,2026-10-05T18:47:45Z
20261005T190524Z_92397,finances_liste,1,475,CAN,USA,Numero_tarifaire_canadien,76082000,7608.20.00,760820,Tubes et tuyaux en aluminium.,- En alliages d'aluminium,50,NA,En vigueur à compter du 8 septembre 2026,2026-09-08,NA,table_recapitulative_extraite_conditions_non_resolues,2026-10-05T18:47:45Z
20261005T190524Z_92397,finances_liste,1,476,CAN,USA,Numero_tarifaire_canadien,76090000,7609.00.00,760900,"Accessoires de tuyauterie (raccords, coudes, manchons, par exemple), en aluminium.",NA,50,NA,En vigueur à compter du 8 septembre 2026,2026-09-08,NA,table_recapitulative_extraite_conditions_non_resolues,2026-10-05T18:47:45Z
20261005T190524Z_92397,finances_liste,1,477,CAN,USA,Numero_tarifaire_canadien,76101000,7610.10.00,761010,"Constructions et parties de constructions (ponts et éléments de ponts, tours, pylônes, piliers, colonnes, charpentes, toitures, portes et fenêtres et leurs cadres, chambranles et seuils, balustrades, par exemple), en aluminium, à l'exception des constructions préfabriquées du no 94.06; tôles, barres, profilés, tubes et similaires, en aluminium, préparés en vue de leur utilisation dans la construction.","- Portes, fenêtres et leurs cadres, chambranles et seuils",50,NA,En vigueur à compter du 8 septembre 2026,2026-09-08,NA,table_recapitulative_extraite_conditions_non_resolues,2026-10-05T18:47:45Z
20261005T190524Z_92397,finances_liste,1,478,CAN,USA,Numero_tarifaire_canadien,76109010,7610.90.10,761090,"Constructions et parties de constructions (ponts et éléments de ponts, tours, pylônes, piliers, colonnes, charpentes, toitures, portes et fenêtres et leurs cadres, chambranles et seuils, balustrades, par exemple), en aluminium, à l'exception des constructions préfabriquées du no 94.06; tôles, barres, profilés, tubes et similaires, en aluminium, préparés en vue de leur utilisation dans la construction.",- Autres : Devant servir à la fabrication de produits canadiens,50,NA,En vigueur à compter du 8 septembre 2026,2026-09-08,NA,table_recapitulative_extraite_conditions_non_resolues,2026-10-05T18:47:45Z
20261005T190524Z_92397,finances_liste,1,479,CAN,USA,Numero_tarifaire_canadien,76109090,7610.90.90,761090,"Constructions et parties de constructions (ponts et éléments de ponts, tours, pylônes, piliers, colonnes, charpentes, toitures, portes et fenêtres et leurs cadres, chambranles et seuils, balustrades, par exemple), en aluminium, à l'exception des constructions préfabriquées du no 94.06; tôles, barres, profilés, tubes et similaires, en aluminium, préparés en vue de leur utilisation dans la construction.",- Autres : Autres,50,NA,En vigueur à compter du 8 septembre 2026,2026-09-08,NA,table_recapitulative_extraite_conditions_non_resolues,2026-10-05T18:47:45Z
20261005T190524Z_92397,finances_liste,1,480,CAN,USA,Numero_tarifaire_canadien,76141000,7614.10.00,761410,"Torons, câbles, tresses et similaires, en aluminium, non isolés pour l'électricité.",- Avec âme en acier,50,NA,En vigueur à compter du 8 septembre 2026,2026-09-08,NA,table_recapitulative_extraite_conditions_non_resolues,2026-10-05T18:47:45Z
20261005T190524Z_92397,finances_liste,1,481,CAN,USA,Numero_tarifaire_canadien,76149000,7614.90.00,761490,"Torons, câbles, tresses et similaires, en aluminium, non isolés pour l'électricité.",- Autres,50,NA,En vigueur à compter du 8 septembre 2026,2026-09-08,NA,table_recapitulative_extraite_conditions_non_resolues,2026-10-05T18:47:45Z
20261005T190524Z_92397,finances_liste,1,482,CAN,USA,Numero_tarifaire_canadien,76151000,7615.10.00,761510,"Articles de ménage ou d'économie domestique, d'hygiène ou de toilette, et leurs parties, en aluminium; éponges, torchons, gants et articles similaires pour le récurage, le polissage ou usages analogues, en aluminium.","- Articles de ménage ou d'économie domestique et leurs parties; éponges, torchons, gants et articles similaires pour le récurage, le polissage ou usages analogues",25,NA,En vigueur à compter du 8 septembre 2026,2026-09-08,NA,table_recapitulative_extraite_conditions_non_resolues,2026-10-05T18:47:45Z
20261005T190524Z_92397,finances_liste,1,483,CAN,USA,Numero_tarifaire_canadien,76152000,7615.20.00,761520,"Articles de ménage ou d'économie domestique, d'hygiène ou de toilette, et leurs parties, en aluminium; éponges, torchons, gants et articles similaires pour le récurage, le polissage ou usages analogues, en aluminium.",- Articles d'hygiène ou de toilette et leurs parties,25,NA,En vigueur à compter du 8 septembre 2026,2026-09-08,NA,table_recapitulative_extraite_conditions_non_resolues,2026-10-05T18:47:45Z
20261005T190524Z_92397,finances_liste,1,484,CAN,USA,Numero_tarifaire_canadien,76161000,7616.10.00,761610,Autres ouvrages en aluminium.,"- Pointes, clous, crampons appointés, vis, boulons, écrous, crochets à pas de vis, rivets, goupilles, chevilles, clavettes, rondelles et articles similaires",50,NA,En vigueur à compter du 8 septembre 2026,2026-09-08,NA,table_recapitulative_extraite_conditions_non_resolues,2026-10-05T18:47:45Z
20261005T190524Z_92397,finances_liste,1,485,CAN,USA,Numero_tarifaire_canadien,76169910,7616.99.10,761699,Autres ouvrages en aluminium.,"- Autres : Autres : Godets devant servir à la fabrication de chandelles; Bagues métalliques devant servir à la fabrication de crayons; Incubateurs pour oeufs de poissons, et leurs parties; Pour l'escalade ou l'alpinisme; Bandes d'identification pour oiseaux migrateurs; Bagues d'identification et de chonométrage pour pigeons; Devant être utilisé dans la fabrication de sérums et antisérums, toxoïdes, virus, toxines ou anti-toxines, vaccins antiviraux et vaccins bacteriens, bactériophages ou lysats bactériens, allergéniques, extraits de foie, extraits d'hypophysaires, épinéphrine ou ses solutions, insuline (avec ou sans zinc, globine ou protamine), et plasma sanguin ou sérum d'origine humaine ou fractions de ces substances, ou diluants ou succédanés de ces substances",50,NA,En vigueur à compter du 8 septembre 2026,2026-09-08,NA,table_recapitulative_extraite_conditions_non_resolues,2026-10-05T18:47:45Z
20261005T190524Z_92397,finances_liste,1,486,CAN,USA,Numero_tarifaire_canadien,76169990,7616.99.90,761699,Autres ouvrages en aluminium.,- Autres : Autres : Autres,50,NA,En vigueur à compter du 8 septembre 2026,2026-09-08,NA,table_recapitulative_extraite_conditions_non_resolues,2026-10-05T18:47:45Z
20261005T190524Z_92397,finances_liste,1,487,CAN,USA,Numero_tarifaire_canadien,82034000,8203.40.00,820340,"Limes, râpes, pinces (même coupantes), tenailles, brucelles, cisailles à métaux, coupe-tubes, coupe-boulons, emporte-pièce et outils similaires, à main.","- Coupe-tubes, coupe-boulons, emporte-pièce et outils similaires",25,NA,En vigueur à compter du 8 septembre 2026,2026-09-08,NA,table_recapitulative_extraite_conditions_non_resolues,2026-10-05T18:47:45Z
20261005T190524Z_92397,finances_liste,1,488,CAN,USA,Numero_tarifaire_canadien,82055910,8205.59.10,820559,"Outils et outillage à main (y compris les diamants de vitriers) non dénommés ni compris ailleurs; lampes à souder et similaires; étaux, serre-joints et similaires, autres que ceux constituant des accessoires ou des parties de machines-outils ou de machines à découper par jet d'eau; enclumes; forges portatives; meules avec bâtis, à main ou à pédale.",- Autres outils et outillage à main (y compris les diamants de vitriers) : Autres : Pour l'escalade ou l'alpinisme; Têtes devant servir à la fabrication ou à la production d'autres outils à main; Fers à marquer au feu le bétail,50,NA,En vigueur à compter du 8 septembre 2026,2026-09-08,NA,table_recapitulative_extraite_conditions_non_resolues,2026-10-05T18:47:45Z
20261005T190524Z_92397,finances_liste,1,489,CAN,USA,Numero_tarifaire_canadien,82055920,8205.59.20,820559,"Outils et outillage à main (y compris les diamants de vitriers) non dénommés ni compris ailleurs; lampes à souder et similaires; étaux, serre-joints et similaires, autres que ceux constituant des accessoires ou des parties de machines-outils ou de machines à découper par jet d'eau; enclumes; forges portatives; meules avec bâtis, à main ou à pédale.","- Autres outils et outillage à main (y compris les diamants de vitriers) : Autres : Pistolets pour agrafer ou brocher, et marteaux cloueurs autonomes",50,NA,En vigueur à compter du 8 septembre 2026,2026-09-08,NA,table_recapitulative_extraite_conditions_non_resolues,2026-10-05T18:47:45Z
20261005T190524Z_92397,finances_liste,1,490,CAN,USA,Numero_tarifaire_canadien,82055990,8205.59.90,820559,"Outils et outillage à main (y compris les diamants de vitriers) non dénommés ni compris ailleurs; lampes à souder et similaires; étaux, serre-joints et similaires, autres que ceux constituant des accessoires ou des parties de machines-outils ou de machines à découper par jet d'eau; enclumes; forges portatives; meules avec bâtis, à main ou à pédale.",- Autres outils et outillage à main (y compris les diamants de vitriers) : Autres : Autres,50,NA,En vigueur à compter du 8 septembre 2026,2026-09-08,NA,table_recapitulative_extraite_conditions_non_resolues,2026-10-05T18:47:45Z
20261005T190524Z_92397,finances_liste,1,491,CAN,USA,Numero_tarifaire_canadien,82057010,8205.70.10,820570,"Outils et outillage à main (y compris les diamants de vitriers) non dénommés ni compris ailleurs; lampes à souder et similaires; étaux, serre-joints et similaires, autres que ceux constituant des accessoires ou des parties de machines-outils ou de machines à découper par jet d'eau; enclumes; forges portatives; meules avec bâtis, à main ou à pédale.","- Étaux, serre-joints et similaires : Serre-joints devant servir avec les articles suivants à usage chirurgical, dentaire ou vétérinaire ou aux fins de diagnostic : Instruments; Stérilisateurs; Appareils de radiothérapie au cobalt; Appareils d'anesthésie, appareils chirurgicaux de succion ou appareils pour l'administration d'oxygène",25,NA,En vigueur à compter du 8 septembre 2026,2026-09-08,NA,table_recapitulative_extraite_conditions_non_resolues,2026-10-05T18:47:45Z
20261005T190524Z_92397,finances_liste,1,492,CAN,USA,Numero_tarifaire_canadien,82057020,8205.70.20,820570,"Outils et outillage à main (y compris les diamants de vitriers) non dénommés ni compris ailleurs; lampes à souder et similaires; étaux, serre-joints et similaires, autres que ceux constituant des accessoires ou des parties de machines-outils ou de machines à découper par jet d'eau; enclumes; forges portatives; meules avec bâtis, à main ou à pédale.","- Étaux, serre-joints et similaires : Étaux et serre-joints, de précision, pour outilleurs, machinistes ou ouvriers en métaux",25,NA,En vigueur à compter du 8 septembre 2026,2026-09-08,NA,table_recapitulative_extraite_conditions_non_resolues,2026-10-05T18:47:45Z
20261005T190524Z_92397,finances_liste,1,493,CAN,USA,Numero_tarifaire_canadien,82057090,8205.70.90,820570,"Outils et outillage à main (y compris les diamants de vitriers) non dénommés ni compris ailleurs; lampes à souder et similaires; étaux, serre-joints et similaires, autres que ceux constituant des accessoires ou des parties de machines-outils ou de machines à découper par jet d'eau; enclumes; forges portatives; meules avec bâtis, à main ou à pédale.","- Étaux, serre-joints et similaires : Autres",25,NA,En vigueur à compter du 8 septembre 2026,2026-09-08,NA,table_recapitulative_extraite_conditions_non_resolues,2026-10-05T18:47:45Z
20261005T190524Z_92397,finances_liste,1,494,CAN,USA,Numero_tarifaire_canadien,82072000,8207.20.00,820720,"Outils interchangeables pour outillage à main, mécanique ou non, ou pour machines-outils (à emboutir, à estamper, à poinçonner, à tarauder, à fileter, à percer, à aléser, à brocher, à fraiser, à tourner, à visser, par exemple), y compris les filières pour l'étirage ou le filage (extrusion) des métaux, ainsi que les outils de forage ou de sondage.",- Filières pour l'étirage ou le filage (extrusion) des métaux,15,NA,En vigueur à compter du 8 septembre 2026,2026-09-08,NA,table_recapitulative_extraite_conditions_non_resolues,2026-10-05T18:47:45Z
20261005T190524Z_92397,finances_liste,1,495,CAN,USA,Numero_tarifaire_canadien,82073000,8207.30.00,820730,"Outils interchangeables pour outillage à main, mécanique ou non, ou pour machines-outils (à emboutir, à estamper, à poinçonner, à tarauder, à fileter, à percer, à aléser, à brocher, à fraiser, à tourner, à visser, par exemple), y compris les filières pour l'étirage ou le filage (extrusion) des métaux, ainsi que les outils de forage ou de sondage.","- Outils à emboutir, à estamper ou à poinçonner",15,NA,En vigueur à compter du 8 septembre 2026,2026-09-08,NA,table_recapitulative_extraite_conditions_non_resolues,2026-10-05T18:47:45Z
20261005T190524Z_92397,finances_liste,1,496,CAN,USA,Numero_tarifaire_canadien,82111010,8211.10.10,821110,"Couteaux (autres que ceux du no 82.08) à lame tranchante ou dentelée, y compris les serpettes fermantes, et leurs lames.",- Assortiments : Coutellerie,25,NA,En vigueur à compter du 8 septembre 2026,2026-09-08,NA,table_recapitulative_extraite_conditions_non_resolues,2026-10-05T18:47:45Z
20261005T190524Z_92397,finances_liste,1,497,CAN,USA,Numero_tarifaire_canadien,82111090,8211.10.90,821110,"Couteaux (autres que ceux du no 82.08) à lame tranchante ou dentelée, y compris les serpettes fermantes, et leurs lames.",- Assortiments : Autres,25,NA,En vigueur à compter du 8 septembre 2026,2026-09-08,NA,table_recapitulative_extraite_conditions_non_resolues,2026-10-05T18:47:45Z
20261005T190524Z_92397,finances_liste,1,498,CAN,USA,Numero_tarifaire_canadien,82119110,8211.91.10,821191,"Couteaux (autres que ceux du no 82.08) à lame tranchante ou dentelée, y compris les serpettes fermantes, et leurs lames.",- Autres : Couteaux de table à lame fixe : Couteaux à découper,25,NA,En vigueur à compter du 8 septembre 2026,2026-09-08,NA,table_recapitulative_extraite_conditions_non_resolues,2026-10-05T18:47:45Z
20261005T190524Z_92397,finances_liste,1,499,CAN,USA,Numero_tarifaire_canadien,82119190,8211.91.90,821191,"Couteaux (autres que ceux du no 82.08) à lame tranchante ou dentelée, y compris les serpettes fermantes, et leurs lames.",- Autres : Couteaux de table à lame fixe : Autres,25,NA,En vigueur à compter du 8 septembre 2026,2026-09-08,NA,table_recapitulative_extraite_conditions_non_resolues,2026-10-05T18:47:45Z
20261005T190524Z_92397,finances_liste,1,500,CAN,USA,Numero_tarifaire_canadien,82119200,8211.92.00,821192,"Couteaux (autres que ceux du no 82.08) à lame tranchante ou dentelée, y compris les serpettes fermantes, et leurs lames.",- Autres : Autres couteaux à lame fixe,25,NA,En vigueur à compter du 8 septembre 2026,2026-09-08,NA,table_recapitulative_extraite_conditions_non_resolues,2026-10-05T18:47:45Z
20261005T190524Z_92397,finances_liste,1,501,CAN,USA,Numero_tarifaire_canadien,82119300,8211.93.00,821193,"Couteaux (autres que ceux du no 82.08) à lame tranchante ou dentelée, y compris les serpettes fermantes, et leurs lames.","- Autres : Couteaux autres qu'à lame fixe, y compris les serpettes fermantes",25,NA,En vigueur à compter du 8 septembre 2026,2026-09-08,NA,table_recapitulative_extraite_conditions_non_resolues,2026-10-05T18:47:45Z
20261005T190524Z_92397,finances_liste,1,502,CAN,USA,Numero_tarifaire_canadien,82119490,8211.94.90,821194,"Couteaux (autres que ceux du no 82.08) à lame tranchante ou dentelée, y compris les serpettes fermantes, et leurs lames.",- Autres : Lames : Autres,25,NA,En vigueur à compter du 8 septembre 2026,2026-09-08,NA,table_recapitulative_extraite_conditions_non_resolues,2026-10-05T18:47:45Z
20261005T190524Z_92397,finances_liste,1,503,CAN,USA,Numero_tarifaire_canadien,82119511,8211.95.11,821195,"Couteaux (autres que ceux du no 82.08) à lame tranchante ou dentelée, y compris les serpettes fermantes, et leurs lames.",- Autres : Manches en métaux communs : Des couteaux de tables à lame fixe : Des couteaux à découper,25,NA,En vigueur à compter du 8 septembre 2026,2026-09-08,NA,table_recapitulative_extraite_conditions_non_resolues,2026-10-05T18:47:45Z
20261005T190524Z_92397,finances_liste,1,504,CAN,USA,Numero_tarifaire_canadien,82151010,8215.10.10,821510,"Cuillers, fourchettes, louches, écumoires, pelles à tartes, couteaux spéciaux à poisson ou à beurre, pinces à sucre et articles similaires.","- Assortiments contenant au moins un objet argenté, doré ou platiné : Contenant des cuillers, couteaux et fourchettes, des types utilisés pour la table",25,NA,En vigueur à compter du 8 septembre 2026,2026-09-08,NA,table_recapitulative_extraite_conditions_non_resolues,2026-10-05T18:47:45Z
20261005T190524Z_92397,finances_liste,1,505,CAN,USA,Numero_tarifaire_canadien,82151090,8215.10.90,821510,"Cuillers, fourchettes, louches, écumoires, pelles à tartes, couteaux spéciaux à poisson ou à beurre, pinces à sucre et articles similaires.","- Assortiments contenant au moins un objet argenté, doré ou platiné : Autres",25,NA,En vigueur à compter du 8 septembre 2026,2026-09-08,NA,table_recapitulative_extraite_conditions_non_resolues,2026-10-05T18:47:45Z
20261005T190524Z_92397,finances_liste,1,506,CAN,USA,Numero_tarifaire_canadien,82152010,8215.20.10,821520,"Cuillers, fourchettes, louches, écumoires, pelles à tartes, couteaux spéciaux à poisson ou à beurre, pinces à sucre et articles similaires.","- Autres assortiments : Contenant des cuillers, couteaux et fourchettes, des types utilisés pour la table",25,NA,En vigueur à compter du 8 septembre 2026,2026-09-08,NA,table_recapitulative_extraite_conditions_non_resolues,2026-10-05T18:47:45Z
20261005T190524Z_92397,finances_liste,1,507,CAN,USA,Numero_tarifaire_canadien,82152090,8215.20.90,821520,"Cuillers, fourchettes, louches, écumoires, pelles à tartes, couteaux spéciaux à poisson ou à beurre, pinces à sucre et articles similaires.",- Autres assortiments : Autres,25,NA,En vigueur à compter du 8 septembre 2026,2026-09-08,NA,table_recapitulative_extraite_conditions_non_resolues,2026-10-05T18:47:45Z
20261005T190524Z_92397,finances_liste,1,508,CAN,USA,Numero_tarifaire_canadien,82159110,8215.91.10,821591,"Cuillers, fourchettes, louches, écumoires, pelles à tartes, couteaux spéciaux à poisson ou à beurre, pinces à sucre et articles similaires.","- Autres : Argentés, dorés ou platinés : Cuillers ou fourchettes, des types utilisés pour la table",25,NA,En vigueur à compter du 8 septembre 2026,2026-09-08,NA,table_recapitulative_extraite_conditions_non_resolues,2026-10-05T18:47:45Z
20261005T190524Z_92397,finances_liste,1,509,CAN,USA,Numero_tarifaire_canadien,82159190,8215.91.90,821591,"Cuillers, fourchettes, louches, écumoires, pelles à tartes, couteaux spéciaux à poisson ou à beurre, pinces à sucre et articles similaires.","- Autres : Argentés, dorés ou platinés : Autres",25,NA,En vigueur à compter du 8 septembre 2026,2026-09-08,NA,table_recapitulative_extraite_conditions_non_resolues,2026-10-05T18:47:45Z
20261005T190524Z_92397,finances_liste,1,510,CAN,USA,Numero_tarifaire_canadien,82159910,8215.99.10,821599,"Cuillers, fourchettes, louches, écumoires, pelles à tartes, couteaux spéciaux à poisson ou à beurre, pinces à sucre et articles similaires.","- Autres : Autres : Cuillers ou fourchettes, des types utilisés pour la table",25,NA,En vigueur à compter du 8 septembre 2026,2026-09-08,NA,table_recapitulative_extraite_conditions_non_resolues,2026-10-05T18:47:45Z
20261005T190524Z_92397,finances_liste,1,511,CAN,USA,Numero_tarifaire_canadien,82159990,8215.99.90,821599,"Cuillers, fourchettes, louches, écumoires, pelles à tartes, couteaux spéciaux à poisson ou à beurre, pinces à sucre et articles similaires.",- Autres : Autres : Autres,25,NA,En vigueur à compter du 8 septembre 2026,2026-09-08,NA,table_recapitulative_extraite_conditions_non_resolues,2026-10-05T18:47:45Z
20261005T190524Z_92397,finances_liste,1,512,CAN,USA,Numero_tarifaire_canadien,83021000,8302.10.00,830210,"Garnitures, ferrures et articles similaires en métaux communs pour meubles, portes, escaliers, fenêtres, persiennes, carrosseries, articles de sellerie, malles, coffres, coffrets ou autres ouvrages de l'espèce; patères, porte-chapeaux, supports et articles similaires, en métaux communs; roulettes avec monture en métaux communs; ferme-portes automatiques en métaux communs.",- Charnières de tous genres (y compris les paumelles et pentures),25,NA,En vigueur à compter du 8 septembre 2026,2026-09-08,NA,table_recapitulative_extraite_conditions_non_resolues,2026-10-05T18:47:45Z
20261005T190524Z_92397,finances_liste,1,513,CAN,USA,Numero_tarifaire_canadien,83024110,8302.41.10,830241,"Garnitures, ferrures et articles similaires en métaux communs pour meubles, portes, escaliers, fenêtres, persiennes, carrosseries, articles de sellerie, malles, coffres, coffrets ou autres ouvrages de l'espèce; patères, porte-chapeaux, supports et articles similaires, en métaux communs; roulettes avec monture en métaux communs; ferme-portes automatiques en métaux communs.","- Autres garnitures, ferrures et articles similaires : Pour bâtiments : Dispositifs d'ouverture de porte de sortie, à barre, pour les commerces, les institutions ou les industries; Devant servir à la fabrication ou à la réparation de mécanismes de commande d'engrenage pour fenêtres; Mécanismes de commande d'engrenage pour fenêtres; Guides d'amortisseurs, mécanismes de commandes de verrous à béquille, barres de torsion et crochets centraux pour mécanismes de commandes de verrous à béquille ou de commande d'engrenage pour fenêtres, verrous de châssis (à l'exception des verrous à goupille) et auberons pour verrous de sûreté à clé ou verrous de châssis (à l'exception des verrous à goupille), devant servir à la fabrication de fenêtres à battants ou de fenêtres à auvent",25,NA,En vigueur à compter du 8 septembre 2026,2026-09-08,NA,table_recapitulative_extraite_conditions_non_resolues,2026-10-05T18:47:45Z
20261005T190524Z_92397,finances_liste,1,514,CAN,USA,Numero_tarifaire_canadien,83024200,8302.42.00,830242,"Garnitures, ferrures et articles similaires en métaux communs pour meubles, portes, escaliers, fenêtres, persiennes, carrosseries, articles de sellerie, malles, coffres, coffrets ou autres ouvrages de l'espèce; patères, porte-chapeaux, supports et articles similaires, en métaux communs; roulettes avec monture en métaux communs; ferme-portes automatiques en métaux communs.","- Autres garnitures, ferrures et articles similaires : Autres, pour meubles",25,NA,En vigueur à compter du 8 septembre 2026,2026-09-08,NA,table_recapitulative_extraite_conditions_non_resolues,2026-10-05T18:47:45Z
20261005T190524Z_92397,finances_liste,1,515,CAN,USA,Numero_tarifaire_canadien,83024900,8302.49.00,830249,"Garnitures, ferrures et articles similaires en métaux communs pour meubles, portes, escaliers, fenêtres, persiennes, carrosseries, articles de sellerie, malles, coffres, coffrets ou autres ouvrages de l'espèce; patères, porte-chapeaux, supports et articles similaires, en métaux communs; roulettes avec monture en métaux communs; ferme-portes automatiques en métaux communs.","- Autres garnitures, ferrures et articles similaires : Autres",25,NA,En vigueur à compter du 8 septembre 2026,2026-09-08,NA,table_recapitulative_extraite_conditions_non_resolues,2026-10-05T18:47:45Z
20261005T190524Z_92397,finances_liste,1,516,CAN,USA,Numero_tarifaire_canadien,84139100,8413.91.00,841391,"Pompes pour liquides, même comportant un dispositif mesureur; élévateurs à liquides.",- Parties : De pompes,25,NA,En vigueur à compter du 8 septembre 2026,2026-09-08,NA,table_recapitulative_extraite_conditions_non_resolues,2026-10-05T18:47:45Z
20261005T190524Z_92397,finances_liste,1,517,CAN,USA,Numero_tarifaire_canadien,84148010,8414.80.10,841480,"Pompes à air ou à vide, compresseurs d'air ou d'autres gaz et ventilateurs; hottes aspirantes à extraction ou à recyclage, à ventilateur incorporé, même filtrantes; enceintes de sécurité biologique étanches aux gaz, même filtrantes.",- Autres : Turbocompresseurs et compresseurs de suralimentation devant servir dans les véhicules automobiles du Chapitre 87,25,NA,En vigueur à compter du 8 septembre 2026,2026-09-08,NA,table_recapitulative_extraite_conditions_non_resolues,2026-10-05T18:47:45Z
20261005T190524Z_92397,finances_liste,1,518,CAN,USA,Numero_tarifaire_canadien,84148090,8414.80.90,841480,"Pompes à air ou à vide, compresseurs d'air ou d'autres gaz et ventilateurs; hottes aspirantes à extraction ou à recyclage, à ventilateur incorporé, même filtrantes; enceintes de sécurité biologique étanches aux gaz, même filtrantes.",- Autres : Autres,25,NA,En vigueur à compter du 8 septembre 2026,2026-09-08,NA,table_recapitulative_extraite_conditions_non_resolues,2026-10-05T18:47:45Z
20261005T190524Z_92397,finances_liste,1,519,CAN,USA,Numero_tarifaire_canadien,84151000,8415.10.00,841510,"Machines et appareils pour le conditionnement de l'air comprenant un ventilateur à moteur et des dispositifs propres à modifier la température et l'humidité, y compris ceux dans lesquels le degré hygrométrique n'est pas réglable séparément.","- Des types conçus pour être fixés sur une fenêtre, un mur, un plafond ou sur le sol, formant un seul corps ou du type « split-system » (systèmes à éléments séparés)",15,NA,En vigueur à compter du 8 septembre 2026,2026-09-08,NA,table_recapitulative_extraite_conditions_non_resolues,2026-10-05T18:47:45Z
20261005T190524Z_92397,finances_liste,1,520,CAN,USA,Numero_tarifaire_canadien,84158110,8415.81.10,841581,"Machines et appareils pour le conditionnement de l'air comprenant un ventilateur à moteur et des dispositifs propres à modifier la température et l'humidité, y compris ceux dans lesquels le degré hygrométrique n'est pas réglable séparément.","- Autres : Avec dispositif de réfrigération et soupape d'inversion du cycle thermique (pompes à chaleur réversibles) : Ce qui suit, à l'exclusion des thermopompes et des appareils pour le conditionnement de l'air, à mini-blocs séparés : Autonomes ou systèmes à éléments séparés « split-system », d'une capacité de transfert de chauffage n'excédant pas 15,8 kW (53 900 BTU par heure); Utilisant l'eau comme source, types verticaux, horizontaux et à console, d'une capacité de transfert de chauffage n'excédant pas 34,8 kW (118 700 BTU par heure)",15,NA,En vigueur à compter du 8 septembre 2026,2026-09-08,NA,table_recapitulative_extraite_conditions_non_resolues,2026-10-05T18:47:45Z
20261005T190524Z_92397,finances_liste,1,521,CAN,USA,Numero_tarifaire_canadien,84158210,8415.82.10,841582,"Machines et appareils pour le conditionnement de l'air comprenant un ventilateur à moteur et des dispositifs propres à modifier la température et l'humidité, y compris ceux dans lesquels le degré hygrométrique n'est pas réglable séparément.","- Autres : Autres, avec dispositif de réfrigération : Thermopompes et appareils pour le conditionnement de l'air de type domestique, systèmes à éléments séparés « split-system » à recyclage; Portatifs, d'un poids n'excédant pas 25 kg et d'une capacité de transfert de chauffage n'excédant pas 1,8 kW (6 000 BTU par heure); Appareils de chauffage/conditionnement de l'air des camions",15,NA,En vigueur à compter du 8 septembre 2026,2026-09-08,NA,table_recapitulative_extraite_conditions_non_resolues,2026-10-05T18:47:45Z
20261005T190524Z_92397,finances_liste,1,522,CAN,USA,Numero_tarifaire_canadien,84158300,8415.83.00,841583,"Machines et appareils pour le conditionnement de l'air comprenant un ventilateur à moteur et des dispositifs propres à modifier la température et l'humidité, y compris ceux dans lesquels le degré hygrométrique n'est pas réglable séparément.",- Autres : Sans dispositif de réfrigération,25,NA,En vigueur à compter du 8 septembre 2026,2026-09-08,NA,table_recapitulative_extraite_conditions_non_resolues,2026-10-05T18:47:45Z
20261005T190524Z_92397,finances_liste,1,523,CAN,USA,Numero_tarifaire_canadien,84159030,8415.90.30,841590,"Machines et appareils pour le conditionnement de l'air comprenant un ventilateur à moteur et des dispositifs propres à modifier la température et l'humidité, y compris ceux dans lesquels le degré hygrométrique n'est pas réglable séparément.","- Parties : Châssis, cadres de châssis ou cabinets extérieurs",15,NA,En vigueur à compter du 8 septembre 2026,2026-09-08,NA,table_recapitulative_extraite_conditions_non_resolues,2026-10-05T18:47:45Z
20261005T190524Z_92397,finances_liste,1,524,CAN,USA,Numero_tarifaire_canadien,84181010,8418.10.10,841810,"Réfrigérateurs, congélateurs-conservateurs et autres matériel, machines et appareils pour la production du froid, à équipement électrique ou autre; pompes à chaleur autres que les machines et appareils pour le conditionnement de l'air du no 84.15.","- Combinaisions de réfrigérateurs et de congélateurs-conservateurs munis de portes ou de tiroirs extérieurs séparés, ou d'une combinaison de ces éléments : À absorption, combinés au gaz et à l'électricité, devant être installés de façon permanente dans des véhicules de loisirs et devant servir à la fabrication de ces véhicules",25,NA,En vigueur à compter du 8 septembre 2026,2026-09-08,NA,table_recapitulative_extraite_conditions_non_resolues,2026-10-05T18:47:45Z
20261005T190524Z_92397,finances_liste,1,525,CAN,USA,Numero_tarifaire_canadien,84181020,8418.10.20,841810,"Réfrigérateurs, congélateurs-conservateurs et autres matériel, machines et appareils pour la production du froid, à équipement électrique ou autre; pompes à chaleur autres que les machines et appareils pour le conditionnement de l'air du no 84.15.","- Combinaisions de réfrigérateurs et de congélateurs-conservateurs munis de portes ou de tiroirs extérieurs séparés, ou d'une combinaison de ces éléments : Type de réfrigération-congélation",25,NA,En vigueur à compter du 8 septembre 2026,2026-09-08,NA,table_recapitulative_extraite_conditions_non_resolues,2026-10-05T18:47:45Z
20261005T190524Z_92397,finances_liste,1,526,CAN,USA,Numero_tarifaire_canadien,84181090,8418.10.90,841810,"Réfrigérateurs, congélateurs-conservateurs et autres matériel, machines et appareils pour la production du froid, à équipement électrique ou autre; pompes à chaleur autres que les machines et appareils pour le conditionnement de l'air du no 84.15.","- Combinaisions de réfrigérateurs et de congélateurs-conservateurs munis de portes ou de tiroirs extérieurs séparés, ou d'une combinaison de ces éléments : Autres",25,NA,En vigueur à compter du 8 septembre 2026,2026-09-08,NA,table_recapitulative_extraite_conditions_non_resolues,2026-10-05T18:47:45Z
20261005T190524Z_92397,finances_liste,1,527,CAN,USA,Numero_tarifaire_canadien,84182100,8418.21.00,841821,"Réfrigérateurs, congélateurs-conservateurs et autres matériel, machines et appareils pour la production du froid, à équipement électrique ou autre; pompes à chaleur autres que les machines et appareils pour le conditionnement de l'air du no 84.15.",- Réfrigérateurs de type ménager : À compression,25,NA,En vigueur à compter du 8 septembre 2026,2026-09-08,NA,table_recapitulative_extraite_conditions_non_resolues,2026-10-05T18:47:45Z
20261005T190524Z_92397,finances_liste,1,528,CAN,USA,Numero_tarifaire_canadien,84182900,8418.29.00,841829,"Réfrigérateurs, congélateurs-conservateurs et autres matériel, machines et appareils pour la production du froid, à équipement électrique ou autre; pompes à chaleur autres que les machines et appareils pour le conditionnement de l'air du no 84.15.",- Réfrigérateurs de type ménager : Autres,25,NA,En vigueur à compter du 8 septembre 2026,2026-09-08,NA,table_recapitulative_extraite_conditions_non_resolues,2026-10-05T18:47:45Z
20261005T190524Z_92397,finances_liste,1,529,CAN,USA,Numero_tarifaire_canadien,84183010,8418.30.10,841830,"Réfrigérateurs, congélateurs-conservateurs et autres matériel, machines et appareils pour la production du froid, à équipement électrique ou autre; pompes à chaleur autres que les machines et appareils pour le conditionnement de l'air du no 84.15.","- Meubles congélateurs-conservateurs du type coffre, d'une capacité n'excédant pas 800 litres : De type ménager",25,NA,En vigueur à compter du 8 septembre 2026,2026-09-08,NA,table_recapitulative_extraite_conditions_non_resolues,2026-10-05T18:47:45Z
20261005T190524Z_92397,finances_liste,1,530,CAN,USA,Numero_tarifaire_canadien,84184010,8418.40.10,841840,"Réfrigérateurs, congélateurs-conservateurs et autres matériel, machines et appareils pour la production du froid, à équipement électrique ou autre; pompes à chaleur autres que les machines et appareils pour le conditionnement de l'air du no 84.15.","- Meubles congélateurs-conservateurs du type armoire, d'une capacité n'excédant pas 900 litres : De type pour banques de sang; De type ménager; Pouvant atteindre des températures de -85 °C, à une température ambiante de 30 °C",25,NA,En vigueur à compter du 8 septembre 2026,2026-09-08,NA,table_recapitulative_extraite_conditions_non_resolues,2026-10-05T18:47:45Z
20261005T190524Z_92397,finances_liste,1,531,CAN,USA,Numero_tarifaire_canadien,84184090,8418.40.90,841840,"Réfrigérateurs, congélateurs-conservateurs et autres matériel, machines et appareils pour la production du froid, à équipement électrique ou autre; pompes à chaleur autres que les machines et appareils pour le conditionnement de l'air du no 84.15.","- Meubles congélateurs-conservateurs du type armoire, d'une capacité n'excédant pas 900 litres : Autres",25,NA,En vigueur à compter du 8 septembre 2026,2026-09-08,NA,table_recapitulative_extraite_conditions_non_resolues,2026-10-05T18:47:45Z
20261005T190524Z_92397,finances_liste,1,532,CAN,USA,Numero_tarifaire_canadien,84185010,8418.50.10,841850,"Réfrigérateurs, congélateurs-conservateurs et autres matériel, machines et appareils pour la production du froid, à équipement électrique ou autre; pompes à chaleur autres que les machines et appareils pour le conditionnement de l'air du no 84.15.","- Autres meubles (coffres, armoires, vitrines, comptoirs et similaires) pour la conservation et l'exposition de produits, incorporant un équipement pour la production du froid : Du type réfrigérateurs ou réfrigérateurs-congélateurs",50,NA,En vigueur à compter du 8 septembre 2026,2026-09-08,NA,table_recapitulative_extraite_conditions_non_resolues,2026-10-05T18:47:45Z
20261005T190524Z_92397,finances_liste,1,533,CAN,USA,Numero_tarifaire_canadien,84229010,8422.90.10,842290,"Machines à laver la vaisselle; machines et appareils servant à nettoyer ou à sécher les bouteilles ou autres récipients; machines et appareils à remplir, fermer, boucher ou étiqueter les bouteilles, boîtes, sacs ou autres contenants; machines et appareils à capsuler les bouteilles, pots, tubes et contenants analogues; autres machines et appareils à empaqueter ou emballer les marchandises (y compris les machines et appareils à emballer sous film thermorétractable); machines et appareils à gazéifier les boissons.","- Parties : Réservoirs de distribution et autres parties incorporant des réservoirs de distribution, pour les machines à laver la vaisselle de type ménager",25,NA,En vigueur à compter du 8 septembre 2026,2026-09-08,NA,table_recapitulative_extraite_conditions_non_resolues,2026-10-05T18:47:45Z
20261005T190524Z_92397,finances_liste,1,534,CAN,USA,Numero_tarifaire_canadien,84229020,8422.90.20,842290,"Machines à laver la vaisselle; machines et appareils servant à nettoyer ou à sécher les bouteilles ou autres récipients; machines et appareils à remplir, fermer, boucher ou étiqueter les bouteilles, boîtes, sacs ou autres contenants; machines et appareils à capsuler les bouteilles, pots, tubes et contenants analogues; autres machines et appareils à empaqueter ou emballer les marchandises (y compris les machines et appareils à emballer sous film thermorétractable); machines et appareils à gazéifier les boissons.",- Parties : Assemblages de portes pour les machines à laver la vaisselle de type ménager,25,NA,En vigueur à compter du 8 septembre 2026,2026-09-08,NA,table_recapitulative_extraite_conditions_non_resolues,2026-10-05T18:47:45Z
20261005T190524Z_92397,finances_liste,1,535,CAN,USA,Numero_tarifaire_canadien,84229090,8422.90.90,842290,"Machines à laver la vaisselle; machines et appareils servant à nettoyer ou à sécher les bouteilles ou autres récipients; machines et appareils à remplir, fermer, boucher ou étiqueter les bouteilles, boîtes, sacs ou autres contenants; machines et appareils à capsuler les bouteilles, pots, tubes et contenants analogues; autres machines et appareils à empaqueter ou emballer les marchandises (y compris les machines et appareils à emballer sous film thermorétractable); machines et appareils à gazéifier les boissons.",- Parties : Autres,25,NA,En vigueur à compter du 8 septembre 2026,2026-09-08,NA,table_recapitulative_extraite_conditions_non_resolues,2026-10-05T18:47:45Z
20261005T190524Z_92397,finances_liste,1,536,CAN,USA,Numero_tarifaire_canadien,84254200,8425.42.00,842542,Palans; treuils et cabestans; crics et vérins.,"- Crics et vérins : Autres crics et vérins, hydrauliques",25,NA,En vigueur à compter du 8 septembre 2026,2026-09-08,NA,table_recapitulative_extraite_conditions_non_resolues,2026-10-05T18:47:45Z
20261005T190524Z_92397,finances_liste,1,537,CAN,USA,Numero_tarifaire_canadien,84262000,8426.20.00,842620,"Bigues; grues et blondins; ponts roulants, portiques de déchargement ou de manutention, ponts-grues, chariots-cavaliers et chariots-grues.",- Grues à tour,25,NA,En vigueur à compter du 8 septembre 2026,2026-09-08,NA,table_recapitulative_extraite_conditions_non_resolues,2026-10-05T18:47:45Z
20261005T190524Z_92397,finances_liste,1,538,CAN,USA,Numero_tarifaire_canadien,84269900,8426.99.00,842699,"Bigues; grues et blondins; ponts roulants, portiques de déchargement ou de manutention, ponts-grues, chariots-cavaliers et chariots-grues.",- Autres machines et appareils : Autres,25,NA,En vigueur à compter du 8 septembre 2026,2026-09-08,NA,table_recapitulative_extraite_conditions_non_resolues,2026-10-05T18:47:45Z
20261005T190524Z_92397,finances_liste,1,539,CAN,USA,Numero_tarifaire_canadien,84271010,8427.10.10,842710,Chariots-gerbeurs; autres chariots de manutention munis d'un dispositif de levage.,"- Chariots autopropulsés à moteur électrique : Chariots-gerbeurs, autoporteurs, contrebalancés",15,NA,En vigueur à compter du 8 septembre 2026,2026-09-08,NA,table_recapitulative_extraite_conditions_non_resolues,2026-10-05T18:47:45Z
20261005T190524Z_92397,finances_liste,1,540,CAN,USA,Numero_tarifaire_canadien,84272010,8427.20.10,842720,Chariots-gerbeurs; autres chariots de manutention munis d'un dispositif de levage.,"- Autres chariots autopropulsés : Chariots-gerbeurs, autoporteurs, contrebalancés",15,NA,En vigueur à compter du 8 septembre 2026,2026-09-08,NA,table_recapitulative_extraite_conditions_non_resolues,2026-10-05T18:47:45Z
20261005T190524Z_92397,finances_liste,1,541,CAN,USA,Numero_tarifaire_canadien,84279000,8427.90.00,842790,Chariots-gerbeurs; autres chariots de manutention munis d'un dispositif de levage.,- Autres chariots,15,NA,En vigueur à compter du 8 septembre 2026,2026-09-08,NA,table_recapitulative_extraite_conditions_non_resolues,2026-10-05T18:47:45Z
20261005T190524Z_92397,finances_liste,1,542,CAN,USA,Numero_tarifaire_canadien,84286000,8428.60.00,842860,"Autres machines et appareils de levage, de chargement, de déchargement ou de manutention (ascenseurs, escaliers mécaniques, transporteurs, téléphériques, par exemple).",- Téléphériques (y compris les télésièges et remonte-pentes); mécanismes de traction pour funiculaires,15,NA,En vigueur à compter du 8 septembre 2026,2026-09-08,NA,table_recapitulative_extraite_conditions_non_resolues,2026-10-05T18:47:45Z
20261005T190524Z_92397,finances_liste,1,543,CAN,USA,Numero_tarifaire_canadien,84287000,8428.70.00,842870,"Autres machines et appareils de levage, de chargement, de déchargement ou de manutention (ascenseurs, escaliers mécaniques, transporteurs, téléphériques, par exemple).",- Robots industriels,15,NA,En vigueur à compter du 8 septembre 2026,2026-09-08,NA,table_recapitulative_extraite_conditions_non_resolues,2026-10-05T18:47:45Z
20261005T190524Z_92397,finances_liste,1,544,CAN,USA,Numero_tarifaire_canadien,84289000,8428.90.00,842890,"Autres machines et appareils de levage, de chargement, de déchargement ou de manutention (ascenseurs, escaliers mécaniques, transporteurs, téléphériques, par exemple).",- Autres machines et appareils,15,NA,En vigueur à compter du 8 septembre 2026,2026-09-08,NA,table_recapitulative_extraite_conditions_non_resolues,2026-10-05T18:47:45Z
20261005T190524Z_92397,finances_liste,1,545,CAN,USA,Numero_tarifaire_canadien,84312000,8431.20.00,843120,Parties reconnaissables comme étant exclusivement ou principalement destinées aux machines ou appareils des nos 84.25 à 84.30.,- De machines ou appareils du no 84.27,15,NA,En vigueur à compter du 8 septembre 2026,2026-09-08,NA,table_recapitulative_extraite_conditions_non_resolues,2026-10-05T18:47:45Z
20261005T190524Z_92397,finances_liste,1,546,CAN,USA,Numero_tarifaire_canadien,84313100,8431.31.00,843131,Parties reconnaissables comme étant exclusivement ou principalement destinées aux machines ou appareils des nos 84.25 à 84.30.,"- De machines ou appareils du no 84.28 : D'ascenseurs, monte-charge ou escaliers mécaniques",25,NA,En vigueur à compter du 8 septembre 2026,2026-09-08,NA,table_recapitulative_extraite_conditions_non_resolues,2026-10-05T18:47:45Z
20261005T190524Z_92397,finances_liste,1,547,CAN,USA,Numero_tarifaire_canadien,84314100,8431.41.00,843141,Parties reconnaissables comme étant exclusivement ou principalement destinées aux machines ou appareils des nos 84.25 à 84.30.,"- De machines ou appareils des nos 84.26, 84.29 ou 84.30 : Godets, bennes, bennes-preneuses, pelles, grappins et pinces",15,NA,En vigueur à compter du 8 septembre 2026,2026-09-08,NA,table_recapitulative_extraite_conditions_non_resolues,2026-10-05T18:47:45Z
20261005T190524Z_92397,finances_liste,1,548,CAN,USA,Numero_tarifaire_canadien,84314200,8431.42.00,843142,Parties reconnaissables comme étant exclusivement ou principalement destinées aux machines ou appareils des nos 84.25 à 84.30.,"- De machines ou appareils des nos 84.26, 84.29 ou 84.30 : Lames de bouteurs (bulldozers) ou de bouteurs biais (angledozers)",15,NA,En vigueur à compter du 8 septembre 2026,2026-09-08,NA,table_recapitulative_extraite_conditions_non_resolues,2026-10-05T18:47:45Z
20261005T190524Z_92397,finances_liste,1,549,CAN,USA,Numero_tarifaire_canadien,84314300,8431.43.00,843143,Parties reconnaissables comme étant exclusivement ou principalement destinées aux machines ou appareils des nos 84.25 à 84.30.,"- De machines ou appareils des nos 84.26, 84.29 ou 84.30 : Parties de machines de sondage ou de forage des nos 8430.41 ou 8430.49",25,NA,En vigueur à compter du 8 septembre 2026,2026-09-08,NA,table_recapitulative_extraite_conditions_non_resolues,2026-10-05T18:47:45Z
20261005T190524Z_92397,finances_liste,1,550,CAN,USA,Numero_tarifaire_canadien,84314900,8431.49.00,843149,Parties reconnaissables comme étant exclusivement ou principalement destinées aux machines ou appareils des nos 84.25 à 84.30.,"- De machines ou appareils des nos 84.26, 84.29 ou 84.30 : Autres",15,NA,En vigueur à compter du 8 septembre 2026,2026-09-08,NA,table_recapitulative_extraite_conditions_non_resolues,2026-10-05T18:47:45Z
20261005T190524Z_92397,finances_liste,1,551,CAN,USA,Numero_tarifaire_canadien,84331100,8433.11.00,843311,"Machines, appareils et engins pour la récolte ou le battage des produits agricoles, y compris les presses à paille ou à fourrage; tondeuses à gazon et faucheuses; machines pour le nettoyage ou le triage des oeufs, fruits ou autres produits agricoles, autres que les machines et appareils du no 84.37.","- Tondeuses à gazon : À moteur, dont le dispositif de coupe tourne dans un plan horizontal",25,NA,En vigueur à compter du 8 septembre 2026,2026-09-08,NA,table_recapitulative_extraite_conditions_non_resolues,2026-10-05T18:47:45Z
20261005T190524Z_92397,finances_liste,1,552,CAN,USA,Numero_tarifaire_canadien,84332000,8433.20.00,843320,"Machines, appareils et engins pour la récolte ou le battage des produits agricoles, y compris les presses à paille ou à fourrage; tondeuses à gazon et faucheuses; machines pour le nettoyage ou le triage des oeufs, fruits ou autres produits agricoles, autres que les machines et appareils du no 84.37.","- Faucheuses, y compris les barres de coupe à monter sur tracteur",15,NA,En vigueur à compter du 8 septembre 2026,2026-09-08,NA,table_recapitulative_extraite_conditions_non_resolues,2026-10-05T18:47:45Z
20261005T190524Z_92397,finances_liste,1,553,CAN,USA,Numero_tarifaire_canadien,84339000,8433.90.00,843390,"Machines, appareils et engins pour la récolte ou le battage des produits agricoles, y compris les presses à paille ou à fourrage; tondeuses à gazon et faucheuses; machines pour le nettoyage ou le triage des oeufs, fruits ou autres produits agricoles, autres que les machines et appareils du no 84.37.",- Parties,15,NA,En vigueur à compter du 8 septembre 2026,2026-09-08,NA,table_recapitulative_extraite_conditions_non_resolues,2026-10-05T18:47:45Z
20261005T190524Z_92397,finances_liste,1,554,CAN,USA,Numero_tarifaire_canadien,84501110,8450.11.10,845011,"Machines à laver le linge, même avec dispositif de séchage.","- Machines d'une capacité unitaire exprimée en poids de linge sec n'excédant pas 10 kg : Machines entièrement automatiques : De type ménager, sauf les machines à laver avec dispositif de séchage",25,NA,En vigueur à compter du 8 septembre 2026,2026-09-08,NA,table_recapitulative_extraite_conditions_non_resolues,2026-10-05T18:47:45Z
20261005T190524Z_92397,finances_liste,1,555,CAN,USA,Numero_tarifaire_canadien,84501190,8450.11.90,845011,"Machines à laver le linge, même avec dispositif de séchage.",- Machines d'une capacité unitaire exprimée en poids de linge sec n'excédant pas 10 kg : Machines entièrement automatiques : Autres,25,NA,En vigueur à compter du 8 septembre 2026,2026-09-08,NA,table_recapitulative_extraite_conditions_non_resolues,2026-10-05T18:47:45Z
20261005T190524Z_92397,finances_liste,1,556,CAN,USA,Numero_tarifaire_canadien,84502000,8450.20.00,845020,"Machines à laver le linge, même avec dispositif de séchage.",- Machines d'une capacité unitaire exprimée en poids de linge sec excédant 10 kg,25,NA,En vigueur à compter du 8 septembre 2026,2026-09-08,NA,table_recapitulative_extraite_conditions_non_resolues,2026-10-05T18:47:45Z
20261005T190524Z_92397,finances_liste,1,557,CAN,USA,Numero_tarifaire_canadien,84512100,8451.21.00,845121,"Machines et appareils (autres que les machines du no 84.50) pour le lavage, le nettoyage, l'essorage, le séchage, le repassage, le pressage (y compris les presses à fixer), le blanchiment, la teinture, l'apprêt, le finissage, l'enduction ou l'imprégnation des fils, tissus ou ouvrages en matières textiles et machines pour le revêtement des tissus ou autres supports utilisés pour la fabrication de couvre-parquets tels que le linoléum; machines à enrouler, dérouler, plier, couper ou denteler les tissus.",- Machines à sécher : D'une capacité unitaire exprimée en poids de linge sec n'excédant pas 10 kg,25,NA,En vigueur à compter du 8 septembre 2026,2026-09-08,NA,table_recapitulative_extraite_conditions_non_resolues,2026-10-05T18:47:45Z
20261005T190524Z_92397,finances_liste,1,558,CAN,USA,Numero_tarifaire_canadien,84512900,8451.29.00,845129,"Machines et appareils (autres que les machines du no 84.50) pour le lavage, le nettoyage, l'essorage, le séchage, le repassage, le pressage (y compris les presses à fixer), le blanchiment, la teinture, l'apprêt, le finissage, l'enduction ou l'imprégnation des fils, tissus ou ouvrages en matières textiles et machines pour le revêtement des tissus ou autres supports utilisés pour la fabrication de couvre-parquets tels que le linoléum; machines à enrouler, dérouler, plier, couper ou denteler les tissus.",- Machines à sécher : Autres,25,NA,En vigueur à compter du 8 septembre 2026,2026-09-08,NA,table_recapitulative_extraite_conditions_non_resolues,2026-10-05T18:47:45Z
20261005T190524Z_92397,finances_liste,1,559,CAN,USA,Numero_tarifaire_canadien,84672200,8467.22.00,846722,"Outils pneumatiques, hydrauliques ou à moteur (électrique ou non électrique) incorporé, pour emploi à la main.",- À moteur électrique incorporé : Scies et tronçonneuses,25,NA,En vigueur à compter du 8 septembre 2026,2026-09-08,NA,table_recapitulative_extraite_conditions_non_resolues,2026-10-05T18:47:45Z
20261005T190524Z_92397,finances_liste,1,560,CAN,USA,Numero_tarifaire_canadien,84672900,8467.29.00,846729,"Outils pneumatiques, hydrauliques ou à moteur (électrique ou non électrique) incorporé, pour emploi à la main.",- À moteur électrique incorporé : Autres,25,NA,En vigueur à compter du 8 septembre 2026,2026-09-08,NA,table_recapitulative_extraite_conditions_non_resolues,2026-10-05T18:47:45Z
20261005T190524Z_92397,finances_liste,1,561,CAN,USA,Numero_tarifaire_canadien,84678100,8467.81.00,846781,"Outils pneumatiques, hydrauliques ou à moteur (électrique ou non électrique) incorporé, pour emploi à la main.",- Autres outils : Tronçonneuses à chaîne,25,NA,En vigueur à compter du 8 septembre 2026,2026-09-08,NA,table_recapitulative_extraite_conditions_non_resolues,2026-10-05T18:47:45Z
20261005T190524Z_92397,finances_liste,1,562,CAN,USA,Numero_tarifaire_canadien,84678900,8467.89.00,846789,"Outils pneumatiques, hydrauliques ou à moteur (électrique ou non électrique) incorporé, pour emploi à la main.",- Autres outils : Autres,25,NA,En vigueur à compter du 8 septembre 2026,2026-09-08,NA,table_recapitulative_extraite_conditions_non_resolues,2026-10-05T18:47:45Z
20261005T190524Z_92397,finances_liste,1,563,CAN,USA,Numero_tarifaire_canadien,84804900,8480.49.00,848049,"Châssis de fonderie; plaques de fond pour moules; modèles pour moules; moules pour les métaux (autres que les lingotières), les carbures métalliques, le verre, les matières minérales, le caoutchouc ou les matières plastiques.",- Moules pour les métaux ou les carbures métalliques : Autres,15,NA,En vigueur à compter du 8 septembre 2026,2026-09-08,NA,table_recapitulative_extraite_conditions_non_resolues,2026-10-05T18:47:45Z
20261005T190524Z_92397,finances_liste,1,564,CAN,USA,Numero_tarifaire_canadien,84807100,8480.71.00,848071,"Châssis de fonderie; plaques de fond pour moules; modèles pour moules; moules pour les métaux (autres que les lingotières), les carbures métalliques, le verre, les matières minérales, le caoutchouc ou les matières plastiques.",- Moules pour le caoutchouc ou les matières plastiques : Pour le moulage par injection ou par compression,15,NA,En vigueur à compter du 8 septembre 2026,2026-09-08,NA,table_recapitulative_extraite_conditions_non_resolues,2026-10-05T18:47:45Z
20261005T190524Z_92397,finances_liste,1,565,CAN,USA,Numero_tarifaire_canadien,84807900,8480.79.00,848079,"Châssis de fonderie; plaques de fond pour moules; modèles pour moules; moules pour les métaux (autres que les lingotières), les carbures métalliques, le verre, les matières minérales, le caoutchouc ou les matières plastiques.",- Moules pour le caoutchouc ou les matières plastiques : Autres,15,NA,En vigueur à compter du 8 septembre 2026,2026-09-08,NA,table_recapitulative_extraite_conditions_non_resolues,2026-10-05T18:47:45Z
20261005T190524Z_92397,finances_liste,1,566,CAN,USA,Numero_tarifaire_canadien,85098010,8509.80.10,850980,"Appareils électromécaniques à moteur électrique incorporé, à usage domestique, autres que les aspirateurs du no 85.08.",- Autres appareils : Vaporisateurs aux ultrasons,25,NA,En vigueur à compter du 8 septembre 2026,2026-09-08,NA,table_recapitulative_extraite_conditions_non_resolues,2026-10-05T18:47:45Z
20261005T190524Z_92397,finances_liste,1,567,CAN,USA,Numero_tarifaire_canadien,85098090,8509.80.90,850980,"Appareils électromécaniques à moteur électrique incorporé, à usage domestique, autres que les aspirateurs du no 85.08.",- Autres appareils : Autres,25,NA,En vigueur à compter du 8 septembre 2026,2026-09-08,NA,table_recapitulative_extraite_conditions_non_resolues,2026-10-05T18:47:45Z
20261005T190524Z_92397,finances_liste,1,568,CAN,USA,Numero_tarifaire_canadien,85166010,8516.60.10,851660,"Chauffe-eau et thermoplongeurs électriques; appareils électriques pour le chauffage des locaux, du sol ou pour usages similaires; appareils électrothermiques pour la coiffure (sèche-cheveux, appareils à friser, chauffe-fers à friser, par exemple) ou pour sécher les mains; fers à repasser électriques; autres appareils électrothermiques pour usages domestiques; résistances chauffantes, autres que celles du no 85.45.","- Autres fours; cuisinières, réchauds (y compris les tables de cuisson), grils et rôtissoires : Fours à pain; Barbecues d'intérieur sans fumée; Cuiseurs à vapeur pour le riz",25,NA,En vigueur à compter du 8 septembre 2026,2026-09-08,NA,table_recapitulative_extraite_conditions_non_resolues,2026-10-05T18:47:45Z
20261005T190524Z_92397,finances_liste,1,569,CAN,USA,Numero_tarifaire_canadien,85166020,8516.60.20,851660,"Chauffe-eau et thermoplongeurs électriques; appareils électriques pour le chauffage des locaux, du sol ou pour usages similaires; appareils électrothermiques pour la coiffure (sèche-cheveux, appareils à friser, chauffe-fers à friser, par exemple) ou pour sécher les mains; fers à repasser électriques; autres appareils électrothermiques pour usages domestiques; résistances chauffantes, autres que celles du no 85.45.","- Autres fours; cuisinières, réchauds (y compris les tables de cuisson), grils et rôtissoires : Fours et cuisinières",25,NA,En vigueur à compter du 8 septembre 2026,2026-09-08,NA,table_recapitulative_extraite_conditions_non_resolues,2026-10-05T18:47:45Z
20261005T190524Z_92397,finances_liste,1,570,CAN,USA,Numero_tarifaire_canadien,85166090,8516.60.90,851660,"Chauffe-eau et thermoplongeurs électriques; appareils électriques pour le chauffage des locaux, du sol ou pour usages similaires; appareils électrothermiques pour la coiffure (sèche-cheveux, appareils à friser, chauffe-fers à friser, par exemple) ou pour sécher les mains; fers à repasser électriques; autres appareils électrothermiques pour usages domestiques; résistances chauffantes, autres que celles du no 85.45.","- Autres fours; cuisinières, réchauds (y compris les tables de cuisson), grils et rôtissoires : Autres",25,NA,En vigueur à compter du 8 septembre 2026,2026-09-08,NA,table_recapitulative_extraite_conditions_non_resolues,2026-10-05T18:47:45Z
20261005T190524Z_92397,finances_liste,1,571,CAN,USA,Numero_tarifaire_canadien,85171300,8517.13.00,851713,"Poste téléphoniques d'usagers, y compris les téléphones intelligents et autres téléphones pour réseaux cellulaires et pour autres réseaux sans fil; autres appareils pour l'émission, la transmission ou la réception de la voix, d'images ou d'autres données, y compris les appareils pour la communication dans un réseau filaire ou sans fil (tel qu'un réseau local ou étendu), autres que ceux des nos 84.43, 85.25, 85.27 ou 85.28.","- Postes téléphoniques d'usagers, y compris les téléphones intelligents et autres téléphones pour réseaux cellulaires et pour autres réseaux sans fil : Téléphones intelligents",50,NA,En vigueur à compter du 8 septembre 2026,2026-09-08,NA,table_recapitulative_extraite_conditions_non_resolues,2026-10-05T18:47:45Z
20261005T190524Z_92397,finances_liste,1,572,CAN,USA,Numero_tarifaire_canadien,85176200,8517.62.00,851762,"Poste téléphoniques d'usagers, y compris les téléphones intelligents et autres téléphones pour réseaux cellulaires et pour autres réseaux sans fil; autres appareils pour l'émission, la transmission ou la réception de la voix, d'images ou d'autres données, y compris les appareils pour la communication dans un réseau filaire ou sans fil (tel qu'un réseau local ou étendu), autres que ceux des nos 84.43, 85.25, 85.27 ou 85.28.","- Autres appareils pour l'émission, la transmission ou la réception de la voix, d'images ou d'autres données, y compris les appareils pour la communication dans un réseau filaire ou sans fil (tel qu'un réseau local ou étendu) : Appareils pour la réception, la conversion et l'émission, la transmission ou la régénération de la voix, d'images ou d'autres données, y compris les appareils de commutation et de routage",50,NA,En vigueur à compter du 8 septembre 2026,2026-09-08,NA,table_recapitulative_extraite_conditions_non_resolues,2026-10-05T18:47:45Z
20261005T190524Z_92397,finances_liste,1,573,CAN,USA,Numero_tarifaire_canadien,85285990,8528.59.90,852859,"Moniteurs et projecteurs, n'incorporant pas d'appareil de réception de télévision; appareils récepteurs de télévision, même incorporant un appareil récepteur de radiodiffusion ou un appareil d'enregistrement ou de reproduction du son ou des images.",- Autres moniteurs : Autres : Autres,50,NA,En vigueur à compter du 8 septembre 2026,2026-09-08,NA,table_recapitulative_extraite_conditions_non_resolues,2026-10-05T18:47:45Z
20261005T190524Z_92397,finances_liste,1,574,CAN,USA,Numero_tarifaire_canadien,85299010,8529.90.10,852990,Parties reconnaissables comme étant exclusivement ou principalement destinées aux appareils des nos 85.24 à 85.28.,- Autres : Assemblages de circuits imprimés,25,NA,En vigueur à compter du 8 septembre 2026,2026-09-08,NA,table_recapitulative_extraite_conditions_non_resolues,2026-10-05T18:47:45Z
20261005T190524Z_92397,finances_liste,1,575,CAN,USA,Numero_tarifaire_canadien,85299020,8529.90.20,852990,Parties reconnaissables comme étant exclusivement ou principalement destinées aux appareils des nos 85.24 à 85.28.,"- Autres : Assemblages d'émetteurs-récepteurs pour les marchandises de la sous-position 8526.10, non dénommés ni compris ailleurs",25,NA,En vigueur à compter du 8 septembre 2026,2026-09-08,NA,table_recapitulative_extraite_conditions_non_resolues,2026-10-05T18:47:45Z
20261005T190524Z_92397,finances_liste,1,576,CAN,USA,Numero_tarifaire_canadien,85299031,8529.90.31,852990,Parties reconnaissables comme étant exclusivement ou principalement destinées aux appareils des nos 85.24 à 85.28.,- Autres : Parties de téléviseurs qui suivent (y compris de moniteurs vidéo et de projecteurs vidéo) : systèmes de détection et d'amplification de fréquence vidéo intermédiaire (FI); systèmes d'amplification et de traitement vidéo; circuits de déviation et de synchronisation; syntonisateurs et systèmes de commande des syntonisateurs; et systèmes d'amplification et de détection audio : Combinaisons des parties,25,NA,En vigueur à compter du 8 septembre 2026,2026-09-08,NA,table_recapitulative_extraite_conditions_non_resolues,2026-10-05T18:47:45Z
20261005T190524Z_92397,finances_liste,1,577,CAN,USA,Numero_tarifaire_canadien,85299039,8529.90.39,852990,Parties reconnaissables comme étant exclusivement ou principalement destinées aux appareils des nos 85.24 à 85.28.,- Autres : Parties de téléviseurs qui suivent (y compris de moniteurs vidéo et de projecteurs vidéo) : systèmes de détection et d'amplification de fréquence vidéo intermédiaire (FI); systèmes d'amplification et de traitement vidéo; circuits de déviation et de synchronisation; syntonisateurs et systèmes de commande des syntonisateurs; et systèmes d'amplification et de détection audio : Autres,25,NA,En vigueur à compter du 8 septembre 2026,2026-09-08,NA,table_recapitulative_extraite_conditions_non_resolues,2026-10-05T18:47:45Z
20261005T190524Z_92397,finances_liste,1,578,CAN,USA,Numero_tarifaire_canadien,85299050,8529.90.50,852990,Parties reconnaissables comme étant exclusivement ou principalement destinées aux appareils des nos 85.24 à 85.28.,"- Autres : Parties, y compris les plaques frontales et les dispositifs de verrouillage, pour les assemblages de circuits imprimés",25,NA,En vigueur à compter du 8 septembre 2026,2026-09-08,NA,table_recapitulative_extraite_conditions_non_resolues,2026-10-05T18:47:45Z
20261005T190524Z_92397,finances_liste,1,579,CAN,USA,Numero_tarifaire_canadien,85299060,8529.90.60,852990,Parties reconnaissables comme étant exclusivement ou principalement destinées aux appareils des nos 85.24 à 85.28.,"- Autres : Autres parties des marchandises de la position 85.25 ou 85.27, à l'exception des parties de téléphones cellulaires",25,NA,En vigueur à compter du 8 septembre 2026,2026-09-08,NA,table_recapitulative_extraite_conditions_non_resolues,2026-10-05T18:47:45Z
20261005T190524Z_92397,finances_liste,1,580,CAN,USA,Numero_tarifaire_canadien,85299090,8529.90.90,852990,Parties reconnaissables comme étant exclusivement ou principalement destinées aux appareils des nos 85.24 à 85.28.,- Autres : Autres,25,NA,En vigueur à compter du 8 septembre 2026,2026-09-08,NA,table_recapitulative_extraite_conditions_non_resolues,2026-10-05T18:47:45Z
20261005T190524Z_92397,finances_liste,1,581,CAN,USA,Numero_tarifaire_canadien,85444900,8544.49.00,854449,"Fils, câbles (y compris les câbles coaxiaux) et autres conducteurs isolés pour l'électricité (même laqués ou oxydés anodiquement), munis ou non de pièces de connexion; câbles de fibres optiques, constitués de fibres gainées individuellement, même comportant des conducteurs électriques ou munis de pièces de connexion.","- Autres conducteurs électriques, pour tensions n'excédant pas 1.000 V : Autres",25,NA,En vigueur à compter du 8 septembre 2026,2026-09-08,NA,table_recapitulative_extraite_conditions_non_resolues,2026-10-05T18:47:45Z
20261005T190524Z_92397,finances_liste,1,582,CAN,USA,Numero_tarifaire_canadien,86011000,8601.10.00,860110,"Locomotives et locotracteurs, à source extérieure d'électricité ou à accumulateurs électriques.",- À source extérieure d'électricité,25,NA,En vigueur à compter du 8 septembre 2026,2026-09-08,NA,table_recapitulative_extraite_conditions_non_resolues,2026-10-05T18:47:45Z
20261005T190524Z_92397,finances_liste,1,583,CAN,USA,Numero_tarifaire_canadien,86012000,8601.20.00,860120,"Locomotives et locotracteurs, à source extérieure d'électricité ou à accumulateurs électriques.",- À accumulateurs électriques,25,NA,En vigueur à compter du 8 septembre 2026,2026-09-08,NA,table_recapitulative_extraite_conditions_non_resolues,2026-10-05T18:47:45Z
20261005T190524Z_92397,finances_liste,1,584,CAN,USA,Numero_tarifaire_canadien,86021000,8602.10.00,860210,Autres locomotives et locotracteurs; tenders.,- Locomotives diesel-électriques,25,NA,En vigueur à compter du 8 septembre 2026,2026-09-08,NA,table_recapitulative_extraite_conditions_non_resolues,2026-10-05T18:47:45Z
20261005T190524Z_92397,finances_liste,1,585,CAN,USA,Numero_tarifaire_canadien,86029000,8602.90.00,860290,Autres locomotives et locotracteurs; tenders.,- Autres,25,NA,En vigueur à compter du 8 septembre 2026,2026-09-08,NA,table_recapitulative_extraite_conditions_non_resolues,2026-10-05T18:47:45Z
20261005T190524Z_92397,finances_liste,1,586,CAN,USA,Numero_tarifaire_canadien,86031000,8603.10.00,860310,"Automotrices et autorails, autres que ceux du no 86.04.",- À source extérieure d'électricité,25,NA,En vigueur à compter du 8 septembre 2026,2026-09-08,NA,table_recapitulative_extraite_conditions_non_resolues,2026-10-05T18:47:45Z
20261005T190524Z_92397,finances_liste,1,587,CAN,USA,Numero_tarifaire_canadien,86039000,8603.90.00,860390,"Automotrices et autorails, autres que ceux du no 86.04.",- Autres,25,NA,En vigueur à compter du 8 septembre 2026,2026-09-08,NA,table_recapitulative_extraite_conditions_non_resolues,2026-10-05T18:47:45Z
20261005T190524Z_92397,finances_liste,1,588,CAN,USA,Numero_tarifaire_canadien,86040010,8604.00.10,860400,"Véhicules pour l'entretien ou le service des voies ferrées ou similaires, même autopropulsés (wagons-ateliers, wagons-grues, wagons équipés de bourreuses à ballast, aligneuses pour voies, voitures d'essais et draisines, par exemple).","- Régaleuses à ballast; Chariots pour le transport des équipes de travail et remorques pour le matériel de voie, n'excédant pas 20 tonnes métriques; Balayeuses de ballast et soufflantes d'aiguillage combinées; Cramponneuses à alimentation manuelle pour application de maintien ou de production; Débroussailleuses sur rails; Traveleuses; Chasse-neige; Chariots à matériel; Grues à traverses; Grues à rails",25,NA,En vigueur à compter du 8 septembre 2026,2026-09-08,NA,table_recapitulative_extraite_conditions_non_resolues,2026-10-05T18:47:45Z
20261005T190524Z_92397,finances_liste,1,589,CAN,USA,Numero_tarifaire_canadien,86050000,8605.00.00,860500,"Voitures à voyageurs, fourgons à bagages, voitures postales et autres voitures spéciales, pour voies ferrées ou similaires (à l'exclusion des voitures du no 86.04).",NA,25,NA,En vigueur à compter du 8 septembre 2026,2026-09-08,NA,table_recapitulative_extraite_conditions_non_resolues,2026-10-05T18:47:45Z
20261005T190524Z_92397,finances_liste,1,590,CAN,USA,Numero_tarifaire_canadien,86071100,8607.11.00,860711,Parties de véhicules pour voies ferrées ou similaires.,"- Bogies, bissels, essieux et roues, et leurs parties : Bogies et bissels de traction",25,NA,En vigueur à compter du 8 septembre 2026,2026-09-08,NA,table_recapitulative_extraite_conditions_non_resolues,2026-10-05T18:47:45Z
20261005T190524Z_92397,finances_liste,1,591,CAN,USA,Numero_tarifaire_canadien,86071919,8607.19.19,860719,Parties de véhicules pour voies ferrées ou similaires.,"- Bogies, bissels, essieux et roues, et leurs parties : Autres, y compris les parties : Essieux : Autres",25,NA,En vigueur à compter du 8 septembre 2026,2026-09-08,NA,table_recapitulative_extraite_conditions_non_resolues,2026-10-05T18:47:45Z
20261005T190524Z_92397,finances_liste,1,592,CAN,USA,Numero_tarifaire_canadien,86071929,8607.19.29,860719,Parties de véhicules pour voies ferrées ou similaires.,"- Bogies, bissels, essieux et roues, et leurs parties : Autres, y compris les parties : Roues, avec ou sans essieux : Autres",25,NA,En vigueur à compter du 8 septembre 2026,2026-09-08,NA,table_recapitulative_extraite_conditions_non_resolues,2026-10-05T18:47:45Z
20261005T190524Z_92397,finances_liste,1,593,CAN,USA,Numero_tarifaire_canadien,86072110,8607.21.10,860721,Parties de véhicules pour voies ferrées ou similaires.,"- Freins et leurs parties : Freins à air comprimé et leurs parties : Pour les véhicules pour voies ferrées autopropulsés pour le transport des passagers, des bagages, de la poste ou des messageries; Parties devant servir à la fabrication d'appareils de freinage pour voitures de métro et de transport rapide",25,NA,En vigueur à compter du 8 septembre 2026,2026-09-08,NA,table_recapitulative_extraite_conditions_non_resolues,2026-10-05T18:47:45Z
20261005T190524Z_92397,finances_liste,1,594,CAN,USA,Numero_tarifaire_canadien,86073010,8607.30.10,860730,Parties de véhicules pour voies ferrées ou similaires.,"- Crochets et autres systèmes d'attelage, tampons de choc, et leurs parties : Pour les véhicules pour voies ferrées autopropulsés pour le transport des passagers, des bagages, de la poste ou des messageries; Devant servir à la réparation des tramways (à l'exclusion des voitures de métro) avec sabots-freins électromagnétiques glissant sur le rail; Parties devant servir à la fabrication de dispositifs d'amortisseurs hydrauliques des wagons de marchandises",25,NA,En vigueur à compter du 8 septembre 2026,2026-09-08,NA,table_recapitulative_extraite_conditions_non_resolues,2026-10-05T18:47:45Z
20261005T190524Z_92397,finances_liste,1,595,CAN,USA,Numero_tarifaire_canadien,86079100,8607.91.00,860791,Parties de véhicules pour voies ferrées ou similaires.,- Autres : De locomotives ou de locotracteurs,25,NA,En vigueur à compter du 8 septembre 2026,2026-09-08,NA,table_recapitulative_extraite_conditions_non_resolues,2026-10-05T18:47:45Z
20261005T190524Z_92397,finances_liste,1,596,CAN,USA,Numero_tarifaire_canadien,86079911,8607.99.11,860799,Parties de véhicules pour voies ferrées ou similaires.,"- Autres : Autres : De véhicules pour voies ferrées autopropulsés : Devant servir à la réparation des tramways (à l'exclusion des voitures de métro) avec sabots-freins électromagnétiques glissant sur le rail; Pour les véhicules de la position 86.04; Pour les véhicules pour voies ferrées pour le transport des passagers, des bagages, de la poste ou des messageries",25,NA,En vigueur à compter du 8 septembre 2026,2026-09-08,NA,table_recapitulative_extraite_conditions_non_resolues,2026-10-05T18:47:45Z
20261005T190524Z_92397,finances_liste,1,597,CAN,USA,Numero_tarifaire_canadien,86090010,8609.00.10,860900,Cadres et conteneurs (y compris les conteneurs-citernes et les conteneurs-réservoirs) spécialement conçus et équipés pour un ou plusieurs modes de transport.,"- Réutilisables, spécialement conçus pour le transport des éléments de véhicules automobiles qui sont en franchise des droits de douane, présentés avec les marchandises qu'ils contiennent",25,NA,En vigueur à compter du 8 septembre 2026,2026-09-08,NA,table_recapitulative_extraite_conditions_non_resolues,2026-10-05T18:47:45Z
20261005T190524Z_92397,finances_liste,1,598,CAN,USA,Numero_tarifaire_canadien,87032200,8703.22.00,870322,"Voitures de tourisme et autres véhicules automobiles principalement conçus pour le transport de personnes (autres que ceux du no 87.02), y compris les voitures du type « break » et les voitures de course.","- Autres véhicules, uniquement à moteur à piston à allumage par étincelles : D'une cylindrée excédant 1 000 cm³ mais n'excédant pas 1 500 cm³",25,NA,En vigueur à compter du 8 septembre 2026,2026-09-08,NA,table_recapitulative_extraite_conditions_non_resolues,2026-10-05T18:47:45Z
20261005T190524Z_92397,finances_liste,1,599,CAN,USA,Numero_tarifaire_canadien,87032300,8703.23.00,870323,"Voitures de tourisme et autres véhicules automobiles principalement conçus pour le transport de personnes (autres que ceux du no 87.02), y compris les voitures du type « break » et les voitures de course.","- Autres véhicules, uniquement à moteur à piston à allumage par étincelles : D'une cylindrée excédant 1 500 cm³ mais n'excédant pas 3 000 cm³",25,NA,En vigueur à compter du 8 septembre 2026,2026-09-08,NA,table_recapitulative_extraite_conditions_non_resolues,2026-10-05T18:47:45Z
20261005T190524Z_92397,finances_liste,1,600,CAN,USA,Numero_tarifaire_canadien,87032400,8703.24.00,870324,"Voitures de tourisme et autres véhicules automobiles principalement conçus pour le transport de personnes (autres que ceux du no 87.02), y compris les voitures du type « break » et les voitures de course.","- Autres véhicules, uniquement à moteur à piston à allumage par étincelles : D'une cylindrée excédant 3 000 cm³",25,NA,En vigueur à compter du 8 septembre 2026,2026-09-08,NA,table_recapitulative_extraite_conditions_non_resolues,2026-10-05T18:47:45Z
20261005T190524Z_92397,finances_liste,1,601,CAN,USA,Numero_tarifaire_canadien,87033100,8703.31.00,870331,"Voitures de tourisme et autres véhicules automobiles principalement conçus pour le transport de personnes (autres que ceux du no 87.02), y compris les voitures du type « break » et les voitures de course.","- Autres véhicules, uniquement à moteur à piston à allumage par compression (diesel ou semi-diesel) : D'une cylindrée n'excédant pas 1 500 cm³",25,NA,En vigueur à compter du 8 septembre 2026,2026-09-08,NA,table_recapitulative_extraite_conditions_non_resolues,2026-10-05T18:47:45Z
20261005T190524Z_92397,finances_liste,1,602,CAN,USA,Numero_tarifaire_canadien,87033200,8703.32.00,870332,"Voitures de tourisme et autres véhicules automobiles principalement conçus pour le transport de personnes (autres que ceux du no 87.02), y compris les voitures du type « break » et les voitures de course.","- Autres véhicules, uniquement à moteur à piston à allumage par compression (diesel ou semi-diesel) : D'une cylindrée excédant 1 500 cm³ mais n'excédant pas 2 500 cm³",25,NA,En vigueur à compter du 8 septembre 2026,2026-09-08,NA,table_recapitulative_extraite_conditions_non_resolues,2026-10-05T18:47:45Z
20261005T190524Z_92397,finances_liste,1,603,CAN,USA,Numero_tarifaire_canadien,87033300,8703.33.00,870333,"Voitures de tourisme et autres véhicules automobiles principalement conçus pour le transport de personnes (autres que ceux du no 87.02), y compris les voitures du type « break » et les voitures de course.","- Autres véhicules, uniquement à moteur à piston à allumage par compression (diesel ou semi-diesel) : D'une cylindrée excédant 2 500 cm³",25,NA,En vigueur à compter du 8 septembre 2026,2026-09-08,NA,table_recapitulative_extraite_conditions_non_resolues,2026-10-05T18:47:45Z
20261005T190524Z_92397,finances_liste,1,604,CAN,USA,Numero_tarifaire_canadien,87034010,8703.40.10,870340,"Voitures de tourisme et autres véhicules automobiles principalement conçus pour le transport de personnes (autres que ceux du no 87.02), y compris les voitures du type « break » et les voitures de course.","- Autres véhicules, équipés à la fois, pour la propulsion, d'un moteur à piston à allumage par étincelles et d'un moteur électrique, autres que ceux pouvant être chargés en se branchant à une source externe d'alimentation électrique : D'une cylindrée n'excédant pas 1 000 cm³",25,NA,En vigueur à compter du 8 septembre 2026,2026-09-08,NA,table_recapitulative_extraite_conditions_non_resolues,2026-10-05T18:47:45Z
20261005T190524Z_92397,finances_liste,1,605,CAN,USA,Numero_tarifaire_canadien,87034090,8703.40.90,870340,"Voitures de tourisme et autres véhicules automobiles principalement conçus pour le transport de personnes (autres que ceux du no 87.02), y compris les voitures du type « break » et les voitures de course.","- Autres véhicules, équipés à la fois, pour la propulsion, d'un moteur à piston à allumage par étincelles et d'un moteur électrique, autres que ceux pouvant être chargés en se branchant à une source externe d'alimentation électrique : Autres",25,NA,En vigueur à compter du 8 septembre 2026,2026-09-08,NA,table_recapitulative_extraite_conditions_non_resolues,2026-10-05T18:47:45Z
20261005T190524Z_92397,finances_liste,1,606,CAN,USA,Numero_tarifaire_canadien,87035000,8703.50.00,870350,"Voitures de tourisme et autres véhicules automobiles principalement conçus pour le transport de personnes (autres que ceux du no 87.02), y compris les voitures du type « break » et les voitures de course.","- Autres véhicules, équipés à la fois, pour la propulsion, d'un moteur à piston à allumage par compression (diesel ou semi-diesel) et d'un moteur électrique, autres que ceux pouvant être chargés en se branchant à une source externe d'alimentation électrique",25,NA,En vigueur à compter du 8 septembre 2026,2026-09-08,NA,table_recapitulative_extraite_conditions_non_resolues,2026-10-05T18:47:45Z
20261005T190524Z_92397,finances_liste,1,607,CAN,USA,Numero_tarifaire_canadien,87036010,8703.60.10,870360,"Voitures de tourisme et autres véhicules automobiles principalement conçus pour le transport de personnes (autres que ceux du no 87.02), y compris les voitures du type « break » et les voitures de course.","- Autres véhicules, équipés à la fois, pour la propulsion, d'un moteur à piston à allumage par étincelles et d'un moteur électrique, pouvant être chargés en se branchant à une source externe d'alimentation électrique : D'une cylindrée n'excédant pas 1 000 cm³",25,NA,En vigueur à compter du 8 septembre 2026,2026-09-08,NA,table_recapitulative_extraite_conditions_non_resolues,2026-10-05T18:47:45Z
20261005T190524Z_92397,finances_liste,1,608,CAN,USA,Numero_tarifaire_canadien,87036090,8703.60.90,870360,"Voitures de tourisme et autres véhicules automobiles principalement conçus pour le transport de personnes (autres que ceux du no 87.02), y compris les voitures du type « break » et les voitures de course.","- Autres véhicules, équipés à la fois, pour la propulsion, d'un moteur à piston à allumage par étincelles et d'un moteur électrique, pouvant être chargés en se branchant à une source externe d'alimentation électrique : Autres",25,NA,En vigueur à compter du 8 septembre 2026,2026-09-08,NA,table_recapitulative_extraite_conditions_non_resolues,2026-10-05T18:47:45Z
20261005T190524Z_92397,finances_liste,1,609,CAN,USA,Numero_tarifaire_canadien,87037000,8703.70.00,870370,"Voitures de tourisme et autres véhicules automobiles principalement conçus pour le transport de personnes (autres que ceux du no 87.02), y compris les voitures du type « break » et les voitures de course.","- Autres véhicules, équipés à la fois, pour la propulsion, d'un moteur à piston à allumage par compression (diesel ou semi-diesel) et d'un moteur électrique, pouvant être chargés en se branchant à une source externe d'alimentation électrique",25,NA,En vigueur à compter du 8 septembre 2026,2026-09-08,NA,table_recapitulative_extraite_conditions_non_resolues,2026-10-05T18:47:45Z
20261005T190524Z_92397,finances_liste,1,610,CAN,USA,Numero_tarifaire_canadien,87038000,8703.80.00,870380,"Voitures de tourisme et autres véhicules automobiles principalement conçus pour le transport de personnes (autres que ceux du no 87.02), y compris les voitures du type « break » et les voitures de course.","- Autres véhicules, équipés uniquement d'un moteur électrique pour la propulsion",25,NA,En vigueur à compter du 8 septembre 2026,2026-09-08,NA,table_recapitulative_extraite_conditions_non_resolues,2026-10-05T18:47:45Z
20261005T190524Z_92397,finances_liste,1,611,CAN,USA,Numero_tarifaire_canadien,87039000,8703.90.00,870390,"Voitures de tourisme et autres véhicules automobiles principalement conçus pour le transport de personnes (autres que ceux du no 87.02), y compris les voitures du type « break » et les voitures de course.",- Autres,25,NA,En vigueur à compter du 8 septembre 2026,2026-09-08,NA,table_recapitulative_extraite_conditions_non_resolues,2026-10-05T18:47:45Z
20261005T190524Z_92397,finances_liste,1,612,CAN,USA,Numero_tarifaire_canadien,87042190,8704.21.90,870421,Véhicules automobiles pour le transport de marchandises.,"- Autres, uniquement à moteur à piston à allumage par compression (diesel ou semi-diesel) : D'un poids en charge maximal n'excédant pas 5 tonnes métriques : Autres",25,NA,En vigueur à compter du 8 septembre 2026,2026-09-08,NA,table_recapitulative_extraite_conditions_non_resolues,2026-10-05T18:47:45Z
20261005T190524Z_92397,finances_liste,1,613,CAN,USA,Numero_tarifaire_canadien,87043100,8704.31.00,870431,Véhicules automobiles pour le transport de marchandises.,"- Autres, uniquement à moteur à piston à allumage par étincelles : D'un poids en charge maximal n'excédant pas 5 tonnes métriques",25,NA,En vigueur à compter du 8 septembre 2026,2026-09-08,NA,table_recapitulative_extraite_conditions_non_resolues,2026-10-05T18:47:45Z
20261005T190524Z_92397,finances_liste,1,614,CAN,USA,Numero_tarifaire_canadien,87044190,8704.41.90,870441,Véhicules automobiles pour le transport de marchandises.,"- Autres, équipés à la fois, pour la propulsion, d'un moteur à piston à allumage par compression (diesel ou semi-diesel) et d'un moteur électrique : D'un poids en charge maximal n'excédant pas 5 tonnes : Autres",25,NA,En vigueur à compter du 8 septembre 2026,2026-09-08,NA,table_recapitulative_extraite_conditions_non_resolues,2026-10-05T18:47:45Z
20261005T190524Z_92397,finances_liste,1,615,CAN,USA,Numero_tarifaire_canadien,87045100,8704.51.00,870451,Véhicules automobiles pour le transport de marchandises.,"- Autres, équipés à la fois, pour la propulsion, d'un moteur à piston à allumage par étincelles et d'un moteur électrique : D'un poids en charge maximal n'excédant pas 5 tonnes",25,NA,En vigueur à compter du 8 septembre 2026,2026-09-08,NA,table_recapitulative_extraite_conditions_non_resolues,2026-10-05T18:47:45Z
20261005T190524Z_92397,finances_liste,1,616,CAN,USA,Numero_tarifaire_canadien,87046000,8704.60.00,870460,Véhicules automobiles pour le transport de marchandises.,"- Autres, uniquement à moteur électrique pour la propulsion",25,NA,En vigueur à compter du 8 septembre 2026,2026-09-08,NA,table_recapitulative_extraite_conditions_non_resolues,2026-10-05T18:47:45Z
20261005T190524Z_92397,finances_liste,1,617,CAN,USA,Numero_tarifaire_canadien,87115000,8711.50.00,871150,"Motocycles (y compris les cyclomoteurs) et cycles équipés d'un moteur auxiliaire, avec ou sans side-cars; side-cars.","- À moteur à piston, d'une cylindrée excédant 800 cm³",50,NA,En vigueur à compter du 8 septembre 2026,2026-09-08,NA,table_recapitulative_extraite_conditions_non_resolues,2026-10-05T18:47:45Z
20261005T190524Z_92397,finances_liste,1,618,CAN,USA,Numero_tarifaire_canadien,87163910,8716.39.10,871639,Remorques et semi-remorques pour tous véhicules; autres véhicules non automobiles; leurs parties.,"- Autres remorques et semi-remorques pour le transport de marchandises : Autres : Remorques à structure d'aluminium à panneau central amovible pour le bétail ayant une masse de charge d'au moins 11,778 tonnes métriques et une longeur excédant 12 m",25,NA,En vigueur à compter du 8 septembre 2026,2026-09-08,NA,table_recapitulative_extraite_conditions_non_resolues,2026-10-05T18:47:45Z
20261005T190524Z_92397,finances_liste,1,619,CAN,USA,Numero_tarifaire_canadien,87163920,8716.39.20,871639,Remorques et semi-remorques pour tous véhicules; autres véhicules non automobiles; leurs parties.,"- Autres remorques et semi-remorques pour le transport de marchandises : Autres : Charrettes agricoles, voitures de débardage ou voitures à marchandises; Remorques pour camions forestiers autopropulsés de la position 87.04",25,NA,En vigueur à compter du 8 septembre 2026,2026-09-08,NA,table_recapitulative_extraite_conditions_non_resolues,2026-10-05T18:47:45Z
20261005T190524Z_92397,finances_liste,1,620,CAN,USA,Numero_tarifaire_canadien,87163930,8716.39.30,871639,Remorques et semi-remorques pour tous véhicules; autres véhicules non automobiles; leurs parties.,"- Autres remorques et semi-remorques pour le transport de marchandises : Autres : Remorques et semi-remorques pour tracteurs routiers ou pour véhicules automobiles pour le transport de marchandises (à l'exclusion de remorques pour motoneiges, utilitaires, pour bateaux ou chevaux, non-commerciales, et remorques devant servir d'accessoires permanents pour machines ou appareils)",25,NA,En vigueur à compter du 8 septembre 2026,2026-09-08,NA,table_recapitulative_extraite_conditions_non_resolues,2026-10-05T18:47:45Z
20261005T190524Z_92397,finances_liste,1,621,CAN,USA,Numero_tarifaire_canadien,87163990,8716.39.90,871639,Remorques et semi-remorques pour tous véhicules; autres véhicules non automobiles; leurs parties.,- Autres remorques et semi-remorques pour le transport de marchandises : Autres : Autres,25,NA,En vigueur à compter du 8 septembre 2026,2026-09-08,NA,table_recapitulative_extraite_conditions_non_resolues,2026-10-05T18:47:45Z
20261005T190524Z_92397,finances_liste,1,622,CAN,USA,Numero_tarifaire_canadien,94013910,9401.39.10,940139,"Sièges (à l'exclusion de ceux du no 94.02), même transformables en lits, et leurs parties.","- Sièges pivotants, ajustables en hauteur : Autres : Pour usages domestiques",50,NA,En vigueur à compter du 8 septembre 2026,2026-09-08,NA,table_recapitulative_extraite_conditions_non_resolues,2026-10-05T18:47:45Z
20261005T190524Z_92397,finances_liste,1,623,CAN,USA,Numero_tarifaire_canadien,94013990,9401.39.90,940139,"Sièges (à l'exclusion de ceux du no 94.02), même transformables en lits, et leurs parties.","- Sièges pivotants, ajustables en hauteur : Autres : Autres",50,NA,En vigueur à compter du 8 septembre 2026,2026-09-08,NA,table_recapitulative_extraite_conditions_non_resolues,2026-10-05T18:47:45Z
20261005T190524Z_92397,finances_liste,1,624,CAN,USA,Numero_tarifaire_canadien,94016110,9401.61.10,940161,"Sièges (à l'exclusion de ceux du no 94.02), même transformables en lits, et leurs parties.","- Autres sièges, avec bâti en bois : Rembourrés : Pour usages domestiques",25,NA,En vigueur à compter du 8 septembre 2026,2026-09-08,NA,table_recapitulative_extraite_conditions_non_resolues,2026-10-05T18:47:45Z
20261005T190524Z_92397,finances_liste,1,625,CAN,USA,Numero_tarifaire_canadien,94016190,9401.61.90,940161,"Sièges (à l'exclusion de ceux du no 94.02), même transformables en lits, et leurs parties.","- Autres sièges, avec bâti en bois : Rembourrés : Autres",25,NA,En vigueur à compter du 8 septembre 2026,2026-09-08,NA,table_recapitulative_extraite_conditions_non_resolues,2026-10-05T18:47:45Z
20261005T190524Z_92397,finances_liste,1,626,CAN,USA,Numero_tarifaire_canadien,94016910,9401.69.10,940169,"Sièges (à l'exclusion de ceux du no 94.02), même transformables en lits, et leurs parties.","- Autres sièges, avec bâti en bois : Autres : Pour usages domestiques",50,NA,En vigueur à compter du 8 septembre 2026,2026-09-08,NA,table_recapitulative_extraite_conditions_non_resolues,2026-10-05T18:47:45Z
20261005T190524Z_92397,finances_liste,1,627,CAN,USA,Numero_tarifaire_canadien,94016990,9401.69.90,940169,"Sièges (à l'exclusion de ceux du no 94.02), même transformables en lits, et leurs parties.","- Autres sièges, avec bâti en bois : Autres : Autres",50,NA,En vigueur à compter du 8 septembre 2026,2026-09-08,NA,table_recapitulative_extraite_conditions_non_resolues,2026-10-05T18:47:45Z
20261005T190524Z_92397,finances_liste,1,628,CAN,USA,Numero_tarifaire_canadien,94017110,9401.71.10,940171,"Sièges (à l'exclusion de ceux du no 94.02), même transformables en lits, et leurs parties.","- Autres sièges, avec bâti en métal : Rembourrés : Pour usages domestiques",50,NA,En vigueur à compter du 8 septembre 2026,2026-09-08,NA,table_recapitulative_extraite_conditions_non_resolues,2026-10-05T18:47:45Z
20261005T190524Z_92397,finances_liste,1,629,CAN,USA,Numero_tarifaire_canadien,94017190,9401.71.90,940171,"Sièges (à l'exclusion de ceux du no 94.02), même transformables en lits, et leurs parties.","- Autres sièges, avec bâti en métal : Rembourrés : Autres",50,NA,En vigueur à compter du 8 septembre 2026,2026-09-08,NA,table_recapitulative_extraite_conditions_non_resolues,2026-10-05T18:47:45Z
20261005T190524Z_92397,finances_liste,1,630,CAN,USA,Numero_tarifaire_canadien,94017910,9401.79.10,940179,"Sièges (à l'exclusion de ceux du no 94.02), même transformables en lits, et leurs parties.","- Autres sièges, avec bâti en métal : Autres : Pour usages domestiques",50,NA,En vigueur à compter du 8 septembre 2026,2026-09-08,NA,table_recapitulative_extraite_conditions_non_resolues,2026-10-05T18:47:45Z
20261005T190524Z_92397,finances_liste,1,631,CAN,USA,Numero_tarifaire_canadien,94017990,9401.79.90,940179,"Sièges (à l'exclusion de ceux du no 94.02), même transformables en lits, et leurs parties.","- Autres sièges, avec bâti en métal : Autres : Autres",50,NA,En vigueur à compter du 8 septembre 2026,2026-09-08,NA,table_recapitulative_extraite_conditions_non_resolues,2026-10-05T18:47:45Z
20261005T190524Z_92397,finances_liste,1,632,CAN,USA,Numero_tarifaire_canadien,94032000,9403.20.00,940320,Autres meubles et leurs parties.,- Autres meubles en métal,50,NA,En vigueur à compter du 8 septembre 2026,2026-09-08,NA,table_recapitulative_extraite_conditions_non_resolues,2026-10-05T18:47:45Z
20261005T190524Z_92397,finances_liste,1,633,CAN,USA,Numero_tarifaire_canadien,94034000,9403.40.00,940340,Autres meubles et leurs parties.,- Meubles en bois des types utilisés dans les cuisines,25,NA,En vigueur à compter du 8 septembre 2026,2026-09-08,NA,table_recapitulative_extraite_conditions_non_resolues,2026-10-05T18:47:45Z
20261005T190524Z_92397,finances_liste,1,634,CAN,USA,Numero_tarifaire_canadien,94035000,9403.50.00,940350,Autres meubles et leurs parties.,- Meubles en bois des types utilisés dans les chambres à coucher,50,NA,En vigueur à compter du 8 septembre 2026,2026-09-08,NA,table_recapitulative_extraite_conditions_non_resolues,2026-10-05T18:47:45Z
20261005T190524Z_92397,finances_liste,1,635,CAN,USA,Numero_tarifaire_canadien,94036010,9403.60.10,940360,Autres meubles et leurs parties.,- Autres meubles en bois : Pour usages domestiques,50,NA,En vigueur à compter du 8 septembre 2026,2026-09-08,NA,table_recapitulative_extraite_conditions_non_resolues,2026-10-05T18:47:45Z
20261005T190524Z_92397,finances_liste,1,636,CAN,USA,Numero_tarifaire_canadien,94036090,9403.60.90,940360,Autres meubles et leurs parties.,- Autres meubles en bois : Autres,50,NA,En vigueur à compter du 8 septembre 2026,2026-09-08,NA,table_recapitulative_extraite_conditions_non_resolues,2026-10-05T18:47:45Z
20261005T190524Z_92397,finances_liste,1,637,CAN,USA,Numero_tarifaire_canadien,94037010,9403.70.10,940370,Autres meubles et leurs parties.,- Meubles en matières plastiques : Pour usages domestiques,50,NA,En vigueur à compter du 8 septembre 2026,2026-09-08,NA,table_recapitulative_extraite_conditions_non_resolues,2026-10-05T18:47:45Z
20261005T190524Z_92397,finances_liste,1,638,CAN,USA,Numero_tarifaire_canadien,94037090,9403.70.90,940370,Autres meubles et leurs parties.,- Meubles en matières plastiques : Autres,50,NA,En vigueur à compter du 8 septembre 2026,2026-09-08,NA,table_recapitulative_extraite_conditions_non_resolues,2026-10-05T18:47:45Z
20261005T190524Z_92397,finances_liste,1,639,CAN,USA,Numero_tarifaire_canadien,94039100,9403.91.00,940391,Autres meubles et leurs parties.,- Parties : En bois,25,NA,En vigueur à compter du 8 septembre 2026,2026-09-08,NA,table_recapitulative_extraite_conditions_non_resolues,2026-10-05T18:47:45Z
20261005T190524Z_92397,finances_liste,1,640,CAN,USA,Numero_tarifaire_canadien,94051100,9405.11.00,940511,"Luminaires et appareils d'éclairage (y compris les projecteurs) et leurs parties, non dénommés ni compris ailleurs; lampes-réclames, enseignes lumineuses, plaques indicatrices lumineuses et articles similaires, possédant une source d'éclairage fixée à demeure, et leurs parties non dénommées ni comprises ailleurs.","- Lustres et autres luminaires électriques à suspendre ou à fixer au plafond ou au mur, à l'exclusion de ceux des types utilisés pour l'éclairage des espaces et voies publiques : Conçus pour être utilisés uniquement avec des sources lumineuses à diodes émettrices de lumière (LED)",50,NA,En vigueur à compter du 8 septembre 2026,2026-09-08,NA,table_recapitulative_extraite_conditions_non_resolues,2026-10-05T18:47:45Z
20261005T190524Z_92397,finances_liste,1,641,CAN,USA,Numero_tarifaire_canadien,94054210,9405.42.10,940542,"Luminaires et appareils d'éclairage (y compris les projecteurs) et leurs parties, non dénommés ni compris ailleurs; lampes-réclames, enseignes lumineuses, plaques indicatrices lumineuses et articles similaires, possédant une source d'éclairage fixée à demeure, et leurs parties non dénommées ni comprises ailleurs.","- Autres luminaires et appareils d'éclairage électriques : Autres, conçus pour être utilisés uniquement avec des sources lumineuses à diodes émettrices de lumière (LED) : Projecteurs pour cinéma ou théâtre",50,NA,En vigueur à compter du 8 septembre 2026,2026-09-08,NA,table_recapitulative_extraite_conditions_non_resolues,2026-10-05T18:47:45Z
20261005T190524Z_92397,finances_liste,1,642,CAN,USA,Numero_tarifaire_canadien,94054290,9405.42.90,940542,"Luminaires et appareils d'éclairage (y compris les projecteurs) et leurs parties, non dénommés ni compris ailleurs; lampes-réclames, enseignes lumineuses, plaques indicatrices lumineuses et articles similaires, possédant une source d'éclairage fixée à demeure, et leurs parties non dénommées ni comprises ailleurs.","- Autres luminaires et appareils d'éclairage électriques : Autres, conçus pour être utilisés uniquement avec des sources lumineuses à diodes émettrices de lumière (LED) : Autres",50,NA,En vigueur à compter du 8 septembre 2026,2026-09-08,NA,table_recapitulative_extraite_conditions_non_resolues,2026-10-05T18:47:45Z
20261005T190524Z_92397,finances_liste,1,643,CAN,USA,Numero_tarifaire_canadien,94059900,9405.99.00,940599,"Luminaires et appareils d'éclairage (y compris les projecteurs) et leurs parties, non dénommés ni compris ailleurs; lampes-réclames, enseignes lumineuses, plaques indicatrices lumineuses et articles similaires, possédant une source d'éclairage fixée à demeure, et leurs parties non dénommées ni comprises ailleurs.",- Parties : Autres,50,NA,En vigueur à compter du 8 septembre 2026,2026-09-08,NA,table_recapitulative_extraite_conditions_non_resolues,2026-10-05T18:47:45Z
20261005T190524Z_92397,finances_liste,1,644,CAN,USA,Numero_tarifaire_canadien,95045000,9504.50.00,950450,"Consoles et machines de jeux vidéo, jeux de société, y compris les jeux à moteur ou à mouvement, les billards, les tables spéciales pour jeux de casino, les jeux de quilles automatiques (bowlings, par exemple), les jeux fonctionnant par l'introduction d'une pièce de monnaie, d'un billet de banque, d'une carte bancaire, d'un jeton ou par tout autre moyen de paiement.","- Consoles et machines de jeux vidéo, autres que celles du no 9504.30",50,NA,En vigueur à compter du 8 septembre 2026,2026-09-08,NA,table_recapitulative_extraite_conditions_non_resolues,2026-10-05T18:47:45Z
20261005T190524Z_92397,finances_liste,1,645,CAN,USA,Numero_tarifaire_canadien,95063900,9506.39.00,950639,"Articles et matériel pour la culture physique, la gymnastique, l'athlétisme, les autres sports (y compris le tennis de table) ou les jeux de plein air, non dénommés ni compris ailleurs dans le présent Chapitre; piscines et pataugeoires.",- Clubs de golf et autre matériel pour le golf : Autres,50,NA,En vigueur à compter du 8 septembre 2026,2026-09-08,NA,table_recapitulative_extraite_conditions_non_resolues,2026-10-05T18:47:45Z
20261005T190524Z_92397,finances_liste,1,646,CAN,USA,Numero_tarifaire_canadien,95069100,9506.91.00,950691,"Articles et matériel pour la culture physique, la gymnastique, l'athlétisme, les autres sports (y compris le tennis de table) ou les jeux de plein air, non dénommés ni compris ailleurs dans le présent Chapitre; piscines et pataugeoires.","- Autres : Articles et matériel pour la culture physique, la gymnastique ou l'athlétisme",50,NA,En vigueur à compter du 8 septembre 2026,2026-09-08,NA,table_recapitulative_extraite_conditions_non_resolues,2026-10-05T18:47:45Z
20261005T190524Z_92397,finances_liste,1,647,CAN,USA,Numero_tarifaire_canadien,95069900,9506.99.00,950699,"Articles et matériel pour la culture physique, la gymnastique, l'athlétisme, les autres sports (y compris le tennis de table) ou les jeux de plein air, non dénommés ni compris ailleurs dans le présent Chapitre; piscines et pataugeoires.",- Autres : Autres,50,NA,En vigueur à compter du 8 septembre 2026,2026-09-08,NA,table_recapitulative_extraite_conditions_non_resolues,2026-10-05T18:47:45Z
20261005T190524Z_92397,finances_liste,1,648,CAN,USA,Numero_tarifaire_canadien,95071090,9507.10.90,950710,"Cannes à pêche, hameçons et autres articles pour la pêche à la ligne; épuisettes pour tous usages; leurres (autres que ceux des nos 92.08 ou 97.05) et articles de chasse similaires.",- Cannes à pêche : Autres,50,NA,En vigueur à compter du 8 septembre 2026,2026-09-08,NA,table_recapitulative_extraite_conditions_non_resolues,2026-10-05T18:47:45Z
