cle_segment,segment_source,id_individu_source,type_deplacement,rang_arrivee,date_heure_depart,date_heure_arrivee,longitude_depart,latitude_depart,longitude_arrivee,latitude_arrivee,duree_h,distance_ligne_droite_m,vitesse_pas_m_h,angle_rotation_abs_deg,intervalle_sup_13_1h
RAF_1,1,20000611000,Traversée sur glace,2,2007-04-20T04:00:00,2007-04-20T11:00:00,-74.608904,53.640034,-74.615609,53.701219,7,6773.56626810266,967.6523240146656,NA,FALSE
RAF_1,1,20000611000,Traversée sur glace,3,2007-04-20T11:00:00,2007-04-20T18:00:00,-74.615609,53.701219,-74.561503,53.907714,7,23085.839871858618,3297.977124551231,12.520519677751075,FALSE
RAF_2,2,20000611000,Contournement,2,2007-05-05T01:02:00,2007-05-05T08:02:00,-74.788021,56.063254,-74.791959,56.089851,7,2953.1868541403446,421.8838363057635,NA,FALSE
RAF_2,2,20000611000,Contournement,3,2007-05-05T08:02:00,2007-05-05T22:02:00,-74.791959,56.089851,-74.904035,56.242255,14,18230.575404204956,1302.183957443211,17.528852860786483,TRUE
RAF_3,3,2004007,Traversée sur glace,2,2007-04-26T07:01:00,2007-04-26T14:01:00,-75.376095,53.633777,-75.362537,53.819859,7,20576.534190032962,2939.504884290423,NA,FALSE
RAF_3,3,2004007,Traversée sur glace,3,2007-04-26T14:01:00,2007-04-26T21:00:00,-75.362537,53.819859,-75.346785,53.96722,6.983333333333333,16313.04609940078,2335.9970548067945,1.1269258432808409,FALSE
RAF_4,4,2004007,Traversée sur glace,2,2007-05-07T09:00:00,2007-05-07T16:01:00,-74.764891,56.120872,-74.724922,56.241331,7.016666666666667,13557.364964417955,1932.1660281830814,NA,FALSE
RAF_4,4,2004007,Traversée sur glace,3,2007-05-07T16:01:00,2007-05-07T23:01:00,-74.724922,56.241331,-74.702845,56.367306,7,14009.416142258417,2001.3451631797739,4.944729647119149,FALSE
RAF_5,5,2004007,Contournement,2,2007-11-19T02:00:00,2007-11-19T09:00:00,-71.284159,54.647405,-71.291108,54.645396,7,497.67427317900325,71.09632473985761,NA,FALSE
RAF_5,5,2004007,Contournement,3,2007-11-19T09:00:00,2007-11-19T16:00:00,-71.291108,54.645396,-71.396491,54.634446,7,6863.1254027928035,980.4464861132576,16.385822258952714,FALSE
RAF_5,5,2004007,Contournement,4,2007-11-19T16:00:00,2007-11-19T23:00:00,-71.396491,54.634446,-71.457135,54.641032,7,3955.3440108778045,565.049144411115,20.827430996084036,FALSE
RAF_6,6,2004007,Contournement,2,2008-11-06T22:00:00,2008-11-07T05:00:00,-72.460879,55.269324,-72.544106,55.259196,7,5372.998562116765,767.5712231595379,NA,FALSE
RAF_6,6,2004007,Contournement,3,2008-11-07T05:00:00,2008-11-07T12:00:00,-72.544106,55.259196,-72.573405,55.258369,7,1852.4614126523898,264.6373446646271,9.245697324090948,FALSE
RAF_6,6,2004007,Contournement,4,2008-11-07T12:00:00,2008-11-07T19:00:00,-72.573405,55.258369,-72.764433,55.224146,7,12647.72765251316,1806.8182360733085,14.491040771516277,FALSE
RAF_6,6,2004007,Contournement,5,2008-11-07T19:00:00,2008-11-08T02:00:00,-72.764433,55.224146,-72.913158,55.203959,7,9663.418219743871,1380.4883171062672,4.19016130754607,FALSE
RAF_6,6,2004007,Contournement,6,2008-11-08T02:00:00,2008-11-08T09:01:00,-72.913158,55.203959,-73.035421,55.197939,7.016666666666667,7760.310400817607,1105.9824799264998,8.542663682709598,FALSE
RAF_6,6,2004007,Contournement,7,2008-11-08T09:01:00,2008-11-08T16:00:00,-73.035421,55.197939,-73.171231,55.179498,6.983333333333333,8829.607046247604,1264.3828705843823,8.327525422277564,FALSE
RAF_7,7,2004007,Contournement,2,2008-11-29T16:00:00,2008-11-29T23:00:00,-74.046715,53.731507,-73.970264,53.738965,7,5075.01818257253,725.0025975103615,NA,FALSE
RAF_7,7,2004007,Contournement,3,2008-11-29T23:00:00,2008-11-30T06:00:00,-73.970264,53.738965,-73.9511,53.741961,7,1298.032653623392,185.43323623191313,5.467944620676091,FALSE
RAF_7,7,2004007,Contournement,4,2008-11-30T06:00:00,2008-11-30T13:00:00,-73.9511,53.741961,-73.841017,53.773041,7,7983.010810965428,1140.4301158522042,10.753481741476264,FALSE
RAF_7,7,2004007,Contournement,5,2008-11-30T13:00:00,2008-11-30T20:00:00,-73.841017,53.773041,-73.802482,53.785679,7,2882.2407184704266,411.7486740672038,3.5590621876410355,FALSE
RAF_8,8,2004007,Contournement,2,2008-12-08T17:00:00,2008-12-09T00:00:00,-74.447847,53.847236,-74.530415,53.838025,7,5489.816512183607,784.2595017405154,NA,FALSE
RAF_8,8,2004007,Contournement,3,2008-12-09T00:00:00,2008-12-09T07:00:00,-74.530415,53.838025,-74.54658,53.836939,7,1063.079781648431,151.86854023549014,4.241714910162565,FALSE
RAF_8,8,2004007,Contournement,4,2008-12-09T07:00:00,2008-12-09T14:01:00,-74.54658,53.836939,-74.565106,53.834569,7.016666666666667,1238.6059772878948,176.52341719067385,5.709956829985851,FALSE
RAF_8,8,2004007,Contournement,5,2008-12-09T14:01:00,2008-12-09T21:01:00,-74.565106,53.834569,-74.603092,53.837811,7,2507.945125588892,358.27787508412746,20.437502749841784,FALSE
RAF_8,8,2004007,Contournement,6,2008-12-09T21:01:00,2008-12-10T04:00:00,-74.603092,53.837811,-74.626268,53.84327,6.983333333333333,1629.9869144743725,233.41101400587672,13.529698378165737,FALSE
RAF_8,8,2004007,Contournement,7,2008-12-10T04:00:00,2008-12-10T11:00:00,-74.626268,53.84327,-74.628047,53.843373,7,116.78684212018163,16.683834588597374,16.11440300964629,FALSE
RAF_8,8,2004007,Contournement,8,2008-12-10T11:00:00,2008-12-10T18:01:00,-74.628047,53.843373,-74.734681,53.831535,7.016666666666667,7089.584580362422,1010.3921017143593,16.178702263234644,FALSE
RAF_8,8,2004007,Contournement,9,2008-12-10T18:01:00,2008-12-11T01:00:00,-74.734681,53.831535,-74.794336,53.819097,6.983333333333333,4134.268607425743,592.0193709917531,8.71595638091817,FALSE
RAF_9,9,2004007,Traversée sur glace,2,2008-12-11T15:00:00,2008-12-11T22:01:00,-74.805838,53.826239,-75.003181,53.873212,7.016666666666667,13896.810071285547,1980.5430030335697,NA,FALSE
RAF_9,9,2004007,Traversée sur glace,3,2008-12-11T22:01:00,2008-12-12T05:01:00,-75.003181,53.873212,-75.011473,53.871694,7,566.7669812991891,80.96671161416987,39.057056305112276,FALSE
RAF_10,10,2004007,Traversée sur glace,2,2008-12-24T11:00:00,2008-12-24T18:00:00,-74.855139,53.882312,-74.705772,53.771924,7,15621.756221125355,2231.679460160765,NA,FALSE
RAF_10,10,2004007,Traversée sur glace,3,2008-12-24T18:00:00,2008-12-25T01:00:00,-74.705772,53.771924,-74.67421,53.712989,7,6831.093891212296,975.8705558874708,20.99203078489377,FALSE
RAF_11,11,2004007,Contournement,2,2008-12-30T14:01:00,2008-12-30T21:00:00,-74.439909,53.562479,-74.408171,53.576563,6.983333333333333,2603.137328716821,372.764295281645,NA,FALSE
RAF_11,11,2004007,Contournement,3,2008-12-30T21:00:00,2008-12-31T04:00:00,-74.408171,53.576563,-74.408909,53.576932,7,63.37138464641193,9.05305494948742,103.2741620248502,FALSE
RAF_11,11,2004007,Contournement,4,2008-12-31T04:00:00,2008-12-31T11:00:00,-74.408909,53.576932,-74.377191,53.585148,7,2274.1123527108007,324.8731932444001,116.4309599573775,FALSE
RAF_11,11,2004007,Contournement,5,2008-12-31T11:00:00,2008-12-31T18:00:00,-74.377191,53.585148,-74.31817,53.593436,7,3985.8699770867743,569.409996726682,10.206455832387975,FALSE
RAF_11,11,2004007,Contournement,6,2008-12-31T18:00:00,2009-01-01T00:00:00,-74.31817,53.593436,-74.267768,53.607577,6,3661.8456173930567,610.3076028988428,12.016369699927733,FALSE
RAF_11,11,2004007,Contournement,7,2009-01-01T00:00:00,2009-01-01T07:00:00,-74.267768,53.607577,-74.256082,53.608661,7,777.0321121375914,111.00458744822734,16.362114213123423,FALSE
RAF_11,11,2004007,Contournement,8,2009-01-01T07:00:00,2009-01-01T14:00:00,-74.256082,53.608661,-74.253723,53.609052,7,160.88606977531444,22.983724253616348,6.713896329071307,FALSE
RAF_11,11,2004007,Contournement,9,2009-01-01T14:00:00,2009-01-01T21:00:00,-74.253723,53.609052,-74.171981,53.626803,7,5715.964395447852,816.5663422068361,4.5240310960755,FALSE
RAF_12,12,2004007,Traversée sur glace,2,2009-01-08T14:00:00,2009-01-08T21:00:00,-73.747012,53.749937,-73.619516,53.845445,7,13448.844281696945,1921.2634688138494,NA,FALSE
RAF_12,12,2004007,Traversée sur glace,3,2009-01-08T21:00:00,2009-01-09T04:00:00,-73.619516,53.845445,-73.696896,53.934561,7,11065.23700350447,1580.7481433577814,65.49412516908885,FALSE
RAF_13,13,2004010,Contournement,2,2010-10-29T10:00:00,2010-10-29T12:00:00,-72.9991,55.186033,-73.005153,55.175133,2,1264.5347442895854,632.2673721447927,NA,FALSE
RAF_13,13,2004010,Contournement,3,2010-10-29T12:00:00,2010-10-29T14:01:00,-73.005153,55.175133,-73.092905,55.132071,2.0166666666666666,7316.633187110188,3628.082572120755,31.813167040090775,FALSE
RAF_13,13,2004010,Contournement,4,2010-10-29T14:01:00,2010-10-29T16:00:00,-73.092905,55.132071,-73.176342,55.109639,1.9833333333333334,5839.551032243224,2944.311444828516,15.532012661865508,FALSE
RAF_13,13,2004010,Contournement,5,2010-10-29T16:00:00,2010-10-29T18:00:00,-73.176342,55.109639,-73.220823,55.088094,2,3691.2936542838142,1845.6468271419071,15.004467249877136,FALSE
RAF_13,13,2004010,Contournement,6,2010-10-29T18:00:00,2010-10-29T20:00:00,-73.220823,55.088094,-73.233819,55.086361,2,846.1071796834087,423.05358984170437,27.122702799363754,FALSE
RAF_13,13,2004010,Contournement,7,2010-10-29T20:00:00,2010-10-29T22:00:00,-73.233819,55.086361,-73.290231,55.063328,2,4391.938830723362,2195.969415361681,22.32052038514009,FALSE
RAF_13,13,2004010,Contournement,8,2010-10-29T22:00:00,2010-10-30T00:00:00,-73.290231,55.063328,-73.291934,55.062161,2,168.2911931242245,84.14559656211225,14.592715252773827,FALSE
RAF_13,13,2004010,Contournement,9,2010-10-30T00:00:00,2010-10-30T02:01:00,-73.291934,55.062161,-73.293669,55.061176,2.0166666666666666,154.84989552529146,76.78507216130156,5.366313079690526,FALSE
RAF_13,13,2004010,Contournement,10,2010-10-30T02:01:00,2010-10-30T04:00:00,-73.293669,55.061176,-73.293373,55.060669,1.9833333333333334,59.11411938335005,29.805438344546243,63.838400021865134,FALSE
RAF_13,13,2004010,Contournement,11,2010-10-30T04:00:00,2010-10-30T06:01:00,-73.293373,55.060669,-73.293342,55.0602,2.0166666666666666,51.88704478406639,25.729113116065978,16.353149146093344,FALSE
RAF_13,13,2004010,Contournement,12,2010-10-30T06:01:00,2010-10-30T08:00:00,-73.293342,55.0602,-73.300044,55.056338,1.9833333333333334,602.6393842127605,303.85179035937506,47.063956234588986,FALSE
RAF_13,13,2004010,Contournement,13,2010-10-30T08:00:00,2010-10-30T10:00:00,-73.300044,55.056338,-73.305321,55.049035,2,874.0801114367729,437.04005571838644,22.353871421476114,FALSE
RAF_13,13,2004010,Contournement,14,2010-10-30T10:00:00,2010-10-30T12:00:00,-73.305321,55.049035,-73.328317,55.047555,2,1468.795003671965,734.3975018359826,61.08558754406851,FALSE
RAF_13,13,2004010,Contournement,15,2010-10-30T12:00:00,2010-10-30T14:00:00,-73.328317,55.047555,-73.364,55.040157,2,2408.3225366609145,1204.1612683304572,13.4332270586855,FALSE
RAF_14,14,2004010,Traversée à la nage,2,2010-10-30T16:00:00,2010-10-30T18:00:00,-73.368708,55.033812,-73.428763,55.023307,2,3986.677342151011,1993.3386710755055,NA,FALSE
RAF_14,14,2004010,Traversée à la nage,3,2010-10-30T18:00:00,2010-10-30T20:01:00,-73.428763,55.023307,-73.445461,54.978358,2.0166666666666666,5081.100700531077,2519.554066379046,60.97900178216924,FALSE
RAF_15,15,2004010,Contournement,2,2010-11-20T12:00:00,2010-11-20T14:00:00,-75.036434,53.920153,-75.039207,53.929251,2,1021.3056201800143,510.65281009000716,NA,FALSE
RAF_15,15,2004010,Contournement,3,2010-11-20T14:00:00,2010-11-20T16:00:00,-75.039207,53.929251,-75.037703,53.937512,2,917.9515476556238,458.9757738278119,16.330683321838844,FALSE
RAF_15,15,2004010,Contournement,4,2010-11-20T16:00:00,2010-11-20T18:00:00,-75.037703,53.937512,-75.090595,53.955206,2,3963.0065160901136,1981.5032580450568,66.55464005230006,FALSE
RAF_15,15,2004010,Contournement,5,2010-11-20T18:00:00,2010-11-20T20:00:00,-75.090595,53.955206,-75.182389,53.947506,2,6042.247755408386,3021.123877704193,37.59276539366869,FALSE
RAF_15,15,2004010,Contournement,6,2010-11-20T20:00:00,2010-11-20T22:01:00,-75.182389,53.947506,-75.256389,53.95559,2.0166666666666666,4904.44384783788,2431.9556270270477,18.652993515060423,FALSE
RAF_15,15,2004010,Contournement,7,2010-11-20T22:01:00,2010-11-21T00:00:00,-75.256389,53.95559,-75.317471,53.95342,1.9833333333333334,3987.5271109393407,2010.5178710618525,13.885617605369882,FALSE
RAF_15,15,2004010,Contournement,8,2010-11-21T00:00:00,2010-11-21T02:01:00,-75.317471,53.95342,-75.327533,53.94322,2.0166666666666666,1303.845082393657,646.5347516001606,56.329081733346776,FALSE
RAF_15,15,2004010,Contournement,9,2010-11-21T02:01:00,2010-11-21T04:00:00,-75.327533,53.94322,-75.333184,53.939618,1.9833333333333334,542.269796732631,273.4133428904022,12.598207572771754,FALSE
RAF_15,15,2004010,Contournement,10,2010-11-21T04:00:00,2010-11-21T06:00:00,-75.333184,53.939618,-75.339428,53.935261,2,630.4025964219626,315.2012982109813,2.5651318035339883,FALSE
RAF_15,15,2004010,Contournement,11,2010-11-21T06:00:00,2010-11-21T08:01:00,-75.339428,53.935261,-75.342134,53.934933,2.0166666666666666,180.09690208586608,89.30424896819805,38.178017227420185,FALSE
RAF_15,15,2004010,Contournement,12,2010-11-21T08:01:00,2010-11-21T10:00:00,-75.342134,53.934933,-75.339921,53.934971,1.9833333333333334,144.33457213355754,72.77373384885254,170.05854609878213,FALSE
RAF_15,15,2004010,Contournement,13,2010-11-21T10:00:00,2010-11-21T12:00:00,-75.339921,53.934971,-75.339986,53.935004,2,5.590167588451361,2.7950837942256803,137.62591983441948,FALSE
RAF_15,15,2004010,Contournement,14,2010-11-21T12:00:00,2010-11-21T14:01:00,-75.339986,53.935004,-75.411879,53.925878,2.0166666666666666,4794.678067433093,2377.5263144296327,52.81856049076253,FALSE
RAF_15,15,2004010,Contournement,15,2010-11-21T14:01:00,2010-11-21T16:00:00,-75.411879,53.925878,-75.469455,53.931359,1.9833333333333334,3802.6765883675234,1917.315926907995,21.354146338984094,FALSE
RAF_15,15,2004010,Contournement,16,2010-11-21T16:00:00,2010-11-21T18:00:00,-75.469455,53.931359,-75.600228,53.939894,2,8577.420101798958,4288.710050899479,2.7759911278212313,FALSE
RAF_15,15,2004010,Contournement,17,2010-11-21T18:00:00,2010-11-21T20:00:00,-75.600228,53.939894,-75.684124,53.913275,2,6210.976108578681,3105.4880542893407,34.487863853346155,FALSE
RAF_16,16,2004010,Traversée sur glace,2,2010-12-04T18:00:00,2010-12-04T20:00:00,-76.277162,54.066174,-76.295331,54.056854,2,1566.8585118221586,783.4292559110793,NA,FALSE
RAF_16,16,2004010,Traversée sur glace,3,2010-12-04T20:00:00,2010-12-04T22:00:00,-76.295331,54.056854,-76.285366,54.056995,2,647.9651974241723,323.98259871208614,140.28694199579726,FALSE
RAF_16,16,2004010,Traversée sur glace,4,2010-12-04T22:00:00,2010-12-05T00:00:00,-76.285366,54.056995,-76.28554,54.057184,2,23.74885554507256,11.87442777253628,117.06834097132733,FALSE
RAF_16,16,2004010,Traversée sur glace,5,2010-12-05T00:00:00,2010-12-05T02:00:00,-76.28554,54.057184,-76.285064,54.057128,2,31.554917880980447,15.777458940490224,129.74993780947693,FALSE
RAF_16,16,2004010,Traversée sur glace,6,2010-12-05T02:00:00,2010-12-05T04:00:00,-76.285064,54.057128,-76.284474,54.057524,2,58.183345269893735,29.091672634946868,60.07171277239959,FALSE
RAF_16,16,2004010,Traversée sur glace,7,2010-12-05T04:00:00,2010-12-05T06:00:00,-76.284474,54.057524,-76.284589,54.057426,2,13.157747562136816,6.578873781068408,173.3841352552642,FALSE
RAF_16,16,2004010,Traversée sur glace,8,2010-12-05T06:00:00,2010-12-05T08:00:00,-76.284589,54.057426,-76.289577,54.057144,2,325.73729159811234,162.86864579905617,49.89213825871336,FALSE
RAF_16,16,2004010,Traversée sur glace,9,2010-12-05T08:00:00,2010-12-05T10:00:00,-76.289577,54.057144,-76.290618,54.056971,2,70.31810618523647,35.15905309261824,10.28182695408201,FALSE
RAF_16,16,2004010,Traversée sur glace,10,2010-12-05T10:00:00,2010-12-05T12:00:00,-76.290618,54.056971,-76.290612,54.056962,2,1.0681526919853763,0.5340763459926882,95.6429894335281,FALSE
RAF_16,16,2004010,Traversée sur glace,11,2010-12-05T12:00:00,2010-12-05T14:00:00,-76.290612,54.056962,-76.317394,54.049747000000004,2,1914.9370878526677,957.4685439263338,86.82654248937648,FALSE
RAF_16,16,2004010,Traversée sur glace,12,2010-12-05T14:00:00,2010-12-05T16:01:00,-76.317394,54.049747000000004,-76.308341,54.053131,2.0166666666666666,697.2875066854448,345.7624000093115,172.18183209297487,FALSE
RAF_16,16,2004010,Traversée sur glace,13,2010-12-05T16:01:00,2010-12-05T18:00:00,-76.308341,54.053131,-76.278314,54.057321,1.9833333333333334,2006.1397680240882,1011.4990427012209,19.06824046680085,FALSE
RAF_16,16,2004010,Traversée sur glace,14,2010-12-05T18:00:00,2010-12-05T20:00:00,-76.278314,54.057321,-76.225369,54.064965,2,3543.483441336415,1771.7417206682076,0.480061600645987,FALSE
RAF_17,17,2004010,Traversée sur glace,2,2010-12-14T12:00:00,2010-12-14T14:01:00,-76.186371,54.132652,-76.16173,54.141056,2.0166666666666666,1848.8579042736167,916.7890434414628,NA,FALSE
RAF_17,17,2004010,Traversée sur glace,3,2010-12-14T14:01:00,2010-12-14T16:00:00,-76.16173,54.141056,-76.158773,54.144106,1.9833333333333334,387.7752134487994,195.51691434393246,30.212938567788687,FALSE
RAF_17,17,2004010,Traversée sur glace,4,2010-12-14T16:00:00,2010-12-14T18:00:00,-76.158773,54.144106,-76.152901,54.181146,2,4110.363682111869,2055.1818410559345,24.337966298991265,FALSE
RAF_18,18,2007021,Contournement,2,2010-11-27T00:00:00,2010-11-27T11:00:00,-75.135,53.9517,-75.2575,53.9523,11,7983.2694004987825,725.7517636817075,NA,FALSE
RAF_18,18,2007021,Contournement,3,2010-11-27T11:00:00,2010-11-27T22:00:00,-75.2575,53.9523,-75.8192,53.8477,11,38428.26707516482,3493.4788250149836,17.702914261840057,FALSE
RAF_20,20,2004010,Traversée sur glace,2,2011-11-23T22:00:00,2011-11-24T00:00:00,-73.638084,53.857462,-73.608479,53.839056,2,2806.329386416014,1403.164693208007,NA,FALSE
RAF_20,20,2004010,Traversée sur glace,3,2011-11-24T00:00:00,2011-11-24T02:00:00,-73.608479,53.839056,-73.591955,53.809219,2,3468.784361428706,1734.392180714353,25.403457289413115,FALSE
RAF_21,21,2004010,Traversée sur glace,2,2012-02-08T13:00:00,2012-02-08T20:00:00,-72.386718,55.104922,-72.3673,55.131168,7,3151.8243919597357,450.26062742281937,NA,FALSE
RAF_21,21,2004010,Traversée sur glace,3,2012-02-08T20:00:00,2012-02-09T03:00:00,-72.3673,55.131168,-72.365496,55.194081,7,6956.75184359399,993.8216919419986,22.046947882467826,FALSE
RAF_21,21,2004010,Traversée sur glace,4,2012-02-09T03:00:00,2012-02-09T10:00:00,-72.365496,55.194081,-72.368467,55.195418,7,239.08677092957424,34.15525298993918,52.74844264578126,FALSE
RAF_21,21,2004010,Traversée sur glace,5,2012-02-09T10:00:00,2012-02-09T17:00:00,-72.368467,55.195418,-72.373825,55.213749,7,2054.9088725877605,293.5584103696801,42.32182515679777,FALSE
RAF_21,21,2004010,Traversée sur glace,6,2012-02-09T17:00:00,2012-02-10T00:00:00,-72.373825,55.213749,-72.392111,55.242776,7,3411.1682520746476,487.30975029637824,10.302638536651207,FALSE
RAF_22,22,2004010,Contournement,2,2012-02-12T15:00:00,2012-02-12T22:00:00,-72.433077,55.264735,-72.486826,55.256007,7,3528.600717403272,504.085816771896,NA,FALSE
RAF_22,22,2004010,Contournement,3,2012-02-12T22:00:00,2012-02-13T05:00:00,-72.486826,55.256007,-72.522781,55.246498,7,2502.5270477738472,357.50386396769244,8.935022240817188,FALSE
RAF_22,22,2004010,Contournement,4,2012-02-13T05:00:00,2012-02-13T12:00:00,-72.522781,55.246498,-72.545999,55.239144,7,1677.0750683366534,239.5821526195219,4.1354392895485415,FALSE
RAF_22,22,2004010,Contournement,5,2012-02-13T12:00:00,2012-02-13T19:00:00,-72.545999,55.239144,-72.622795,55.240543,7,4854.304459165754,693.4720655951078,30.868684327581324,FALSE
RAF_22,22,2004010,Contournement,6,2012-02-13T19:00:00,2012-02-14T02:00:00,-72.622795,55.240543,-72.667743,55.238499,7,2848.7389251750146,406.9627035964307,6.327661301604383,FALSE
RAF_22,22,2004010,Contournement,7,2012-02-14T02:00:00,2012-02-14T09:01:00,-72.667743,55.238499,-72.681905,55.236284,7.016666666666667,927.6962551746675,132.21324301776735,10.733462512105962,FALSE
RAF_22,22,2004010,Contournement,8,2012-02-14T09:01:00,2012-02-14T16:01:00,-72.681905,55.236284,-72.783128,55.226532,7,6486.660602472159,926.6658003531655,5.785068479665288,FALSE
RAF_22,22,2004010,Contournement,9,2012-02-14T16:01:00,2012-02-14T23:01:00,-72.783128,55.226532,-72.915499,55.213782,7,8484.928002835179,1212.132571833597,0.09828406115611488,FALSE
RAF_22,22,2004010,Contournement,10,2012-02-14T23:01:00,2012-02-15T06:00:00,-72.915499,55.213782,-73.075008,55.198598,6.983333333333333,10224.56800416202,1464.1386163477832,0.23009631206883363,FALSE
RAF_22,22,2004010,Contournement,11,2012-02-15T06:00:00,2012-02-15T13:00:00,-73.075008,55.198598,-73.143833,55.191501,7,4423.167331445297,631.8810473493282,0.6765459521418526,FALSE
RAF_23,23,2004010,Contournement,2,2013-09-16T08:00:00,2013-09-16T10:01:00,-72.535269,55.236004,-72.556923,55.223671,2.0166666666666666,1931.844169467847,957.9392575873621,NA,FALSE
RAF_23,23,2004010,Contournement,3,2013-09-16T10:01:00,2013-09-16T12:01:00,-72.556923,55.223671,-72.605875,55.211982,2,3353.4261728851343,1676.7130864425671,22.25971207201503,FALSE
RAF_23,23,2004010,Contournement,4,2013-09-16T12:01:00,2013-09-16T14:00:00,-72.605875,55.211982,-72.636941,55.208081,1.9833333333333334,2010.9286332911004,1013.9135966173615,10.315299593602397,FALSE
RAF_23,23,2004010,Contournement,5,2013-09-16T14:00:00,2013-09-16T16:01:00,-72.636941,55.208081,-72.701041,55.21231,2.0166666666666666,4079.549471679345,2022.9170933947166,19.00512840681653,FALSE
RAF_23,23,2004010,Contournement,6,2013-09-16T16:01:00,2013-09-16T18:00:00,-72.701041,55.21231,-72.749828,55.205464,1.9833333333333334,3176.127919836742,1601.4090352118026,20.323809000924495,FALSE
RAF_23,23,2004010,Contournement,7,2013-09-16T18:00:00,2013-09-16T20:01:00,-72.749828,55.205464,-72.794136,55.198099,2.0166666666666666,2917.842890266386,1446.8642431072988,2.380687653720597,FALSE
RAF_23,23,2004010,Contournement,8,2013-09-16T20:01:00,2013-09-16T22:00:00,-72.794136,55.198099,-72.809197,55.196225,1.9833333333333334,974.7967021660073,491.494135545886,3.9569619893676404,FALSE
RAF_23,23,2004010,Contournement,9,2013-09-16T22:00:00,2013-09-17T00:00:00,-72.809197,55.196225,-72.900377,55.192762,2,5779.681031632158,2889.840515816079,8.516295671256177,FALSE
RAF_23,23,2004010,Contournement,10,2013-09-17T00:00:00,2013-09-17T02:01:00,-72.900377,55.192762,-72.913274,55.189013,2.0166666666666666,915.05368274534,453.74562780760664,23.09538269401876,FALSE
RAF_23,23,2004010,Contournement,11,2013-09-17T02:01:00,2013-09-17T04:00:00,-72.913274,55.189013,-72.914629,55.188525,1.9833333333333334,101.28182610785301,51.06646694513597,5.2486820548573005,FALSE
RAF_23,23,2004010,Contournement,12,2013-09-17T04:00:00,2013-09-17T06:00:00,-72.914629,55.188525,-72.913562,55.188813,2,74.6298093942774,37.3149046971387,173.0666806114291,FALSE
RAF_23,23,2004010,Contournement,13,2013-09-17T06:00:00,2013-09-17T08:00:00,-72.913562,55.188813,-72.939644,55.18852,2,1650.1963836485793,825.0981918242896,155.85815335151594,FALSE
RAF_23,23,2004010,Contournement,14,2013-09-17T08:00:00,2013-09-17T10:00:00,-72.939644,55.18852,-72.953664,55.187968,2,888.9748025502379,444.48740127511894,2.7957662774801846,FALSE
RAF_23,23,2004010,Contournement,15,2013-09-17T10:00:00,2013-09-17T12:01:00,-72.953664,55.187968,-72.983265,55.182768,2.0166666666666666,1958.9028006392653,971.3567606475696,13.113372582889466,FALSE
RAF_23,23,2004010,Contournement,16,2013-09-17T12:01:00,2013-09-17T14:00:00,-72.983265,55.182768,-73.028979,55.170271,1.9833333333333334,3205.6660050654455,1616.3021874279557,8.434788788403667,FALSE
RAF_23,23,2004010,Contournement,17,2013-09-17T14:00:00,2013-09-17T16:01:00,-73.028979,55.170271,-73.06232,55.164395,2.0166666666666666,2207.906965029222,1094.8299000144905,8.451791469482608,FALSE
RAF_23,23,2004010,Contournement,18,2013-09-17T16:01:00,2013-09-17T18:00:00,-73.06232,55.164395,-73.121839,55.153777,1.9833333333333334,3946.388240001964,1989.7755831942675,0.15646995585593798,FALSE
RAF_23,23,2004010,Contournement,19,2013-09-17T18:00:00,2013-09-17T20:00:00,-73.121839,55.153777,-73.161226,55.148283,2,2566.7181426929833,1283.3590713464916,3.6564048077220703,FALSE
RAF_23,23,2004010,Contournement,20,2013-09-17T20:00:00,2013-09-17T22:00:00,-73.161226,55.148283,-73.181828,55.143504,2,1407.5261399555304,703.7630699777652,8.335243673619024,FALSE
RAF_23,23,2004010,Contournement,21,2013-09-17T22:00:00,2013-09-18T00:00:00,-73.181828,55.143504,-73.20985,55.137726,2,1886.1525890413766,943.0762945206883,2.270863603004633,FALSE
RAF_24,24,2004010,Contournement,2,2013-10-19T04:00:00,2013-10-19T06:00:00,-72.490085,55.214369,-72.49219,55.214086,2,136.70287118940394,68.35143559470197,NA,FALSE
RAF_24,24,2004010,Contournement,3,2013-10-19T06:00:00,2013-10-19T08:00:00,-72.49219,55.214086,-72.503157,55.213141,2,701.1496721926329,350.57483609631646,4.667017916532174,FALSE
RAF_24,24,2004010,Contournement,4,2013-10-19T08:00:00,2013-10-19T10:00:00,-72.503157,55.213141,-72.516413,55.208924,2,959.05078821771815,479.5253941088591,20.509139193097457,FALSE
RAF_24,24,2004010,Contournement,5,2013-10-19T10:00:00,2013-10-19T12:00:00,-72.516413,55.208924,-72.567398,55.212352,2,3245.652239678039,1622.8261198390196,35.82093755439443,FALSE
RAF_25,25,2004010,Traversée à la nage,2,2013-10-19T14:01:00,2013-10-19T16:00:00,-72.609068,55.190238,-72.638488,55.170917,1.9833333333333334,2833.4052918052653,1428.6077101539151,NA,FALSE
RAF_25,25,2004010,Traversée à la nage,3,2013-10-19T16:00:00,2013-10-19T18:00:00,-72.638488,55.170917,-72.726505,55.14537,2,6246.897656680605,3123.4488283403025,22.0978720790131,FALSE
RAF_25,25,2004010,Traversée à la nage,4,2013-10-19T18:00:00,2013-10-19T20:00:00,-72.726505,55.14537,-72.769438,55.128478,2,3298.8246546982386,1649.4123273491193,7.547149207843282,FALSE
RAF_25,25,2004010,Traversée à la nage,5,2013-10-19T20:00:00,2013-10-19T22:00:00,-72.769438,55.128478,-72.774166,55.121482,2,829.449931761811,414.7249658809055,34.329596446587935,FALSE
RAF_25,25,2004010,Traversée à la nage,6,2013-10-19T22:00:00,2013-10-20T00:00:00,-72.774166,55.121482,-72.776584,55.117511,2,464.99574311206806,232.49787155603403,1.929000961582132,FALSE
RAF_25,25,2004010,Traversée à la nage,7,2013-10-20T00:00:00,2013-10-20T02:00:00,-72.776584,55.117511,-72.788175,55.081924,2,4002.42546505683,2001.212732528415,8.65364896499681,FALSE
RAF_25,25,2004010,Traversée à la nage,8,2013-10-20T02:00:00,2013-10-20T04:00:00,-72.788175,55.081924,-72.787371,55.07847,2,385.24837453455257,192.62418726727628,18.180988000963282,FALSE
RAF_25,25,2004010,Traversée à la nage,9,2013-10-20T04:00:00,2013-10-20T06:00:00,-72.787371,55.07847,-72.788268,55.078845,2,70.39707749559722,35.19853874779861,133.68676109369625,FALSE
RAF_25,25,2004010,Traversée à la nage,10,2013-10-20T06:00:00,2013-10-20T08:00:00,-72.788268,55.078845,-72.787816,55.078155,2,81.49262770983947,40.746313854919734,146.6777949478733,FALSE
RAF_25,25,2004010,Traversée à la nage,11,2013-10-20T08:00:00,2013-10-20T10:00:00,-72.787816,55.078155,-72.788894,55.078286,2,69.89236239593369,34.946181197966844,122.5570077583345,FALSE
RAF_25,25,2004010,Traversée à la nage,12,2013-10-20T10:00:00,2013-10-20T12:00:00,-72.788894,55.078286,-72.793868,55.064193,2,1589.6794343341194,794.8397171670597,90.50776515180159,FALSE
RAF_25,25,2004010,Traversée à la nage,13,2013-10-20T12:00:00,2013-10-20T14:00:00,-72.793868,55.064193,-72.818901,55.04772,2,2416.6915725832164,1208.3457862916082,29.662405313186632,FALSE
RAF_25,25,2004010,Traversée à la nage,14,2013-10-20T14:00:00,2013-10-20T16:00:00,-72.818901,55.04772,-72.814514,55.02906,2,2081.6188459337186,1040.8094229668593,48.7805879261596,FALSE
RAF_25,25,2004010,Traversée à la nage,15,2013-10-20T16:00:00,2013-10-20T18:00:00,-72.814514,55.02906,-72.817454,55.028897,2,187.5695565532716,93.7847782766358,92.17595528303201,FALSE
RAF_25,25,2004010,Traversée à la nage,16,2013-10-20T18:00:00,2013-10-20T20:00:00,-72.817454,55.028897,-72.817064,55.028208,2,80.09514809477713,40.047574047388565,102.4981535601838,FALSE
RAF_25,25,2004010,Traversée à la nage,17,2013-10-20T20:00:00,2013-10-20T22:01:00,-72.817064,55.028208,-72.817044,55.02599,2.0166666666666666,245.20561660278915,121.58956195179627,17.715144904385113,FALSE
RAF_25,25,2004010,Traversée à la nage,18,2013-10-20T22:01:00,2013-10-21T00:00:00,-72.817044,55.02599,-72.818328,55.025455,1.9833333333333334,100.73630442245643,50.79141399451584,54.344058781351585,FALSE
RAF_25,25,2004010,Traversée à la nage,19,2013-10-21T00:00:00,2013-10-21T02:00:00,-72.818328,55.025455,-72.818271,55.025341,2,13.112419167588406,6.556209583794203,70.07252570515598,FALSE
RAF_25,25,2004010,Traversée à la nage,20,2013-10-21T02:00:00,2013-10-21T04:00:00,-72.818271,55.025341,-72.817778,55.026865,2,171.364294125407,85.6821470627035,153.446412098772,FALSE
RAF_25,25,2004010,Traversée à la nage,21,2013-10-21T04:00:00,2013-10-21T06:00:00,-72.817778,55.026865,-72.813833,55.026887,2,250.5481725613384,125.2740862806692,78.91447597825822,FALSE
RAF_25,25,2004010,Traversée à la nage,22,2013-10-21T06:00:00,2013-10-21T08:00:00,-72.813833,55.026887,-72.813729,55.02607,2,90.56137554945478,45.28068777472739,86.37215910190844,FALSE
RAF_25,25,2004010,Traversée à la nage,23,2013-10-21T08:00:00,2013-10-21T10:00:00,-72.813729,55.02607,-72.813669,55.026035,2,5.430598161748881,2.7152990808744404,40.379205478491464,FALSE
RAF_25,25,2004010,Traversée à la nage,24,2013-10-21T10:00:00,2013-10-21T12:00:00,-72.813669,55.026035,-72.825664,55.024642,2,777.2081955228521,388.60409776142603,123.13800781118137,FALSE
RAF_25,25,2004010,Traversée à la nage,25,2013-10-21T12:00:00,2013-10-21T14:00:00,-72.825664,55.024642,-72.853815,55.012877,2,2211.1305752640174,1105.5652876320087,24.58622385938702,FALSE
RAF_25,25,2004010,Traversée à la nage,26,2013-10-21T14:00:00,2013-10-21T16:00:00,-72.853815,55.012877,-72.859022,55.013531,2,338.6014996165101,169.30074980825506,48.37294179544141,FALSE
RAF_25,25,2004010,Traversée à la nage,27,2013-10-21T16:00:00,2013-10-21T18:01:00,-72.859022,55.013531,-72.886223,54.982876,2.0166666666666666,3804.306233676486,1886.432843145365,75.28981936155593,FALSE
RAF_25,25,2004010,Traversée à la nage,28,2013-10-21T18:01:00,2013-10-21T20:00:00,-72.886223,54.982876,-72.895133,54.97401,1.9833333333333334,1132.0598571302032,570.786482586657,3.01673988090497,FALSE
RAF_26,26,2004010,Contournement,2,2013-10-22T02:00:00,2013-10-22T04:00:00,-72.914333,54.966576,-72.912628,54.964119,2,292.45971341393795,146.22985670696897,NA,FALSE
RAF_26,26,2004010,Contournement,3,2013-10-22T04:00:00,2013-10-22T06:00:00,-72.912628,54.964119,-72.908332,54.963231,2,290.3449582131442,145.1724791065721,48.476869516807135,FALSE
RAF_26,26,2004010,Contournement,4,2013-10-22T06:00:00,2013-10-22T08:00:00,-72.908332,54.963231,-72.895484,54.958586,2,965.1770821280247,482.58854106401236,12.373598012103479,FALSE
RAF_26,26,2004010,Contournement,5,2013-10-22T08:00:00,2013-10-22T10:00:00,-72.895484,54.958586,-72.895805,54.95816,2,51.3289897305664,25.6644948652832,81.29564102874417,FALSE
RAF_26,26,2004010,Contournement,6,2013-10-22T10:00:00,2013-10-22T12:00:00,-72.895805,54.95816,-72.888394,54.956346,2,512.3251272309147,256.1625636154574,90.4026450769433,FALSE
RAF_27,27,2004010,Contournement,2,2013-10-30T16:00:00,2013-10-30T18:01:00,-72.913141,54.94766,-72.919831,54.948343,2.0166666666666666,432.3231109243249,214.37509632611153,NA,FALSE
RAF_27,27,2004010,Contournement,3,2013-10-30T18:01:00,2013-10-30T20:00:00,-72.919831,54.948343,-72.923737,54.947992,1.9833333333333334,251.54510693217213,126.82946568008678,18.927015645675535,FALSE
RAF_27,27,2004010,Contournement,4,2013-10-30T20:00:00,2013-10-30T22:00:00,-72.923737,54.947992,-72.956827,54.940384,2,2267.426655227615,1133.7133276138075,12.883851608398304,FALSE
RAF_27,27,2004010,Contournement,5,2013-10-30T22:00:00,2013-10-31T00:00:00,-72.956827,54.940384,-72.971754,54.944065,2,1033.4106914615022,516.7053457307511,44.97980714656153,FALSE
RAF_27,27,2004010,Contournement,6,2013-10-31T00:00:00,2013-10-31T02:00:00,-72.971754,54.944065,-72.971715,54.944085,2,3.323737924497299,1.6618689622486496,115.12116965696879,FALSE
RAF_27,27,2004010,Contournement,7,2013-10-31T02:00:00,2013-10-31T04:00:00,-72.971715,54.944085,-72.97132,54.941816,2,252.08158820010425,126.04079410005212,125.97326084055291,FALSE
RAF_27,27,2004010,Contournement,8,2013-10-31T04:00:00,2013-10-31T06:00:00,-72.97132,54.941816,-72.977117,54.942798,2,384.54925734294204,192.27462867147102,112.12193263687918,FALSE
RAF_27,27,2004010,Contournement,9,2013-10-31T06:00:00,2013-10-31T08:00:00,-72.977117,54.942798,-72.978646,54.942177,2,119.08079388935187,59.54039694467593,51.59755654136462,FALSE
RAF_27,27,2004010,Contournement,10,2013-10-31T08:00:00,2013-10-31T10:00:00,-72.978646,54.942177,-72.977763,54.942103,2,56.784852079448406,28.392426039724203,136.5134970855714,FALSE
RAF_27,27,2004010,Contournement,11,2013-10-31T10:00:00,2013-10-31T12:00:00,-72.977763,54.942103,-72.999322,54.938699,2,1422.6995636799966,711.3497818399983,156.38881881176872,FALSE
RAF_28,28,2004010,Contournement,2,2013-11-01T20:00:00,2013-11-01T22:01:00,-73.01613,54.930677,-73.037146,54.936365,2.0166666666666666,1478.1060534838375,732.9451504878533,NA,FALSE
RAF_28,28,2004010,Contournement,3,2013-11-01T22:01:00,2013-11-02T00:00:00,-73.037146,54.936365,-73.065249,54.9314,1.9833333333333334,1871.0909837473628,943.4072186961492,42.21321127638439,FALSE
RAF_28,28,2004010,Contournement,4,2013-11-02T00:00:00,2013-11-02T02:00:00,-73.065249,54.9314,-73.072207,54.929114,2,509.93989473694626,254.96994736847313,12.634684205828501,FALSE
RAF_28,28,2004010,Contournement,5,2013-11-02T02:00:00,2013-11-02T04:00:00,-73.072207,54.929114,-73.069601,54.929374,2,168.3644436299362,84.1822218149681,160.1210650948235,FALSE
RAF_28,28,2004010,Contournement,6,2013-11-02T04:00:00,2013-11-02T06:00:00,-73.069601,54.929374,-73.072394,54.928409,2,207.34459213924802,103.67229606962401,158.8665151923152,FALSE
RAF_28,28,2004010,Contournement,7,2013-11-02T06:00:00,2013-11-02T08:00:00,-73.072394,54.928409,-73.077554,54.92969,2,357.70064824990203,178.85032412495102,54.28653368400276,FALSE
RAF_28,28,2004010,Contournement,8,2013-11-02T08:00:00,2013-11-02T10:00:00,-73.077554,54.92969,-73.077741,54.929804,2,17.335293815505622,8.667646907752811,23.31291898709513,FALSE
RAF_28,28,2004010,Contournement,9,2013-11-02T10:00:00,2013-11-02T12:00:00,-73.077741,54.929804,-73.111537,54.930716,2,2153.6983794170637,1076.8491897085319,43.9349213267432,FALSE
RAF_28,28,2004010,Contournement,10,2013-11-02T12:00:00,2013-11-02T14:00:00,-73.111537,54.930716,-73.165523,54.961043,2,4800.018883234774,2400.009441617387,41.65344820366614,FALSE
RAF_28,28,2004010,Contournement,11,2013-11-02T14:00:00,2013-11-02T16:00:00,-73.165523,54.961043,-73.205673,54.971951,2,2823.9571394281043,1411.9785697140521,18.98612652461831,FALSE
RAF_28,28,2004010,Contournement,12,2013-11-02T16:00:00,2013-11-02T18:00:00,-73.205673,54.971951,-73.244813,54.96354,2,2657.237601512017,1328.6188007560086,45.727839482309896,FALSE
RAF_28,28,2004010,Contournement,13,2013-11-02T18:00:00,2013-11-02T20:00:00,-73.244813,54.96354,-73.296556,54.97997,2,3758.462281863309,1879.2311409316544,49.41640860116375,FALSE
RAF_29,29,2004010,Traversée sur glace,2,2014-01-25T13:00:00,2014-01-25T20:00:00,-76.485057,53.593303,-76.599033,53.698562,7,13826.954653868273,1975.2792362668963,NA,FALSE
RAF_29,29,2004010,Traversée sur glace,3,2014-01-25T20:00:00,2014-01-26T03:00:00,-76.599033,53.698562,-76.785295,53.695373,7,12216.608006269289,1745.229715181327,58.77574120790458,FALSE
RAF_29,29,2004010,Traversée sur glace,4,2014-01-26T03:00:00,2014-01-26T10:00:00,-76.785295,53.695373,-77.007447,53.661472,7,15044.478376202433,2149.2111966003476,12.598646169390982,FALSE
RAF_29,29,2004010,Traversée sur glace,5,2014-01-26T10:00:00,2014-01-26T17:01:00,-77.007447,53.661472,-77.214336,53.542156,7.016666666666667,18935.119952479767,2698.591917218019,29.52907167369663,FALSE
RAF_30,30,2004010,Contournement,2,2014-03-07T16:00:00,2014-03-07T23:01:00,-77.405032,53.507907,-77.438204,53.524041,7.016666666666667,2818.981680356427,401.7551088393958,NA,FALSE
RAF_30,30,2004010,Contournement,3,2014-03-07T23:01:00,2014-03-08T06:00:00,-77.438204,53.524041,-77.455977,53.533613,6.983333333333333,1576.8947522250908,225.80831774106312,2.9146766720179107,FALSE
RAF_30,30,2004010,Contournement,4,2014-03-08T06:00:00,2014-03-08T13:00:00,-77.455977,53.533613,-77.458788,53.534141,7,193.97679343904483,27.71097049129212,24.602798970733648,FALSE
RAF_30,30,2004010,Contournement,5,2014-03-08T13:00:00,2014-03-08T20:01:00,-77.458788,53.534141,-77.478327,53.543853,7.016666666666667,1674.5840867647044,238.65806462204813,22.35217338150311,FALSE
RAF_31,31,2004010,Traversée sur glace,2,2014-03-19T22:00:00,2014-03-20T05:00:00,-77.360184,53.707132,-77.174781,53.779526,7,14539.276409178015,2077.039487025431,NA,FALSE
RAF_31,31,2004010,Traversée sur glace,3,2014-03-20T05:00:00,2014-03-20T12:00:00,-77.174781,53.779526,-77.109674,53.773077,7,4319.668483136463,617.0954975909233,42.765530743406075,FALSE
RAF_31,31,2004010,Traversée sur glace,4,2014-03-20T12:00:00,2014-03-20T19:01:00,-77.109674,53.773077,-76.923091,53.857747,7.016666666666667,15372.141276438826,2190.8039823903314,47.076348028938455,FALSE
RAF_32,32,2004010,Traversée sur glace,2,2014-04-28T12:01:00,2014-04-28T14:00:00,-76.777705,54.057175,-76.752189,54.112868,1.9833333333333334,6372.855334471351,3213.2043703216896,NA,FALSE
RAF_32,32,2004010,Traversée sur glace,3,2014-04-28T14:00:00,2014-04-28T16:00:00,-76.752189,54.112868,-76.731669,54.18432,2,8006.363104031288,4003.181552015644,5.524851574007879,FALSE
RAF_33,33,2004011,Traversée sur glace,2,2007-04-26T00:01:00,2007-04-26T07:00:00,-75.072623,53.670865,-75.097554,53.82329,6.983333333333333,16918.171946750655,2422.64992077575,NA,FALSE
RAF_33,33,2004011,Traversée sur glace,3,2007-04-26T07:00:00,2007-04-26T21:03:00,-75.097554,53.82329,-75.013593,53.942532,14.05,14268.442015286284,1015.5474743976002,28.101627515250705,TRUE
RAF_34,34,2004011,Traversée sur glace,2,2007-05-11T11:00:00,2007-05-11T18:00:00,-74.656848,56.067557,-74.664968,56.121842,7,6028.0336513933335,861.1476644847619,NA,FALSE
RAF_34,34,2004011,Traversée sur glace,3,2007-05-11T18:00:00,2007-05-12T01:00:00,-74.664968,56.121842,-74.518808,56.284516000000004,7,20134.958540121126,2876.4226485887325,31.32716072028815,FALSE
RAF_35,35,2004013,Traversée sur glace,2,2007-04-22T12:02:00,2007-04-22T19:01:00,-74.820472,53.470657,-74.66058,53.661412,6.983333333333333,23550.322096044045,3372.361159338049,NA,FALSE
RAF_35,35,2004013,Traversée sur glace,3,2007-04-22T19:01:00,2007-04-23T02:00:00,-74.66058,53.661412,-74.637324,53.745916,6.983333333333333,9459.129174463167,1354.5292373932937,17.317761443449136,FALSE
RAF_36,36,2004013,Traversée sur glace,2,2007-04-23T09:02:00,2007-04-23T23:00:00,-74.632531,53.751095,-74.523465,53.936614,13.966666666666667,21699.34886257949,1553.652663191849,NA,TRUE
RAF_36,36,2004013,Traversée sur glace,3,2007-04-23T23:00:00,2007-04-24T06:01:00,-74.523465,53.936614,-74.523601,53.955951,7.016666666666667,2136.4376561909185,304.48042606046346,19.452123971097855,FALSE
RAF_38,38,2004013,Traversée sur glace,2,2007-11-28T10:00:00,2007-11-28T17:00:00,-72.401589,55.291104,-72.575943,55.116481,7,22233.463358518075,3176.209051216868,NA,FALSE
RAF_38,38,2004013,Traversée sur glace,3,2007-11-28T17:00:00,2007-11-29T00:01:00,-72.575943,55.116481,-72.858375,54.967595,7.016666666666667,24339.28535468386,3468.781760762545,17.903168521735534,FALSE
RAF_39,39,2004013,Traversée sur glace,2,2009-01-06T20:03:00,2009-01-07T10:02:00,-73.942113,53.748454,-74.080775,53.648623,13.983333333333333,14292.268785519498,1022.0931193458522,NA,TRUE
RAF_39,39,2004013,Traversée sur glace,3,2009-01-07T10:02:00,2009-01-07T17:02:00,-74.080775,53.648623,-74.096907,53.648405,7,1059.1112500347228,151.30160714781755,49.26169060575915,FALSE
RAF_40,40,2004013,Traversée sur glace,2,2009-05-10T12:01:00,2009-05-10T19:01:00,-74.509614,53.804304,-74.49213,53.931839,7,14136.26469762996,2019.4663853757086,NA,FALSE
RAF_40,40,2004013,Traversée sur glace,3,2009-05-10T19:01:00,2009-05-11T02:01:00,-74.49213,53.931839,-74.493028,53.972168,7,4456.083239265778,636.5833198951111,5.391383881757877,FALSE
RAF_41,41,2007020,Traversée sur glace,2,2008-11-19T11:00:00,2008-11-19T18:00:00,-72.1986,54.5608,-72.3271,54.3601,7,23672.219211492265,3381.7456016417523,NA,FALSE
RAF_41,41,2007020,Traversée sur glace,3,2008-11-19T18:00:00,2008-11-20T01:00:00,-72.3271,54.3601,-72.3448,54.3347,7,3030.475097686507,432.9250139552153,1.7540092503999993,FALSE
RAF_42,42,2007020,Contournement,2,2009-03-13T04:02:00,2009-03-13T11:01:00,-73.8299,53.7263,-73.85,53.7202,6.983333333333333,1479.3651137634204,211.84225972745875,NA,FALSE
RAF_42,42,2007020,Contournement,3,2009-03-13T11:01:00,2009-03-13T18:00:00,-73.85,53.7202,-73.8979,53.7151,6.983333333333333,3189.0100369393695,456.66014848773784,16.950077231419005,FALSE
RAF_42,42,2007020,Contournement,4,2009-03-13T18:00:00,2009-03-14T01:01:00,-73.8979,53.7151,-73.9069,53.7132,7.016666666666667,626.0471203554224,89.22286750908633,9.39061607460461,FALSE
RAF_42,42,2007020,Contournement,5,2009-03-14T01:01:00,2009-03-14T08:02:00,-73.9069,53.7132,-73.91,53.7118,7.016666666666667,255.33675750815434,36.39003669949943,17.686611493248034,FALSE
RAF_42,42,2007020,Contournement,6,2009-03-14T08:02:00,2009-03-14T15:01:00,-73.91,53.7118,-73.9176,53.7139,6.983333333333333,549.4572475755489,78.68122876976834,62.26056278969579,FALSE
RAF_43,43,2007020,Contournement,2,2009-11-06T04:01:00,2009-11-06T11:03:00,-72.6576,54.2311,-72.6062,54.2373,7.033333333333333,3397.002108891939,482.9860818329771,NA,FALSE
RAF_43,43,2007020,Contournement,3,2009-11-06T11:03:00,2009-11-06T18:02:00,-72.6062,54.2373,-72.5905,54.2227,6.983333333333333,1906.7395603320472,273.04146448668934,69.39619920836951,FALSE
RAF_43,43,2007020,Contournement,4,2009-11-06T18:02:00,2009-11-07T01:01:00,-72.5905,54.2227,-72.5864,54.2255,6.983333333333333,407.6690430645795,58.377428601133104,107.16599087651196,FALSE
RAF_43,43,2007020,Contournement,5,2009-11-07T01:01:00,2009-11-07T08:01:00,-72.5864,54.2255,-72.5707,54.2307,7,1167.5984921595275,166.7997845942182,19.882615909898327,FALSE
RAF_43,43,2007020,Contournement,6,2009-11-07T08:01:00,2009-11-07T15:01:00,-72.5707,54.2307,-72.6032,54.2242,7,2223.321327689137,317.6173325270196,169.36113008385954,FALSE
RAF_44,44,2007021,Traversée sur glace,2,2007-05-03T09:01:00,2007-05-03T20:01:00,-75.0948,53.5745,-75.1013,53.6612,11,9587.336150932539,871.5760137211399,NA,FALSE
RAF_44,44,2007021,Traversée sur glace,3,2007-05-03T20:01:00,2007-05-04T07:00:00,-75.1013,53.6612,-75.0728,53.7785,10.983333333333333,13092.519740262958,1192.0351812075533,10.74400642973405,FALSE
RAF_44,44,2007021,Traversée sur glace,4,2007-05-04T07:00:00,2007-05-05T16:01:00,-75.0728,53.7785,-75.0451,54.1637,33.016666666666666,42596.97613411527,1290.1658596905181,5.795334699985284,TRUE
RAF_45,45,2007021,Contournement,2,2007-11-16T22:01:00,2007-11-17T09:00:00,-70.8518,54.738,-70.9247,54.703,10.983333333333333,6059.6778521471315,551.7157376765218,NA,FALSE
RAF_45,45,2007021,Contournement,3,2007-11-17T09:00:00,2007-11-17T20:00:00,-70.9247,54.703,-71.0791,54.6654,11,10725.114082352766,975.0103711229787,16.96562320248908,FALSE
RAF_45,45,2007021,Contournement,4,2007-11-17T20:00:00,2007-11-18T07:00:00,-71.0791,54.6654,-71.2474,54.6226,11,11779.35682008883,1070.8506200080753,0.7501585636483773,FALSE
RAF_46,46,2007021,Traversée sur glace,2,2007-11-20T03:00:00,2007-11-20T14:00:00,-71.9132,54.5041,-72.1142,54.4739,11,13355.681311162183,1214.1528464692894,NA,FALSE
RAF_46,46,2007021,Traversée sur glace,3,2007-11-20T14:00:00,2007-11-21T01:01:00,-72.1142,54.4739,-72.3775,54.4723,11.016666666666667,16947.603861005202,1538.3604109838307,14.059176824195662,FALSE
RAF_47,47,2007021,Traversée sur glace,2,2007-11-29T07:00:00,2007-11-29T18:00:00,-74.9109,53.8465,-74.8472,53.842,11,4191.34369583312,381.03124507573824,NA,FALSE
RAF_47,47,2007021,Traversée sur glace,3,2007-11-29T18:00:00,2007-11-30T05:01:00,-74.8472,53.842,-74.7913,53.6835,11.016666666666667,17888.69568201944,1623.7847820289958,71.33661370898285,FALSE
RAF_47,47,2007021,Traversée sur glace,4,2007-11-30T05:01:00,2007-12-01T14:01:00,-74.7913,53.6835,-75.085,53.3839,33,38327.313479024226,1161.433741788613,42.184850707764454,TRUE
RAF_48,48,2007021,Traversée sur glace,2,2008-05-06T01:01:00,2008-05-06T12:02:00,-75.1337,53.6038,-75.1341,53.6429,11.016666666666667,4319.498027402672,392.08756678390364,NA,FALSE
RAF_48,48,2007021,Traversée sur glace,3,2008-05-06T12:02:00,2008-05-06T23:00:00,-75.1341,53.6429,-75.0126,53.9265,10.966666666666667,32323.93909029834,2947.4716495712773,14.536379630817992,FALSE
RAF_49,49,2007021,Traversée sur glace,2,2008-05-17T23:00:00,2008-05-18T10:01:00,-74.5193,56.1566,-74.4086,56.3509,11.016666666666667,22560.27909771376,2047.8316881434575,NA,FALSE
RAF_49,49,2007021,Traversée sur glace,3,2008-05-18T10:01:00,2008-05-18T21:01:00,-74.4086,56.3509,-74.4779,56.5211,11,19314.69730259892,1755.8815729635382,30.325001285503095,FALSE
RAF_50,50,2007021,Traversée sur glace,2,2008-11-18T05:01:00,2008-11-19T14:01:00,-73.186,54.0419,-73.2073,54.0195,33,2836.3272038964815,85.94930920898429,NA,TRUE
RAF_50,50,2007021,Traversée sur glace,3,2008-11-19T14:01:00,2008-11-20T12:01:00,-73.2073,54.0195,-73.3009,54.0099,22,6182.266021345584,281.0120918793447,50.92666589908012,TRUE
RAF_51,51,2007021,Contournement,2,2009-10-25T11:00:00,2009-10-25T22:00:00,-72.0745,54.6143,-72.212,54.5326,11,12628.210272778217,1148.0191157071106,NA,FALSE
RAF_51,51,2007021,Contournement,3,2009-10-25T22:00:00,2009-10-26T09:01:00,-72.212,54.5326,-72.3373,54.5347,11.016666666666667,8056.268271830865,731.2800246745112,47.400041837683915,FALSE
RAF_52,52,2007021,Contournement,2,2009-10-30T23:01:00,2009-10-31T10:00:00,-73.1145,53.9951,-73.0954,53.9835,10.983333333333333,1785.8072592344097,162.59246669812532,NA,FALSE
RAF_52,52,2007021,Contournement,3,2009-10-31T10:00:00,2009-10-31T21:00:00,-73.0954,53.9835,-72.9334,53.9802,11,10555.9340062229,959.6303642020819,43.95604723567685,FALSE
RAF_52,52,2007021,Contournement,4,2009-10-31T21:00:00,2009-11-01T08:01:00,-72.9334,53.9802,-72.8779,53.9407,11.016666666666667,5667.58010739583,514.4550778271555,48.28879226743912,FALSE
RAF_53,53,2007021,Traversée sur glace,2,2010-04-09T13:01:00,2010-04-10T00:01:00,-74.7161,53.8061,-74.8433,53.909,11,14080.469966618777,1280.0427242380706,NA,FALSE
RAF_53,53,2007021,Traversée sur glace,3,2010-04-10T00:01:00,2010-04-10T11:00:00,-74.8433,53.909,-74.847,53.9056,10.983333333333333,446.5037449932833,40.65284476418361,111.06516859675492,FALSE
RAF_54,54,2007021,Contournement,2,2010-11-20T03:00:00,2010-11-20T14:00:00,-74.9237,53.8357,-74.8972,53.8511,11,2427.4174481644013,220.67431346949104,NA,FALSE
RAF_54,54,2007021,Contournement,3,2010-11-20T14:00:00,2010-11-21T01:00:00,-74.8972,53.8511,-74.9473,53.8894,11,5348.408405153975,486.2189459230886,83.19812531816135,FALSE
RAF_54,54,2007021,Contournement,4,2010-11-21T01:00:00,2010-11-21T12:00:00,-74.9473,53.8894,-74.9782,53.9172,11,3673.9162242835823,333.9923840257802,4.459295273538505,FALSE
RAF_55,55,2007021,Traversée sur glace,2,2010-11-29T18:01:00,2010-11-30T05:01:00,-76.1156,53.745,-76.3036,53.6742,11,14594.643456282163,1326.785768752924,NA,FALSE
RAF_55,55,2007021,Traversée sur glace,3,2010-11-30T05:01:00,2010-11-30T16:00:00,-76.3036,53.6742,-76.3185,53.6373,10.983333333333333,4192.05485127743,381.67418979764165,44.023836502314445,FALSE
RAF_55,55,2007021,Traversée sur glace,4,2010-11-30T16:00:00,2010-12-01T03:01:00,-76.3185,53.6373,-76.3814,53.5671,11.016666666666667,8787.601323309336,797.6642653533436,14.597626499520333,FALSE
RAF_56,56,2007047,Traversée à la nage,2,2012-11-02T16:00:00,2012-11-02T18:01:00,-74.788451,56.297074,-74.767279,56.254745,2.0166666666666666,4862.993855685598,2411.401911910214,NA,FALSE
RAF_56,56,2007047,Traversée à la nage,3,2012-11-02T18:01:00,2012-11-02T20:00:00,-74.767279,56.254745,-74.773385,56.225315,1.9833333333333334,3278.8548838571724,1653.2041431212633,22.13494995962189,FALSE
RAF_56,56,2007047,Traversée à la nage,4,2012-11-02T20:00:00,2012-11-02T22:01:00,-74.773385,56.225315,-74.757972,56.216998,2.0166666666666666,1323.0649003662368,656.0652398510265,52.510400549921194,FALSE
RAF_56,56,2007047,Traversée à la nage,5,2012-11-02T22:01:00,2012-11-03T00:00:00,-74.757972,56.216998,-74.75799,56.217014,1.9833333333333334,2.08991798234825,1.0537401591671849,166.17195176268697,FALSE
RAF_56,56,2007047,Traversée à la nage,6,2012-11-03T00:00:00,2012-11-03T02:00:00,-74.75799,56.217014,-74.757485,56.217446,2,57.05865671029316,28.52932835514658,65.16037644352846,FALSE
RAF_56,56,2007047,Traversée à la nage,7,2012-11-03T02:00:00,2012-11-03T04:00:00,-74.757485,56.217446,-74.755955,56.217962,2,110.28676113945274,55.14338056972637,25.7352478280294,FALSE
RAF_56,56,2007047,Traversée à la nage,8,2012-11-03T04:00:00,2012-11-03T06:00:00,-74.755955,56.217962,-74.765639,56.214002,2,740.7634912282876,370.3817456141438,174.91516605515184,FALSE
RAF_56,56,2007047,Traversée à la nage,9,2012-11-03T06:00:00,2012-11-03T08:00:00,-74.765639,56.214002,-74.770748,56.211157,2,445.44792129717314,222.72396064858657,8.69954014601474,FALSE
RAF_56,56,2007047,Traversée à la nage,10,2012-11-03T08:00:00,2012-11-03T10:00:00,-74.770748,56.211157,-74.770799,56.211146,2,3.372882077233201,1.6864410386166004,23.82321232001489,FALSE
RAF_56,56,2007047,Traversée à la nage,11,2012-11-03T10:00:00,2012-11-03T12:00:00,-74.770799,56.211146,-74.772068,56.210574,2,100.66482827185983,50.332414135929916,17.808133527861404,FALSE
RAF_56,56,2007047,Traversée à la nage,12,2012-11-03T12:00:00,2012-11-03T14:00:00,-74.772068,56.210574,-74.751899,56.20157,2,1593.99373689432,796.99686844716,102.34797027047216,FALSE
RAF_56,56,2007047,Traversée à la nage,13,2012-11-03T14:00:00,2012-11-03T16:00:00,-74.751899,56.20157,-74.752278,56.201484,2,25.244115037662525,12.622057518831262,119.1491920992962,FALSE
RAF_56,56,2007047,Traversée à la nage,14,2012-11-03T16:00:00,2012-11-03T18:00:00,-74.752278,56.201484,-74.74747,56.205693,2,552.2268001466175,276.11340007330875,144.63397806815263,FALSE
RAF_56,56,2007047,Traversée à la nage,15,2012-11-03T18:00:00,2012-11-03T20:00:00,-74.74747,56.205693,-74.743612,56.205247,2,243.0479781612798,121.5239890806399,69.22784388998862,FALSE
RAF_56,56,2007047,Traversée à la nage,16,2012-11-03T20:00:00,2012-11-03T22:00:00,-74.743612,56.205247,-74.75651,56.206558,2,808.733833304634,404.366916652317,178.62124763669684,FALSE
RAF_56,56,2007047,Traversée à la nage,17,2012-11-03T22:00:00,2012-11-04T00:00:00,-74.75651,56.206558,-74.753749,56.206471,2,170.581484505321,85.2907422526605,172.90475769273917,FALSE
RAF_56,56,2007047,Traversée à la nage,18,2012-11-04T00:00:00,2012-11-04T02:00:00,-74.753749,56.206471,-74.753979,56.206982000000004,2,58.305590414749275,29.152795207374638,107.31968449712893,FALSE
RAF_56,56,2007047,Traversée à la nage,19,2012-11-04T02:00:00,2012-11-04T04:00:00,-74.753979,56.206982000000004,-74.754267,56.206783,2,28.295415508799586,14.147707754399793,127.02637490095911,FALSE
RAF_56,56,2007047,Traversée à la nage,20,2012-11-04T04:00:00,2012-11-04T06:00:00,-74.754267,56.206783,-74.754682,56.207154,2,48.38536014571437,24.192680072857186,109.16806855825878,FALSE
RAF_56,56,2007047,Traversée à la nage,21,2012-11-04T06:00:00,2012-11-04T08:00:00,-74.754682,56.207154,-74.753708,56.206427,2,100.41471991107306,50.20735995553653,175.19204307457215,FALSE
RAF_56,56,2007047,Traversée à la nage,22,2012-11-04T08:00:00,2012-11-04T10:00:00,-74.753708,56.206427,-74.760133,56.207575,2,416.1819978139051,208.09099890695256,144.52648392498511,FALSE
RAF_56,56,2007047,Traversée à la nage,23,2012-11-04T10:00:00,2012-11-04T12:00:00,-74.760133,56.207575,-74.759709,56.207399,2,32.609819677391435,16.304909838695718,161.09487411621978,FALSE
RAF_56,56,2007047,Traversée à la nage,24,2012-11-04T12:00:00,2012-11-04T14:00:00,-74.759709,56.207399,-74.812358,56.195731,2,3495.283756609658,1747.641878304829,121.66203265400108,FALSE
RAF_57,57,2007047,Contournement,2,2012-11-04T16:00:00,2012-11-04T18:01:00,-74.8229,56.150758,-74.740021,56.117458,2.0166666666666666,6309.548731720245,3128.701850439791,NA,FALSE
RAF_57,57,2007047,Contournement,3,2012-11-04T18:01:00,2012-11-04T20:00:00,-74.740021,56.117458,-74.754716,56.076095,1.9833333333333334,4666.535266609327,2352.874924340837,65.46883043053707,FALSE
RAF_58,58,2007047,Traversée sur glace,2,2013-01-10T16:01:00,2013-01-10T23:00:00,-73.480605,54.987799,-73.434133,55.015836,6.983333333333333,4281.067540904652,613.040697981573,NA,FALSE
RAF_58,58,2007047,Traversée sur glace,3,2013-01-10T23:00:00,2013-01-11T06:01:00,-73.434133,55.015836,-73.362538,55.05123,7.016666666666667,5998.104083134979,854.8366864325386,5.618867073688011,FALSE
RAF_59,59,2007047,Contournement,2,2013-11-14T18:00:00,2013-11-14T20:00:00,-72.965311,54.078065,-72.954387,54.068487,2,1274.2860775975053,637.1430387987526,NA,FALSE
RAF_59,59,2007047,Contournement,3,2013-11-14T20:00:00,2013-11-14T22:00:00,-72.954387,54.068487,-72.851325,54.079566,2,6807.812906275249,3403.9064531376243,66.5522240811754,FALSE
RAF_59,59,2007047,Contournement,4,2013-11-14T22:00:00,2013-11-15T00:00:00,-72.851325,54.079566,-72.815364,54.089533,2,2582.677619065,1291.3388095325,14.936260913816225,FALSE
RAF_59,59,2007047,Contournement,5,2013-11-15T00:00:00,2013-11-15T02:00:00,-72.815364,54.089533,-72.785795,54.091617,2,1934.3594131461768,967.1797065730884,18.376489430093226,FALSE
RAF_60,60,2007047,Traversée sur glace,2,2014-05-02T20:00:00,2014-05-02T22:00:00,-74.562052,53.622738,-74.561353,53.62734,2,510.456304105089,255.2281520525445,NA,FALSE
RAF_60,60,2007047,Traversée sur glace,3,2014-05-02T22:00:00,2014-05-03T00:00:00,-74.561353,53.62734,-74.573315,53.661027,2,3803.398696222222,1901.699348111111,17.06946844991165,FALSE
RAF_61,61,2007047,Traversée sur glace,2,2014-05-03T12:00:00,2014-05-03T14:00:00,-74.585963,53.678118,-74.587456,53.677201,2,140.89766719792172,70.44883359896086,NA,FALSE
RAF_61,61,2007047,Traversée sur glace,3,2014-05-03T14:00:00,2014-05-03T16:00:00,-74.587456,53.677201,-74.587319,53.703508,2,2906.236097699697,1453.1180488498485,136.14858624817566,FALSE
RAF_62,62,2007047,Traversée sur glace,2,2014-05-04T14:00:00,2014-05-04T16:00:00,-74.609637,53.840389,-74.607863,53.873541,2,3664.455211886393,1832.2276059431965,NA,FALSE
RAF_62,62,2007047,Traversée sur glace,3,2014-05-04T16:00:00,2014-05-04T18:00:00,-74.607863,53.873541,-74.60265,53.916958,2,4808.813245657759,2404.4066228288793,2.2417281749732427,FALSE
RAF_63,63,2007047,Contournement,2,2014-05-12T20:00:00,2014-05-12T22:00:00,-74.923072,56.157173,-74.898218,56.204992,2,5509.92077201178,2754.96038600589,NA,FALSE
RAF_63,63,2007047,Contournement,3,2014-05-12T22:00:00,2014-05-13T00:00:00,-74.898218,56.204992,-74.881246,56.267893,2,7039.748052700941,3519.8740263504706,7.63679258469813,FALSE
RAF_63,63,2007047,Contournement,4,2014-05-13T00:00:00,2014-05-13T02:00:00,-74.881246,56.267893,-74.86986,56.319013,2,5701.321933642428,2850.660966821214,1.4966083612725456,FALSE
RAF_64,64,2008035,Traversée sur glace,2,2010-04-05T05:01:00,2010-04-05T12:00:00,-75.636707,53.546618,-75.635505,53.591428,6.983333333333333,4950.76063759211,708.939470776913,NA,FALSE
RAF_64,64,2008035,Traversée sur glace,3,2010-04-05T12:00:00,2010-04-05T19:00:00,-75.635505,53.591428,-75.6618,53.675983,7,9499.12501923179,1357.0178598902555,11.376644456400122,FALSE
RAF_65,65,2008035,Traversée sur glace,2,2010-04-06T09:00:00,2010-04-06T16:01:00,-75.698616,53.710905,-75.789272,53.804226,7.016666666666667,11895.990722931598,1695.390601842983,NA,FALSE
RAF_65,65,2008035,Traversée sur glace,3,2010-04-06T16:01:00,2010-04-06T23:00:00,-75.789272,53.804226,-75.827514,53.877533,6.983333333333333,8475.578023413073,1213.6865904648791,12.83329687534354,FALSE
RAF_66,66,2008035,Traversée sur glace,2,2010-11-18T16:01:00,2010-11-18T18:00:00,-74.378199,53.687143,-74.397277,53.656108,1.9833333333333334,3649.8013885211635,1840.2359942123512,NA,FALSE
RAF_66,66,2008035,Traversée sur glace,3,2010-11-18T18:00:00,2010-11-18T20:01:00,-74.397277,53.656108,-74.382529,53.612639,2.0166666666666666,4898.738087134473,2429.1263241989122,31.452543909306165,FALSE
RAF_67,67,2008035,Traversée sur glace,2,2010-12-12T14:00:00,2010-12-12T16:00:00,-76.423418,52.389887,-76.471922,52.412477,2,4118.815124436731,2059.4075622183655,NA,FALSE
RAF_67,67,2008035,Traversée sur glace,3,2010-12-12T16:00:00,2010-12-12T18:00:00,-76.471922,52.412477,-76.52661,52.436729,2,4562.086070331808,2281.043035165904,1.2882236847876392,FALSE
RAF_68,68,2008035,Contournement,2,2010-12-13T14:00:00,2010-12-13T16:01:00,-76.596392,52.487451,-76.604204,52.499331,2.0166666666666666,1413.9561132561737,701.1352627716564,NA,FALSE
RAF_68,68,2008035,Contournement,3,2010-12-13T16:01:00,2010-12-13T18:00:00,-76.604204,52.499331,-76.608596,52.508069,1.9833333333333334,1009.5352802229165,509.00938498634446,4.821897263433805,FALSE
RAF_68,68,2008035,Contournement,4,2010-12-13T18:00:00,2010-12-13T20:00:00,-76.608596,52.508069,-76.652142,52.528692,2,3714.576413011196,1857.288206505598,35.10505958289346,FALSE
RAF_68,68,2008035,Contournement,5,2010-12-13T20:00:00,2010-12-13T22:01:00,-76.652142,52.528692,-76.687401,52.571436,2.0166666666666666,5284.557808686052,2620.441888604654,25.51271997055451,FALSE
RAF_69,69,2008035,Traversée sur glace,2,2010-12-23T14:00:00,2010-12-23T21:00:00,-77.229462,53.463079,-77.26435,53.506524,7,5321.345879358642,760.1922684798061,NA,FALSE
RAF_69,69,2008035,Traversée sur glace,3,2010-12-23T21:00:00,2010-12-24T04:00:00,-77.26435,53.506524,-77.345021,53.600457,7,11654.90209900213,1664.9860141431616,1.4460963719425575,FALSE
RAF_70,70,2008035,Contournement,2,2012-04-06T14:00:00,2012-04-06T21:00:00,-74.894173,56.191258,-74.856455,56.214502,7,3468.6435788398853,495.5205112628408,NA,FALSE
RAF_70,70,2008035,Contournement,3,2012-04-06T21:00:00,2012-04-07T04:00:00,-74.856455,56.214502,-74.845132,56.223626,7,1227.6733069211668,175.38190098873812,7.486950004284589,FALSE
RAF_70,70,2008035,Contournement,4,2012-04-07T04:00:00,2012-04-07T11:00:00,-74.845132,56.223626,-74.844365,56.228527,7,544.4707537075598,77.78153624393711,29.684785339406684,FALSE
RAF_70,70,2008035,Contournement,5,2012-04-07T11:00:00,2012-04-07T18:00:00,-74.844365,56.228527,-74.829363,56.291128,7,6989.9278211059045,998.5611173008435,2.6085362853062795,FALSE
RAF_70,70,2008035,Contournement,6,2012-04-07T18:00:00,2012-04-08T01:00:00,-74.829363,56.291128,-74.829952,56.318563,7,3036.8288140821523,433.8326877260218,8.286954012926662,FALSE
RAF_70,70,2008035,Contournement,7,2012-04-08T01:00:00,2012-04-08T08:00:00,-74.829952,56.318563,-74.828994,56.322927,7,486.6140423299741,69.51629176142487,7.638656014742824,FALSE
RAF_70,70,2008035,Contournement,8,2012-04-08T08:00:00,2012-04-08T15:00:00,-74.828994,56.322927,-74.796286,56.374119,7,6012.476521546823,858.9252173638318,12.565593320675278,FALSE
RAF_71,71,2008042,Contournement,2,2013-01-12T03:00:00,2013-01-12T10:01:00,-73.326815,54.990595,-73.270561,55.016325,7.016666666666667,4568.191500145433,651.048669854456,NA,FALSE
RAF_71,71,2008042,Contournement,3,2013-01-12T10:01:00,2013-01-12T17:00:00,-73.270561,55.016325,-73.227342,55.073198,6.983333333333333,6859.958493834471,982.3329585443156,27.95514370552186,FALSE
RAF_71,71,2008042,Contournement,4,2013-01-12T17:00:00,2013-01-13T00:00:00,-73.227342,55.073198,-73.222717,55.12097,7,5289.656099166732,755.6651570238189,20.415500648844752,FALSE
RAF_72,72,2008042,Contournement,2,2013-05-02T14:00:00,2013-05-02T16:00:00,-74.225998,55.914606,-74.281421,55.92545,2,3646.2974909151685,1823.1487454575843,NA,FALSE
RAF_72,72,2008042,Contournement,3,2013-05-02T16:00:00,2013-05-02T18:00:00,-74.281421,55.92545,-74.323766,55.934014,2,2795.599075000548,1397.799537500274,0.6406570748815427,FALSE
RAF_72,72,2008042,Contournement,4,2013-05-02T18:00:00,2013-05-02T20:00:00,-74.323766,55.934014,-74.336134,55.940171,2,1026.6264612259677,513.3132306129838,21.780710715671113,FALSE
RAF_72,72,2008042,Contournement,5,2013-05-02T20:00:00,2013-05-02T22:00:00,-74.336134,55.940171,-74.356902,55.954824,2,2071.433117990059,1035.7165589950296,9.94724024767284,FALSE
RAF_72,72,2008042,Contournement,6,2013-05-02T22:00:00,2013-05-03T00:00:00,-74.356902,55.954824,-74.359947,55.965482,2,1194.273744612842,597.136872306421,29.4000403550595,FALSE
RAF_72,72,2008042,Contournement,7,2013-05-03T00:00:00,2013-05-03T02:00:00,-74.359947,55.965482,-74.360603,55.96628,2,97.22590318996019,48.612951594980096,15.64622384916003,FALSE
RAF_72,72,2008042,Contournement,8,2013-05-03T02:00:00,2013-05-03T04:00:00,-74.360603,55.96628,-74.36073,55.966408,2,16.207456162140176,8.103728081070088,4.341983524902283,FALSE
RAF_72,72,2008042,Contournement,9,2013-05-03T04:00:00,2013-05-03T06:00:00,-74.36073,55.966408,-74.373919,55.971697,2,1006.0904387448326,503.0452193724163,25.33294033904872,FALSE
RAF_72,72,2008042,Contournement,10,2013-05-03T06:00:00,2013-05-03T08:00:00,-74.373919,55.971697,-74.372451,55.97178,2,91.54684674542253,45.773423372711264,138.68076158461625,FALSE
RAF_72,72,2008042,Contournement,11,2013-05-03T08:00:00,2013-05-03T10:00:00,-74.372451,55.97178,-74.39318,55.985206,2,1964.7978412862124,982.3989206431062,125.11666013406715,FALSE
RAF_72,72,2008042,Contournement,12,2013-05-03T10:00:00,2013-05-03T12:00:00,-74.39318,55.985206,-74.403395,55.987348,2,676.4576445448887,338.22882227244435,28.596788615391453,FALSE
RAF_72,72,2008042,Contournement,13,2013-05-03T12:00:00,2013-05-03T14:00:00,-74.403395,55.987348,-74.403319,55.987083,2,29.697519805873537,14.848759902936768,119.6380806388635,FALSE
RAF_72,72,2008042,Contournement,14,2013-05-03T14:00:00,2013-05-03T16:00:00,-74.403319,55.987083,-74.421067,55.997921,2,1627.7124653461576,813.8562326730788,146.59345803616486,FALSE
RAF_72,72,2008042,Contournement,15,2013-05-03T16:00:00,2013-05-03T18:00:00,-74.421067,55.997921,-74.428962,56.002002,2,665.9761341813916,332.9880670906958,4.753505593730123,FALSE
RAF_73,73,2008042,Traversée sur glace,2,2013-05-03T20:00:00,2013-05-03T22:00:00,-74.441741,56.031823,-74.4568,56.05367,2,2591.1065292180742,1295.5532646090371,NA,FALSE
RAF_73,73,2008042,Traversée sur glace,3,2013-05-03T22:00:00,2013-05-04T00:00:00,-74.4568,56.05367,-74.440761,56.140531,2,9662.953755568251,4831.4768777841255,26.990535612558837,FALSE
RAF_74,74,2008042,Traversée sur glace,2,2013-05-04T08:00:00,2013-05-04T10:00:00,-74.431495,56.151787,-74.423002,56.178579,2,3010.9987647786247,1505.4993823893124,NA,FALSE
RAF_74,74,2008042,Traversée sur glace,3,2013-05-04T10:00:00,2013-05-04T12:00:00,-74.423002,56.178579,-74.400096,56.231462,2,6020.787369106682,3010.393684553341,3.5301172463583885,FALSE
RAF_75,75,2008042,Traversée sur glace,2,2013-05-04T14:00:00,2013-05-04T16:00:00,-74.401633,56.234832,-74.407685,56.30528,2,7806.05294453023,3903.026472265115,NA,FALSE
RAF_75,75,2008042,Traversée sur glace,3,2013-05-04T16:00:00,2013-05-04T18:00:00,-74.407685,56.30528,-74.439607,56.367282,2,7138.0019981134365,3569.0009990567182,13.20771656356066,FALSE
RAF_76,76,2008042,Contournement,2,2014-01-07T18:00:00,2014-01-08T01:00:00,-77.619988,53.745774,-77.511479,53.78566,7,8358.320538280059,1194.0457911828655,NA,FALSE
RAF_76,76,2008042,Contournement,3,2014-01-08T01:00:00,2014-01-08T08:00:00,-77.511479,53.78566,-77.465951,53.779563,7,3054.0487122000077,436.29267317142967,44.495789042188235,FALSE
RAF_76,76,2008042,Contournement,4,2014-01-08T08:00:00,2014-01-08T15:00:00,-77.465951,53.779563,-77.391615,53.840844,7,8334.292323680722,1190.613189097246,67.11359166777173,FALSE
RAF_77,77,2008042,Traversée sur glace,2,2014-04-29T10:00:00,2014-04-29T12:00:00,-74.598534,56.052057,-74.60702,56.136769,2,9388.746573279834,4694.373286639917,NA,FALSE
RAF_77,77,2008042,Traversée sur glace,3,2014-04-29T12:00:00,2014-04-29T14:00:00,-74.60702,56.136769,-74.62539,56.211587,2,8357.232198977465,4178.616099488732,4.583132971015354,FALSE
RAF_77,77,2008042,Traversée sur glace,4,2014-04-29T14:00:00,2014-04-29T16:00:00,-74.62539,56.211587,-74.673431,56.280412,2,8172.3638118433155,4086.1819059216577,13.412825146724515,FALSE
RAF_77,77,2008042,Traversée sur glace,5,2014-04-29T16:00:00,2014-04-29T18:00:00,-74.673431,56.280412,-74.665223,56.34824,2,7524.509972318828,3762.254986159414,25.102036280185317,FALSE
RAF_78,78,2009009,Traversée à la nage,2,2012-10-24T20:00:00,2012-10-24T22:00:00,-74.242535,56.159910000000004,-74.316174,56.126892,2,5835.174033674539,2917.5870168372694,NA,FALSE
RAF_78,78,2009009,Traversée à la nage,3,2012-10-24T22:00:00,2012-10-25T00:00:00,-74.316174,56.126892,-74.358316,56.113528,2,2995.6097564717475,1497.8048782358737,9.232790889383315,FALSE
RAF_78,78,2009009,Traversée à la nage,4,2012-10-25T00:00:00,2012-10-25T02:00:00,-74.358316,56.113528,-74.363142,56.112714,2,311.68408008502774,155.84204004251387,12.80335611655581,FALSE
RAF_78,78,2009009,Traversée à la nage,5,2012-10-25T02:00:00,2012-10-25T04:00:00,-74.363142,56.112714,-74.362582,56.112499,2,42.01075006396011,21.005375031980055,128.70537395399623,FALSE
RAF_78,78,2009009,Traversée à la nage,6,2012-10-25T04:00:00,2012-10-25T06:00:00,-74.362582,56.112499,-74.35984,56.111194,2,222.70634301764233,111.35317150882116,5.927984105800056,FALSE
RAF_78,78,2009009,Traversée à la nage,7,2012-10-25T06:00:00,2012-10-25T08:00:00,-74.35984,56.111194,-74.359776,56.11153,2,37.3917530598194,18.6958765299097,124.3500840491708,FALSE
RAF_78,78,2009009,Traversée à la nage,8,2012-10-25T08:00:00,2012-10-25T10:00:00,-74.359776,56.11153,-74.359809,56.111538,2,2.2241924651930756,1.1120962325965378,72.6203778260849,FALSE
RAF_78,78,2009009,Traversée à la nage,9,2012-10-25T10:00:00,2012-10-25T12:00:00,-74.359809,56.111538,-74.366934,56.105483,2,801.9156809552929,400.95784047764647,80.1254298350794,FALSE
RAF_78,78,2009009,Traversée à la nage,10,2012-10-25T12:00:00,2012-10-25T14:00:00,-74.366934,56.105483,-74.41013,56.069008,2,4840.780652499568,2420.390326249784,0.2031974866579521,FALSE
RAF_78,78,2009009,Traversée à la nage,11,2012-10-25T14:00:00,2012-10-25T16:00:00,-74.41013,56.069008,-74.456612,56.049591,2,3591.369885301063,1795.6849426505314,19.7812542901266,FALSE
RAF_79,79,2009009,Contournement,2,2013-05-02T12:00:00,2013-05-02T14:00:00,-74.218277,55.906351,-74.223136,55.914109,2,909.8816875711615,454.94084378558074,NA,FALSE
RAF_79,79,2009009,Contournement,3,2013-05-02T14:00:00,2013-05-02T16:00:00,-74.223136,55.914109,-74.281376,55.924554,2,3798.3961850890523,1899.1980925445262,52.88110988900851,FALSE
RAF_79,79,2009009,Contournement,4,2013-05-02T16:00:00,2013-05-02T18:00:00,-74.281376,55.924554,-74.320736,55.933749,2,2647.9833701037646,1323.9916850518823,4.920185295261519,FALSE
RAF_79,79,2009009,Contournement,5,2013-05-02T18:00:00,2013-05-02T20:00:00,-74.320736,55.933749,-74.319276,55.938914,2,578.6016931683605,289.30084658418025,76.43740793020368,FALSE
RAF_79,79,2009009,Contournement,6,2013-05-02T20:00:00,2013-05-02T22:00:00,-74.319276,55.938914,-74.346416,55.952114,2,2229.876978072953,1114.9384890364765,58.08948932908466,FALSE
RAF_79,79,2009009,Contournement,7,2013-05-02T22:00:00,2013-05-03T00:01:00,-74.346416,55.952114,-74.36299,55.960331,2.0166666666666666,1372.9171196000448,680.7853485620057,0.5694802287907024,FALSE
RAF_79,79,2009009,Contournement,8,2013-05-03T00:01:00,2013-05-03T02:00:00,-74.36299,55.960331,-74.370999,55.964524,1.9833333333333334,679.9151301473523,342.8143513347995,1.5677879645485815,FALSE
RAF_79,79,2009009,Contournement,9,2013-05-03T02:00:00,2013-05-03T04:00:00,-74.370999,55.964524,-74.372375,55.964766,2,89.49131735006621,44.745658675033106,25.612577785622882,FALSE
RAF_79,79,2009009,Contournement,10,2013-05-03T04:00:00,2013-05-03T06:00:00,-74.372375,55.964766,-74.373926,55.971353,2,735.1342211785006,367.5671105892503,65.06901129850868,FALSE
RAF_79,79,2009009,Contournement,11,2013-05-03T06:00:00,2013-05-03T08:00:00,-74.373926,55.971353,-74.373335,55.971772,2,59.109272565598694,29.554636282799347,45.86673413240068,FALSE
RAF_79,79,2009009,Contournement,12,2013-05-03T08:00:00,2013-05-03T10:00:00,-74.373335,55.971772,-74.393024,55.985689,2,1965.451133716453,982.7255668582264,76.75811295269405,FALSE
RAF_79,79,2009009,Contournement,13,2013-05-03T10:00:00,2013-05-03T12:00:00,-74.393024,55.985689,-74.399536,55.987489,2,450.33461153593544,225.16730576796772,25.319650650972694,FALSE
RAF_79,79,2009009,Contournement,14,2013-05-03T12:00:00,2013-05-03T14:00:00,-74.399536,55.987489,-74.399894,55.987562,2,23.627571490726353,11.813785745363177,6.255229073406344,FALSE
RAF_79,79,2009009,Contournement,15,2013-05-03T14:00:00,2013-05-03T16:00:00,-74.399894,55.987562,-74.419153,55.992962,2,1335.5194637509815,667.7597318754907,6.593971636433011,FALSE
RAF_79,79,2009009,Contournement,16,2013-05-03T16:00:00,2013-05-03T18:01:00,-74.419153,55.992962,-74.423661,56.00136,2.0166666666666666,970.3445518045135,481.1625876716596,46.69100909869466,FALSE
RAF_80,80,2009009,Traversée sur glace,2,2013-05-03T22:00:00,2013-05-04T00:00:00,-74.453258,56.04327,-74.453814,56.111888,2,7593.071378205428,3796.535689102714,NA,FALSE
RAF_80,80,2009009,Traversée sur glace,3,2013-05-04T00:00:00,2013-05-04T02:00:00,-74.453814,56.111888,-74.435345,56.150169,2,4387.339259993573,2193.6696299967866,15.331848943275512,FALSE
RAF_81,81,2009009,Traversée sur glace,2,2013-05-04T08:00:00,2013-05-04T10:00:00,-74.430212,56.150463,-74.420088,56.189596,2,4375.611618208112,2187.805809104056,NA,FALSE
RAF_81,81,2009009,Traversée sur glace,3,2013-05-04T10:00:00,2013-05-04T12:00:00,-74.420088,56.189596,-74.407443,56.227824,2,4302.05620869716,2151.02810434858,2.223369430262705,FALSE
RAF_82,82,2009068,Contournement,2,2012-11-27T12:00:00,2012-11-27T14:01:00,-74.294287,53.706398,-74.336638,53.690009,2.0166666666666666,3314.667732743615,1643.6368922695613,NA,FALSE
RAF_82,82,2009068,Contournement,3,2012-11-27T14:01:00,2012-11-27T16:01:00,-74.336638,53.690009,-74.376153,53.692718,2,2608.212851515061,1304.1064257575306,39.72990390270791,FALSE
RAF_82,82,2009068,Contournement,4,2012-11-27T16:01:00,2012-11-27T18:01:00,-74.376153,53.692718,-74.408999,53.681819,2,2467.601693568591,1233.8008467842956,35.765230855947465,FALSE
RAF_82,82,2009068,Contournement,5,2012-11-27T18:01:00,2012-11-27T20:00:00,-74.408999,53.681819,-74.457936,53.655948,1.9833333333333334,4298.321502125714,2167.220925441536,12.437944755343826,FALSE
RAF_82,82,2009068,Contournement,6,2012-11-27T20:00:00,2012-11-27T22:00:00,-74.457936,53.655948,-74.504039,53.648863,2,3125.3265085545586,1562.6632542772793,27.210856565155368,FALSE
RAF_83,83,2009068,Traversée sur glace,2,2012-11-28T00:00:00,2012-11-28T02:00:00,-74.507773,53.645177,-74.541527,53.632043,2,2648.7377823140487,1324.3688911570243,NA,FALSE
RAF_83,83,2009068,Traversée sur glace,3,2012-11-28T02:00:00,2012-11-28T04:00:00,-74.541527,53.632043,-74.568033,53.599177,2,4026.613666462548,2013.306833231274,31.14114173247719,FALSE
RAF_84,84,2009068,Traversée sur glace,2,2013-01-08T08:00:00,2013-01-08T15:01:00,-74.829509,53.635887,-74.828515,53.643455,7.016666666666667,838.5918354503472,119.51427583615398,NA,FALSE
RAF_84,84,2009068,Traversée sur glace,3,2013-01-08T15:01:00,2013-01-09T05:01:00,-74.828515,53.643455,-74.859825,53.681677,14,4695.718074898909,335.40843392135065,30.395397151444236,TRUE
RAF_85,85,2009068,Contournement,2,2013-09-16T12:00:00,2013-09-16T14:00:00,-72.648423,55.223014,-72.683683,55.213577,2,2460.987798753881,1230.4938993769406,NA,FALSE
RAF_85,85,2009068,Contournement,3,2013-09-16T14:00:00,2013-09-16T16:00:00,-72.683683,55.213577,-72.72363,55.203638,2,2754.4218181030446,1377.2109090515223,1.6030476160733296,FALSE
RAF_85,85,2009068,Contournement,4,2013-09-16T16:00:00,2013-09-16T18:00:00,-72.72363,55.203638,-72.734766,55.200203,2,800.0932075319479,400.04660376597394,4.804975790902486,FALSE
RAF_85,85,2009068,Contournement,5,2013-09-16T18:00:00,2013-09-16T20:00:00,-72.734766,55.200203,-72.750755,55.19692,2,1074.3552144193,537.17760720965,8.602984047434072,FALSE
RAF_85,85,2009068,Contournement,6,2013-09-16T20:00:00,2013-09-16T22:00:00,-72.750755,55.19692,-72.753747,55.197739,2,209.77685353568938,104.88842676784469,45.32763283315876,FALSE
RAF_85,85,2009068,Contournement,7,2013-09-16T22:00:00,2013-09-17T00:00:00,-72.753747,55.197739,-72.786056,55.183958,2,2549.1653985691883,1274.5826992845941,62.266054170902684,FALSE
RAF_85,85,2009068,Contournement,8,2013-09-17T00:00:00,2013-09-17T02:01:00,-72.786056,55.183958,-72.804424,55.179549,2.0166666666666666,1260.2092196842793,624.8971337277418,13.970354170768813,FALSE
RAF_85,85,2009068,Contournement,9,2013-09-17T02:01:00,2013-09-17T04:00:00,-72.804424,55.179549,-72.804379,55.179683,1.9833333333333334,15.086666166351234,7.6067224368157484,123.64255923773644,FALSE
RAF_85,85,2009068,Contournement,10,2013-09-17T04:00:00,2013-09-17T06:01:00,-72.804379,55.179683,-72.806889,55.178537,2.0166666666666666,203.1650383782885,100.74299423716785,139.4613186670039,FALSE
RAF_85,85,2009068,Contournement,11,2013-09-17T06:01:00,2013-09-17T08:00:00,-72.806889,55.178537,-72.806781,55.178588,1.9833333333333334,8.859571380019519,4.467010779841774,179.05667945014733,FALSE
RAF_85,85,2009068,Contournement,12,2013-09-17T08:00:00,2013-09-17T10:00:00,-72.806781,55.178588,-72.822546,55.175021,2,1072.6716126356555,536.3358063178277,162.03694690657773,FALSE
RAF_85,85,2009068,Contournement,13,2013-09-17T10:00:00,2013-09-17T12:00:00,-72.822546,55.175021,-72.875695,55.177768,2,3376.759440817431,1688.3797204087155,26.759453700413438,FALSE
RAF_85,85,2009068,Contournement,14,2013-09-17T12:00:00,2013-09-17T14:01:00,-72.875695,55.177768,-72.938155,55.171138,2.0166666666666666,4019.8274609363893,1993.302873191598,15.621047847811049,FALSE
RAF_85,85,2009068,Contournement,15,2013-09-17T14:01:00,2013-09-17T16:00:00,-72.938155,55.171138,-72.997412,55.173974,1.9833333333333334,3763.002646430553,1897.3122587044804,15.335482257829932,FALSE
RAF_85,85,2009068,Contournement,16,2013-09-17T16:00:00,2013-09-17T18:00:00,-72.997412,55.173974,-73.026952,55.170127,2,1917.1581814673066,958.5790907336533,17.562427727294533,FALSE
RAF_85,85,2009068,Contournement,17,2013-09-17T18:00:00,2013-09-17T20:00:00,-73.026952,55.170127,-73.077739,55.173527,2,3235.882020727937,1617.9410103639684,19.52149912272648,FALSE
RAF_85,85,2009068,Contournement,18,2013-09-17T20:00:00,2013-09-17T22:00:00,-73.077739,55.173527,-73.124265,55.17006,2,2969.1722582830985,1484.5861291415492,14.049837963001929,FALSE
RAF_86,86,2009068,Contournement,2,2013-11-13T18:00:00,2013-11-13T20:01:00,-73.170975,54.219617,-73.170005,54.187899,2.0166666666666666,3505.2737820482553,1738.1522886189696,NA,FALSE
RAF_86,86,2009068,Contournement,3,2013-11-13T20:01:00,2013-11-13T22:00:00,-73.170005,54.187899,-73.150119,54.165253,1.9833333333333334,2814.7605918550926,1419.207021103408,26.23616601992993,FALSE
RAF_86,86,2009068,Contournement,4,2013-11-13T22:00:00,2013-11-14T00:01:00,-73.150119,54.165253,-73.1402,54.159939,2.0166666666666666,870.8779193434974,431.8402905835525,20.36330470218215,FALSE
RAF_86,86,2009068,Contournement,5,2013-11-14T00:01:00,2013-11-14T02:00:00,-73.1402,54.159939,-73.115276,54.145059,1.9833333333333334,2305.713555242571,1162.5446497021367,3.077801045829802,FALSE
RAF_87,87,2009068,Contournement,2,2013-11-14T18:00:00,2013-11-14T20:00:00,-73.048938,54.065988,-73.049009,54.061055,2,545.061194298498,272.530597149249,NA,FALSE
RAF_87,87,2009068,Contournement,3,2013-11-14T20:00:00,2013-11-14T22:00:00,-73.049009,54.061055,-73.048608,54.041058,2,2209.5881017315573,1104.7940508657787,1.1612655995086993,FALSE
RAF_87,87,2009068,Contournement,4,2013-11-14T22:00:00,2013-11-15T00:01:00,-73.048608,54.041058,-73.047394,54.041427,2.0166666666666666,88.85177967770461,44.05873372448163,116.63779383644031,FALSE
RAF_87,87,2009068,Contournement,5,2013-11-15T00:01:00,2013-11-15T02:00:00,-73.047394,54.041427,-72.986925,54.05105,1.9833333333333334,4073.0246106583427,2053.62585411345,12.156656266589144,FALSE
RAF_87,87,2009068,Contournement,6,2013-11-15T02:00:00,2013-11-15T04:00:00,-72.986925,54.05105,-72.947027,54.068317,2,3219.5523148955263,1609.7761574477631,21.247894744403144,FALSE
RAF_87,87,2009068,Contournement,7,2013-11-15T04:00:00,2013-11-15T06:00:00,-72.947027,54.068317,-72.879736,54.076958,2,4475.656453793404,2237.828226896702,23.979777286546305,FALSE
RAF_87,87,2009068,Contournement,8,2013-11-15T06:00:00,2013-11-15T08:01:00,-72.879736,54.076958,-72.840688,54.085358,2.0166666666666666,2701.3117375346073,1339.4934235708797,7.820774924416263,FALSE
RAF_87,87,2009068,Contournement,9,2013-11-15T08:01:00,2013-11-15T10:00:00,-72.840688,54.085358,-72.840698,54.085325,1.9833333333333334,3.7035846890760395,1.8673536247442215,120.18146679822816,FALSE
RAF_87,87,2009068,Contournement,10,2013-11-15T10:00:00,2013-11-15T12:00:00,-72.840698,54.085325,-72.819347,54.08974,2,1470.2065077357827,735.1032538678913,119.48859171569586,FALSE
RAF_87,87,2009068,Contournement,11,2013-11-15T12:00:00,2013-11-15T14:00:00,-72.819347,54.08974,-72.761069,54.096115,2,3850.1203700851975,1925.0601850425987,8.80456825688813,FALSE
RAF_88,88,2009068,Traversée sur glace,2,2013-11-16T12:00:00,2013-11-16T14:01:00,-72.627864,54.16513,-72.619852,54.197588,2.0166666666666666,3623.838150745358,1796.9445375596815,NA,FALSE
RAF_88,88,2009068,Traversée sur glace,3,2013-11-16T14:01:00,2013-11-16T16:01:00,-72.619852,54.197588,-72.57365,54.237787,2,5355.519724666935,2677.7598623334675,25.702727680133194,FALSE
RAF_89,89,2009068,Traversée sur glace,2,2013-11-17T00:01:00,2013-11-17T02:00:00,-72.414472,54.328272,-72.393877,54.364177,1.9833333333333334,4184.490185052165,2109.826984059915,NA,FALSE
RAF_89,89,2009068,Traversée sur glace,3,2013-11-17T02:00:00,2013-11-17T04:01:00,-72.393877,54.364177,-72.372474,54.41802,2.0166666666666666,6107.99561284957,3028.758155132018,5.482864894519978,FALSE
RAF_90,90,2009068,Contournement,2,2013-11-17T12:00:00,2013-11-17T14:00:00,-72.335472,54.450034,-72.314471,54.464316,2,2078.3403477165307,1039.1701738582653,NA,FALSE
RAF_90,90,2009068,Contournement,3,2013-11-17T14:00:00,2013-11-17T16:00:00,-72.314471,54.464316,-72.302135,54.493533,2,3324.9840854510308,1662.4920427255154,26.78798662513426,FALSE
RAF_90,90,2009068,Contournement,4,2013-11-17T16:00:00,2013-11-17T18:00:00,-72.302135,54.493533,-72.298349,54.509746,2,1808.2219999204406,904.1109999602203,6.080268730459695,FALSE
RAF_90,90,2009068,Contournement,5,2013-11-17T18:00:00,2013-11-17T20:01:00,-72.298349,54.509746,-72.307603,54.551691,2.0166666666666666,4673.556452631084,2317.4660095691324,15.048932429854236,FALSE
RAF_91,91,2009070,Contournement,2,2012-04-06T14:00:00,2012-04-06T21:00:00,-74.859548,56.183612,-74.833142,56.219956,7,4339.587525633715,619.9410750905307,NA,FALSE
RAF_91,91,2009070,Contournement,3,2012-04-06T21:00:00,2012-04-07T04:00:00,-74.833142,56.219956,-74.802384,56.258253,7,4643.171040182922,663.3101485975603,2.025935461800735,FALSE
RAF_91,91,2009070,Contournement,4,2012-04-07T04:00:00,2012-04-07T11:00:00,-74.802384,56.258253,-74.865109,56.259565,7,3866.773612262098,552.3962303231568,111.93205738316409,FALSE
RAF_91,91,2009070,Contournement,5,2012-04-07T11:00:00,2012-04-07T18:00:00,-74.865109,56.259565,-74.883801,56.266268,7,1369.6822781900096,195.66889688428708,30.675996520321412,FALSE
RAF_91,91,2009070,Contournement,6,2012-04-07T18:00:00,2012-04-08T01:00:00,-74.883801,56.266268,-74.929928,56.303122,7,4970.177152117741,710.0253074453915,22.385846186745955,FALSE
RAF_91,91,2009070,Contournement,7,2012-04-08T01:00:00,2012-04-08T08:00:00,-74.929928,56.303122,-74.830995,56.322264,7,6444.571498539729,920.6530712199612,105.62977021758431,FALSE
RAF_91,91,2009070,Contournement,8,2012-04-08T08:00:00,2012-04-08T15:00:00,-74.830995,56.322264,-74.792666,56.376415,7,6440.289710473214,920.0413872104591,49.40485322989534,FALSE
RAF_93,93,2009070,Contournement,2,2012-11-28T14:00:00,2012-11-28T16:00:00,-76.417854,54.100755,-76.45125,54.100852,2,2168.6811483500533,1084.3405741750266,NA,FALSE
RAF_93,93,2009070,Contournement,3,2012-11-28T16:00:00,2012-11-28T18:00:00,-76.45125,54.100852,-76.521573,54.099227,2,4570.214903936229,2285.1074519681147,2.4931584629087333,FALSE
RAF_93,93,2009070,Contournement,4,2012-11-28T18:00:00,2012-11-28T20:00:00,-76.521573,54.099227,-76.538116,54.092892,2,1282.278890941265,641.1394454706325,30.797809837006774,FALSE
RAF_93,93,2009070,Contournement,5,2012-11-28T20:00:00,2012-11-28T22:00:00,-76.538116,54.092892,-76.547309,54.086808,2,899.1343466194064,449.5671733097032,15.291305151427292,FALSE
RAF_94,94,2009070,Contournement,2,2012-11-30T14:00:00,2012-11-30T16:00:00,-76.606958,54.075411,-76.659501,54.101095,2,4438.699281343735,2219.3496406718673,NA,FALSE
RAF_94,94,2009070,Contournement,3,2012-11-30T16:00:00,2012-11-30T18:00:00,-76.659501,54.101095,-76.808261,54.120761,2,9899.210327359917,4949.605163679958,26.98193376394184,FALSE
RAF_94,94,2009070,Contournement,4,2012-11-30T18:00:00,2012-11-30T20:00:00,-76.808261,54.120761,-76.867156,54.123141,2,3831.6090176310245,1915.8045088155122,8.661377677974741,FALSE
RAF_95,95,2009070,Contournement,2,2013-05-02T14:00:00,2013-05-02T16:00:00,-74.163636,55.931934,-74.18634,55.937968,2,1560.066981650014,780.033490825007,NA,FALSE
RAF_95,95,2009070,Contournement,3,2013-05-02T16:00:00,2013-05-02T18:00:00,-74.18634,55.937968,-74.195091,55.938775,2,550.7113566251501,275.35567831257504,15.993128491111511,FALSE
RAF_95,95,2009070,Contournement,4,2013-05-02T18:00:00,2013-05-02T20:00:00,-74.195091,55.938775,-74.198339,55.942145,2,423.90984681847397,211.95492340923698,52.26445360161392,FALSE
RAF_95,95,2009070,Contournement,5,2013-05-02T20:00:00,2013-05-02T22:00:00,-74.198339,55.942145,-74.214391,55.963205,2,2534.230785812763,1267.1153929063814,5.2639938530782535,FALSE
RAF_95,95,2009070,Contournement,6,2013-05-02T22:00:00,2013-05-03T00:00:00,-74.214391,55.963205,-74.21429,55.968447,2,580.0242662340909,290.01213311704544,23.77911301124655,FALSE
RAF_95,95,2009070,Contournement,7,2013-05-03T00:00:00,2013-05-03T02:00:00,-74.21429,55.968447,-74.212303,55.975789,2,821.6479838760658,410.8239919380329,8.00970655733102,FALSE
RAF_95,95,2009070,Contournement,8,2013-05-03T02:00:00,2013-05-03T04:00:00,-74.212303,55.975789,-74.22009,55.978241,2,554.0632528134283,277.03162640671417,69.30947400555732,FALSE
RAF_95,95,2009070,Contournement,9,2013-05-03T04:00:00,2013-05-03T06:00:00,-74.22009,55.978241,-74.223183,55.97898,2,208.57405838723335,104.28702919361668,6.232978547215973,FALSE
RAF_95,95,2009070,Contournement,10,2013-05-03T06:00:00,2013-05-03T08:00:00,-74.223183,55.97898,-74.223403,55.987846,2,981.0733241122813,490.53666205614064,66.12378077953991,FALSE
RAF_96,96,2009070,Traversée sur glace,2,2013-05-03T12:00:00,2013-05-03T14:00:00,-74.25657,55.995166,-74.269162,56.037399,2,4737.750829223326,2368.875414611663,NA,FALSE
RAF_96,96,2009070,Traversée sur glace,3,2013-05-03T14:00:00,2013-05-03T16:00:00,-74.269162,56.037399,-74.25432,56.116887,2,8843.645414535418,4421.822707267709,15.441772847791496,FALSE
RAF_96,96,2009070,Traversée sur glace,4,2013-05-03T16:00:00,2013-05-03T18:00:00,-74.25432,56.116887,-74.250158,56.126848,2,1131.9224738331714,565.9612369165857,7.168539370778033,FALSE
RAF_97,97,2009070,Contournement,2,2013-05-03T22:00:00,2013-05-04T00:00:00,-74.269653,56.262384,-74.288374,56.293775,2,3660.6023031556333,1830.3011515778167,NA,FALSE
RAF_97,97,2009070,Contournement,3,2013-05-04T00:00:00,2013-05-04T02:00:00,-74.288374,56.293775,-74.304885,56.294677,2,1021.1169589219138,510.5584794609569,66.02044560227219,FALSE
RAF_97,97,2009070,Contournement,4,2013-05-04T02:00:00,2013-05-04T04:00:00,-74.304885,56.294677,-74.299422,56.294253,2,339.49582265859345,169.74791132929673,177.66081688738208,FALSE
RAF_97,97,2009070,Contournement,5,2013-05-04T04:00:00,2013-05-04T06:00:00,-74.299422,56.294253,-74.311104,56.295128,2,725.4925864937277,362.74629324686384,179.72831305878563,FALSE
RAF_97,97,2009070,Contournement,6,2013-05-04T06:00:00,2013-05-04T08:00:00,-74.311104,56.295128,-74.314393,56.308765,2,1522.900125866423,761.4500629332115,74.69738193814018,FALSE
RAF_97,97,2009070,Contournement,7,2013-05-04T08:00:00,2013-05-04T10:00:00,-74.314393,56.308765,-74.363391,56.318088,2,3186.031784307138,1593.015892153569,63.44367989443578,FALSE
RAF_97,97,2009070,Contournement,8,2013-05-04T10:00:00,2013-05-04T12:00:00,-74.363391,56.318088,-74.360898,56.349368,2,3465.698826203332,1732.849413101666,73.65544351082772,FALSE
RAF_98,98,2009070,Traversée sur glace,2,2013-11-15T18:00:00,2013-11-15T20:00:00,-72.739371,54.268417,-72.706364,54.235191,2,4247.418055571365,2123.7090277856823,NA,FALSE
RAF_98,98,2009070,Traversée sur glace,3,2013-11-15T20:00:00,2013-11-15T22:00:00,-72.706364,54.235191,-72.697568,54.201828,2,3730.246071396249,1865.1230356981246,21.38701603008469,FALSE
RAF_99,99,2009070,Contournement,2,2013-11-16T12:00:00,2013-11-16T14:00:00,-72.680938,54.183384,-72.669501,54.173751,2,1297.107546730534,648.553773365267,NA,FALSE
RAF_99,99,2009070,Contournement,3,2013-11-16T14:00:00,2013-11-16T16:00:00,-72.669501,54.173751,-72.621096,54.193641,2,3830.341569809828,1915.170784904914,90.1816464393861,FALSE
RAF_100,100,2009070,Traversée sur glace,2,2013-11-16T18:00:00,2013-11-16T20:00:00,-72.565028,54.2264,-72.480243,54.243509,2,5804.652725134479,2902.3263625672394,NA,FALSE
RAF_100,100,2009070,Traversée sur glace,3,2013-11-16T20:00:00,2013-11-16T22:00:00,-72.480243,54.243509,-72.437923,54.244919,2,2743.2142059717144,1371.6071029858572,15.700456062259068,FALSE
RAF_101,101,2009070,Contournement,2,2013-11-17T00:00:00,2013-11-17T02:00:00,-72.437533,54.24485,-72.426039,54.24901,2,874.3773952887384,437.1886976443692,NA,FALSE
RAF_101,101,2009070,Contournement,3,2013-11-17T02:00:00,2013-11-17T04:00:00,-72.426039,54.24901,-72.425852,54.24906,2,13.302156653475471,6.651078326737736,7.170935980400564,FALSE
RAF_101,101,2009070,Contournement,4,2013-11-17T04:00:00,2013-11-17T06:00:00,-72.425852,54.24906,-72.402602,54.257038,2,1743.605659864679,871.8028299323395,5.839485360963222,FALSE
RAF_101,101,2009070,Contournement,5,2013-11-17T06:00:00,2013-11-17T08:00:00,-72.402602,54.257038,-72.396582,54.258706,2,430.8749485856509,215.43747429282544,5.033480878787477,FALSE
RAF_101,101,2009070,Contournement,6,2013-11-17T08:00:00,2013-11-17T10:00:00,-72.396582,54.258706,-72.396547,54.258712,2,2.3593490673841,1.17967453369205,9.002904445729925,FALSE
RAF_101,101,2009070,Contournement,7,2013-11-17T10:00:00,2013-11-17T12:00:00,-72.396547,54.258712,-72.394094,54.258483,2,160.69891813168846,80.34945906584423,25.379024851892485,FALSE
RAF_101,101,2009070,Contournement,8,2013-11-17T12:00:00,2013-11-17T14:00:00,-72.394094,54.258483,-72.350843,54.274031,2,3282.9927148721954,1641.4963574360977,40.63296752551765,FALSE
RAF_101,101,2009070,Contournement,9,2013-11-17T14:00:00,2013-11-17T16:00:00,-72.350843,54.274031,-72.33038,54.27922,2,1442.1480523284615,721.0740261642308,8.101837655491748,FALSE
RAF_101,101,2009070,Contournement,10,2013-11-17T16:00:00,2013-11-17T18:00:00,-72.33038,54.27922,-72.27896,54.291204,2,3578.484820894576,1789.242410447288,1.6798277131208958,FALSE
RAF_102,102,2009070,Contournement,2,2013-11-18T14:00:00,2013-11-18T16:00:00,-72.246075,54.286625,-72.252807,54.284392,2,500.3177131921187,250.15885659605934,NA,FALSE
RAF_102,102,2009070,Contournement,3,2013-11-18T16:00:00,2013-11-18T18:00:00,-72.252807,54.284392,-72.259807,54.279951,2,667.5824617300814,333.7912308650407,17.759196703249714,FALSE
RAF_102,102,2009070,Contournement,4,2013-11-18T18:00:00,2013-11-18T20:00:00,-72.259807,54.279951,-72.258071,54.27487,2,572.5628028022358,286.2814014011179,53.990112618378134,FALSE
RAF_102,102,2009070,Contournement,5,2013-11-18T20:00:00,2013-11-18T22:00:00,-72.258071,54.27487,-72.260265,54.27423,2,158.53226581782891,79.26613290891446,74.81381595661594,FALSE
RAF_102,102,2009070,Contournement,6,2013-11-18T22:00:00,2013-11-19T00:00:00,-72.260265,54.27423,-72.260321,54.274487,2,28.628421912800995,14.314210956400498,109.22668864573527,FALSE
RAF_102,102,2009070,Contournement,7,2013-11-19T00:00:00,2013-11-19T02:00:00,-72.260321,54.274487,-72.243546,54.264742,2,1528.6148861150239,764.3074430575119,142.04502319319164,FALSE
RAF_102,102,2009070,Contournement,8,2013-11-19T02:00:00,2013-11-19T04:00:00,-72.243546,54.264742,-72.232406,54.259668,2,913.0489601656308,456.5244800828154,6.911412024848224,FALSE
RAF_103,103,2009070,Contournement,2,2013-11-19T14:00:00,2013-11-19T16:00:00,-72.227064,54.25976,-72.219224,54.255769,2,672.1191361380712,336.0595680690356,NA,FALSE
RAF_103,103,2009070,Contournement,3,2013-11-19T16:00:00,2013-11-19T18:00:00,-72.219224,54.255769,-72.194095,54.251217,2,1701.916945785352,850.958472892676,23.82886560249098,FALSE
RAF_103,103,2009070,Contournement,4,2013-11-19T18:00:00,2013-11-19T20:00:00,-72.194095,54.251217,-72.189047,54.246603,2,605.5053642727158,302.7526821363579,40.15043004080804,FALSE
RAF_103,103,2009070,Contournement,5,2013-11-19T20:00:00,2013-11-19T22:00:00,-72.189047,54.246603,-72.1654,54.240164,2,1687.6811934004465,843.8405967002233,32.429556484426286,FALSE
RAF_103,103,2009070,Contournement,6,2013-11-19T22:00:00,2013-11-20T00:00:00,-72.1654,54.240164,-72.105393,54.22142,2,4402.309454831236,2201.154727415618,3.096898347730466,FALSE
RAF_103,103,2009070,Contournement,7,2013-11-20T00:00:00,2013-11-20T02:00:00,-72.105393,54.22142,-72.054203,54.216104,2,3366.4725268254847,1683.2362634127423,18.060729469520243,FALSE
RAF_104,104,2009070,Traversée sur glace,2,2013-12-20T02:00:00,2013-12-20T09:00:00,-76.782328,53.037837,-76.781204,53.042663,7,538.2943484405905,76.89919263437007,NA,FALSE
RAF_104,104,2009070,Traversée sur glace,3,2013-12-20T09:00:00,2013-12-20T16:00:00,-76.781204,53.042663,-76.93565,53.058095,7,10420.160426307888,1488.5943466154126,88.51433450034905,FALSE
RAF_105,105,2009070,Traversée sur glace,2,2014-02-03T21:00:00,2014-02-04T04:00:00,-77.433728,53.67417,-77.220352,53.68572,7,14052.801863465118,2007.5431233521597,NA,FALSE
RAF_105,105,2009070,Traversée sur glace,3,2014-02-04T04:00:00,2014-02-04T11:00:00,-77.220352,53.68572,-77.161115,53.72427,7,5763.163165191178,823.3090235987398,42.5428334279228,FALSE
RAF_105,105,2009070,Traversée sur glace,4,2014-02-04T11:00:00,2014-02-04T18:00:00,-77.161115,53.72427,-76.892283,53.66229,7,18909.62997323271,2701.3757104618157,68.74093266877124,FALSE
RAF_105,105,2009070,Traversée sur glace,5,2014-02-04T18:00:00,2014-02-05T01:00:00,-76.892283,53.66229,-76.756876,53.621681,7,9956.821646479395,1422.4030923541993,5.388691459693487,FALSE
RAF_106,106,2009070,Traversée sur glace,2,2014-02-06T19:00:00,2014-02-07T02:00:00,-76.740372,53.610399,-76.758063,53.591127,7,2425.6759013113756,346.52512875876795,NA,FALSE
RAF_106,106,2009070,Traversée sur glace,3,2014-02-07T02:00:00,2014-02-07T09:00:00,-76.758063,53.591127,-76.755604,53.57505,7,1783.3631929828412,254.76617042612017,33.829844833277114,FALSE
RAF_107,107,2009070,Traversée sur glace,2,2014-04-29T22:00:00,2014-04-30T00:00:00,-76.886914,53.564943,-76.832266,53.585697,2,4262.200382887131,2131.1001914435656,NA,FALSE
RAF_107,107,2009070,Traversée sur glace,3,2014-04-30T00:00:00,2014-04-30T02:00:00,-76.832266,53.585697,-76.79465,53.607037,2,3415.875697571426,1707.937848785713,11.136614719181999,FALSE
RAF_107,107,2009070,Traversée sur glace,4,2014-04-30T02:00:00,2014-04-30T04:01:00,-76.79465,53.607037,-76.756213,53.642254,2.0166666666666666,4637.6261641354695,2299.6493375878363,13.41237436411741,FALSE
RAF_107,107,2009070,Traversée sur glace,5,2014-04-30T04:01:00,2014-04-30T06:00:00,-76.756213,53.642254,-76.718021,53.657283,1.9833333333333334,3006.664890947429,1515.9654912339977,23.47433760989139,FALSE
RAF_107,107,2009070,Traversée sur glace,6,2014-04-30T06:00:00,2014-04-30T08:00:00,-76.718021,53.657283,-76.702161,53.66217,2,1172.4100898230113,586.2050449115056,6.07803829350582,FALSE
RAF_107,107,2009070,Traversée sur glace,7,2014-04-30T08:00:00,2014-04-30T10:01:00,-76.702161,53.66217,-76.674052,53.710966,2.0166666666666666,5697.095234125834,2825.005901219422,43.72128164877454,FALSE
RAF_108,108,2009070,Traversée sur glace,2,2014-04-30T14:00:00,2014-04-30T16:00:00,-76.600373,53.800421,-76.543962,53.856868,2,7244.527275363334,3622.263637681667,NA,FALSE
RAF_108,108,2009070,Traversée sur glace,3,2014-04-30T16:00:00,2014-04-30T18:00:00,-76.543962,53.856868,-76.518983,53.879215,2,2959.0197107555277,1479.5098553777639,2.825707854275715,FALSE
RAF_108,108,2009070,Traversée sur glace,4,2014-04-30T18:00:00,2014-04-30T20:00:00,-76.518983,53.879215,-76.536588,53.931973,2,5940.873563346958,2970.436781673479,44.60027922309792,FALSE
RAF_108,108,2009070,Traversée sur glace,5,2014-04-30T20:00:00,2014-04-30T22:00:00,-76.536588,53.931973,-76.512452,53.954172,2,2913.8181784030967,1456.9090892015483,43.82217325861007,FALSE
RAF_109,109,2009070,Traversée sur glace,2,2014-05-01T10:00:00,2014-05-01T12:00:00,-76.48727,53.982417,-76.423094,54.028885,2,6618.523172543203,3309.2615862716016,NA,FALSE
RAF_109,109,2009070,Traversée sur glace,3,2014-05-01T12:00:00,2014-05-01T14:00:00,-76.423094,54.028885,-76.389897,54.083074,2,6364.30710858782,3182.15355429391,19.3482864404759,FALSE
RAF_110,110,2009070,Traversée sur glace,2,2014-05-02T00:00:00,2014-05-02T02:00:00,-76.351602,54.121519,-76.330531,54.164296,2,4920.241502657161,2460.1207513285804,NA,FALSE
RAF_110,110,2009070,Traversée sur glace,3,2014-05-02T02:00:00,2014-05-02T04:00:00,-76.330531,54.164296,-76.320789,54.176867,2,1525.8661841428022,762.9330920714011,8.308398067844443,FALSE
RAF_111,111,2009071,Traversée à la nage,2,2012-10-26T14:00:00,2012-10-26T16:00:00,-74.76519,56.276535,-74.767294,56.257474,2,2113.6308108197413,1056.8154054098707,NA,FALSE
RAF_111,111,2009071,Traversée à la nage,3,2012-10-26T16:00:00,2012-10-26T18:00:00,-74.767294,56.257474,-74.773335,56.241375,2,1820.2538236614864,910.1269118307432,8.288180343722873,FALSE
RAF_111,111,2009071,Traversée à la nage,4,2012-10-26T18:00:00,2012-10-26T20:00:00,-74.773335,56.241375,-74.773803,56.241168,2,36.834496293425346,18.417248146712673,39.74263221078894,FALSE
RAF_111,111,2009071,Traversée à la nage,5,2012-10-26T20:00:00,2012-10-26T22:00:00,-74.773803,56.241168,-74.774326,56.245231,2,450.830763774048,225.415381887024,124.36073160640674,FALSE
RAF_111,111,2009071,Traversée à la nage,6,2012-10-26T22:00:00,2012-10-27T00:00:00,-74.774326,56.245231,-74.77392,56.245186,2,25.510302924400275,12.755151462200137,105.3580677299063,FALSE
RAF_111,111,2009071,Traversée à la nage,7,2012-10-27T00:00:00,2012-10-27T02:00:00,-74.77392,56.245186,-74.775815,56.245157,2,116.82198861345204,58.41099430672602,167.16793069750574,FALSE
RAF_111,111,2009071,Traversée à la nage,8,2012-10-27T02:00:00,2012-10-27T04:00:00,-74.775815,56.245157,-74.773663,56.245264,2,133.14288764007142,66.57144382003571,176.47135518624265,FALSE
RAF_111,111,2009071,Traversée à la nage,9,2012-10-27T04:00:00,2012-10-27T06:00:00,-74.773663,56.245264,-74.773425,56.245286,2,14.867266331139179,7.4336331655695895,4.324105429206786,FALSE
RAF_111,111,2009071,Traversée à la nage,10,2012-10-27T06:00:00,2012-10-27T08:00:00,-74.773425,56.245286,-74.771359,56.243993,2,191.54266914628545,95.77133457314272,57.766252953623095,FALSE
RAF_111,111,2009071,Traversée à la nage,11,2012-10-27T08:00:00,2012-10-27T10:00:00,-74.771359,56.243993,-74.774414,56.243924,2,188.42252932550147,94.21126466275074,129.33647476646718,FALSE
RAF_111,111,2009071,Traversée à la nage,12,2012-10-27T10:00:00,2012-10-27T12:00:00,-74.774414,56.243924,-74.772473,56.241035,2,341.3865249915731,170.69326249578654,108.18832789946156,FALSE
RAF_111,111,2009071,Traversée à la nage,13,2012-10-27T12:00:00,2012-10-27T14:00:00,-74.772473,56.241035,-74.770894,56.242142,2,156.46283844670916,78.23141922335458,121.0305395803855,FALSE
RAF_111,111,2009071,Traversée à la nage,14,2012-10-27T14:00:00,2012-10-27T16:00:00,-74.770894,56.242142,-74.77093,56.241993,2,16.63930119924132,8.31965059962066,149.20259147456596,FALSE
RAF_111,111,2009071,Traversée à la nage,15,2012-10-27T16:00:00,2012-10-27T18:00:00,-74.77093,56.241993,-74.776699,56.243423,2,389.1676216994021,194.58381084970105,106.3362849314444,FALSE
RAF_111,111,2009071,Traversée à la nage,16,2012-10-27T18:00:00,2012-10-27T20:00:00,-74.776699,56.243423,-74.776782,56.24349,2,9.008343720774132,4.504171860387066,31.40820914007613,FALSE
RAF_111,111,2009071,Traversée à la nage,17,2012-10-27T20:00:00,2012-10-27T22:00:00,-74.776782,56.24349,-74.773684,56.245343,2,280.19244944321434,140.09622472160717,77.54745367342387,FALSE
RAF_111,111,2009071,Traversée à la nage,18,2012-10-27T22:00:00,2012-10-28T00:00:00,-74.773684,56.245343,-74.773407,56.245281,2,18.397442078016766,9.198721039008383,68.94737523946759,FALSE
RAF_111,111,2009071,Traversée à la nage,19,2012-10-28T00:00:00,2012-10-28T02:00:00,-74.773407,56.245281,-74.773616,56.245258,2,13.12857813473318,6.56428906736659,146.92011391633386,FALSE
RAF_111,111,2009071,Traversée à la nage,20,2012-10-28T02:00:00,2012-10-28T04:00:00,-74.773616,56.245258,-74.773828,56.245238,2,13.250504410321035,6.625252205160518,1.5638299953984844,FALSE
RAF_111,111,2009071,Traversée à la nage,21,2012-10-28T04:00:00,2012-10-28T06:00:00,-74.773828,56.245238,-74.773872,56.245265,2,4.035062468230312,2.017531234115156,57.396922958838964,FALSE
RAF_111,111,2009071,Traversée à la nage,22,2012-10-28T06:00:00,2012-10-28T08:00:00,-74.773872,56.245265,-74.773664,56.245343,2,15.453814465449705,7.7269072327248525,98.25940536125663,FALSE
RAF_111,111,2009071,Traversée à la nage,23,2012-10-28T08:00:00,2012-10-28T10:00:00,-74.773664,56.245343,-74.773688,56.245341,2,1.4954476530605596,0.7477238265302798,154.5519550395879,FALSE
RAF_111,111,2009071,Traversée à la nage,24,2012-10-28T10:00:00,2012-10-28T12:00:00,-74.773688,56.245341,-74.775209,56.245475,2,94.89592998621627,47.44796499310814,17.503913721385754,FALSE
RAF_111,111,2009071,Traversée à la nage,25,2012-10-28T12:00:00,2012-10-28T14:00:00,-74.775209,56.245475,-74.79284,56.253826,2,1426.349084970121,713.1745424850606,31.4068380081528,FALSE
RAF_111,111,2009071,Traversée à la nage,26,2012-10-28T14:00:00,2012-10-28T16:00:00,-74.79284,56.253826,-74.801502,56.267169,2,1570.2204514310988,785.1102257155494,29.754558911386507,FALSE
RAF_112,112,2009071,Contournement,2,2012-10-28T18:01:00,2012-10-28T20:00:00,-74.795892,56.27237,-74.802838,56.283265,1.9833333333333334,1279.4635903629237,645.1076926199615,NA,FALSE
RAF_112,112,2009071,Contournement,3,2012-10-28T20:00:00,2012-10-28T22:00:00,-74.802838,56.283265,-74.787414,56.301474,2,2227.821809487945,1113.9109047439724,44.747885961187365,FALSE
RAF_112,112,2009071,Contournement,4,2012-10-28T22:00:00,2012-10-29T00:00:00,-74.787414,56.301474,-74.79688,56.305888,2,760.243256245848,380.121628122924,75.23678519024172,FALSE
RAF_112,112,2009071,Contournement,5,2012-10-29T00:00:00,2012-10-29T02:00:00,-74.79688,56.305888,-74.792186,56.307057,2,316.4776798557184,158.2388399278592,115.88123184846367,FALSE
RAF_112,112,2009071,Contournement,6,2012-10-29T02:00:00,2012-10-29T04:00:00,-74.792186,56.307057,-74.782935,56.310005,2,656.0753335304518,328.0376667652259,5.6980757683948315,FALSE
RAF_112,112,2009071,Contournement,7,2012-10-29T04:00:00,2012-10-29T06:00:00,-74.782935,56.310005,-74.786328,56.312301,2,328.87299813186445,164.43649906593222,99.57744139466581,FALSE
RAF_112,112,2009071,Contournement,8,2012-10-29T06:00:00,2012-10-29T08:00:00,-74.786328,56.312301,-74.785226,56.31221,2,68.53967869398626,34.26983934699313,137.85125135033994,FALSE
RAF_112,112,2009071,Contournement,9,2012-10-29T08:00:00,2012-10-29T10:00:00,-74.785226,56.31221,-74.785049,56.312737,2,59.33858725619312,29.66929362809656,87.87696275759569,FALSE
RAF_112,112,2009071,Contournement,10,2012-10-29T10:00:00,2012-10-29T12:00:00,-74.785049,56.312737,-74.788035,56.330059,2,1926.078987965287,963.0394939826435,16.04464118121401,FALSE
RAF_112,112,2009071,Contournement,11,2012-10-29T12:00:00,2012-10-29T14:00:00,-74.788035,56.330059,-74.763142,56.361423,2,3793.9033502870557,1896.9516751435278,29.248481880423256,FALSE
RAF_112,112,2009071,Contournement,12,2012-10-29T14:00:00,2012-10-29T16:00:00,-74.763142,56.361423,-74.73197,56.382622,2,3028.692874998532,1514.346437499266,15.406878667972912,FALSE
RAF_112,112,2009071,Contournement,13,2012-10-29T16:00:00,2012-10-29T18:00:00,-74.73197,56.382622,-74.705155,56.383398,2,1648.9751907312993,824.4875953656497,47.77585605265753,FALSE
RAF_112,112,2009071,Contournement,14,2012-10-29T18:00:00,2012-10-29T22:00:00,-74.705155,56.383398,-74.463406,56.357088,4,15133.682921243579,3783.4207303108947,13.973640446740676,FALSE
RAF_112,112,2009071,Contournement,15,2012-10-29T22:00:00,2012-10-30T00:00:00,-74.463406,56.357088,-74.409065,56.343284,2,3672.8137468556706,1836.4068734278353,13.36981798209039,FALSE
RAF_112,112,2009071,Contournement,16,2012-10-30T00:00:00,2012-10-30T02:00:00,-74.409065,56.343284,-74.406459,56.341531,2,251.6242155042932,125.8121077521466,25.8499839865682,FALSE
RAF_112,112,2009071,Contournement,17,2012-10-30T02:00:00,2012-10-30T04:00:00,-74.406459,56.341531,-74.352772,56.320747,2,4023.7870199124345,2011.8935099562173,15.607805004340216,FALSE
RAF_112,112,2009071,Contournement,18,2012-10-30T04:00:00,2012-10-30T06:00:00,-74.352772,56.320747,-74.255527,56.297215,2,6525.407830193772,3262.703915096886,11.406305562287901,FALSE
RAF_112,112,2009071,Contournement,19,2012-10-30T06:00:00,2012-10-30T08:00:00,-74.255527,56.297215,-74.252982,56.290648,2,743.5391630208914,371.7695815104457,54.273274788857094,FALSE
RAF_112,112,2009071,Contournement,20,2012-10-30T08:00:00,2012-10-30T10:00:00,-74.252982,56.290648,-74.261951,56.299046,2,1081.072713318265,540.5363566591325,161.45900750365024,FALSE
RAF_112,112,2009071,Contournement,21,2012-10-30T10:00:00,2012-10-30T12:00:00,-74.261951,56.299046,-74.265329,56.294871,2,506.7130902713083,253.35654513565416,125.06720359645396,FALSE
RAF_112,112,2009071,Contournement,22,2012-10-30T12:00:00,2012-10-30T14:01:00,-74.265329,56.294871,-74.259366,56.268682,2.0166666666666666,2921.7809372166585,1448.816993661153,31.44209065568787,FALSE
RAF_112,112,2009071,Contournement,23,2012-10-30T14:01:00,2012-10-30T16:00:00,-74.259366,56.268682,-74.229166,56.23405,1.9833333333333334,4260.763287092045,2148.28401029851,18.690880097498862,FALSE
RAF_112,112,2009071,Contournement,24,2012-10-30T16:00:00,2012-10-30T18:00:00,-74.229166,56.23405,-74.213114,56.19652,2,4269.883947223394,2134.941973611697,12.470816484032326,FALSE
RAF_112,112,2009071,Contournement,25,2012-10-30T18:00:00,2012-10-30T20:00:00,-74.213114,56.19652,-74.208862,56.142274,2,6008.981802519795,3004.4909012598973,10.89337724012308,FALSE
RAF_112,112,2009071,Contournement,26,2012-10-30T20:00:00,2012-10-30T22:00:00,-74.208862,56.142274,-74.174773,56.134001,2,2296.711674608573,1148.3558373042865,64.01939072667852,FALSE
RAF_112,112,2009071,Contournement,27,2012-10-30T22:00:00,2012-10-31T00:00:00,-74.174773,56.134001,-74.164356,56.153593,2,2261.62847801834,1130.81423900917,96.97715675341657,FALSE
RAF_112,112,2009071,Contournement,28,2012-10-31T00:00:00,2012-10-31T02:00:00,-74.164356,56.153593,-74.144952,56.151672,2,1217.2409327921105,608.6204663960552,83.51353193541479,FALSE
RAF_112,112,2009071,Contournement,29,2012-10-31T02:00:00,2012-10-31T04:00:00,-74.144952,56.151672,-74.139802,56.151762,2,318.2649287707336,159.1324643853668,11.861262560569944,FALSE
RAF_112,112,2009071,Contournement,30,2012-10-31T04:00:00,2012-10-31T06:01:00,-74.139802,56.151762,-74.086531,56.148253,2.0166666666666666,3313.4571813279867,1643.036618840324,8.500204848035064,FALSE
RAF_112,112,2009071,Contournement,31,2012-10-31T06:01:00,2012-10-31T08:00:00,-74.086531,56.148253,-74.063383,56.1448,1.9833333333333334,1480.1836244116594,746.3110711319291,8.200021369939485,FALSE
RAF_112,112,2009071,Contournement,32,2012-10-31T08:00:00,2012-10-31T10:00:00,-74.063383,56.1448,-74.064448,56.144224,2,91.60874099219899,45.804370496099494,120.93830131359078,FALSE
RAF_112,112,2009071,Contournement,33,2012-10-31T10:00:00,2012-10-31T12:00:00,-74.064448,56.144224,-74.073,56.144588,2,529.8763606615152,264.9381803307576,48.45570321324366,FALSE
RAF_112,112,2009071,Contournement,34,2012-10-31T12:00:00,2012-10-31T14:00:00,-74.073,56.144588,-74.093018,56.151393,2,1447.861009287419,723.9305046437095,26.992317493956175,FALSE
RAF_113,113,2009071,Traversée à la nage,2,2012-10-31T18:00:00,2012-10-31T20:00:00,-74.256607,56.133688,-74.328952,56.088041,2,6747.248887343391,3373.6244436716956,NA,FALSE
RAF_113,113,2009071,Traversée à la nage,3,2012-10-31T20:00:00,2012-10-31T22:00:00,-74.328952,56.088041,-74.390111,56.025363,2,7901.951393697313,3950.9756968486563,12.839533254013322,FALSE
RAF_114,114,2009071,Contournement,2,2013-01-10T02:00:00,2013-01-10T09:00:00,-73.545658,55.029934,-73.530718,55.029908,7,948.7333968144367,135.53334240206237,NA,FALSE
RAF_114,114,2009071,Contournement,3,2013-01-10T09:00:00,2013-01-10T16:01:00,-73.530718,55.029908,-73.496682,55.024954,7.016666666666667,2229.809467492763,317.78757256428923,14.0248708170459,FALSE
RAF_114,114,2009071,Contournement,4,2013-01-10T16:01:00,2013-01-10T23:00:00,-73.496682,55.024954,-73.399005,55.064625,6.983333333333333,7594.789325534352,1087.5593306254443,49.543269267787316,FALSE
RAF_114,114,2009071,Contournement,5,2013-01-10T23:00:00,2013-01-11T06:00:00,-73.399005,55.064625,-73.376297,55.063693,7,1444.4957216642804,206.35653166632576,39.314685929195015,FALSE
RAF_114,114,2009071,Contournement,6,2013-01-11T06:00:00,2013-01-11T13:00:00,-73.376297,55.063693,-73.340942,55.067836,7,2289.460992895241,327.06585612789155,15.654032984046617,FALSE
RAF_114,114,2009071,Contournement,7,2013-01-11T13:00:00,2013-01-11T20:00:00,-73.340942,55.067836,-73.332704,55.071351,7,651.2688960500167,93.03841372143096,25.109580291701445,FALSE
RAF_114,114,2009071,Contournement,8,2013-01-11T20:00:00,2013-01-12T03:00:00,-73.332704,55.071351,-73.330352,55.073261,7,258.55421732559745,36.936316760799635,18.12693294731599,FALSE
RAF_114,114,2009071,Contournement,9,2013-01-12T03:00:00,2013-01-12T10:00:00,-73.330352,55.073261,-73.328883,55.074476,7,163.48259589575187,23.354656556535982,0.4958748991246693,FALSE
RAF_114,114,2009071,Contournement,10,2013-01-12T10:00:00,2013-01-12T17:00:00,-73.328883,55.074476,-73.270308,55.095983,7,4410.473764470526,630.0676806386465,22.60252419093197,FALSE
RAF_115,115,2009080,Contournement,2,2012-11-02T20:00:00,2012-11-02T22:00:00,-72.582624,55.247917,-72.637974,55.228458,2,4105.928306783446,2052.964153391723,NA,FALSE
RAF_115,115,2009080,Contournement,3,2012-11-02T22:00:00,2012-11-03T00:00:00,-72.637974,55.228458,-72.639384,55.229117,2,115.10435020792607,57.55217510396304,70.89857809618339,FALSE
RAF_115,115,2009080,Contournement,4,2012-11-03T00:00:00,2012-11-03T02:00:00,-72.639384,55.229117,-72.647016,55.225192,2,648.8273768446023,324.41368842230116,81.25009298589349,FALSE
RAF_115,115,2009080,Contournement,5,2012-11-03T02:00:00,2012-11-03T04:00:00,-72.647016,55.225192,-72.669452,55.223012,2,1438.3539047100594,719.1769523550297,32.34468302419732,FALSE
RAF_115,115,2009080,Contournement,6,2012-11-03T04:00:00,2012-11-03T06:00:00,-72.669452,55.223012,-72.671039,55.222481,2,116.22520230348954,58.11260115174477,20.68476632690278,FALSE
RAF_115,115,2009080,Contournement,7,2012-11-03T06:00:00,2012-11-03T08:00:00,-72.671039,55.222481,-72.694392,55.218795,2,1531.3249719441478,765.6624859720739,14.916555921736684,FALSE
RAF_115,115,2009080,Contournement,8,2012-11-03T08:00:00,2012-11-03T10:00:00,-72.694392,55.218795,-72.696731,55.219047,2,150.4521683046262,75.2260841523131,26.11767157354815,FALSE
RAF_115,115,2009080,Contournement,9,2012-11-03T10:00:00,2012-11-03T12:00:00,-72.696731,55.219047,-72.736938,55.216232,2,2560.575567020115,1280.2877835100576,17.637223526667867,FALSE
RAF_115,115,2009080,Contournement,10,2012-11-03T12:00:00,2012-11-03T14:00:00,-72.736938,55.216232,-72.848742,55.205634,2,7165.0456794641505,3582.5228397320752,2.3699194358280655,FALSE
RAF_115,115,2009080,Contournement,11,2012-11-03T14:00:00,2012-11-03T16:00:00,-72.848742,55.205634,-72.935343,55.199137,2,5523.227360086521,2761.6136800432605,2.0189540141686972,FALSE
RAF_115,115,2009080,Contournement,12,2012-11-03T16:00:00,2012-11-03T18:00:00,-72.935343,55.199137,-73.025973,55.190675,2,5807.993047606548,2903.996523803274,1.7261377278356518,FALSE
RAF_115,115,2009080,Contournement,13,2012-11-03T18:00:00,2012-11-03T20:00:00,-73.025973,55.190675,-73.099125,55.188234,2,4635.176856744194,2317.588428372097,5.997667622233346,FALSE
RAF_115,115,2009080,Contournement,14,2012-11-03T20:00:00,2012-11-03T22:00:00,-73.099125,55.188234,-73.210617,55.174406,2,7217.737799543066,3608.868899771533,8.817255979804864,FALSE
RAF_116,116,2009080,Traversée sur glace,2,2012-12-08T00:00:00,2012-12-08T02:00:00,-72.846043,54.98482,-72.858482,54.99069,2,1022.9024218351893,511.45121091759466,NA,FALSE
RAF_116,116,2009080,Traversée sur glace,3,2012-12-08T02:00:00,2012-12-08T04:00:00,-72.858482,54.99069,-72.947761,55.022057,2,6648.591104522385,3324.2955522611924,7.897250035474464,FALSE
RAF_117,117,2009080,Traversée sur glace,2,2012-12-08T10:00:00,2012-12-08T20:01:00,-72.959234,55.029277,-73.092041,55.082515,10.016666666666667,10279.901134396887,1026.279647360754,NA,FALSE
RAF_117,117,2009080,Traversée sur glace,3,2012-12-08T20:01:00,2012-12-08T22:00:00,-73.092041,55.082515,-73.208426,55.086126,1.9833333333333334,7391.758007047942,3726.936810276273,31.73173570009133,FALSE
RAF_118,118,2009094,Contournement,2,2009-11-07T13:00:00,2009-11-07T14:00:00,-72.664821,54.302343,-72.688149,54.280656,1,2831.4163433540352,2831.4163433540352,NA,FALSE
RAF_118,118,2009094,Contournement,3,2009-11-07T14:00:00,2009-11-07T15:00:00,-72.688149,54.280656,-72.686583,54.274927,1,641.1022445211506,641.1022445211506,41.26027438120589,FALSE
RAF_118,118,2009094,Contournement,4,2009-11-07T15:00:00,2009-11-07T16:00:00,-72.686583,54.274927,-72.686665,54.274722,1,23.264865081770278,23.264865081770278,22.262976007797374,FALSE
RAF_118,118,2009094,Contournement,5,2009-11-07T16:00:00,2009-11-07T17:00:00,-72.686665,54.274722,-72.685723,54.273973,1,102.76685898717537,102.76685898717537,49.53075354481447,FALSE
RAF_118,118,2009094,Contournement,6,2009-11-07T17:00:00,2009-11-07T18:00:00,-72.685723,54.273973,-72.68565,54.273235,1,81.6853295787692,81.6853295787692,33.04132641517276,FALSE
RAF_118,118,2009094,Contournement,7,2009-11-07T18:00:00,2009-11-07T19:00:00,-72.68565,54.273235,-72.685621,54.273238,1,1.9045396797735794,1.9045396797735794,96.71061823400012,FALSE
RAF_118,118,2009094,Contournement,8,2009-11-07T19:00:00,2009-11-07T20:00:00,-72.685621,54.273238,-72.685515,54.27313,1,13.762735434443808,13.762735434443808,70.14962211408788,FALSE
RAF_118,118,2009094,Contournement,9,2009-11-07T20:00:00,2009-11-07T21:00:00,-72.685515,54.27313,-72.68314,54.272843,1,156.83509441946748,156.83509441946748,48.460720550818415,FALSE
RAF_118,118,2009094,Contournement,10,2009-11-07T21:00:00,2009-11-07T22:00:00,-72.68314,54.272843,-72.682786,54.272646,1,31.591073852644428,31.591073852644428,31.889235325188935,FALSE
RAF_118,118,2009094,Contournement,11,2009-11-07T22:00:00,2009-11-07T23:00:00,-72.682786,54.272646,-72.682827,54.272831,1,20.613686313433885,20.613686313433885,140.94707559453187,FALSE
RAF_118,118,2009094,Contournement,12,2009-11-07T23:00:00,2009-11-08T00:00:00,-72.682827,54.272831,-72.682733,54.272807,1,6.632442224621882,6.632442224621882,120.95935538617049,FALSE
RAF_118,118,2009094,Contournement,13,2009-11-08T00:00:00,2009-11-08T01:00:00,-72.682733,54.272807,-72.682607,54.272981,1,20.882430471913665,20.882430471913665,90.60106725428989,FALSE
RAF_118,118,2009094,Contournement,14,2009-11-08T01:00:00,2009-11-08T02:00:00,-72.682607,54.272981,-72.682615,54.272975,1,0.8409767973656909,0.8409767973656909,165.00110417291452,FALSE
RAF_118,118,2009094,Contournement,15,2009-11-08T02:00:00,2009-11-08T03:00:00,-72.682615,54.272975,-72.68264,54.272989,1,2.2376803258907567,2.2376803258907567,95.76934435121385,FALSE
RAF_118,118,2009094,Contournement,16,2009-11-08T03:00:00,2009-11-08T04:00:00,-72.68264,54.272989,-72.682904,54.272898,1,19.81442862698303,19.81442862698303,74.23234664836404,FALSE
RAF_118,118,2009094,Contournement,17,2009-11-08T04:00:00,2009-11-08T05:00:00,-72.682904,54.272898,-72.681069,54.272846,1,118.81190424446244,118.81190424446244,146.73233851574278,FALSE
RAF_118,118,2009094,Contournement,18,2009-11-08T05:00:00,2009-11-08T06:00:00,-72.681069,54.272846,-72.681269,54.272746,1,17.011772747964184,17.011772747964184,136.7197732504018,FALSE
RAF_118,118,2009094,Contournement,19,2009-11-08T06:00:00,2009-11-08T07:00:00,-72.681269,54.272746,-72.677597,54.271125,1,297.45736342101986,297.45736342101986,102.46836873023943,FALSE
RAF_118,118,2009094,Contournement,20,2009-11-08T07:00:00,2009-11-08T08:00:00,-72.677597,54.271125,-72.677581,54.271205,1,8.900326224321216,8.900326224321216,120.350380718101,FALSE
RAF_118,118,2009094,Contournement,21,2009-11-08T08:00:00,2009-11-08T09:01:00,-72.677581,54.271205,-72.677624,54.271065,1.0166666666666666,15.717922429220337,15.460251569724923,176.48543814216487,FALSE
RAF_118,118,2009094,Contournement,22,2009-11-08T09:01:00,2009-11-08T10:00:00,-72.677624,54.271065,-72.677618,54.271186,0.9833333333333333,13.376079374222936,13.602792583955528,171.4713135060013,FALSE
RAF_118,118,2009094,Contournement,23,2009-11-08T10:00:00,2009-11-08T11:00:00,-72.677618,54.271186,-72.677469,54.270917,1,31.247428909728768,31.247428909728768,160.37503576531614,FALSE
RAF_118,118,2009094,Contournement,24,2009-11-08T11:00:00,2009-11-08T12:00:00,-72.677469,54.270917,-72.675226,54.269646,1,201.91456067651401,201.91456067651401,27.966130722978335,FALSE
RAF_118,118,2009094,Contournement,25,2009-11-08T12:00:00,2009-11-08T13:00:00,-72.675226,54.269646,-72.675045,54.269502,1,19.75429784034776,19.75429784034776,9.584480383851966,FALSE
RAF_118,118,2009094,Contournement,26,2009-11-08T13:00:00,2009-11-08T14:00:00,-72.675045,54.269502,-72.674248,54.268904,1,83.80685314046328,83.80685314046328,1.6159812281535852,FALSE
RAF_118,118,2009094,Contournement,27,2009-11-08T14:00:00,2009-11-08T15:00:00,-72.674248,54.268904,-72.674222,54.269261,1,39.484136898791675,39.484136898791675,139.60157746551943,FALSE
RAF_118,118,2009094,Contournement,28,2009-11-08T15:00:00,2009-11-08T16:00:00,-72.674222,54.269261,-72.674534,54.269134,1,24.579364734694515,24.579364734694515,127.2568976378837,FALSE
RAF_118,118,2009094,Contournement,29,2009-11-08T16:00:00,2009-11-08T17:00:00,-72.674534,54.269134,-72.674396,54.26936,1,26.519977834126564,26.519977834126564,144.48338911557278,FALSE
RAF_118,118,2009094,Contournement,30,2009-11-08T17:00:00,2009-11-08T18:00:00,-72.674396,54.26936,-72.674178,54.269741,1,44.3985836302552,44.3985836302552,1.1514695203317096,FALSE
RAF_118,118,2009094,Contournement,31,2009-11-08T18:00:00,2009-11-08T19:00:00,-72.674178,54.269741,-72.674187,54.26976,1,2.1786899474008026,2.1786899474008026,34.0122136716665,FALSE
RAF_118,118,2009094,Contournement,32,2009-11-08T19:00:00,2009-11-08T20:00:00,-72.674187,54.26976,-72.674201,54.269678999999996,1,8.996144508914721,8.996144508914721,158.72711334771807,FALSE
RAF_118,118,2009094,Contournement,33,2009-11-08T20:00:00,2009-11-08T21:00:00,-72.674201,54.269678999999996,-72.674702,54.268535,1,130.4983862838826,130.4983862838826,8.600811963176879,FALSE
RAF_118,118,2009094,Contournement,34,2009-11-08T21:00:00,2009-11-08T22:01:00,-72.674702,54.268535,-72.671883,54.259813,1.0166666666666666,980.8726278922351,964.7927487464608,25.092039715588115,FALSE
RAF_118,118,2009094,Contournement,35,2009-11-08T22:01:00,2009-11-08T23:00:00,-72.671883,54.259813,-72.671912,54.259836,0.9833333333333333,3.1589133859343392,3.212454290780684,154.27868279101006,FALSE
RAF_118,118,2009094,Contournement,36,2009-11-08T23:00:00,2009-11-09T00:00:00,-72.671912,54.259836,-72.671913,54.259738,1,10.82909129791044,10.82909129791044,143.22368035929097,FALSE
RAF_118,118,2009094,Contournement,37,2009-11-09T00:00:00,2009-11-09T01:00:00,-72.671913,54.259738,-72.670811,54.259795,1,71.56838910287205,71.56838910287205,95.39162137438515,FALSE
RAF_118,118,2009094,Contournement,38,2009-11-09T01:00:00,2009-11-09T02:00:00,-72.670811,54.259795,-72.669104,54.259049,1,137.8039455475087,137.8039455475087,41.78776920056456,FALSE
RAF_118,118,2009094,Contournement,39,2009-11-09T02:00:00,2009-11-09T03:00:00,-72.669104,54.259049,-72.669044,54.259126,1,9.351999481577286,9.351999481577286,102.21795552645447,FALSE
RAF_118,118,2009094,Contournement,40,2009-11-09T03:00:00,2009-11-09T04:00:00,-72.669044,54.259126,-72.669055,54.259095,1,3.4986040976488137,3.4986040976488137,167.21322348875626,FALSE
RAF_118,118,2009094,Contournement,41,2009-11-09T04:00:00,2009-11-09T05:00:00,-72.669055,54.259095,-72.668902,54.259159,1,12.164845656124193,12.164845656124193,137.28100780057997,FALSE
RAF_118,118,2009094,Contournement,42,2009-11-09T05:00:00,2009-11-09T06:00:00,-72.668902,54.259159,-72.666948,54.258021,1,178.3044282854482,178.3044282854482,80.39320185087756,FALSE
RAF_118,118,2009094,Contournement,43,2009-11-09T06:00:00,2009-11-09T07:00:00,-72.666948,54.258021,-72.667013,54.258055,1,5.638983280765225,5.638983280765225,176.92829970963112,FALSE
RAF_118,118,2009094,Contournement,44,2009-11-09T07:00:00,2009-11-09T08:00:00,-72.667013,54.258055,-72.667058,54.258106,1,6.343000441678946,6.343000441678946,20.901087544040912,FALSE
RAF_118,118,2009094,Contournement,45,2009-11-09T08:00:00,2009-11-09T09:00:00,-72.667058,54.258106,-72.666383,54.257752,1,58.62676168892847,58.62676168892847,159.17296564822658,FALSE
RAF_118,118,2009094,Contournement,46,2009-11-09T09:00:00,2009-11-09T10:01:00,-72.666383,54.257752,-72.666364,54.257743,1.0166666666666666,1.5811277600924967,1.5552076328778657,2.8781486728872556,FALSE
RAF_118,118,2009094,Contournement,47,2009-11-09T10:01:00,2009-11-09T11:00:00,-72.666364,54.257743,-72.666083,54.257814,0.9833333333333333,19.799978477550436,20.13557133310214,62.31758904079498,FALSE
RAF_118,118,2009094,Contournement,48,2009-11-09T11:00:00,2009-11-09T12:01:00,-72.666083,54.257814,-72.662713,54.255713,1.0166666666666666,318.4863271356061,313.26523980551417,70.13922315035235,FALSE
RAF_118,118,2009094,Contournement,49,2009-11-09T12:01:00,2009-11-09T13:00:00,-72.662713,54.255713,-72.660503,54.254333,0.9833333333333333,209.03964911318985,212.58269401341343,0.04202094110558527,FALSE
RAF_118,118,2009094,Contournement,50,2009-11-09T13:00:00,2009-11-09T14:00:00,-72.660503,54.254333,-72.657475,54.252575,1,275.8970206748538,275.8970206748538,2.087958027424869,FALSE
RAF_118,118,2009094,Contournement,51,2009-11-09T14:00:00,2009-11-09T15:00:00,-72.657475,54.252575,-72.656706,54.252482,1,50.80694082960676,50.80694082960676,33.08833387183445,FALSE
RAF_118,118,2009094,Contournement,52,2009-11-09T15:00:00,2009-11-09T16:00:00,-72.656706,54.252482,-72.656742,54.252472,1,2.5781252111516566,2.5781252111516566,142.95160614922602,FALSE
RAF_118,118,2009094,Contournement,53,2009-11-09T16:00:00,2009-11-09T17:00:00,-72.656742,54.252472,-72.653849,54.251133,1,238.6031526035387,238.6031526035387,116.2990219525308,FALSE
RAF_118,118,2009094,Contournement,54,2009-11-09T17:00:00,2009-11-09T18:00:00,-72.653849,54.251133,-72.653802,54.251107,1,4.183603197424011,4.183603197424011,5.0464381110978085,FALSE
RAF_118,118,2009094,Contournement,55,2009-11-09T18:00:00,2009-11-09T19:00:00,-72.653802,54.251107,-72.652716,54.251135,1,70.33820437186414,70.33820437186414,45.89249252293181,FALSE
RAF_118,118,2009094,Contournement,56,2009-11-09T19:00:00,2009-11-09T20:01:00,-72.652716,54.251135,-72.648019,54.246058,1.0166666666666666,638.0443242101763,627.5845811903374,64.07071777754848,FALSE
RAF_118,118,2009094,Contournement,57,2009-11-09T20:01:00,2009-11-09T21:00:00,-72.648019,54.246058,-72.645864,54.243741,0.9833333333333333,291.543746648063,296.48516608277595,0.1326192671793579,FALSE
RAF_118,118,2009094,Contournement,58,2009-11-09T21:00:00,2009-11-09T22:00:00,-72.645864,54.243741,-72.642176,54.237867,1,691.5629009309628,691.5629009309628,8.384667954435065,FALSE
RAF_118,118,2009094,Contournement,59,2009-11-09T22:00:00,2009-11-09T23:00:00,-72.642176,54.237867,-72.642095,54.237961,1,11.634960411443899,11.634960411443899,133.02796667884914,FALSE
RAF_118,118,2009094,Contournement,60,2009-11-09T23:00:00,2009-11-10T00:00:00,-72.642095,54.237961,-72.642096,54.238012,1,5.6357582406463536,5.6357582406463536,27.440709314269963,FALSE
RAF_118,118,2009094,Contournement,61,2009-11-10T00:00:00,2009-11-10T01:00:00,-72.642096,54.238012,-72.642103,54.238002,1,1.1942601422445,1.1942601422445,157.04658714134328,FALSE
RAF_118,118,2009094,Contournement,62,2009-11-10T01:00:00,2009-11-10T02:00:00,-72.642103,54.238002,-72.642026,54.238,1,4.988777310401099,4.988777310401099,109.75644055517206,FALSE
RAF_118,118,2009094,Contournement,63,2009-11-10T02:00:00,2009-11-10T03:00:00,-72.642026,54.238,-72.641962,54.238033,1,5.518720067304754,5.518720067304754,43.89516828758712,FALSE
RAF_118,118,2009094,Contournement,64,2009-11-10T03:00:00,2009-11-10T04:00:00,-72.641962,54.238033,-72.641651,54.238036,1,20.13241043506021,20.13241043506021,40.41255625604837,FALSE
RAF_118,118,2009094,Contournement,65,2009-11-10T04:00:00,2009-11-10T05:00:00,-72.641651,54.238036,-72.641709,54.238002,1,5.3110894906326385,5.3110894906326385,135.92173096676507,FALSE
RAF_118,118,2009094,Contournement,66,2009-11-10T05:00:00,2009-11-10T06:00:00,-72.641709,54.238002,-72.641579,54.237981,1,8.728442116056982,8.728442116056982,119.5609605657068,FALSE
RAF_118,118,2009094,Contournement,67,2009-11-10T06:00:00,2009-11-10T07:00:00,-72.641579,54.237981,-72.641633,54.238045,1,7.888441408811643,7.888441408811643,131.71785210319433,FALSE
RAF_118,118,2009094,Contournement,68,2009-11-10T07:00:00,2009-11-10T08:00:00,-72.641633,54.238045,-72.641266,54.237887,1,29.480059043624887,29.480059043624887,152.61487825398038,FALSE
RAF_118,118,2009094,Contournement,69,2009-11-10T08:00:00,2009-11-10T09:00:00,-72.641266,54.237887,-72.638158,54.229986,1,895.9225171691864,895.9225171691864,40.70706324275651,FALSE
RAF_118,118,2009094,Contournement,70,2009-11-10T09:00:00,2009-11-10T10:00:00,-72.638158,54.229986,-72.638134,54.229835,1,16.75728340982286,16.75728340982286,7.655621404652896,FALSE
RAF_118,118,2009094,Contournement,71,2009-11-10T10:00:00,2009-11-10T11:00:00,-72.638134,54.229835,-72.639019,54.229412,1,73.94072466145208,73.94072466145208,56.112723977885636,FALSE
RAF_119,119,2009094,Traversée sur glace,2,2009-11-10T12:00:00,2009-11-10T13:00:00,-72.638217,54.228063,-72.652691,54.224255,1,1027.236652291807,1027.236652291807,NA,FALSE
RAF_119,119,2009094,Traversée sur glace,3,2009-11-10T13:00:00,2009-11-10T14:00:00,-72.652691,54.224255,-72.660239,54.206629,1,2008.0169968812738,2008.0169968812738,51.72133501135091,FALSE
RAF_120,120,2009094,Contournement,2,2009-11-17T16:00:00,2009-11-17T17:01:00,-72.728466,54.094107,-72.743177,54.085634,1.0166666666666666,1337.7236590264233,1315.7937629768098,NA,FALSE
RAF_120,120,2009094,Contournement,3,2009-11-17T17:01:00,2009-11-17T18:00:00,-72.743177,54.085634,-72.752365,54.08273,0.9833333333333333,677.6584969195219,689.144234155446,16.162275318121853,FALSE
RAF_120,120,2009094,Contournement,4,2009-11-17T18:00:00,2009-11-17T19:00:00,-72.752365,54.08273,-72.768087,54.08112,1,1036.781410496145,1036.781410496145,18.391308485209578,FALSE
RAF_120,120,2009094,Contournement,5,2009-11-17T19:00:00,2009-11-17T20:00:00,-72.768087,54.08112,-72.791222,54.083611,1,1527.9815388434129,1527.9815388434129,20.272248319230755,FALSE
RAF_120,120,2009094,Contournement,6,2009-11-17T20:00:00,2009-11-17T21:01:00,-72.791222,54.083611,-72.8123,54.083354,1.0166666666666666,1369.6119460449063,1347.1592911917112,11.547419260164226,FALSE
RAF_120,120,2009094,Contournement,7,2009-11-17T21:01:00,2009-11-17T22:00:00,-72.8123,54.083354,-72.831302,54.08502,0.9833333333333333,1248.080085690242,1269.2339854477038,9.68538063986334,FALSE
RAF_121,121,2009094,Traversée à la nage,2,2009-11-28T18:00:00,2009-11-28T19:00:00,-73.25351,54.044669,-73.256729000000007,54.036714,1,903.514741177943,903.514741177943,NA,FALSE
RAF_121,121,2009094,Traversée à la nage,3,2009-11-28T19:00:00,2009-11-28T20:00:00,-73.256729000000007,54.036714,-73.252821,54.036666,1,254.21816052071034,254.21816052071034,102.20132810254515,FALSE
RAF_121,121,2009094,Traversée à la nage,4,2009-11-28T20:00:00,2009-11-28T21:00:00,-73.252821,54.036666,-73.252148,54.036998,1,57.10801765067978,57.10801765067978,41.16258659552865,FALSE
RAF_121,121,2009094,Traversée à la nage,5,2009-11-28T21:00:00,2009-11-28T22:00:00,-73.252148,54.036998,-73.253731,54.036466,1,118.55078513589186,118.55078513589186,169.75784368215653,FALSE
RAF_121,121,2009094,Traversée à la nage,6,2009-11-28T22:00:00,2009-11-28T23:01:00,-73.253731,54.036466,-73.253718,54.036502,1.0166666666666666,4.0664194585197695,3.9997568444456753,131.72455235691015,FALSE
RAF_121,121,2009094,Traversée à la nage,7,2009-11-28T23:01:00,2009-11-29T00:00:00,-73.253718,54.036502,-73.253682,54.036409,0.9833333333333333,10.538717459142832,10.717339788958814,155.16345119468423,FALSE
RAF_121,121,2009094,Traversée à la nage,8,2009-11-29T00:00:00,2009-11-29T01:00:00,-73.253682,54.036409,-73.256211,54.032507,1,461.4347999135686,461.4347999135686,33.72055699210528,FALSE
RAF_121,121,2009094,Traversée à la nage,9,2009-11-29T01:00:00,2009-11-29T02:00:00,-73.256211,54.032507,-73.263901,54.016999,1,1784.9722700523594,1784.9722700523594,4.602998401574929,FALSE
RAF_122,122,2009094,Traversée sur glace,2,2009-12-04T21:00:00,2009-12-04T22:01:00,-73.333681,53.969442,-73.367906,53.967361,1.0166666666666666,2241.30833298828,2204.5655734310953,NA,FALSE
RAF_122,122,2009094,Traversée sur glace,3,2009-12-04T22:01:00,2009-12-04T23:00:00,-73.367906,53.967361,-73.393913,53.95842,0.9833333333333333,1961.3038079393816,1994.546245362083,24.330757394301738,FALSE
RAF_123,123,2009094,Traversée sur glace,2,2009-12-05T13:00:00,2009-12-05T14:00:00,-73.429693,53.947915,-73.458782,53.941292,1,2032.2860160221092,2032.2860160221092,NA,FALSE
RAF_123,123,2009094,Traversée sur glace,3,2009-12-05T14:00:00,2009-12-05T15:00:00,-73.458782,53.941292,-73.461108,53.930067,1,1249.4080694989505,1249.4080694989505,61.912900802869814,FALSE
RAF_124,124,2009094,Contournement,2,2009-12-10T20:00:00,2009-12-10T21:01:00,-73.893582,53.743353,-73.937785,53.727657,1.0166666666666666,3374.8993668862568,3319.573147756974,NA,FALSE
RAF_124,124,2009094,Contournement,3,2009-12-10T21:01:00,2009-12-10T22:01:00,-73.937785,53.727657,-73.975377,53.717928,1,2687.3652474871055,2687.3652474871055,7.374932074490434,FALSE
RAF_124,124,2009094,Contournement,4,2009-12-10T22:01:00,2009-12-10T23:00:00,-73.975377,53.717928,-73.989834,53.718001,0.9833333333333333,947.3816700239767,963.438986465061,24.083504859199014,FALSE
RAF_124,124,2009094,Contournement,5,2009-12-10T23:00:00,2009-12-11T00:00:00,-73.989834,53.718001,-74.013555,53.711894,1,1694.606506415848,1694.606506415848,23.933500964618418,FALSE
RAF_125,125,2009094,Contournement,2,2009-12-11T13:00:00,2009-12-11T14:00:00,-74.015794,53.710465,-74.04483,53.707421,1,1932.5763328414857,1932.5763328414857,NA,FALSE
RAF_125,125,2009094,Contournement,3,2009-12-11T14:00:00,2009-12-11T15:01:00,-74.04483,53.707421,-74.061888,53.702552,1.0166666666666666,1240.7844414909405,1220.4437129419086,15.651403483720607,FALSE
RAF_125,125,2009094,Contournement,4,2009-12-11T15:01:00,2009-12-11T16:00:00,-74.061888,53.702552,-74.098184,53.70131,0.9833333333333333,2383.278307527593,2423.6728551128067,22.41170773700444,FALSE
RAF_125,125,2009094,Contournement,5,2009-12-11T16:00:00,2009-12-11T17:00:00,-74.098184,53.70131,-74.127626,53.702014,1,1931.6011422875138,1931.6011422875138,5.634300664817973,FALSE
RAF_126,126,2009094,Contournement,2,2009-12-15T06:00:00,2009-12-15T07:00:00,-74.297242,53.681287,-74.314365,53.694771,1,1865.4053486700748,1865.4053486700748,NA,FALSE
RAF_126,126,2009094,Contournement,3,2009-12-15T07:00:00,2009-12-15T08:01:00,-74.314365,53.694771,-74.343369,53.699899,1.0166666666666666,1984.1106081124367,1951.5842047007575,36.383401168246166,FALSE
RAF_126,126,2009094,Contournement,4,2009-12-15T08:01:00,2009-12-15T09:00:00,-74.343369,53.699899,-74.354869,53.69983,0.9833333333333333,753.9390742425038,766.7177026194954,17.153175821921117,FALSE
RAF_126,126,2009094,Contournement,5,2009-12-15T09:00:00,2009-12-15T10:00:00,-74.354869,53.69983,-74.354814,53.699655,1,19.666246711393235,19.666246711393235,99.98052223974581,FALSE
RAF_126,126,2009094,Contournement,6,2009-12-15T10:00:00,2009-12-15T11:00:00,-74.354814,53.699655,-74.354865,53.699653,1,3.350694229282107,3.350694229282107,96.78352908703619,FALSE
RAF_126,126,2009094,Contournement,7,2009-12-15T11:00:00,2009-12-15T12:00:00,-74.354865,53.699653,-74.363843,53.699626,1,588.5775496985719,588.5775496985719,3.4941211372744667,FALSE
RAF_126,126,2009094,Contournement,8,2009-12-15T12:00:00,2009-12-15T13:00:00,-74.363843,53.699626,-74.389023,53.695713,1,1706.4607993599088,1706.4607993599088,14.37010931039072,FALSE
RAF_126,126,2009094,Contournement,9,2009-12-15T13:00:00,2009-12-15T14:00:00,-74.389023,53.695713,-74.394492,53.693613,1,427.0782341211777,427.0782341211777,18.216194680947396,FALSE
RAF_126,126,2009094,Contournement,10,2009-12-15T14:00:00,2009-12-15T15:00:00,-74.394492,53.693613,-74.394439,53.693523,1,10.532389568240703,10.532389568240703,76.36010330415704,FALSE
RAF_126,126,2009094,Contournement,11,2009-12-15T15:00:00,2009-12-15T16:00:00,-74.394439,53.693523,-74.39562,53.69348,1,77.57948260650505,77.57948260650505,105.75479610082625,FALSE
RAF_126,126,2009094,Contournement,12,2009-12-15T16:00:00,2009-12-15T17:00:00,-74.39562,53.69348,-74.395621,53.693506,1,2.873058006671755,2.873058006671755,92.20334552179041,FALSE
RAF_126,126,2009094,Contournement,13,2009-12-15T17:00:00,2009-12-15T18:00:00,-74.395621,53.693506,-74.404181,53.686257,1,977.9406164312519,977.9406164312519,143.6622617016146,FALSE
RAF_126,126,2009094,Contournement,14,2009-12-15T18:00:00,2009-12-15T19:00:00,-74.404181,53.686257,-74.429644,53.668866,1,2545.686537501094,2545.686537501094,5.987662209902361,FALSE
RAF_126,126,2009094,Contournement,15,2009-12-15T19:00:00,2009-12-15T20:00:00,-74.429644,53.668866,-74.445932,53.658881,1,1535.8568074583309,1535.8568074583309,3.109171236135055,FALSE
RAF_127,127,2009094,Traversée sur glace,2,2009-12-15T21:01:00,2009-12-15T22:01:00,-74.474148,53.647477,-74.496732,53.627617,1,2647.996558594723,2647.996558594723,NA,FALSE
RAF_127,127,2009094,Traversée sur glace,3,2009-12-15T22:01:00,2009-12-15T23:00:00,-74.496732,53.627617,-74.504081,53.624744,0.9833333333333333,577.6208956712898,587.4110803436845,22.630326440494112,FALSE
RAF_128,128,2009094,Traversée sur glace,2,2010-01-11T13:00:00,2010-01-11T20:00:00,-76.643846,53.35585,-76.772359,53.385772,7,9110.852442051611,1301.5503488645159,NA,FALSE
RAF_128,128,2009094,Traversée sur glace,3,2010-01-11T20:00:00,2010-01-12T03:00:00,-76.772359,53.385772,-76.782195,53.399737,7,1673.7806104764168,239.11151578234526,45.9519585420953,FALSE
RAF_129,129,2009094,Traversée sur glace,2,2010-01-13T00:00:00,2010-01-13T07:00:00,-76.789974,53.374669,-76.779219,53.372981,7,734.5350771987694,104.93358245696706,NA,FALSE
RAF_129,129,2009094,Traversée sur glace,3,2010-01-13T07:00:00,2010-01-13T14:00:00,-76.779219,53.372981,-76.784714,53.372667,7,364.6608933199663,52.09441333142376,159.8342569212947,FALSE
RAF_129,129,2009094,Traversée sur glace,4,2010-01-13T14:00:00,2010-01-13T21:01:00,-76.784714,53.372667,-76.714735,53.381262,7.016666666666667,4718.963340000204,672.5363429929032,173.82535260607813,FALSE
RAF_130,130,2009094,Traversée sur glace,2,2010-01-14T11:00:00,2010-01-14T18:00:00,-76.703844,53.382069,-76.623285,53.357397,7,5979.438858573629,854.2055512248041,NA,FALSE
RAF_130,130,2009094,Traversée sur glace,3,2010-01-14T18:00:00,2010-01-15T01:00:00,-76.623285,53.357397,-76.61788,53.350115,7,880.1459650439689,125.73513786342413,38.9044973694524,FALSE
RAF_132,132,2009094,Traversée sur glace,2,2010-04-06T17:00:00,2010-04-07T00:00:00,-75.624583,53.688208,-75.75913,53.838636,7,18808.190743009403,2686.884391858486,NA,FALSE
RAF_132,132,2009094,Traversée sur glace,3,2010-04-07T00:00:00,2010-04-07T07:00:00,-75.75913,53.838636,-75.792831,53.886858,7,5764.257148133522,823.4653068762174,5.543349556151026,FALSE
RAF_133,133,2009094,Contournement,2,2010-11-24T05:00:00,2010-11-24T06:00:00,-72.206132,54.531415,-72.214047,54.524261,1,940.1720000992906,940.1720000992906,NA,FALSE
RAF_133,133,2009094,Contournement,3,2010-11-24T06:00:00,2010-11-24T07:00:00,-72.214047,54.524261,-72.229497,54.514152,1,1494.9122630853644,1494.9122630853644,8.888901220763865,FALSE
RAF_133,133,2009094,Contournement,4,2010-11-24T07:00:00,2010-11-24T08:00:00,-72.229497,54.514152,-72.251214,54.501643,1,1965.0834851093193,1965.0834851093193,3.6666927861560454,FALSE
RAF_133,133,2009094,Contournement,5,2010-11-24T08:00:00,2010-11-24T09:00:00,-72.251214,54.501643,-72.257993,54.498668,1,546.0927217671325,546.0927217671325,7.701966542190829,FALSE
RAF_133,133,2009094,Contournement,6,2010-11-24T09:00:00,2010-11-24T10:01:00,-72.257993,54.498668,-72.257988,54.498631,1.0166666666666666,4.101609967531208,4.0343704598667625,57.477552998052374,FALSE
RAF_133,133,2009094,Contournement,7,2010-11-24T10:01:00,2010-11-24T11:00:00,-72.257988,54.498631,-72.258043,54.498683,0.9833333333333333,6.748344134824516,6.862722848974085,152.87998667945692,FALSE
RAF_133,133,2009094,Contournement,8,2010-11-24T11:00:00,2010-11-24T12:00:00,-72.258043,54.498683,-72.265595,54.494053,1,705.5551926816505,705.5551926816505,104.86580638127707,FALSE
RAF_133,133,2009094,Contournement,9,2010-11-24T12:00:00,2010-11-24T13:00:00,-72.265595,54.494053,-72.278038,54.48427,1,1345.2732073781317,1345.2732073781317,6.986896170709544,FALSE
RAF_133,133,2009094,Contournement,10,2010-11-24T13:00:00,2010-11-24T14:00:00,-72.278038,54.48427,-72.312425,54.462734,1,3250.0169339516665,3250.0169339516665,6.420617881396946,FALSE
RAF_133,133,2009094,Contournement,11,2010-11-24T14:00:00,2010-11-24T15:00:00,-72.312425,54.462734,-72.34971,54.446017,1,3029.343206617159,3029.343206617159,9.530328676086125,FALSE
RAF_133,133,2009094,Contournement,12,2010-11-24T15:00:00,2010-11-24T16:00:00,-72.34971,54.446017,-72.354455,54.441094,1,624.0032876544572,624.0032876544572,23.080203405280937,FALSE
RAF_134,134,2009094,Traversée sur glace,2,2010-11-24T17:00:00,2010-11-24T18:00:00,-72.381085,54.425003,-72.410912,54.410957,1,2470.7264139533463,2470.7264139533463,NA,FALSE
RAF_134,134,2009094,Traversée sur glace,3,2010-11-24T18:00:00,2010-11-24T19:00:00,-72.410912,54.410957,-72.481852,54.393412,1,4967.641387889653,4967.641387889653,15.98746687869172,FALSE
RAF_135,135,2009094,Contournement,2,2010-11-24T23:00:00,2010-11-25T00:00:00,-72.683361,54.273529,-72.714381,54.260499,1,2469.552948843315,2469.552948843315,NA,FALSE
RAF_135,135,2009094,Contournement,3,2010-11-25T00:00:00,2010-11-25T01:00:00,-72.714381,54.260499,-72.759192,54.253946,1,2988.1540420776864,2988.1540420776864,21.670124009563274,FALSE
RAF_135,135,2009094,Contournement,4,2010-11-25T01:00:00,2010-11-25T02:00:00,-72.759192,54.253946,-72.783123,54.245174,1,1826.8698069060044,1826.8698069060044,17.99312128058609,FALSE
RAF_135,135,2009094,Contournement,5,2010-11-25T02:00:00,2010-11-25T03:00:00,-72.783123,54.245174,-72.811528,54.217669,1,3552.2101048427935,3552.2101048427935,26.759570988623334,FALSE
RAF_136,136,2009094,Traversée sur glace,2,2010-11-25T18:00:00,2010-11-25T19:00:00,-73.208079,54.037565,-73.233798,54.023743,1,2265.137596234842,2265.137596234842,NA,FALSE
RAF_136,136,2009094,Traversée sur glace,3,2010-11-25T19:00:00,2010-11-25T20:00:00,-73.233798,54.023743,-73.27059,54.003945,1,3242.93013364827,3242.93013364827,4.048351440632337e-4,FALSE
RAF_137,137,2009094,Contournement,2,2010-11-26T18:01:00,2010-11-26T19:00:00,-73.341954,54.024171,-73.359967,54.021723,0.9833333333333333,1202.693212231551,1223.07784294734,NA,FALSE
RAF_137,137,2009094,Contournement,3,2010-11-26T19:00:00,2010-11-26T20:00:00,-73.359967,54.021723,-73.415879,54.013431,1,3751.5586199596464,3751.5586199596464,1.1090305102569102,FALSE
RAF_137,137,2009094,Contournement,4,2010-11-26T20:00:00,2010-11-26T21:01:00,-73.415879,54.013431,-73.466185,53.996197,1.0166666666666666,3787.621830969668,3725.5296698062307,16.002716521177494,FALSE
RAF_137,137,2009094,Contournement,5,2010-11-26T21:01:00,2010-11-26T22:00:00,-73.466185,53.996197,-73.52704,53.987225,0.9833333333333333,4084.148907047737,4153.371769879054,16.177978483723667,FALSE
RAF_137,137,2009094,Contournement,6,2010-11-26T22:00:00,2010-11-26T23:00:00,-73.52704,53.987225,-73.55003,53.983598,1,1549.7176372756542,1549.7176372756542,0.9056875491643049,FALSE
RAF_138,138,2009094,Traversée sur glace,2,2010-12-03T14:00:00,2010-12-03T15:00:00,-74.251117,53.69134,-74.270505,53.677512,1,1987.5295147279048,1987.5295147279048,NA,FALSE
RAF_138,138,2009094,Traversée sur glace,3,2010-12-03T15:00:00,2010-12-03T16:00:00,-74.270505,53.677512,-74.321,53.659021,1,3891.924950038728,3891.924950038728,18.597260655625718,FALSE
RAF_139,139,2009094,Contournement,2,2010-12-27T16:00:00,2010-12-27T23:00:00,-76.601387,53.194423,-76.615319,53.198085,7,1008.8136412564573,144.11623446520818,NA,FALSE
RAF_139,139,2009094,Contournement,3,2010-12-27T23:00:00,2010-12-28T06:00:00,-76.615319,53.198085,-76.666174,53.248093,7,6471.4209414603765,924.488705922911,34.99085467210642,FALSE
RAF_139,139,2009094,Contournement,4,2010-12-28T06:00:00,2010-12-28T13:00:00,-76.666174,53.248093,-76.668534,53.279017,7,3419.480378899022,488.4971969855746,28.79764389056836,FALSE
RAF_139,139,2009094,Contournement,5,2010-12-28T13:00:00,2010-12-28T20:00:00,-76.668534,53.279017,-76.688852,53.305187,7,3188.269405064156,455.46705786630804,22.318446519014984,FALSE
RAF_139,139,2009094,Contournement,6,2010-12-28T20:00:00,2010-12-29T03:00:00,-76.688852,53.305187,-76.709374,53.321954,7,2296.3908310113184,328.0558330016169,11.27732388946116,FALSE
RAF_141,141,2009094,Traversée sur glace,2,2011-01-07T18:00:00,2011-01-08T01:00:00,-77.008834,53.588705,-77.018856,53.736864,7,16380.686116859415,2340.098016694202,NA,FALSE
RAF_141,141,2009094,Traversée sur glace,3,2011-01-08T01:00:00,2011-01-08T08:00:00,-77.018856,53.736864,-77.019398,53.739624,7,306.9707745173346,43.852967788190654,4.33589955403899,FALSE
RAF_141,141,2009094,Traversée sur glace,4,2011-01-08T08:00:00,2011-01-08T15:00:00,-77.019398,53.739624,-77.010642,53.774318,7,3875.476381071057,553.639483010151,15.143645348808427,FALSE
RAF_141,141,2009094,Traversée sur glace,5,2011-01-08T15:00:00,2011-01-08T22:00:00,-77.010642,53.774318,-76.977872,53.843611,7,7949.568176725756,1135.652596675108,7.114469671789892,FALSE
RAF_142,142,2009094,Traversée sur glace,2,2011-01-26T10:00:00,2011-01-26T17:01:00,-76.667006,53.962153,-76.561805,53.954796,7.016666666666667,6902.638802689386,983.7489980079885,NA,FALSE
RAF_142,142,2009094,Traversée sur glace,3,2011-01-26T17:01:00,2011-01-27T00:00:00,-76.561805,53.954796,-76.360666,54.005617,6.983333333333333,14251.64857087259,2040.8088645640942,30.08804270218391,FALSE
RAF_143,143,2009094,Traversée sur glace,2,2011-01-27T07:00:00,2011-01-27T14:00:00,-76.360942,54.005778,-76.306949,54.04879,7,5909.346366201145,844.1923380287351,NA,FALSE
RAF_143,143,2009094,Traversée sur glace,3,2011-01-27T14:00:00,2011-01-27T21:01:00,-76.306949,54.04879,-76.16495,54.201067,7.016666666666667,19183.942583297707,2734.0535748167754,7.834878658425159,FALSE
RAF_144,144,2009094,Contournement,2,2011-11-25T19:02:00,2011-11-25T20:00:00,-73.99648,53.724586,-73.985453,53.729825,0.9666666666666667,925.679803198213,957.5997964119445,NA,FALSE
RAF_144,144,2009094,Contournement,3,2011-11-25T20:00:00,2011-11-25T21:00:00,-73.985453,53.729825,-73.941106,53.733476,1,2932.9277417514736,2932.9277417514736,30.773502550261167,FALSE
RAF_144,144,2009094,Contournement,4,2011-11-25T21:00:00,2011-11-25T22:01:00,-73.941106,53.733476,-73.878118,53.746075,1.0166666666666666,4353.873131975425,4282.498162598779,10.782448330321655,FALSE
RAF_144,144,2009094,Contournement,5,2011-11-25T22:01:00,2011-11-25T23:00:00,-73.878118,53.746075,-73.834072,53.762128,0.9833333333333333,3385.495318111069,3442.876594689223,12.989202453100276,FALSE
RAF_144,144,2009094,Contournement,6,2011-11-25T23:00:00,2011-11-26T00:00:00,-73.834072,53.762128,-73.828578,53.766712,1,621.1201036257124,621.1201036257124,23.050190412210977,FALSE
RAF_144,144,2009094,Contournement,7,2011-11-26T00:00:00,2011-11-26T01:00:00,-73.828578,53.766712,-73.809084,53.771477,1,1380.2092051710947,1380.2092051710947,32.18993331116539,FALSE
RAF_144,144,2009094,Contournement,8,2011-11-26T01:00:00,2011-11-26T02:01:00,-73.809084,53.771477,-73.800498,53.773939,1.0166666666666666,624.2717644006062,614.0378010497767,3.4200787590906963,FALSE
RAF_144,144,2009094,Contournement,9,2011-11-26T02:01:00,2011-11-26T03:00:00,-73.800498,53.773939,-73.788137,53.777757,0.9833333333333333,912.2638296675793,927.7259284755045,1.7186330995553467,FALSE
RAF_144,144,2009094,Contournement,10,2011-11-26T03:00:00,2011-11-26T04:00:00,-73.788137,53.777757,-73.766783,53.782232,1,1482.1374636442238,1482.1374636442238,8.041304558914641,FALSE
RAF_144,144,2009094,Contournement,11,2011-11-26T04:00:00,2011-11-26T05:00:00,-73.766783,53.782232,-73.759797,53.785896,1,610.5453130856653,610.5453130856653,22.054803164759104,FALSE
RAF_145,145,2009094,Contournement,2,2011-11-26T12:01:00,2011-11-26T13:00:00,-73.757306,53.786549,-73.740588,53.793784,0.9833333333333333,1354.5995666337933,1377.5588813225017,NA,FALSE
RAF_145,145,2009094,Contournement,3,2011-11-26T13:00:00,2011-11-26T14:00:00,-73.740588,53.793784,-73.718805,53.799855,1,1574.7332402986372,1574.7332402986372,10.937384135797206,FALSE
RAF_145,145,2009094,Contournement,4,2011-11-26T14:00:00,2011-11-26T15:00:00,-73.718805,53.799855,-73.686635,53.816693,1,2808.103201132799,2808.103201132799,16.299688296180268,FALSE
RAF_145,145,2009094,Contournement,5,2011-11-26T15:00:00,2011-11-26T16:00:00,-73.686635,53.816693,-73.648025,53.841258,1,3705.813027758149,3705.813027758149,5.624160273463677,FALSE
RAF_145,145,2009094,Contournement,6,2011-11-26T16:00:00,2011-11-26T17:00:00,-73.648025,53.841258,-73.61939,53.854456,1,2371.809320280873,2371.809320280873,9.120923987174427,FALSE
RAF_146,146,2009096,Contournement,2,2009-11-06T15:00:00,2009-11-06T16:00:00,-72.679918,54.289554,-72.681698,54.252828,1,4059.8403647406376,4059.8403647406376,NA,FALSE
RAF_146,146,2009096,Contournement,3,2009-11-06T16:00:00,2009-11-06T17:00:00,-72.681698,54.252828,-72.699289,54.254275,1,1149.3436738973016,1149.3436738973016,96.37952832629996,FALSE
RAF_146,146,2009096,Contournement,4,2009-11-06T17:00:00,2009-11-06T18:00:00,-72.699289,54.254275,-72.698819,54.253664,1,74.04706754146416,74.04706754146416,122.23724096968655,FALSE
RAF_146,146,2009096,Contournement,5,2009-11-06T18:00:00,2009-11-06T19:00:00,-72.698819,54.253664,-72.697497,54.253427,1,89.45484905578317,89.45484905578317,48.730444257051495,FALSE
RAF_146,146,2009096,Contournement,6,2009-11-06T19:00:00,2009-11-06T20:00:00,-72.697497,54.253427,-72.688501,54.252126,1,599.5572267750431,599.5572267750431,3.153732228432259,FALSE
RAF_146,146,2009096,Contournement,7,2009-11-06T20:00:00,2009-11-06T21:00:00,-72.688501,54.252126,-72.684434,54.25071,1,306.1572190665282,306.1572190665282,16.856244467227892,FALSE
RAF_146,146,2009096,Contournement,8,2009-11-06T21:00:00,2009-11-06T22:00:00,-72.684434,54.25071,-72.649681,54.227668,1,3397.3741525692144,3397.3741525692144,17.790694376172098,FALSE
RAF_146,146,2009096,Contournement,9,2009-11-06T22:00:00,2009-11-06T23:00:00,-72.649681,54.227668,-72.605902,54.236724,1,3005.494392017222,3005.494392017222,68.02002720248659,FALSE
RAF_146,146,2009096,Contournement,10,2009-11-06T23:00:00,2009-11-07T00:00:00,-72.605902,54.236724,-72.590926,54.244369,1,1285.731158721829,1285.731158721829,21.649203431754877,FALSE
RAF_146,146,2009096,Contournement,11,2009-11-07T00:00:00,2009-11-07T01:00:00,-72.590926,54.244369,-72.582246,54.246625,1,614.5489367694476,614.5489367694476,17.13278533223432,FALSE
RAF_146,146,2009096,Contournement,12,2009-11-07T01:00:00,2009-11-07T02:00:00,-72.582246,54.246625,-72.581937,54.246783,1,26.545258636951232,26.545258636951232,17.19696498125897,FALSE
RAF_146,146,2009096,Contournement,13,2009-11-07T02:00:00,2009-11-07T03:00:00,-72.581937,54.246783,-72.578848,54.246709,1,200.06319009409893,200.06319009409893,43.465481713143305,FALSE
RAF_146,146,2009096,Contournement,14,2009-11-07T03:00:00,2009-11-07T04:00:00,-72.578848,54.246709,-72.564434,54.24649,1,933.078920726061,933.078920726061,0.8633054144673117,FALSE
RAF_146,146,2009096,Contournement,15,2009-11-07T04:00:00,2009-11-07T05:00:00,-72.564434,54.24649,-72.542708,54.225105,1,2749.8047565933616,2749.8047565933616,57.740964018509025,FALSE
RAF_146,146,2009096,Contournement,16,2009-11-07T05:00:00,2009-11-07T06:00:00,-72.542708,54.225105,-72.536062,54.227083,1,482.6166235536697,482.6166235536697,86.18097438313494,FALSE
RAF_146,146,2009096,Contournement,17,2009-11-07T06:00:00,2009-11-07T07:00:00,-72.536062,54.227083,-72.541663,54.230963,1,561.5090066903955,561.5090066903955,103.29587529707781,FALSE
RAF_146,146,2009096,Contournement,18,2009-11-07T07:00:00,2009-11-07T08:00:00,-72.541663,54.230963,-72.557816,54.22559,1,1202.5346095256546,1202.5346095256546,79.35239839557492,FALSE
RAF_146,146,2009096,Contournement,19,2009-11-07T08:00:00,2009-11-07T09:00:00,-72.557816,54.22559,-72.558751,54.224521,1,132.73061750234544,132.73061750234544,33.273376157242105,FALSE
RAF_146,146,2009096,Contournement,20,2009-11-07T09:00:00,2009-11-07T10:00:00,-72.558751,54.224521,-72.55876,54.224556,1,3.911050919436282,3.911050919436282,144.29666442607765,FALSE
RAF_146,146,2009096,Contournement,21,2009-11-07T10:00:00,2009-11-07T11:00:00,-72.55876,54.224556,-72.553462,54.224419,1,343.36125216583275,343.36125216583275,101.0933192587637,FALSE
RAF_146,146,2009096,Contournement,22,2009-11-07T11:00:00,2009-11-07T12:00:00,-72.553462,54.224419,-72.537244,54.223123,1,1059.7977209546884,1059.7977209546884,5.2303048674911174,FALSE
RAF_146,146,2009096,Contournement,23,2009-11-07T12:00:00,2009-11-07T13:00:00,-72.537244,54.223123,-72.52023,54.22811,1,1231.7096336217705,1231.7096336217705,34.355161833905356,FALSE
RAF_146,146,2009096,Contournement,24,2009-11-07T13:00:00,2009-11-07T14:00:00,-72.52023,54.22811,-72.52665,54.228328,1,416.33350118712565,416.33350118712565,150.11127860146198,FALSE
RAF_146,146,2009096,Contournement,25,2009-11-07T14:00:00,2009-11-07T15:00:00,-72.52665,54.228328,-72.54613,54.226128,1,1284.3955883540855,1284.3955883540855,14.216543482980958,FALSE
RAF_146,146,2009096,Contournement,26,2009-11-07T15:00:00,2009-11-07T16:00:00,-72.54613,54.226128,-72.571204,54.226548,1,1624.0473419517052,1624.0473419517052,12.565360678105117,FALSE
RAF_146,146,2009096,Contournement,27,2009-11-07T16:00:00,2009-11-07T17:00:00,-72.571204,54.226548,-72.57408,54.225372,1,227.06335815934222,227.06335815934222,36.535937022913046,FALSE
RAF_146,146,2009096,Contournement,28,2009-11-07T17:00:00,2009-11-07T18:00:00,-72.57408,54.225372,-72.597324,54.22219,1,1545.5203632897524,1545.5203632897524,21.77031148946778,FALSE
RAF_146,146,2009096,Contournement,29,2009-11-07T18:00:00,2009-11-07T19:00:00,-72.597324,54.22219,-72.601851,54.22597,1,510.26403815668857,510.26403815668857,68.10120485353399,FALSE
RAF_146,146,2009096,Contournement,30,2009-11-07T19:00:00,2009-11-07T20:00:00,-72.601851,54.22597,-72.59876,54.240404,1,1607.4232758057865,1607.4232758057865,42.21091083419529,FALSE
RAF_146,146,2009096,Contournement,31,2009-11-07T20:00:00,2009-11-07T21:00:00,-72.59876,54.240404,-72.615258,54.244004,1,1139.4310209960395,1139.4310209960395,76.71207947941106,FALSE
RAF_146,146,2009096,Contournement,32,2009-11-07T21:00:00,2009-11-07T22:00:00,-72.615258,54.244004,-72.620407,54.24477,1,343.80379415193306,343.80379415193306,6.1722900453794365,FALSE
RAF_146,146,2009096,Contournement,33,2009-11-07T22:00:00,2009-11-07T23:00:00,-72.620407,54.24477,-72.620438,54.244763,1,2.150119399488584,2.150119399488584,35.33449933267839,FALSE
RAF_146,146,2009096,Contournement,34,2009-11-07T23:00:00,2009-11-08T12:00:00,-72.620438,54.244763,-72.646219,54.244727,13,1668.4299054589128,128.3407619583779,20.958042849565626,FALSE
RAF_146,146,2009096,Contournement,35,2009-11-08T12:00:00,2009-11-08T13:00:00,-72.646219,54.244727,-72.675975,54.248245,1,1964.4348275811433,1964.4348275811433,11.57216474425939,FALSE
RAF_146,146,2009096,Contournement,36,2009-11-08T13:00:00,2009-11-08T14:00:00,-72.675975,54.248245,-72.761793,54.24525,1,5563.324004850342,5563.324004850342,14.777390221379758,FALSE
RAF_146,146,2009096,Contournement,37,2009-11-08T14:00:00,2009-11-08T15:00:00,-72.761793,54.24525,-72.797212,54.215764,1,3984.0819746053544,3984.0819746053544,51.404880281163365,FALSE
RAF_147,147,2009096,Contournement,2,2009-11-09T06:00:00,2009-11-09T07:00:00,-72.851293,54.081539,-72.866475,54.07488,1,1230.5837032771933,1230.5837032771933,NA,FALSE
RAF_147,147,2009096,Contournement,3,2009-11-09T07:00:00,2009-11-09T08:00:00,-72.866475,54.07488,-72.915365,54.066286,1,3315.9405283679175,3315.9405283679175,20.10436772780588,FALSE
RAF_147,147,2009096,Contournement,4,2009-11-09T08:00:00,2009-11-09T09:00:00,-72.915365,54.066286,-72.915537,54.066501,1,26.253823329665035,26.253823329665035,81.45949481213721,FALSE
RAF_147,147,2009096,Contournement,5,2009-11-09T09:00:00,2009-11-09T10:00:00,-72.915537,54.066501,-72.915632,54.06652,1,6.521235528221077,6.521235528221077,46.020889340398504,FALSE
RAF_147,147,2009096,Contournement,6,2009-11-09T10:00:00,2009-11-09T11:00:00,-72.915632,54.06652,-72.927184,54.070573,1,874.1496050870444,874.1496050870444,12.04186582784112,FALSE
RAF_147,147,2009096,Contournement,7,2009-11-09T11:00:00,2009-11-09T12:00:00,-72.927184,54.070573,-72.928452,54.069698,1,127.02971382441758,127.02971382441758,80.36922285738663,FALSE
RAF_147,147,2009096,Contournement,8,2009-11-09T12:00:00,2009-11-09T13:00:00,-72.928452,54.069698,-72.927592,54.070122,1,72.92512046256354,72.92512046256354,170.41287661824924,FALSE
RAF_147,147,2009096,Contournement,9,2009-11-09T13:00:00,2009-11-09T14:00:00,-72.927592,54.070122,-72.917567,54.07511,1,853.2889566984759,853.2889566984759,0.26456664380079004,FALSE
RAF_147,147,2009096,Contournement,10,2009-11-09T14:00:00,2009-11-09T15:01:00,-72.917567,54.07511,-72.935275,54.080668,1.0166666666666666,1304.1718518010612,1282.791985378093,111.67430605137753,FALSE
RAF_147,147,2009096,Contournement,11,2009-11-09T15:01:00,2009-11-09T16:00:00,-72.935275,54.080668,-72.98541,54.07242,0.9833333333333333,3382.595317519815,3439.9274415455748,43.69328688588317,FALSE
RAF_148,148,2009096,Traversée sur glace,2,2009-11-09T17:02:00,2009-11-09T18:01:00,-73.026467,54.046725,-73.068858,54.025825,0.9833333333333333,3596.298493769532,3657.2527055283376,NA,FALSE
RAF_148,148,2009096,Traversée sur glace,3,2009-11-09T18:01:00,2009-11-09T19:00:00,-73.068858,54.025825,-73.091628,53.98492,0.9833333333333333,4756.214467780542,4836.828272319195,31.87016742938327,FALSE
RAF_148,148,2009096,Traversée sur glace,4,2009-11-09T19:00:00,2009-11-09T20:01:00,-73.091628,53.98492,-73.15759,53.954606,1.0166666666666666,5447.884514201983,5358.57493200195,33.94488162260159,FALSE
RAF_149,149,2009096,Traversée sur glace,2,2009-11-10T11:00:00,2009-11-10T12:00:00,-73.325594,53.970155,-73.360724,53.968174,1,2298.8393942973366,2298.8393942973366,NA,FALSE
RAF_149,149,2009096,Traversée sur glace,3,2009-11-10T12:00:00,2009-11-10T13:00:00,-73.360724,53.968174,-73.410961,53.951232,1,3770.627897738538,3770.627897738538,24.266023527151027,FALSE
RAF_149,149,2009096,Traversée sur glace,4,2009-11-10T13:00:00,2009-11-10T14:01:00,-73.410961,53.951232,-73.467066,53.928395,1.0166666666666666,4443.159011993152,4370.320339665395,4.795217645763055,FALSE
RAF_150,150,2009096,Traversée sur glace,2,2009-11-10T19:00:00,2009-11-10T20:00:00,-73.573991,53.870334,-73.587947,53.85713,1,1720.0696891694,1720.0696891694,NA,FALSE
RAF_150,150,2009096,Traversée sur glace,3,2009-11-10T20:00:00,2009-11-10T21:00:00,-73.587947,53.85713,-73.607875,53.827617,1,3510.9242729481016,3510.9242729481016,10.21361258173094,FALSE
RAF_151,151,2009096,Contournement,2,2010-01-15T22:00:00,2010-01-16T05:01:00,-77.277471,53.474633,-77.304762,53.495616,7.016666666666667,2933.6196036714696,418.0930551550788,NA,FALSE
RAF_151,151,2009096,Contournement,3,2010-01-16T05:01:00,2010-01-16T12:00:00,-77.304762,53.495616,-77.305695,53.495889,6.983333333333333,68.4587039717352,9.803155700009814,26.048704270505283,FALSE
RAF_151,151,2009096,Contournement,4,2010-01-16T12:00:00,2010-01-16T19:00:00,-77.305695,53.495889,-77.421128,53.542703,7,9192.23573389366,1313.17653341338,8.144371902411919,FALSE
RAF_151,151,2009096,Contournement,5,2010-01-16T19:00:00,2010-01-17T02:01:00,-77.421128,53.542703,-77.478693,53.618676,7.016666666666667,9206.462760505765,1312.0849539913204,31.56325088117057,FALSE
RAF_152,152,2009096,Traversée sur glace,2,2010-01-17T09:00:00,2010-01-17T16:00:00,-77.391016,53.635823,-77.308799,53.714814,7,10258.340046558877,1465.477149508411,NA,FALSE
RAF_152,152,2009096,Traversée sur glace,3,2010-01-17T16:00:00,2010-01-17T23:00:00,-77.308799,53.714814,-77.073731,53.719227,7,15411.731578207215,2201.6759397438877,56.34373229853167,FALSE
RAF_152,152,2009096,Traversée sur glace,4,2010-01-17T23:00:00,2010-01-18T06:00:00,-77.073731,53.719227,-76.934722,53.689368,7,9690.694188218475,1384.3848840312107,21.563766985313556,FALSE
RAF_152,152,2009096,Traversée sur glace,5,2010-01-18T06:00:00,2010-01-18T13:00:00,-76.934722,53.689368,-76.916863,53.680921,7,1497.485952881493,213.92656469735613,18.583370258055904,FALSE
RAF_152,152,2009096,Traversée sur glace,6,2010-01-18T13:00:00,2010-01-18T20:00:00,-76.916863,53.680921,-76.883584,53.646428,7,4391.792670951514,627.3989529930734,21.618909143310823,FALSE
RAF_152,152,2009096,Traversée sur glace,7,2010-01-18T20:00:00,2010-01-19T03:01:00,-76.883584,53.646428,-76.819763,53.562501,7.016666666666667,10175.630547438639,1450.208629088642,5.438554756602536,FALSE
RAF_153,153,2009096,Traversée sur glace,2,2010-04-06T10:00:00,2010-04-06T17:00:00,-75.381407,53.56571,-75.397143,53.646491,7,8983.606885469471,1283.3724122099245,NA,FALSE
RAF_153,153,2009096,Traversée sur glace,3,2010-04-06T17:00:00,2010-04-07T00:02:00,-75.397143,53.646491,-75.477885,53.716565,7.033333333333333,9379.197512610543,1333.5351913664279,27.727079377453432,FALSE
RAF_154,154,2009096,Traversée sur glace,2,2010-04-07T07:00:00,2010-04-07T14:00:00,-75.47994,53.718932,-75.622971,53.860627,7,18237.268238004544,2605.324034000649,NA,FALSE
RAF_154,154,2009096,Traversée sur glace,3,2010-04-07T14:00:00,2010-04-07T21:01:00,-75.622971,53.860627,-75.822388,54.02617,7.016666666666667,22438.034224025872,3197.8196043742337,4.3957790746770655,FALSE
RAF_155,155,2009096,Contournement,2,2010-11-24T13:00:00,2010-11-24T14:00:00,-74.232836,56.299278,-74.219756,56.279311,1,2352.085819530099,2352.085819530099,NA,FALSE
RAF_155,155,2009096,Contournement,3,2010-11-24T14:00:00,2010-11-24T15:00:00,-74.219756,56.279311,-74.208251,56.255294,1,2751.0054688222895,2751.0054688222895,5.081806592083503,FALSE
RAF_155,155,2009096,Contournement,4,2010-11-24T15:00:00,2010-11-24T16:00:00,-74.208251,56.255294,-74.216166,56.232732,1,2544.270926389596,2544.270926389596,25.97760854971652,FALSE
RAF_155,155,2009096,Contournement,5,2010-11-24T16:00:00,2010-11-24T17:00:00,-74.216166,56.232732,-74.20906,56.204733,1,3129.5651511174124,3129.5651511174124,19.101275325406313,FALSE
RAF_155,155,2009096,Contournement,6,2010-11-24T17:00:00,2010-11-24T18:00:00,-74.20906,56.204733,-74.207288,56.183258,1,2379.153068695856,2379.153068695856,5.411213541583726,FALSE
RAF_155,155,2009096,Contournement,7,2010-11-24T18:00:00,2010-11-24T19:00:00,-74.207288,56.183258,-74.206273,56.176596,1,739.9295276251949,739.9295276251949,2.224194276599503,FALSE
RAF_155,155,2009096,Contournement,8,2010-11-24T19:00:00,2010-11-24T20:00:00,-74.206273,56.176596,-74.206153,56.176478,1,15.013520253917598,15.013520253917598,24.70749512325607,FALSE
RAF_155,155,2009096,Contournement,9,2010-11-24T20:00:00,2010-11-24T21:00:00,-74.206153,56.176478,-74.199014,56.171214,1,730.483331566581,730.483331566581,7.547517578590025,FALSE
RAF_155,155,2009096,Contournement,10,2010-11-24T21:00:00,2010-11-24T22:01:00,-74.199014,56.171214,-74.186321,56.143943,1.0166666666666666,3118.110940481337,3066.994367686561,22.54005154120597,FALSE
RAF_155,155,2009096,Contournement,11,2010-11-24T22:01:00,2010-11-24T23:00:00,-74.186321,56.143943,-74.175028,56.14646,0.9833333333333333,751.2165945309689,763.9490791840362,97.21297880644742,FALSE
RAF_155,155,2009096,Contournement,12,2010-11-24T23:00:00,2010-11-25T00:00:00,-74.175028,56.14646,-74.175964,56.147643,1,143.11669885842144,143.11669885842144,92.0698267949287,FALSE
RAF_155,155,2009096,Contournement,13,2010-11-25T00:00:00,2010-11-25T01:00:00,-74.175964,56.147643,-74.176422,56.148068,1,54.886504172208106,54.886504172208106,7.199038479437522,FALSE
RAF_155,155,2009096,Contournement,14,2010-11-25T01:00:00,2010-11-25T02:00:00,-74.176422,56.148068,-74.177787,56.148479,1,95.80629341756783,95.80629341756783,30.62738131556166,FALSE
RAF_155,155,2009096,Contournement,15,2010-11-25T02:00:00,2010-11-25T03:01:00,-74.177787,56.148479,-74.178189,56.148318,1.0166666666666666,30.563502397853654,30.06246137493802,63.99999910226691,FALSE
RAF_155,155,2009096,Contournement,16,2010-11-25T03:01:00,2010-11-25T04:00:00,-74.178189,56.148318,-74.179561,56.148251,0.9833333333333333,85.07770744611261,86.51970248757215,30.65931405702344,FALSE
RAF_155,155,2009096,Contournement,17,2010-11-25T04:00:00,2010-11-25T05:00:00,-74.179561,56.148251,-74.181418,56.130941,1,1919.017050499333,1919.017050499333,81.5712402124716,FALSE
RAF_155,155,2009096,Contournement,18,2010-11-25T05:00:00,2010-11-25T06:00:00,-74.181418,56.130941,-74.174104,56.133368,1,525.7719992153643,525.7719992153643,124.14884000832048,FALSE
RAF_155,155,2009096,Contournement,19,2010-11-25T06:00:00,2010-11-25T07:00:00,-74.174104,56.133368,-74.157811,56.144187,1,1564.270004551128,1564.270004551128,19.23171711537296,FALSE
RAF_155,155,2009096,Contournement,20,2010-11-25T07:00:00,2010-11-25T08:00:00,-74.157811,56.144187,-74.15585,56.144238,1,121.28266057664452,121.28266057664452,47.26660479152817,FALSE
RAF_155,155,2009096,Contournement,21,2010-11-25T08:00:00,2010-11-25T09:00:00,-74.15585,56.144238,-74.155172,56.144047,1,46.91799895029927,46.91799895029927,29.442276892651066,FALSE
RAF_155,155,2009096,Contournement,22,2010-11-25T09:00:00,2010-11-25T10:00:00,-74.155172,56.144047,-74.155172,56.144059,1,1.3279675074608288,1.3279675074608288,116.77639462203167,FALSE
RAF_155,155,2009096,Contournement,23,2010-11-25T10:00:00,2010-11-25T11:00:00,-74.155172,56.144059,-74.155193,56.144059,1,1.297392388989145,1.297392388989145,89.99999160499401,FALSE
RAF_155,155,2009096,Contournement,24,2010-11-25T11:00:00,2010-11-25T12:00:00,-74.155193,56.144059,-74.155222,56.144084,1,3.296063063169408,3.296063063169408,57.07311569168717,FALSE
RAF_155,155,2009096,Contournement,25,2010-11-25T12:00:00,2010-11-25T13:00:00,-74.155222,56.144084,-74.155033,56.143993,1,15.41930248104145,15.41930248104145,163.70294012219534,FALSE
RAF_155,155,2009096,Contournement,26,2010-11-25T13:00:00,2010-11-25T14:00:00,-74.155033,56.143993,-74.153681,56.143958,1,83.61728657028657,83.61728657028657,38.12176764298135,FALSE
RAF_155,155,2009096,Contournement,27,2010-11-25T14:00:00,2010-11-25T15:00:00,-74.153681,56.143958,-74.152738,56.143919,1,58.41891578602453,58.41891578602453,1.5809105554547536,FALSE
RAF_155,155,2009096,Contournement,28,2010-11-25T15:00:00,2010-11-25T16:00:00,-74.152738,56.143919,-74.152775,56.143863,1,6.605327178240184,6.605327178240184,106.00985441436607,FALSE
RAF_155,155,2009096,Contournement,29,2010-11-25T16:00:00,2010-11-25T17:00:00,-74.152775,56.143863,-74.152644,56.143716,1,18.169656534015964,18.169656534015964,46.69789274836646,FALSE
RAF_155,155,2009096,Contournement,30,2010-11-25T17:00:00,2010-11-25T18:00:00,-74.152644,56.143716,-74.152464,56.143771,1,12.677274331847016,12.677274331847016,92.24200347947989,FALSE
RAF_155,155,2009096,Contournement,31,2010-11-25T18:00:00,2010-11-25T19:00:00,-74.152464,56.143771,-74.151354,56.144609,1,115.33751055684216,115.33751055684216,24.82578952389499,FALSE
RAF_155,155,2009096,Contournement,32,2010-11-25T19:00:00,2010-11-25T20:00:00,-74.151354,56.144609,-74.110168,56.14619,1,2550.4182120943487,2550.4182120943487,49.56747048852218,FALSE
RAF_155,155,2009096,Contournement,33,2010-11-25T20:00:00,2010-11-25T21:00:00,-74.110168,56.14619,-74.036609,56.156165,1,4675.878603651695,4675.878603651695,9.7676217211297,FALSE
RAF_155,155,2009096,Contournement,34,2010-11-25T21:00:00,2010-11-25T22:00:00,-74.036609,56.156165,-73.98389,56.133282,1,4125.58323557845,4125.58323557845,51.470258946787204,FALSE
RAF_155,155,2009096,Contournement,35,2010-11-25T22:00:00,2010-11-25T23:00:00,-73.98389,56.133282,-73.970347,56.12801,1,1020.243735466661,1020.243735466661,3.0137067837785696,FALSE
RAF_155,155,2009096,Contournement,36,2010-11-25T23:00:00,2010-11-26T00:01:00,-73.970347,56.12801,-73.917728,56.106427,1.0166666666666666,4035.656893697945,3969.498583965192,1.381579732453487,FALSE
RAF_155,155,2009096,Contournement,37,2010-11-26T00:01:00,2010-11-26T01:00:00,-73.917728,56.106427,-73.891795,56.065809,0.9833333333333333,4772.460632458927,4853.349795720943,34.03689816880839,FALSE
RAF_155,155,2009096,Contournement,38,2010-11-26T01:00:00,2010-11-26T02:00:00,-73.891795,56.065809,-73.888949,56.026781,1,4322.133449843967,4322.133449843967,17.29654265474218,FALSE
RAF_155,155,2009096,Contournement,39,2010-11-26T02:00:00,2010-11-26T03:00:00,-73.888949,56.026781,-73.885414,56.003021,1,2638.1254869211953,2638.1254869211953,2.429359003722329,FALSE
RAF_156,156,2009096,Contournement,2,2010-12-10T13:00:00,2010-12-10T14:00:00,-74.625756,53.916394,-74.63898,53.915879,1,864.3794053478525,864.3794053478525,NA,FALSE
RAF_156,156,2009096,Contournement,3,2010-12-10T14:00:00,2010-12-10T15:00:00,-74.63898,53.915879,-74.652634,53.917375,1,905.7480889884054,905.7480889884054,14.299296029593016,FALSE
RAF_156,156,2009096,Contournement,4,2010-12-10T15:00:00,2010-12-10T16:00:00,-74.652634,53.917375,-74.671238,53.920328,1,1256.4229643824633,1256.4229643824633,4.549066655900341,FALSE
RAF_156,156,2009096,Contournement,5,2010-12-10T16:00:00,2010-12-10T17:00:00,-74.671238,53.920328,-74.697631,53.924924,1,1794.4976005551107,1794.4976005551107,1.404742576926347,FALSE
RAF_156,156,2009096,Contournement,6,2010-12-10T17:00:00,2010-12-10T18:00:00,-74.697631,53.924924,-74.75034,53.922683,1,3446.103933983844,3446.103933983844,20.525554144081035,FALSE
RAF_156,156,2009096,Contournement,7,2010-12-10T18:00:00,2010-12-10T19:01:00,-74.75034,53.922683,-74.790675,53.937127,1.0166666666666666,3076.1972704129053,3025.7678069635135,35.40653393053974,FALSE
RAF_156,156,2009096,Contournement,8,2010-12-10T19:01:00,2010-12-10T20:01:00,-74.790675,53.937127,-74.830637,53.934066,1,2627.086646492088,2627.086646492088,38.61336609637919,FALSE
RAF_156,156,2009096,Contournement,9,2010-12-10T20:01:00,2010-12-10T21:00:00,-74.830637,53.934066,-74.860146,53.922799,0.9833333333333333,2291.657310207959,2330.498959533518,25.477058677561594,FALSE
RAF_157,157,2009096,Contournement,2,2010-12-11T12:00:00,2010-12-11T13:00:00,-74.982049,53.91464,-75.030406,53.917447,1,3169.1900873431355,3169.1900873431355,NA,FALSE
RAF_157,157,2009096,Contournement,3,2010-12-11T13:00:00,2010-12-11T14:00:00,-75.030406,53.917447,-75.066001,53.929859,1,2695.997417321725,2695.997417321725,24.991595558553026,FALSE
RAF_157,157,2009096,Contournement,4,2010-12-11T14:00:00,2010-12-11T15:00:00,-75.066001,53.929859,-75.108274,53.947619,1,3382.8896893661376,3382.8896893661376,4.910200478102788,FALSE
RAF_158,158,2009096,Contournement,2,2011-11-14T23:01:00,2011-11-15T00:01:00,-73.397667,55.049074,-73.416778,55.038189,1,1708.7779653295408,1708.7779653295408,NA,FALSE
RAF_158,158,2009096,Contournement,3,2011-11-15T00:01:00,2011-11-15T01:00:00,-73.416778,55.038189,-73.417004,55.038069,0.9833333333333333,19.541724753911737,19.87294042770685,2.019470858603222,FALSE
RAF_158,158,2009096,Contournement,4,2011-11-15T01:00:00,2011-11-15T02:00:00,-73.417004,55.038069,-73.419812,55.041035,1,373.2268328810205,373.2268328810205,104.22407276023365,FALSE
RAF_158,158,2009096,Contournement,5,2011-11-15T02:00:00,2011-11-15T03:01:00,-73.419812,55.041035,-73.423548,55.04485,1.0166666666666666,483.8689520703457,475.9366741675532,0.8157858696939762,FALSE
RAF_158,158,2009096,Contournement,6,2011-11-15T03:01:00,2011-11-15T04:00:00,-73.423548,55.04485,-73.425159,55.044993,0.9833333333333333,103.4801055259175,105.23400561957712,51.85942651598235,FALSE
RAF_158,158,2009096,Contournement,7,2011-11-15T04:00:00,2011-11-15T05:00:00,-73.425159,55.044993,-73.429486,55.051308,1,750.2237451173993,750.2237451173993,59.73963880385217,FALSE
RAF_158,158,2009096,Contournement,8,2011-11-15T05:00:00,2011-11-15T06:00:00,-73.429486,55.051308,-73.427755,55.051552,1,113.12858660430626,113.12858660430626,97.6813058707997,FALSE
RAF_158,158,2009096,Contournement,9,2011-11-15T06:00:00,2011-11-15T07:00:00,-73.427755,55.051552,-73.464761,55.057067,1,2426.4335773676066,2426.4335773676066,151.63813463444222,FALSE
RAF_158,158,2009096,Contournement,10,2011-11-15T07:00:00,2011-11-15T08:00:00,-73.464761,55.057067,-73.515709,55.058321,1,3236.115978879933,3236.115978879933,12.062463470413205,FALSE
RAF_158,158,2009096,Contournement,11,2011-11-15T08:00:00,2011-11-15T09:00:00,-73.515709,55.058321,-73.530793,55.04868,1,1432.6522097730513,1432.6522097730513,50.49917495344285,FALSE
RAF_159,159,2009096,Contournement,2,2012-10-19T14:00:00,2012-10-19T18:00:00,-74.518113,56.362239,-74.594728,56.346537,4,5018.948476740205,1254.7371191850511,NA,FALSE
RAF_159,159,2009096,Contournement,3,2012-10-19T18:00:00,2012-10-19T20:01:00,-74.594728,56.346537,-74.636528,56.336675,2.0166666666666666,2791.908568565516,1384.4174720159583,2.7076408381362747,FALSE
RAF_159,159,2009096,Contournement,4,2012-10-19T20:01:00,2012-10-19T22:01:00,-74.636528,56.336675,-74.64836,56.339215,2,779.8800593680735,389.94002968403674,44.168625321416116,FALSE
RAF_160,160,2009096,Contournement,2,2012-11-08T18:00:00,2012-11-08T20:00:00,-74.840768,56.291992,-74.832272,56.273105,2,2154.880974038211,1077.4404870191056,NA,FALSE
RAF_160,160,2009096,Contournement,3,2012-11-08T20:00:00,2012-11-08T22:00:00,-74.832272,56.273105,-74.867327,56.2404,2,4215.00557627922,2107.50278813961,44.880031961622144,FALSE
RAF_160,160,2009096,Contournement,4,2012-11-08T22:00:00,2012-11-09T00:00:00,-74.867327,56.2404,-74.872013,56.194204,2,5120.8064956491335,2560.4032478245667,27.57039881312557,FALSE
RAF_160,160,2009096,Contournement,5,2012-11-09T00:00:00,2012-11-09T02:00:00,-74.872013,56.194204,-74.868143,56.185456,2,997.1574648748278,498.5787324374139,17.09155697379376,FALSE
RAF_161,161,2009097,Traversée sur glace,2,2009-10-28T20:01:00,2009-10-28T21:01:00,-74.012532,53.713145,-74.053388,53.702416,1,2928.4667503361084,2928.4667503361084,NA,FALSE
RAF_161,161,2009097,Traversée sur glace,3,2009-10-28T21:01:00,2009-10-28T22:00:00,-74.053388,53.702416,-74.049783,53.679843,0.9833333333333333,2504.893580519201,2547.3494039178318,71.52499751623951,FALSE
RAF_162,162,2009097,Contournement,2,2009-12-27T09:02:00,2009-12-27T16:00:00,-76.301208,52.742572,-76.364465,52.728066,6.966666666666667,4533.66481955951,650.7652851042359,NA,FALSE
RAF_162,162,2009097,Contournement,3,2009-12-27T16:00:00,2009-12-27T23:00:00,-76.364465,52.728066,-76.404462,52.713218,7,3144.1440731397915,449.1634390199702,10.703080730462357,FALSE
RAF_162,162,2009097,Contournement,4,2009-12-27T23:00:00,2009-12-28T06:00:00,-76.404462,52.713218,-76.417336,52.701459,7,1559.7938742160698,222.82769631658138,24.915123761671865,FALSE
RAF_162,162,2009097,Contournement,5,2009-12-28T06:00:00,2009-12-28T13:01:00,-76.417336,52.701459,-76.41665,52.701373,7.016666666666667,46.99904143886244,6.6982006801229135,111.95762606159104,FALSE
RAF_162,162,2009097,Contournement,6,2009-12-28T13:01:00,2009-12-28T20:00:00,-76.41665,52.701373,-76.562991,52.680602,6.983333333333333,10085.916118195993,1444.2839310065863,155.24953443362338,FALSE
RAF_162,162,2009097,Contournement,7,2009-12-28T20:00:00,2009-12-29T03:00:00,-76.562991,52.680602,-76.576123,52.679572,7,888.8713320860912,126.9816188694416,5.8585041193710055,FALSE
RAF_163,163,2009098,Contournement,2,2009-10-28T11:00:00,2009-10-28T12:00:00,-73.911135,53.750573,-73.920793,53.733272,1,2013.2728887404978,2013.2728887404978,NA,FALSE
RAF_163,163,2009098,Contournement,3,2009-10-28T12:00:00,2009-10-28T13:01:00,-73.920793,53.733272,-73.967902,53.719364,1.0166666666666666,3447.683075572167,3391.1636808906565,45.2464359876133,FALSE
RAF_163,163,2009098,Contournement,4,2009-10-28T13:01:00,2009-10-28T14:00:00,-73.967902,53.719364,-74.007119,53.719578,0.9833333333333333,2569.8536326150206,2613.4104738457836,27.026988381661887,FALSE
RAF_163,163,2009098,Contournement,5,2009-10-28T14:00:00,2009-10-28T15:00:00,-74.007119,53.719578,-74.019661,53.718712,1,827.3869923162288,827.3869923162288,7.146349571041436,FALSE
RAF_163,163,2009098,Contournement,6,2009-10-28T15:00:00,2009-10-28T16:00:00,-74.019661,53.718712,-74.023699,53.717901,1,279.3593928344459,279.3593928344459,12.059553638416155,FALSE
RAF_163,163,2009098,Contournement,7,2009-10-28T16:00:00,2009-10-28T17:00:00,-74.023699,53.717901,-74.029041,53.717068,1,361.9518443626844,361.9518443626844,3.980953748316182,FALSE
RAF_163,163,2009098,Contournement,8,2009-10-28T17:00:00,2009-10-28T18:01:00,-74.029041,53.717068,-74.031137,53.716727,1.0166666666666666,142.423948207593,140.08912938451772,0.6055572574414513,FALSE
RAF_163,163,2009098,Contournement,9,2009-10-28T18:01:00,2009-10-28T19:00:00,-74.031137,53.716727,-74.03914,53.713612,0.9833333333333333,627.281409995107,637.9132983001089,17.929552224244794,FALSE
RAF_163,163,2009098,Contournement,10,2009-10-28T19:00:00,2009-10-28T20:01:00,-74.03914,53.713612,-74.069018,53.702642,1.0166666666666666,2302.978474417388,2265.2247289351358,1.5350806176133565,FALSE
RAF_164,164,2009098,Traversée sur glace,2,2009-10-28T21:01:00,2009-10-28T22:00:00,-74.101671,53.700369,-74.148469,53.683658,0.9833333333333333,3581.0268127466466,3641.722182454217,NA,FALSE
RAF_164,164,2009098,Traversée sur glace,3,2009-10-28T22:00:00,2009-10-28T23:00:00,-74.148469,53.683658,-74.15815,53.655861,1,3135.7956574564264,3135.7956574564264,47.259472188207326,FALSE
RAF_165,165,2009098,Traversée sur glace,2,2009-12-29T17:01:00,2009-12-30T00:00:00,-76.564816,53.204828,-76.762582,53.200559,6.983333333333333,13125.110412389025,1879.490751177426,NA,FALSE
RAF_165,165,2009098,Traversée sur glace,3,2009-12-30T00:00:00,2009-12-30T07:00:00,-76.762582,53.200559,-76.924551,53.219161,7,10935.427719918762,1562.2039599883944,13.033284858562812,FALSE
RAF_166,166,2009098,Traversée sur glace,2,2010-01-05T17:00:00,2010-01-06T00:00:00,-77.558001,53.641162,-77.479602,53.745137,7,12584.222331209121,1797.7460473155886,NA,FALSE
RAF_166,166,2009098,Traversée sur glace,3,2010-01-06T00:00:00,2010-01-06T07:00:00,-77.479602,53.745137,-77.420287,53.750241,7,3924.8240480569534,560.6891497224219,57.57551002537456,FALSE
RAF_166,166,2009098,Traversée sur glace,4,2010-01-06T07:00:00,2010-01-06T14:00:00,-77.420287,53.750241,-77.416828,53.74715,7,409.7686328466016,58.538376120943084,64.67910123388619,FALSE
RAF_166,166,2009098,Traversée sur glace,5,2010-01-06T14:00:00,2010-01-06T21:00:00,-77.416828,53.74715,-77.41607,53.729776,7,1920.0360127250526,274.2908589607218,32.072485939527134,FALSE
RAF_167,167,2009098,Traversée sur glace,2,2010-01-07T11:00:00,2010-01-07T18:00:00,-77.367259,53.698838,-77.370988,53.68424,7,1631.1207293136774,233.01724704481106,NA,FALSE
RAF_167,167,2009098,Traversée sur glace,3,2010-01-07T18:00:00,2010-01-08T01:00:00,-77.370988,53.68424,-77.384111,53.638823,7,5090.675144097687,727.2393062996696,1.1237569516845396,FALSE
RAF_168,168,2009098,Traversée sur glace,2,2010-01-10T09:00:00,2010-01-10T16:00:00,-77.507183,53.667776,-77.533035,53.702671,7,4211.28776432176,601.6125377602514,NA,FALSE
RAF_168,168,2009098,Traversée sur glace,3,2010-01-10T16:00:00,2010-01-10T23:00:00,-77.533035,53.702671,-77.499805,53.753028,7,5973.966294085185,853.4237562978835,45.10785259913329,FALSE
RAF_169,169,2009098,Traversée sur glace,2,2010-01-11T20:00:00,2010-01-12T03:00:00,-77.545999,53.70607,-77.487282,53.688332,7,4319.584253807917,617.0834648297024,NA,FALSE
RAF_169,169,2009098,Traversée sur glace,3,2010-01-12T03:00:00,2010-01-12T10:00:00,-77.487282,53.688332,-77.425806,53.74329,7,7286.452087178265,1040.921726739752,83.46039535532891,FALSE
RAF_169,169,2009098,Traversée sur glace,4,2010-01-12T10:00:00,2010-01-12T17:01:00,-77.425806,53.74329,-77.35889,53.830789,7.016666666666667,10611.713674581068,1512.3582434082282,9.252622096652804,FALSE
RAF_170,170,2009099,Contournement,2,2009-10-31T14:00:00,2009-10-31T15:01:00,-73.998069,53.724817,-74.007066,53.720574,1.0166666666666666,753.1434394319866,740.7968256708066,NA,FALSE
RAF_170,170,2009099,Contournement,3,2009-10-31T15:01:00,2009-10-31T16:00:00,-74.007066,53.720574,-74.021216,53.714975,0.9833333333333333,1114.6129790127554,1133.5047244197513,4.792863720797281,FALSE
RAF_170,170,2009099,Contournement,4,2009-10-31T16:00:00,2009-10-31T17:00:00,-74.021216,53.714975,-74.029772,53.712926,1,604.6833423363627,604.6833423363627,11.731840227628513,FALSE
RAF_170,170,2009099,Contournement,5,2009-10-31T17:00:00,2009-10-31T18:00:00,-74.029772,53.712926,-74.03041,53.712924,1,41.81281077008439,41.81281077008439,21.684895917320805,FALSE
RAF_170,170,2009099,Contournement,6,2009-10-31T18:00:00,2009-10-31T19:00:00,-74.03041,53.712924,-74.038737,53.712856,1,545.773805103635,545.773805103635,0.482312008590172,FALSE
RAF_170,170,2009099,Contournement,7,2009-10-31T19:00:00,2009-10-31T20:00:00,-74.038737,53.712856,-74.041744,53.712946,1,197.31874344392745,197.31874344392745,3.681497638554509,FALSE
RAF_170,170,2009099,Contournement,8,2009-10-31T20:00:00,2009-10-31T21:00:00,-74.041744,53.712946,-74.045825,53.712494,1,272.07684072945267,272.07684072945267,13.460907159190008,FALSE
RAF_171,171,2009099,Contournement,2,2009-11-01T12:00:00,2009-11-01T13:01:00,-74.051031,53.71445,-74.059638,53.715529,1.0166666666666666,576.5025085207722,567.0516477253497,NA,FALSE
RAF_171,171,2009099,Contournement,3,2009-11-01T13:01:00,2009-11-01T14:00:00,-74.059638,53.715529,-74.059683,53.715003,0.9833333333333333,58.18422602904977,59.17039935157604,99.02430167739855,FALSE
RAF_171,171,2009099,Contournement,4,2009-11-01T14:00:00,2009-11-01T15:00:00,-74.059683,53.715003,-74.066543,53.713966,1,463.9304808047603,463.9304808047603,72.8012212741563,FALSE
RAF_171,171,2009099,Contournement,5,2009-11-01T15:00:00,2009-11-01T16:00:00,-74.066543,53.713966,-74.071805,53.713343,1,351.64775491457374,351.64775491457374,3.014266540401114,FALSE
RAF_171,171,2009099,Contournement,6,2009-11-01T16:00:00,2009-11-01T17:00:00,-74.071805,53.713343,-74.084938,53.711484,1,884.8626357368423,884.8626357368423,2.1260894492914146,FALSE
RAF_171,171,2009099,Contournement,7,2009-11-01T17:00:00,2009-11-01T18:00:00,-74.084938,53.711484,-74.105071,53.71194,1,1320.4434581878393,1320.4434581878393,15.620129388410799,FALSE
RAF_172,172,2009099,Contournement,2,2009-11-02T12:00:00,2009-11-02T13:00:00,-74.116191,53.714667,-74.119678,53.713197,1,280.3465789368257,280.3465789368257,NA,FALSE
RAF_172,172,2009099,Contournement,3,2009-11-02T13:00:00,2009-11-02T14:00:00,-74.119678,53.713197,-74.141284,53.702571,1,1839.4311659024543,1839.4311659024543,4.247138063721087,FALSE
RAF_172,172,2009099,Contournement,4,2009-11-02T14:00:00,2009-11-02T15:00:00,-74.141284,53.702571,-74.142636,53.705305,1,314.76914367240875,314.76914367240875,113.3128883097724,FALSE
RAF_172,172,2009099,Contournement,5,2009-11-02T15:00:00,2009-11-02T16:00:00,-74.142636,53.705305,-74.142385,53.705656,1,42.12231472804998,42.12231472804998,39.3444820094654,FALSE
RAF_172,172,2009099,Contournement,6,2009-11-02T16:00:00,2009-11-02T17:00:00,-74.142385,53.705656,-74.142365,53.705564,1,10.247795426727038,10.247795426727038,149.65899420879177,FALSE
RAF_172,172,2009099,Contournement,7,2009-11-02T17:00:00,2009-11-02T18:01:00,-74.142365,53.705564,-74.142285,53.705916,1.0166666666666666,39.238773402408185,38.59551482204084,164.9704287179583,FALSE
RAF_172,172,2009099,Contournement,8,2009-11-02T18:01:00,2009-11-02T19:00:00,-74.142285,53.705916,-74.139656,53.707013,0.9833333333333333,210.6695612363817,214.2402317658119,47.20115371277866,FALSE
RAF_172,172,2009099,Contournement,9,2009-11-02T19:00:00,2009-11-02T20:00:00,-74.139656,53.707013,-74.144614,53.706056,1,341.7432317555425,341.7432317555425,162.90217996448808,FALSE
RAF_172,172,2009099,Contournement,10,2009-11-02T20:00:00,2009-11-02T21:00:00,-74.144614,53.706056,-74.162576,53.708272,1,1202.5079787299562,1202.5079787299562,29.77673266124169,FALSE
RAF_172,172,2009099,Contournement,11,2009-11-02T21:00:00,2009-11-02T22:00:00,-74.162576,53.708272,-74.172234,53.707643,1,636.8271640378426,636.8271640378426,17.999875610830262,FALSE
RAF_173,173,2009099,Traversée sur glace,2,2009-11-03T14:00:00,2009-11-03T15:01:00,-74.230911,53.694753,-74.269086,53.68048,1.0166666666666666,2958.5435221240177,2910.042808646575,NA,FALSE
RAF_173,173,2009099,Traversée sur glace,3,2009-11-03T15:01:00,2009-11-03T16:01:00,-74.269086,53.68048,-74.270784,53.648307,1,3555.975340869773,3555.975340869773,55.98302664505605,FALSE
RAF_174,174,2009099,Traversée sur glace,2,2010-04-07T14:02:00,2010-04-07T21:02:00,-74.654174,53.635581,-74.768386,53.702427,7,10520.21406395802,1502.8877234225743,NA,FALSE
RAF_174,174,2009099,Traversée sur glace,3,2010-04-07T21:02:00,2010-04-08T04:00:00,-74.768386,53.702427,-74.87772,53.761237,6.966666666666667,9669.949678637173,1388.0310543498333,2.2819024019103855,FALSE
RAF_174,174,2009099,Traversée sur glace,4,2010-04-08T04:00:00,2010-04-08T11:00:00,-74.87772,53.761237,-74.890608,53.792421,7,3546.8256689649015,506.6893812807002,34.08126793261961,FALSE
RAF_174,174,2009099,Traversée sur glace,5,2010-04-08T11:00:00,2010-04-08T18:00:00,-74.890608,53.792421,-74.981507,53.881881,7,11530.964915738596,1647.2807022483707,17.208009661566226,FALSE
RAF_175,175,2009099,Traversée sur glace,2,2010-11-16T17:00:00,2010-11-16T18:01:00,-74.4089,53.936629,-74.459345,53.93486,1.0166666666666666,3294.4333285543507,3240.4262248075584,NA,FALSE
RAF_175,175,2009099,Traversée sur glace,3,2010-11-16T18:01:00,2010-11-16T19:01:00,-74.459345,53.93486,-74.512577,53.936956,1,3478.0263536744856,3478.0263536744856,7.260279698114059,FALSE
RAF_175,175,2009099,Traversée sur glace,4,2010-11-16T19:01:00,2010-11-16T20:00:00,-74.512577,53.936956,-74.528255,53.936525,0.9833333333333333,1023.1710804850126,1040.5129632050975,6.457578885072692,FALSE
RAF_176,176,2009099,Contournement,2,2010-11-20T20:01:00,2010-11-20T21:00:00,-74.569322,53.911343,-74.616488,53.910046,0.9833333333333333,3080.0241818138907,3132.2279815056518,NA,FALSE
RAF_176,176,2009099,Contournement,3,2010-11-20T21:00:00,2010-11-20T22:00:00,-74.616488,53.910046,-74.667577,53.921306,1,3556.845415789086,3556.845415789086,23.1783359818,FALSE
RAF_176,176,2009099,Contournement,4,2010-11-20T22:00:00,2010-11-20T23:00:00,-74.667577,53.921306,-74.709557,53.903132,1,3395.5794153840757,3395.5794153840757,56.68642964116155,FALSE
RAF_176,176,2009099,Contournement,5,2010-11-20T23:00:00,2010-11-21T00:00:00,-74.709557,53.903132,-74.750944,53.881785,1,3585.6686975936773,3585.6686975936773,4.843165282056474,FALSE
RAF_176,176,2009099,Contournement,6,2010-11-21T00:00:00,2010-11-21T01:00:00,-74.750944,53.881785,-74.775829,53.882003,1,1624.560463094553,1624.560463094553,42.003815241103034,FALSE
RAF_177,177,2009099,Contournement,2,2010-11-28T20:00:00,2010-11-28T21:00:00,-74.941032,53.826169,-74.945535,53.819256,1,818.494862958543,818.494862958543,NA,FALSE
RAF_177,177,2009099,Contournement,3,2010-11-28T21:00:00,2010-11-28T22:01:00,-74.945535,53.819256,-74.965724,53.815319,1.0166666666666666,1389.6828328217834,1366.9011470378198,50.69370132805738,FALSE
RAF_177,177,2009099,Contournement,4,2010-11-28T22:01:00,2010-11-28T23:00:00,-74.965724,53.815319,-74.941118,53.833723,0.9833333333333333,2592.4641141115367,2636.404183842241,146.5824708365767,FALSE
RAF_177,177,2009099,Contournement,5,2010-11-28T23:00:00,2010-11-29T00:00:00,-74.941118,53.833723,-74.936967,53.836424,1,403.26897202422276,403.26897202422276,3.9154824882311505,FALSE
RAF_177,177,2009099,Contournement,6,2010-11-29T00:00:00,2010-11-29T01:00:00,-74.936967,53.836424,-74.914608,53.844688,1,1722.7484466151122,1722.7484466151122,15.714289208627685,FALSE
RAF_177,177,2009099,Contournement,7,2010-11-29T01:00:00,2010-11-29T02:01:00,-74.914608,53.844688,-74.914046,53.848874,1.0166666666666666,463.92140015147993,456.31613129653766,53.46678890907674,FALSE
RAF_178,178,2009099,Contournement,2,2010-11-29T06:00:00,2010-11-29T07:00:00,-74.914479,53.849147,-74.902912,53.849929,1,760.5430423126056,760.5430423126056,NA,FALSE
RAF_178,178,2009099,Contournement,3,2010-11-29T07:00:00,2010-11-29T08:00:00,-74.902912,53.849929,-74.900467,53.852169,1,294.53742671012174,294.53742671012174,50.6454884869804,FALSE
RAF_178,178,2009099,Contournement,4,2010-11-29T08:00:00,2010-11-29T09:00:00,-74.900467,53.852169,-74.891273,53.854441,1,650.8955977387313,650.8955977387313,34.47458706519991,FALSE
RAF_178,178,2009099,Contournement,5,2010-11-29T09:00:00,2010-11-29T10:00:00,-74.891273,53.854441,-74.892664,53.858476,1,454.94939765690503,454.94939765690503,78.83917584328364,FALSE
RAF_178,178,2009099,Contournement,6,2010-11-29T10:00:00,2010-11-29T11:00:00,-74.892664,53.858476,-74.892666,53.858598,1,13.4791637395835,13.4791637395835,10.96466350414786,FALSE
RAF_178,178,2009099,Contournement,7,2010-11-29T11:00:00,2010-11-29T12:00:00,-74.892666,53.858598,-74.892651,53.858701,1,11.421508692472253,11.421508692472253,5.475791968633361,FALSE
RAF_178,178,2009099,Contournement,8,2010-11-29T12:00:00,2010-11-29T13:00:00,-74.892651,53.858701,-74.878982,53.863571,1,1042.2947141552688,1042.2947141552688,53.99599027886685,FALSE
RAF_178,178,2009099,Contournement,9,2010-11-29T13:00:00,2010-11-29T14:00:00,-74.878982,53.863571,-74.875572,53.865177,1,284.7260456390672,284.7260456390672,7.476375461453572,FALSE
RAF_178,178,2009099,Contournement,10,2010-11-29T14:00:00,2010-11-29T15:00:00,-74.875572,53.865177,-74.868801,53.865511,1,443.69082346702305,443.69082346702305,33.77282919375837,FALSE
RAF_178,178,2009099,Contournement,11,2010-11-29T15:00:00,2010-11-29T16:00:00,-74.868801,53.865511,-74.865637,53.866037,1,214.62756174458553,214.62756174458553,10.94284496665232,FALSE
RAF_178,178,2009099,Contournement,12,2010-11-29T16:00:00,2010-11-29T17:00:00,-74.865637,53.866037,-74.865407,53.866213,1,24.569450617094095,24.569450617094095,36.609288509912886,FALSE
RAF_178,178,2009099,Contournement,13,2010-11-29T17:00:00,2010-11-29T18:00:00,-74.865407,53.866213,-74.864886,53.866151,1,34.70390633454083,34.70390633454083,63.70074678804945,FALSE
RAF_178,178,2009099,Contournement,14,2010-11-29T18:00:00,2010-11-29T19:01:00,-74.864886,53.866151,-74.81143,53.865634,1.0166666666666666,3491.157314733661,3433.92522760688,10.467795836548255,FALSE
RAF_178,178,2009099,Contournement,15,2010-11-29T19:01:00,2010-11-29T20:00:00,-74.81143,53.865634,-74.761922,53.885148,0.9833333333333333,3885.2054344539815,3951.056374020998,34.682761165827216,FALSE
RAF_178,178,2009099,Contournement,16,2010-11-29T20:00:00,2010-11-29T21:00:00,-74.761922,53.885148,-74.701375,53.897688,1,4187.191923517216,4187.191923517216,14.338198487332383,FALSE
RAF_178,178,2009099,Contournement,17,2010-11-29T21:00:00,2010-11-29T22:00:00,-74.701375,53.897688,-74.701074,53.917792,1,2221.213315728984,2221.213315728984,70.19601145231132,FALSE
RAF_179,179,2009099,Contournement,2,2010-12-04T21:01:00,2010-12-04T22:00:00,-75.010744,53.867651,-75.027795,53.884241,0.9833333333333333,2144.4262342074576,2180.7724415669063,NA,FALSE
RAF_179,179,2009099,Contournement,3,2010-12-04T22:00:00,2010-12-04T23:00:00,-75.027795,53.884241,-75.055088,53.922228,1,4558.996928309905,4558.996928309905,8.298824388402824,FALSE
RAF_179,179,2009099,Contournement,4,2010-12-04T23:00:00,2010-12-05T00:01:00,-75.055088,53.922228,-75.054856,53.955546,1.0166666666666666,3681.1092489039806,3620.7631956432597,23.237002036535255,FALSE
RAF_180,180,2009099,Contournement,2,2010-12-09T21:00:00,2010-12-09T22:00:00,-75.613075,53.960877,-75.68315,53.944205,1,4924.043052677081,4924.043052677081,NA,FALSE
RAF_180,180,2009099,Contournement,3,2010-12-09T22:00:00,2010-12-09T23:00:00,-75.68315,53.944205,-75.738758,53.923753,1,4271.895623774631,4271.895623774631,9.91642331273076,FALSE
RAF_180,180,2009099,Contournement,4,2010-12-09T23:00:00,2010-12-10T00:00:00,-75.738758,53.923753,-75.78012,53.898424,1,3887.2318259147164,3887.2318259147164,14.072776198608082,FALSE
RAF_180,180,2009099,Contournement,5,2010-12-10T00:00:00,2010-12-10T01:00:00,-75.78012,53.898424,-75.814757,53.874606,1,3469.1815750980977,3469.1815750980977,3.257455995314552,FALSE
RAF_180,180,2009099,Contournement,6,2010-12-10T01:00:00,2010-12-10T02:00:00,-75.814757,53.874606,-75.818133,53.87444,1,221.170347692585,221.170347692585,44.59237885550762,FALSE
RAF_180,180,2009099,Contournement,7,2010-12-10T02:00:00,2010-12-10T03:00:00,-75.818133,53.87444,-75.818131,53.874436,1,0.4608083767270624,0.4608083767270624,101.70291431608807,FALSE
RAF_180,180,2009099,Contournement,8,2010-12-10T03:00:00,2010-12-10T04:00:00,-75.818131,53.874436,-75.833131,53.869811,1,1104.6432726800183,1104.6432726800183,78.91390246450577,FALSE
RAF_180,180,2009099,Contournement,9,2010-12-10T04:00:00,2010-12-10T05:00:00,-75.833131,53.869811,-75.838491,53.868296,1,387.94774085201675,387.94774085201675,2.0018270114652132,FALSE
RAF_180,180,2009099,Contournement,10,2010-12-10T05:00:00,2010-12-10T06:00:00,-75.838491,53.868296,-75.841968,53.866694,1,287.875827626713,287.875827626713,12.375439021651843,FALSE
RAF_180,180,2009099,Contournement,11,2010-12-10T06:00:00,2010-12-10T07:00:00,-75.841968,53.866694,-75.844993,53.866527,1,198.38969341119386,198.38969341119386,32.60457737139726,FALSE
RAF_180,180,2009099,Contournement,12,2010-12-10T07:00:00,2010-12-10T08:00:00,-75.844993,53.866527,-75.84503,53.866449,1,8.949737967105984,8.949737967105984,69.00066191612991,FALSE
RAF_180,180,2009099,Contournement,13,2010-12-10T08:00:00,2010-12-10T09:00:00,-75.84503,53.866449,-75.845038,53.866443,1,0.8439829860712517,0.8439829860712517,22.578631073336858,FALSE
RAF_180,180,2009099,Contournement,14,2010-12-10T09:00:00,2010-12-10T10:00:00,-75.845038,53.866443,-75.84814,53.865669,1,219.87046591801115,219.87046591801115,28.873530388114464,FALSE
RAF_180,180,2009099,Contournement,15,2010-12-10T10:00:00,2010-12-10T11:00:00,-75.84814,53.865669,-75.848121,53.865652,1,2.250967245985345,2.250967245985345,100.56029478637846,FALSE
RAF_180,180,2009099,Contournement,16,2010-12-10T11:00:00,2010-12-10T12:00:00,-75.848121,53.865652,-75.848133,53.865654,1,0.8141645827141951,0.8141645827141951,139.19600274426315,FALSE
RAF_180,180,2009099,Contournement,17,2010-12-10T12:00:00,2010-12-10T13:00:00,-75.848133,53.865654,-75.851648,53.864428,1,266.5194451410999,266.5194451410999,46.29071448173939,FALSE
RAF_180,180,2009099,Contournement,18,2010-12-10T13:00:00,2010-12-10T14:00:00,-75.851648,53.864428,-75.856301,53.864462,1,303.8756747672692,303.8756747672692,31.256381093073383,FALSE
RAF_180,180,2009099,Contournement,19,2010-12-10T14:00:00,2010-12-10T15:00:00,-75.856301,53.864462,-75.880542,53.858525,1,1713.6104065216753,1713.6104065216753,23.20208827111497,FALSE
RAF_180,180,2009099,Contournement,20,2010-12-10T15:00:00,2010-12-10T16:00:00,-75.880542,53.858525,-75.937101,53.845452,1,3966.8066912368386,3966.8066912368386,1.1857727254952368,FALSE
RAF_181,181,2009099,Traversée sur glace,2,2010-12-13T16:00:00,2010-12-13T17:00:00,-76.464878,53.823959,-76.52168,53.843007,1,4267.040882947296,4267.040882947296,NA,FALSE
RAF_181,181,2009099,Traversée sur glace,3,2010-12-13T17:00:00,2010-12-13T18:00:00,-76.52168,53.843007,-76.524275,53.863151,1,2231.9456801084975,2231.9456801084975,56.118751410068654,FALSE
RAF_181,181,2009099,Traversée sur glace,4,2010-12-13T18:00:00,2010-12-13T19:00:00,-76.524275,53.863151,-76.523907,53.890695,1,3043.170320211002,3043.170320211002,4.808747338197578,FALSE
RAF_181,181,2009099,Traversée sur glace,5,2010-12-13T19:00:00,2010-12-13T20:01:00,-76.523907,53.890695,-76.533781,53.933789,1.0166666666666666,4804.4781937626485,4725.716256159983,8.152543051589038,FALSE
RAF_182,182,2009099,Traversée sur glace,2,2010-12-19T12:00:00,2010-12-19T19:00:00,-76.407801,53.987652,-76.361021,54.021832,7,4850.939791220767,692.9913987458239,NA,FALSE
RAF_182,182,2009099,Traversée sur glace,3,2010-12-19T19:00:00,2010-12-20T02:03:00,-76.361021,54.021832,-76.289659,54.209069,7.05,21200.394053244156,3007.1480926587456,26.303202664952714,FALSE
RAF_183,183,2009100,Traversée sur glace,2,2009-10-29T20:01:00,2009-10-29T21:02:00,-73.954643,53.72464,-73.962744,53.704389,1.0166666666666666,2299.34063073365,2261.6465220330983,NA,FALSE
RAF_183,183,2009100,Traversée sur glace,3,2009-10-29T21:02:00,2009-10-29T22:01:00,-73.962744,53.704389,-73.983688,53.674669,0.9833333333333333,3558.9231444738425,3619.243875736111,9.36123057593617,FALSE
RAF_184,184,2010012,Contournement,2,2010-03-12T07:00:00,2010-03-12T14:01:00,-76.946185,53.343974,-76.920562,53.35271,7.016666666666667,1949.2878509325858,277.80824478849206,NA,FALSE
RAF_184,184,2010012,Contournement,3,2010-03-12T14:01:00,2010-03-12T21:00:00,-76.920562,53.35271,-76.877883,53.371387,6.983333333333333,3494.240545624171,500.36857455238726,6.541899689140614,FALSE
RAF_184,184,2010012,Contournement,4,2010-03-12T21:00:00,2010-03-13T04:00:00,-76.877883,53.371387,-76.865028,53.379563,7,1239.6650920708819,177.0950131529831,10.598847377664182,FALSE
RAF_184,184,2010012,Contournement,5,2010-03-13T04:00:00,2010-03-13T11:00:00,-76.865028,53.379563,-76.865141,53.379399,7,19.59338855558828,2.799055507941183,159.15104125850752,FALSE
RAF_184,184,2010012,Contournement,6,2010-03-13T11:00:00,2010-03-13T18:00:00,-76.865141,53.379399,-76.854773,53.383711,7,834.153652497845,119.16480749969215,147.2172242082714,FALSE
RAF_184,184,2010012,Contournement,7,2010-03-13T18:00:00,2010-03-14T01:01:00,-76.854773,53.383711,-76.845743,53.38195,7.016666666666667,627.3181623296202,89.40401363367509,52.87868926517966,FALSE
RAF_184,184,2010012,Contournement,8,2010-03-14T01:01:00,2010-03-14T08:01:00,-76.845743,53.38195,-76.842223,53.382857,7,253.1543132440019,36.16490189200027,41.38389493522798,FALSE
RAF_184,184,2010012,Contournement,9,2010-03-14T08:01:00,2010-03-14T15:01:00,-76.842223,53.382857,-76.842228,53.381997,7,94.99966678195312,13.571380968850447,113.51177262246759,FALSE
RAF_184,184,2010012,Contournement,10,2010-03-14T15:01:00,2010-03-14T22:00:00,-76.842228,53.381997,-76.831384,53.391201,6.983333333333333,1243.6074446155546,178.0822116394589,145.04386750147495,FALSE
RAF_184,184,2010012,Contournement,11,2010-03-14T22:00:00,2010-03-15T05:00:00,-76.831384,53.391201,-76.834795,53.404401,7,1475.4192882939774,210.77418404199676,43.94240930852927,FALSE
RAF_185,185,2010012,Contournement,2,2010-03-15T12:00:00,2010-03-15T19:01:00,-76.835297,53.404848,-76.764687,53.418508,7.016666666666667,4898.561279029312,698.1322487927761,NA,FALSE
RAF_185,185,2010012,Contournement,3,2010-03-15T19:01:00,2010-03-16T02:01:00,-76.764687,53.418508,-76.773202,53.41772,7,568.619931006525,81.23141871521786,170.88942290710716,FALSE
RAF_185,185,2010012,Contournement,4,2010-03-16T02:01:00,2010-03-16T09:01:00,-76.773202,53.41772,-76.774137,53.416811,7,117.85582075778618,16.83654582254088,49.61993717874084,FALSE
RAF_185,185,2010012,Contournement,5,2010-03-16T09:01:00,2010-03-16T16:01:00,-76.774137,53.416811,-76.790624,53.409081,7,1383.1732978187092,197.59618540267275,20.313955131166914,FALSE
RAF_185,185,2010012,Contournement,6,2010-03-16T16:01:00,2010-03-16T23:01:00,-76.790624,53.409081,-76.919565,53.372471,7,9426.059708788485,1346.579958398355,12.774389810038802,FALSE
RAF_186,186,2010012,Traversée sur glace,2,2010-04-04T15:01:00,2010-04-04T22:00:00,-76.705318,53.503646,-76.642202,53.621221,6.983333333333333,13635.61373204973,1952.59385184483,NA,FALSE
RAF_186,186,2010012,Traversée sur glace,3,2010-04-04T22:00:00,2010-04-05T05:00:00,-76.642202,53.621221,-76.634026,53.726129,7,11601.880478849982,1657.411496978569,15.102717686743697,FALSE
RAF_187,187,2010012,Traversée sur glace,2,2010-04-06T09:01:00,2010-04-06T16:00:00,-76.607614,53.741552,-76.627725,53.818695,6.983333333333333,8623.494258417315,1234.8679128998542,NA,FALSE
RAF_187,187,2010012,Traversée sur glace,3,2010-04-06T16:00:00,2010-04-06T23:00:00,-76.627725,53.818695,-76.643283,54.045224,7,25048.13616499889,3578.305166428413,6.470819661899979,FALSE
RAF_188,188,2010012,Traversée sur glace,2,2010-11-17T00:00:00,2010-11-17T02:00:00,-74.186106,53.719741,-74.189954,53.689969,2,3298.6852316145987,1649.3426158072994,NA,FALSE
RAF_188,188,2010012,Traversée sur glace,3,2010-11-17T02:00:00,2010-11-17T04:00:00,-74.189954,53.689969,-74.175348,53.664252,2,2998.2132814527904,1499.1066407263952,23.02444568582421,FALSE
RAF_189,189,2010012,Traversée sur glace,2,2010-12-12T12:00:00,2010-12-12T14:01:00,-76.497008,52.378651,-76.554968,52.408324,2.0166666666666666,5107.0138717872205,2532.4035727870514,NA,FALSE
RAF_189,189,2010012,Traversée sur glace,3,2010-12-12T14:01:00,2010-12-12T16:00:00,-76.554968,52.408324,-76.624659,52.415505,1.9833333333333334,4773.61227325321,2406.8633310520386,30.30855083926899,FALSE
RAF_190,190,2010012,Traversée sur glace,2,2010-12-24T11:01:00,2010-12-24T18:01:00,-77.299295,53.493271,-77.323773,53.53404,7,4783.364859527309,683.3378370753298,NA,FALSE
RAF_190,190,2010012,Traversée sur glace,3,2010-12-24T18:01:00,2010-12-25T01:00:00,-77.323773,53.53404,-77.424581,53.689978,6.983333333333333,18455.617268506703,2642.8091553947547,1.286922240160606,FALSE
RAF_190,190,2010012,Traversée sur glace,4,2010-12-25T01:00:00,2010-12-25T08:01:00,-77.424581,53.689978,-77.375631,53.840444,7.016666666666667,16928.87183754721,2412.665820077987,31.95862271405369,FALSE
RAF_191,191,2010012,Contournement,2,2011-11-25T16:00:00,2011-11-25T18:00:00,-71.383522,54.631454,-71.443522,54.595358,2,5543.268607472417,2771.6343037362085,NA,FALSE
RAF_191,191,2010012,Contournement,3,2011-11-25T18:00:00,2011-11-25T20:01:00,-71.443522,54.595358,-71.558221,54.588948,2.0166666666666666,7395.254324540452,3667.068260102704,40.60043897112804,FALSE
RAF_191,191,2010012,Contournement,4,2011-11-25T20:01:00,2011-11-25T22:01:00,-71.558221,54.588948,-71.621157,54.549839,2,5917.2917943655275,2958.6458971827637,41.35516556152307,FALSE
RAF_191,191,2010012,Contournement,5,2011-11-25T22:01:00,2011-11-26T00:00:00,-71.621157,54.549839,-71.661627,54.527299,1.9833333333333334,3601.2001892144267,1815.7311878392068,3.1983673818780916,FALSE
RAF_191,191,2010012,Contournement,6,2011-11-26T00:00:00,2011-11-26T02:00:00,-71.661627,54.527299,-71.682181,54.510808,2,2251.157220439121,1125.5786102195605,10.264085623382732,FALSE
RAF_191,191,2010012,Contournement,7,2011-11-26T02:00:00,2011-11-26T04:00:00,-71.682181,54.510808,-71.685891,54.508727,2,331.37378171343744,165.68689085671872,10.115670524693646,FALSE
RAF_191,191,2010012,Contournement,8,2011-11-26T04:00:00,2011-11-26T06:01:00,-71.685891,54.508727,-71.716749,54.501412,2.0166666666666666,2142.9130554041217,1062.601515076424,21.799568870171456,FALSE
RAF_191,191,2010012,Contournement,9,2011-11-26T06:01:00,2011-11-26T08:01:00,-71.716749,54.501412,-71.769241,54.502035,2,3376.906774857693,1688.4533874288466,23.364821273000686,FALSE
RAF_191,191,2010012,Contournement,10,2011-11-26T08:01:00,2011-11-26T10:01:00,-71.769241,54.502035,-71.812008,54.491763,2,2976.037494060122,1488.018747030061,23.55320353885608,FALSE
RAF_191,191,2010012,Contournement,11,2011-11-26T10:01:00,2011-11-26T12:00:00,-71.812008,54.491763,-71.81195,54.491733,1.9833333333333334,4.991473447389865,2.516709301204974,115.9382104234488,FALSE
RAF_191,191,2010012,Contournement,12,2011-11-26T12:00:00,2011-11-26T14:01:00,-71.81195,54.491733,-71.852548,54.463321,2.0166666666666666,4084.728064651425,2025.4849907362438,88.15892498023639,FALSE
RAF_192,192,2010012,Traversée sur glace,2,2011-11-26T16:00:00,2011-11-26T18:00:00,-71.910304,54.429659,-71.959562,54.405777,2,4128.334129942811,2064.1670649714056,NA,FALSE
RAF_192,192,2010012,Traversée sur glace,3,2011-11-26T18:00:00,2011-11-26T20:00:00,-71.959562,54.405777,-72.020098,54.378979,2,4899.929085531613,2449.9645427658065,2.5986713023210375,FALSE
RAF_192,192,2010012,Traversée sur glace,4,2011-11-26T20:00:00,2011-11-26T22:01:00,-72.020098,54.378979,-72.154814,54.321055,2.0166666666666666,10797.96531506069,5354.362966145797,0.9068050520085645,FALSE
RAF_192,192,2010012,Traversée sur glace,5,2011-11-26T22:01:00,2011-11-27T00:01:00,-72.154814,54.321055,-72.179722,54.281593,2,4648.240821374712,2324.120410687356,33.31941150970035,FALSE
RAF_193,193,2010019,Contournement,2,2010-11-24T20:00:00,2010-11-24T22:00:00,-72.163696,54.531463,-72.206864,54.504405,2,4079.804719494999,2039.9023597474995,NA,FALSE
RAF_193,193,2010019,Contournement,3,2010-11-24T22:00:00,2010-11-25T00:00:00,-72.206864,54.504405,-72.312944,54.461647,2,8301.927387499438,4150.963693749719,12.501139566316676,FALSE
RAF_193,193,2010019,Contournement,4,2010-11-25T00:00:00,2010-11-25T02:00:00,-72.312944,54.461647,-72.354335,54.431667,2,4252.3654910884525,2126.1827455442262,16.427704255344448,FALSE
RAF_193,193,2010019,Contournement,5,2010-11-25T02:00:00,2010-11-25T04:00:00,-72.354335,54.431667,-72.360356,54.425318,2,801.7289805420753,400.86449027103765,9.862107190521442,FALSE
RAF_194,194,2010019,Traversée sur glace,2,2010-11-25T06:00:00,2010-11-25T08:00:00,-72.37719,54.4091,-72.42308,54.356267,2,6545.846994239749,3272.9234971198744,NA,FALSE
RAF_194,194,2010019,Traversée sur glace,3,2010-11-25T08:00:00,2010-11-25T10:00:00,-72.42308,54.356267,-72.432981,54.351805,2,807.17733579146,403.58866789573,25.48611967674152,FALSE
RAF_194,194,2010019,Traversée sur glace,4,2010-11-25T10:00:00,2010-11-25T12:00:00,-72.432981,54.351805,-72.453148,54.327241,2,3010.585846120887,1505.2929230604434,26.70837125127042,FALSE
RAF_195,195,2010019,Traversée sur glace,2,2010-11-25T20:00:00,2010-11-25T22:00:00,-72.55009,54.23024,-72.553663,54.203812,2,2929.357857960474,1464.678928980237,NA,FALSE
RAF_195,195,2010019,Traversée sur glace,3,2010-11-25T22:00:00,2010-11-26T00:00:00,-72.553663,54.203812,-72.553854,54.203958,2,20.33070773737686,10.16535386868843,137.9849483240313,FALSE
RAF_195,195,2010019,Traversée sur glace,4,2010-11-26T00:00:00,2010-11-26T02:00:00,-72.553854,54.203958,-72.565948,54.179154,2,2850.5613612516204,1425.2806806258102,126.55194663492102,FALSE
RAF_196,196,2010019,Traversée sur glace,2,2010-12-24T18:01:00,2010-12-25T01:00:00,-76.744243,53.040246,-76.916289,53.150741,6.983333333333333,16727.83564689902,2395.3941260475926,NA,FALSE
RAF_196,196,2010019,Traversée sur glace,3,2010-12-25T01:00:00,2010-12-25T08:00:00,-76.916289,53.150741,-76.953164,53.17846,7,3920.054102996569,560.0077289995098,4.586870739201629,FALSE
RAF_197,197,2010019,Traversée sur glace,2,2010-12-28T13:00:00,2010-12-28T20:00:00,-77.328204,53.531422,-77.365234,53.645953,7,12884.212533530363,1840.6017905043375,NA,FALSE
RAF_197,197,2010019,Traversée sur glace,3,2010-12-28T20:00:00,2010-12-29T03:00:00,-77.365234,53.645953,-77.364547,53.846766,7,22184.948031689797,3169.2782902413996,11.019729779050456,FALSE
RAF_198,198,2010022,Traversée sur glace,2,2010-11-21T18:00:00,2010-11-21T20:00:00,-74.382721,53.686617,-74.409826,53.652768,2,4140.6425018444,2070.3212509222,NA,FALSE
RAF_198,198,2010022,Traversée sur glace,3,2010-11-21T20:00:00,2010-11-21T22:00:00,-74.409826,53.652768,-74.397939,53.586688,2,7341.5517168107035,3670.7758584053518,31.530872130676624,FALSE
RAF_199,199,2010022,Traversée sur glace,2,2010-12-23T14:00:00,2010-12-23T21:00:00,-76.759751,53.068382,-76.873504,53.14123,7,11042.14428825076,1577.4491840358228,NA,FALSE
RAF_199,199,2010022,Traversée sur glace,3,2010-12-23T21:00:00,2010-12-24T04:00:00,-76.873504,53.14123,-76.905546,53.155091,7,2621.4390290287865,374.4912898612552,10.984631334528089,FALSE
RAF_200,200,2010022,Traversée sur glace,2,2010-12-29T10:00:00,2010-12-29T17:00:00,-77.241561,53.471008,-77.249819,53.542525,7,7918.994739488482,1131.284962784069,NA,FALSE
RAF_200,200,2010022,Traversée sur glace,3,2010-12-29T17:00:00,2010-12-30T00:01:00,-77.249819,53.542525,-77.271901,53.58435,7.016666666666667,4843.234708989035,690.2472269343043,13.49896085238332,FALSE
RAF_201,201,2010022,Traversée sur glace,2,2010-12-30T14:01:00,2010-12-30T21:01:00,-77.297929,53.607052,-77.271767,53.805635,7,22005.169963957826,3143.5957091368323,NA,FALSE
RAF_201,201,2010022,Traversée sur glace,3,2010-12-30T21:01:00,2010-12-31T04:00:00,-77.271767,53.805635,-77.2672,53.833061,6.983333333333333,3044.647869550979,435.98776174954355,1.145590772344879,FALSE
RAF_202,202,2010022,Traversée sur glace,2,2011-11-06T20:00:00,2011-11-06T22:01:00,-74.260634,56.122899,-74.320366,56.101652,2.0166666666666666,4378.121760156445,2170.969467846171,NA,FALSE
RAF_202,202,2010022,Traversée sur glace,3,2011-11-06T22:01:00,2011-11-07T00:01:00,-74.320366,56.101652,-74.343529,56.072925,2,3486.93659019515,1743.468295097575,33.21858744124851,FALSE
RAF_202,202,2010022,Traversée sur glace,4,2011-11-07T00:01:00,2011-11-07T02:01:00,-74.343529,56.072925,-74.347623,56.044372,2,3169.6476865767895,1584.8238432883948,19.668701435428712,FALSE
RAF_203,203,2010022,Contournement,2,2011-11-16T22:01:00,2011-11-17T00:00:00,-73.298313,55.095627,-73.315506,55.086589,1.9833333333333334,1478.8169278005983,745.621980403663,NA,FALSE
RAF_203,203,2010022,Contournement,3,2011-11-17T00:00:00,2011-11-17T02:00:00,-73.315506,55.086589,-73.317748,55.086592,2,142.17696096452448,71.08848048226224,42.64849285786206,FALSE
RAF_203,203,2010022,Contournement,4,2011-11-17T02:00:00,2011-11-17T04:00:00,-73.317748,55.086592,-73.336223,55.078306,2,1487.3067220734877,743.6533610367438,38.14426854455128,FALSE
RAF_203,203,2010022,Contournement,5,2011-11-17T04:00:00,2011-11-17T06:00:00,-73.336223,55.078306,-73.336545,55.078068,2,33.30859681584318,16.65429840792159,14.154504618078395,FALSE
RAF_203,203,2010022,Contournement,6,2011-11-17T06:00:00,2011-11-17T08:00:00,-73.336545,55.078068,-73.350274,55.064641,2,1721.0604594440101,860.5302297220051,7.412134224055181,FALSE
RAF_203,203,2010022,Contournement,7,2011-11-17T08:00:00,2011-11-17T10:00:00,-73.350274,55.064641,-73.350533,55.064673,2,16.809764581695386,8.404882290847693,71.75343036271082,FALSE
RAF_203,203,2010022,Contournement,8,2011-11-17T10:00:00,2011-11-17T12:00:00,-73.350533,55.064673,-73.35356,55.059508,2,602.4495299495762,301.2247649747881,83.55634287509766,FALSE
RAF_203,203,2010022,Contournement,9,2011-11-17T12:00:00,2011-11-17T14:00:00,-73.35356,55.059508,-73.396404,55.031584,2,4114.197329995739,2057.0986649978695,22.80654314404559,FALSE
RAF_203,203,2010022,Contournement,10,2011-11-17T14:00:00,2011-11-17T16:00:00,-73.396404,55.031584,-73.444218,55.050482,2,3684.975106408359,1842.4875532041794,83.19481139158694,FALSE
RAF_203,203,2010022,Contournement,11,2011-11-17T16:00:00,2011-11-17T18:00:00,-73.444218,55.050482,-73.512315,55.041408,2,4437.525805884158,2218.762902942079,47.557089659262694,FALSE
RAF_203,203,2010022,Contournement,12,2011-11-17T18:00:00,2011-11-17T20:00:00,-73.512315,55.041408,-73.540119,55.015515,2,3363.2690037611696,1681.6345018805848,45.228586781419914,FALSE
RAF_204,204,2010022,Contournement,2,2012-01-18T13:00:00,2012-01-18T20:00:00,-73.231625,54.933193,-73.12439,54.963199,7,7586.774158236906,1083.8248797481294,NA,FALSE
RAF_204,204,2010022,Contournement,3,2012-01-18T20:00:00,2012-01-19T03:00:00,-73.12439,54.963199,-73.034439,54.970812,7,5782.437063262276,826.0624376088965,17.478322373526357,FALSE
RAF_204,204,2010022,Contournement,4,2012-01-19T03:00:00,2012-01-19T17:00:00,-73.034439,54.970812,-72.972384,54.977655,14,4017.8490542298696,286.9892181592764,2.5444738363752353,TRUE
RAF_204,204,2010022,Contournement,5,2012-01-19T17:00:00,2012-01-20T00:00:00,-72.972384,54.977655,-72.796369,54.985173,7,11221.418643415465,1603.0598062022093,6.509589935082112,FALSE
RAF_204,204,2010022,Contournement,6,2012-01-20T00:00:00,2012-01-20T07:00:00,-72.796369,54.985173,-72.759945,54.974019,7,2623.6546303955156,374.8078043422165,32.194834628403036,FALSE
RAF_204,204,2010022,Contournement,7,2012-01-20T07:00:00,2012-01-20T14:00:00,-72.759945,54.974019,-72.674452,54.96621,7,5505.0334829874,786.4333547124858,19.05936140123499,FALSE
RAF_205,205,2010022,Traversée sur glace,2,2012-11-09T14:00:00,2012-11-09T16:01:00,-72.693244000000007,55.199061,-72.749333,55.155405,2.0166666666666666,5991.103796260273,2970.7952708728626,NA,FALSE
RAF_205,205,2010022,Traversée sur glace,3,2012-11-09T16:01:00,2012-11-09T18:00:00,-72.749333,55.155405,-72.823139,55.096857,1.9833333333333334,7985.245147800772,4026.17402410123,0.4312289146944938,FALSE
RAF_205,205,2010022,Traversée sur glace,4,2012-11-09T18:00:00,2012-11-09T20:00:00,-72.823139,55.096857,-72.852834,55.058784,2,4611.370297539225,2305.6851487696126,11.694202863755764,FALSE
RAF_205,205,2010022,Traversée sur glace,5,2012-11-09T20:00:00,2012-11-09T22:00:00,-72.852834,55.058784,-72.917918,55.025945,2,5500.126186353765,2750.0630931768824,24.625808855235668,FALSE
RAF_206,206,2010022,Traversée à la nage,2,2012-11-10T12:01:00,2012-11-10T14:00:00,-72.979287,55.020882,-73.024391,55.007949000000004,1.9833333333333334,3202.20622062474,1614.5577582981882,NA,FALSE
RAF_206,206,2010022,Traversée à la nage,3,2012-11-10T14:00:00,2012-11-10T16:00:00,-73.024391,55.007949000000004,-73.030929,54.996712,2,1309.8727257464184,654.9363628732092,44.968639388190766,FALSE
RAF_206,206,2010022,Traversée à la nage,4,2012-11-10T16:00:00,2012-11-10T18:00:00,-73.030929,54.996712,-73.040724,54.995673,2,633.0261190443412,316.5130595221706,61.06038701187004,FALSE
RAF_206,206,2010022,Traversée à la nage,5,2012-11-10T18:00:00,2012-11-10T20:00:00,-73.040724,54.995673,-73.042552,54.993821,2,235.40396391456895,117.70198195728447,49.96759990445445,FALSE
RAF_206,206,2010022,Traversée à la nage,6,2012-11-10T20:00:00,2012-11-10T22:00:00,-73.042552,54.993821,-73.05115,54.978789,2,1749.3348792096417,874.6674396048209,11.36280955893094,FALSE
RAF_207,207,2010022,Contournement,2,2013-01-12T10:00:00,2013-01-12T17:01:00,-73.329956,54.979509,-73.313691,55.003512,7.016666666666667,2847.7744073392428,405.8585853690132,NA,FALSE
RAF_207,207,2010022,Contournement,3,2013-01-12T17:01:00,2013-01-13T00:01:00,-73.313691,55.003512,-73.235247,55.090546,7,10833.908968630129,1547.7012812328755,6.037186479979668,FALSE
RAF_207,207,2010022,Contournement,4,2013-01-13T00:01:00,2013-01-13T07:00:00,-73.235247,55.090546,-73.241694,55.125558,6.983333333333333,3892.357598369012,557.3781763774242,33.41654978094531,FALSE
RAF_208,208,2010026,Contournement,2,2010-10-27T12:00:00,2010-10-27T14:01:00,-73.095582,55.195341,-73.170515,55.170976,2.0166666666666666,5452.643792893767,2703.7903105258347,NA,FALSE
RAF_208,208,2010026,Contournement,3,2010-10-27T14:01:00,2010-10-27T16:00:00,-73.170515,55.170976,-73.186754,55.162637,1.9833333333333334,1380.7223543370665,696.1625315985209,12.2501258310288,FALSE
RAF_208,208,2010026,Contournement,4,2010-10-27T16:00:00,2010-10-27T18:01:00,-73.186754,55.162637,-73.232207,55.150311,2.0166666666666666,3183.8933152057216,1578.7900736557297,16.57637685191405,FALSE
RAF_208,208,2010026,Contournement,5,2010-10-27T18:01:00,2010-10-27T20:00:00,-73.232207,55.150311,-73.249828,55.140026,1.9833333333333334,1593.1552754527243,803.271567455155,20.17355070467607,FALSE
RAF_208,208,2010026,Contournement,6,2010-10-27T20:00:00,2010-10-27T22:00:00,-73.249828,55.140026,-73.289671,55.118827,2,3444.3869274115314,1722.1934637057657,2.684828657831853,FALSE
RAF_209,209,2010026,Contournement,2,2010-10-29T12:01:00,2010-10-29T14:01:00,-73.374981,55.05902,-73.43061,55.039396000000004,2,4144.170371163142,2072.085185581571,NA,FALSE
RAF_209,209,2010026,Contournement,3,2010-10-29T14:01:00,2010-10-29T20:00:00,-73.43061,55.039396000000004,-73.390302,55.007306,5.983333333333333,4374.843702803147,731.1716494935621,94.24200522203576,FALSE
RAF_210,210,2010026,Traversée sur glace,2,2010-11-26T18:00:00,2010-11-26T20:01:00,-76.226374,53.72877,-76.249829,53.720525,2.0166666666666666,1786.3975258931575,885.8169549883426,NA,FALSE
RAF_210,210,2010026,Traversée sur glace,3,2010-11-26T20:01:00,2010-11-26T22:00:00,-76.249829,53.720525,-76.307524,53.705147,1.9833333333333334,4145.251909788668,2090.0429797253787,6.494363925454982,FALSE
RAF_211,211,2010026,Contournement,2,2010-11-28T12:02:00,2010-11-28T14:01:00,-76.380283,53.619306,-76.368592,53.614024,1.9833333333333334,964.461894414186,486.2833081079929,NA,FALSE
RAF_211,211,2010026,Contournement,3,2010-11-28T14:01:00,2010-11-28T16:01:00,-76.368592,53.614024,-76.337356,53.619862,2,2150.698154576373,1075.3490772881864,54.6963488645194,FALSE
RAF_211,211,2010026,Contournement,4,2010-11-28T16:01:00,2010-11-28T18:00:00,-76.337356,53.619862,-76.326101,53.624199,1.9833333333333334,880.8820511434619,444.14221066056905,15.51684994992171,FALSE
RAF_211,211,2010026,Contournement,5,2010-11-28T18:00:00,2010-11-28T20:01:00,-76.326101,53.624199,-76.313201,53.625955,2.0166666666666666,869.0952454273528,430.9563200466212,20.042527191234473,FALSE
RAF_211,211,2010026,Contournement,6,2010-11-28T20:01:00,2010-11-28T22:01:00,-76.313201,53.625955,-76.309845,53.626262,2,222.98417049704955,111.49208524852477,4.142579594383795,FALSE
RAF_211,211,2010026,Contournement,7,2010-11-28T22:01:00,2010-11-29T00:00:00,-76.309845,53.626262,-76.30471,53.63055,1.9833333333333334,581.4599819058221,293.1731001205826,45.8102637346146,FALSE
RAF_211,211,2010026,Contournement,8,2010-11-29T00:00:00,2010-11-29T02:00:00,-76.30471,53.63055,-76.296743,53.633113,2,594.83433454673,297.417167273365,26.125800003933893,FALSE
RAF_211,211,2010026,Contournement,9,2010-11-29T02:00:00,2010-11-29T04:00:00,-76.296743,53.633113,-76.296952,53.633147,2,14.227595605354292,7.113797802677146,136.27167071531719,FALSE
RAF_211,211,2010026,Contournement,10,2010-11-29T04:00:00,2010-11-29T06:00:00,-76.296952,53.633147,-76.283126,53.638893,2,1107.672287646282,553.836143823141,129.72296253131617,FALSE
RAF_211,211,2010026,Contournement,11,2010-11-29T06:00:00,2010-11-29T08:00:00,-76.283126,53.638893,-76.283197,53.63889,2,4.672966567809217,2.3364832839046086,149.10814536672322,FALSE
RAF_211,211,2010026,Contournement,12,2010-11-29T08:00:00,2010-11-29T10:00:00,-76.283197,53.63889,-76.282965,53.638108,2,87.7211697684081,43.86058488420405,95.9321290587024,FALSE
RAF_211,211,2010026,Contournement,13,2010-11-29T10:00:00,2010-11-29T12:00:00,-76.282965,53.638108,-76.272024,53.642336,2,856.7719192647996,428.3859596323998,113.04077519854465,FALSE
RAF_211,211,2010026,Contournement,14,2010-11-29T12:00:00,2010-11-29T14:01:00,-76.272024,53.642336,-76.25129,53.643588,2.0166666666666666,1368.0806976861425,678.3871228195748,27.220197830495557,FALSE
RAF_212,212,2010026,Contournement,2,2010-12-02T12:00:00,2010-12-02T14:00:00,-76.065892,53.69258,-76.054191,53.70135,2,1235.78506901455,617.892534507275,NA,FALSE
RAF_212,212,2010026,Contournement,3,2010-12-02T14:00:00,2010-12-02T16:00:00,-76.054191,53.70135,-76.038523,53.697651,2,1105.4517947355314,552.7258973677657,73.3118543422281,FALSE
RAF_212,212,2010026,Contournement,4,2010-12-02T16:00:00,2010-12-02T18:00:00,-76.038523,53.697651,-76.025915,53.672833,2,2863.6827553721787,1431.8413776860893,51.512242651461136,FALSE
RAF_212,212,2010026,Contournement,5,2010-12-02T18:00:00,2010-12-02T20:00:00,-76.025915,53.672833,-75.961588,53.631023,2,6257.585382451392,3128.792691225696,25.677740036914148,FALSE
RAF_213,213,2010026,Traversée sur glace,2,2010-12-06T14:01:00,2010-12-06T16:00:00,-75.900263,53.57412,-75.92655,53.540301,1.9833333333333334,4116.675042157133,2075.63447503721,NA,FALSE
RAF_213,213,2010026,Traversée sur glace,3,2010-12-06T16:00:00,2010-12-06T18:00:00,-75.92655,53.540301,-75.92541,53.475226,2,7189.061915122604,3594.530957561302,25.42393734433982,FALSE
RAF_213,213,2010026,Traversée sur glace,4,2010-12-06T18:00:00,2010-12-06T20:00:00,-75.92541,53.475226,-75.93037,53.420979,2,6001.357188726423,3000.6785943632117,3.72416247406916,FALSE
RAF_214,214,2010026,Traversée sur glace,2,2010-12-12T02:00:00,2010-12-12T04:00:00,-76.666596,53.230585,-76.679341,53.235345,2,994.9792769931775,497.4896384965887,NA,FALSE
RAF_214,214,2010026,Traversée sur glace,3,2010-12-12T04:00:00,2010-12-12T06:00:00,-76.679341,53.235345,-76.713972,53.24758,2,2663.1951271689904,1331.5975635844952,1.3861773113619407,FALSE
RAF_215,215,2010026,Traversée sur glace,2,2010-12-13T12:00:00,2010-12-13T14:00:00,-76.773115,53.278577,-76.781581,53.315963000000004,2,4167.565530919341,2083.7827654596704,NA,FALSE
RAF_215,215,2010026,Traversée sur glace,3,2010-12-13T14:00:00,2010-12-13T16:00:00,-76.781581,53.315963000000004,-76.77077,53.371688,2,6196.906494166168,3098.453247083084,14.34748367945403,FALSE
RAF_215,215,2010026,Traversée sur glace,4,2010-12-13T16:00:00,2010-12-13T18:00:00,-76.77077,53.371688,-76.82346,53.406447,2,5181.634523514509,2590.8172617572545,48.788510519983994,FALSE
RAF_216,216,2010026,Traversée sur glace,2,2010-12-20T16:02:00,2010-12-20T23:01:00,-77.110288,53.466598,-77.093134,53.515406,6.983333333333333,5508.831656542222,788.8541751611774,NA,FALSE
RAF_216,216,2010026,Traversée sur glace,3,2010-12-20T23:01:00,2010-12-21T06:02:00,-77.093134,53.515406,-77.124827,53.54828,7.016666666666667,4187.960456358812,596.858972402681,41.70445657774412,FALSE
RAF_217,217,2010026,Traversée sur glace,2,2010-12-22T10:00:00,2010-12-22T17:00:00,-77.161524,53.556552,-77.2345,53.623794,7,8842.174752800724,1263.1678218286747,NA,FALSE
RAF_217,217,2010026,Traversée sur glace,3,2010-12-22T17:00:00,2010-12-23T00:00:00,-77.2345,53.623794,-77.378558,53.689588,7,11924.732673705137,1703.533239100734,19.507678754759016,FALSE
RAF_217,217,2010026,Traversée sur glace,4,2010-12-23T00:00:00,2010-12-23T07:01:00,-77.378558,53.689588,-77.414553,53.715311,7.016666666666667,3693.629804020917,526.4080480789905,12.813142133729881,FALSE
RAF_218,218,2010026,Traversée sur glace,2,2010-12-23T14:01:00,2010-12-23T21:00:00,-77.416946,53.715466,-77.447355,53.742141,6.983333333333333,3557.1004670216685,509.36999527756586,NA,FALSE
RAF_218,218,2010026,Traversée sur glace,3,2010-12-23T21:00:00,2010-12-24T04:00:00,-77.447355,53.742141,-77.425254,53.748925,7,1629.8455253730203,232.83507505328862,96.68587685611149,FALSE
RAF_218,218,2010026,Traversée sur glace,4,2010-12-24T04:00:00,2010-12-24T11:00:00,-77.425254,53.748925,-77.422865,53.799119,7,5547.456836611729,792.4938338016756,61.01820602837327,FALSE
RAF_219,219,2010026,Contournement,2,2011-11-12T00:00:00,2011-11-12T02:00:00,-73.106085,55.175809,-73.147948,55.145947,2,4233.534668822128,2116.767334411064,NA,FALSE
RAF_219,219,2010026,Contournement,3,2011-11-12T02:00:00,2011-11-12T04:00:00,-73.147948,55.145947,-73.184591,55.116051,2,4038.929819935325,2019.4649099676626,3.6406437599439254,FALSE
RAF_219,219,2010026,Contournement,4,2011-11-12T04:00:00,2011-11-12T06:00:00,-73.184591,55.116051,-73.184832,55.109148,2,763.3358752417786,381.6679376208893,33.9179099441478,FALSE
RAF_219,219,2010026,Contournement,5,2011-11-12T06:00:00,2011-11-12T08:00:00,-73.184832,55.109148,-73.183946,55.099179,2,1103.5773177014078,551.7886588507039,4.063823532520529,FALSE
RAF_219,219,2010026,Contournement,6,2011-11-12T08:00:00,2011-11-12T10:00:00,-73.183946,55.099179,-73.195708,55.097162,2,778.3065397604165,389.15326988020826,76.27224007332853,FALSE
RAF_219,219,2010026,Contournement,7,2011-11-12T10:00:00,2011-11-12T12:00:00,-73.195708,55.097162,-73.197239,55.096933,2,100.31123805749671,50.155619028748355,2.0355444037894457,FALSE
RAF_219,219,2010026,Contournement,8,2011-11-12T12:00:00,2011-11-12T14:00:00,-73.197239,55.096933,-73.181305,55.093614,2,1074.8171772785804,537.4085886392902,145.42488125220325,FALSE
RAF_219,219,2010026,Contournement,9,2011-11-12T14:00:00,2011-11-12T16:00:00,-73.181305,55.093614,-73.18955,55.084194,2,1165.3087874848115,582.6543937424058,96.69276352047709,FALSE
RAF_219,219,2010026,Contournement,10,2011-11-12T16:00:00,2011-11-12T18:00:00,-73.18955,55.084194,-73.18172,55.081674,2,569.3979254435824,284.6989627217912,87.36371127929684,FALSE
RAF_219,219,2010026,Contournement,11,2011-11-12T18:00:00,2011-11-12T20:00:00,-73.18172,55.081674,-73.198501,55.081396,2,1064.7429347289908,532.3714673644954,149.05559413267395,FALSE
RAF_219,219,2010026,Contournement,12,2011-11-12T20:00:00,2011-11-12T22:00:00,-73.198501,55.081396,-73.234525,55.074262,2,2417.2411262318788,1208.6205631159394,17.367989652715888,FALSE
RAF_219,219,2010026,Contournement,13,2011-11-12T22:00:00,2011-11-13T00:00:00,-73.234525,55.074262,-73.230554,55.074213,2,251.95524823241809,125.97762411620904,159.71194223222813,FALSE
RAF_219,219,2010026,Contournement,14,2011-11-13T00:00:00,2011-11-13T02:00:00,-73.230554,55.074213,-73.231159,55.074144,2,39.12850451491397,19.564252257456985,167.52457614279587,FALSE
RAF_219,219,2010026,Contournement,15,2011-11-13T02:00:00,2011-11-13T04:00:00,-73.231159,55.074144,-73.227924,55.066717,2,846.3489262382631,423.17446311913153,92.79232986420273,FALSE
RAF_219,219,2010026,Contournement,16,2011-11-13T04:00:00,2011-11-13T06:00:00,-73.227924,55.066717,-73.225395,55.061042,2,647.5902165523883,323.7951082761941,0.3156314175342058,FALSE
RAF_219,219,2010026,Contournement,17,2011-11-13T06:00:00,2011-11-13T08:00:00,-73.225395,55.061042,-73.251403,55.054265,2,1812.5553540002873,906.2776770001436,79.94056876665213,FALSE
RAF_219,219,2010026,Contournement,18,2011-11-13T08:00:00,2011-11-13T10:00:00,-73.251403,55.054265,-73.252004,55.054542,2,48.91444361414471,24.457221807072354,63.18604392912607,FALSE
RAF_219,219,2010026,Contournement,19,2011-11-13T10:00:00,2011-11-13T12:00:00,-73.252004,55.054542,-73.262034,55.052517,2,674.7839866386826,337.3919933193413,58.13161281480139,FALSE
RAF_219,219,2010026,Contournement,20,2011-11-13T12:00:00,2011-11-13T14:00:00,-73.262034,55.052517,-73.359335,55.047591,2,6199.805063366799,3099.9025316833995,14.379673511333529,FALSE
RAF_219,219,2010026,Contournement,21,2011-11-13T14:00:00,2011-11-13T16:00:00,-73.359335,55.047591,-73.35426,55.010396,2,4124.564220572619,2062.2821102863095,89.40530423108099,FALSE
RAF_219,219,2010026,Contournement,22,2011-11-13T16:00:00,2011-11-13T18:00:00,-73.35426,55.010396,-73.332824,54.969269,2,4746.2997222166,2373.1498611083,12.212341011815264,FALSE
RAF_220,220,2010026,Contournement,2,2011-11-24T12:00:00,2011-11-24T14:00:00,-75.013586,53.942,-75.037318,53.922108,2,2687.764056031022,1343.882028015511,NA,FALSE
RAF_220,220,2010026,Contournement,3,2011-11-24T14:00:00,2011-11-24T16:00:00,-75.037318,53.922108,-75.04046,53.922304,2,206.04129701190186,103.02064850595093,60.8965905970298,FALSE
RAF_220,220,2010026,Contournement,4,2011-11-24T16:00:00,2011-11-24T18:01:00,-75.04046,53.922304,-75.069019,53.895563,2.0166666666666666,3492.745006905078,1731.9396728454933,63.78501398936773,FALSE
RAF_220,220,2010026,Contournement,5,2011-11-24T18:01:00,2011-11-24T20:00:00,-75.069019,53.895563,-75.064602,53.916891,1.9833333333333334,2373.90866462135,1196.928738464546,154.7465717242194,FALSE
RAF_220,220,2010026,Contournement,6,2011-11-24T20:00:00,2011-11-24T22:01:00,-75.064602,53.916891,-75.058368,53.916995,2.0166666666666666,406.7527322068068,201.69556968932568,81.40497834368782,FALSE
RAF_221,221,2010026,Contournement,2,2011-11-25T10:00:00,2011-11-25T12:00:00,-75.048042,53.913577,-75.060542,53.913158,2,816.6499995967968,408.3249997983984,NA,FALSE
RAF_221,221,2010026,Contournement,3,2011-11-25T12:00:00,2011-11-25T14:00:00,-75.060542,53.913158,-75.065022,53.917442,2,556.238182852535,278.1190914262675,61.5665341703859,FALSE
RAF_221,221,2010026,Contournement,4,2011-11-25T14:00:00,2011-11-25T16:00:00,-75.065022,53.917442,-75.075649,53.936947,2,2263.633499487348,1131.816749743674,13.870412113460134,FALSE
RAF_221,221,2010026,Contournement,5,2011-11-25T16:00:00,2011-11-25T18:01:00,-75.075649,53.936947,-75.147954,53.951585,2.0166666666666666,4982.55576903795,2470.6888110931986,53.200985920685746,FALSE
RAF_222,222,2010026,Contournement,2,2012-04-06T14:00:00,2012-04-06T21:00:00,-74.912453,56.176674,-74.819616,56.216453,7,7224.30334549845,1032.0433350712071,NA,FALSE
RAF_222,222,2010026,Contournement,3,2012-04-06T21:00:00,2012-04-07T04:00:00,-74.819616,56.216453,-74.791846,56.243458,7,3444.3451944061453,492.0493134865922,22.699510934543,FALSE
RAF_222,222,2010026,Contournement,4,2012-04-07T04:00:00,2012-04-07T11:00:00,-74.791846,56.243458,-74.792163,56.246933,7,385.09623652815276,55.013748075450394,32.72268374048098,FALSE
RAF_222,222,2010026,Contournement,5,2012-04-07T11:00:00,2012-04-07T18:00:00,-74.792163,56.246933,-74.747068,56.31742,7,8280.865827259302,1182.9808324656146,22.479007479169066,FALSE
RAF_222,222,2010026,Contournement,6,2012-04-07T18:00:00,2012-04-08T01:00:00,-74.747068,56.31742,-74.793624,56.348502,7,4475.607702177777,639.3725288825397,59.35158775463188,FALSE
RAF_223,223,2010026,Contournement,2,2012-11-02T12:00:00,2012-11-02T14:00:00,-72.530529,55.259399,-72.582128,55.249945,2,3422.3090567513987,1711.1545283756993,NA,FALSE
RAF_223,223,2010026,Contournement,3,2012-11-02T14:00:00,2012-11-02T16:01:00,-72.582128,55.249945,-72.64456,55.243713,2.0166666666666666,4003.42009396046,1985.1669887407238,7.919562282120711,FALSE
RAF_223,223,2010026,Contournement,4,2012-11-02T16:01:00,2012-11-02T18:01:00,-72.64456,55.243713,-72.70629,55.232549,2,4090.8388474062513,2045.4194237031256,7.60163412903038,FALSE
RAF_223,223,2010026,Contournement,5,2012-11-02T18:01:00,2012-11-02T20:00:00,-72.70629,55.232549,-72.715301,55.228143,1.9833333333333334,749.3873326276458,377.8423525853676,22.957076927833896,FALSE
RAF_223,223,2010026,Contournement,6,2012-11-02T20:00:00,2012-11-03T00:00:00,-72.715301,55.228143,-72.784271,55.225703,4,4367.124137479114,1091.7810343697786,37.0372995762936,FALSE
RAF_223,223,2010026,Contournement,7,2012-11-03T00:00:00,2012-11-03T02:00:00,-72.784271,55.225703,-72.793177,55.224431,2,580.1740454662445,290.08702273312224,10.456094092632956,FALSE
RAF_224,224,2010026,Contournement,2,2012-11-03T10:00:00,2012-11-03T12:00:00,-72.815193,55.224353,-72.82491,55.217532,2,972.6329264829928,486.3164632414964,NA,FALSE
RAF_224,224,2010026,Contournement,3,2012-11-03T12:00:00,2012-11-03T14:00:00,-72.82491,55.217532,-72.862652,55.207963,2,2610.105461075831,1305.0527305379155,26.94720516528958,FALSE
RAF_224,224,2010026,Contournement,4,2012-11-03T14:00:00,2012-11-03T16:00:00,-72.862652,55.207963,-72.877406,55.207582,2,933.8141630138388,466.9070815069194,21.348675883598585,FALSE
RAF_224,224,2010026,Contournement,5,2012-11-03T16:00:00,2012-11-03T18:00:00,-72.877406,55.207582,-72.936222,55.198537,2,3851.3450626271415,1925.6725313135707,12.435299023537699,FALSE
RAF_224,224,2010026,Contournement,6,2012-11-03T18:00:00,2012-11-03T20:00:00,-72.936222,55.198537,-73.019488,55.186502,2,5432.18775226041,2716.093876130205,0.9279451858573001,FALSE
RAF_224,224,2010026,Contournement,7,2012-11-03T20:00:00,2012-11-03T22:01:00,-73.019488,55.186502,-73.121311,55.186133,2.0166666666666666,6441.552051054742,3194.158041845327,13.890469722516288,FALSE
RAF_224,224,2010026,Contournement,8,2012-11-03T22:01:00,2012-11-04T00:00:00,-73.121311,55.186133,-73.152245,55.178057,1.9833333333333334,2151.187129901571,1084.6321663369265,24.108345346876114,FALSE
RAF_224,224,2010026,Contournement,9,2012-11-04T00:00:00,2012-11-04T02:00:00,-73.152245,55.178057,-73.159374,55.175621,2,525.380120450693,262.6900602253465,6.300497637481268,FALSE
RAF_224,224,2010026,Contournement,10,2012-11-04T02:00:00,2012-11-04T04:00:00,-73.159374,55.175621,-73.210494,55.173626,2,3242.3366298524547,1621.1683149262274,26.962630321884443,FALSE
RAF_225,225,2010031,Traversée sur glace,2,2014-04-23T14:01:00,2014-04-23T16:00:00,-77.133113,53.480436,-77.091967,53.518844,1.9833333333333334,5034.506007742495,2538.406390458401,NA,FALSE
RAF_225,225,2010031,Traversée sur glace,3,2014-04-23T16:00:00,2014-04-23T18:00:00,-77.091967,53.518844,-77.082388,53.538123,2,2221.0835473321476,1110.5417736660738,16.09739265111278,FALSE
RAF_226,226,2010031,Traversée sur glace,2,2014-04-24T12:00:00,2014-04-24T14:00:00,-77.05313,53.584756,-77.043327,53.636333,2,5734.023404530211,2867.0117022651057,NA,FALSE
RAF_226,226,2010031,Traversée sur glace,3,2014-04-24T14:00:00,2014-04-24T16:00:00,-77.043327,53.636333,-77.046952,53.695255,2,6513.603466151986,3256.801733075993,8.54363797450714,FALSE
RAF_226,226,2010031,Traversée sur glace,4,2014-04-24T16:00:00,2014-04-24T18:00:00,-77.046952,53.695255,-77.038361,53.753323,2,6439.683608327444,3219.841804163722,7.104978928407365,FALSE
RAF_226,226,2010031,Traversée sur glace,5,2014-04-24T18:00:00,2014-04-24T20:00:00,-77.038361,53.753323,-77.048823,53.812051,2,6524.088114608494,3262.044057304247,11.036320529784781,FALSE
RAF_226,226,2010031,Traversée sur glace,6,2014-04-24T20:00:00,2014-04-24T22:00:00,-77.048823,53.812051,-77.026763,53.86795,2,6341.648173191564,3170.824086595782,19.15567048917063,FALSE
RAF_227,227,2010065,Traversée sur glace,2,2012-12-09T14:00:00,2012-12-09T16:00:00,-72.916633,54.978807,-72.986219,55.020962,2,6424.368752110272,3212.184376055136,NA,FALSE
RAF_227,227,2010065,Traversée sur glace,3,2012-12-09T16:00:00,2012-12-09T18:00:00,-72.986219,55.020962,-73.039823,55.030472,2,3562.984811074336,1781.492405537168,29.290282669712383,FALSE
RAF_227,227,2010065,Traversée sur glace,4,2012-12-09T18:00:00,2012-12-09T20:00:00,-73.039823,55.030472,-73.151115,55.044858,2,7242.771412997632,3621.385706498816,4.4112603956994745,FALSE
RAF_227,227,2010065,Traversée sur glace,5,2012-12-09T20:00:00,2012-12-09T22:00:00,-73.151115,55.044858,-73.235934,55.041728,2,5395.5828281706,2697.7914140853,16.283127753101766,FALSE
RAF_228,228,2010065,Contournement,2,2012-12-10T00:00:00,2012-12-10T02:01:00,-73.235745,55.041619,-73.254619,55.035257,2.0166666666666666,1389.4598437149464,688.9883522553454,NA,FALSE
RAF_228,228,2010065,Contournement,3,2012-12-10T02:01:00,2012-12-10T04:01:00,-73.254619,55.035257,-73.329009,55.024886,2,4861.085576362017,2430.5427881810083,16.805549321444648,FALSE
RAF_228,228,2010065,Contournement,4,2012-12-10T04:01:00,2012-12-10T06:01:00,-73.329009,55.024886,-73.361629,55.018224,2,2198.8835122013547,1099.4417561006774,5.88366637049178,FALSE
RAF_229,229,2010065,Traversée sur glace,2,2012-12-10T12:01:00,2012-12-10T14:00:00,-73.37369,55.01612,-73.44454,55.016807,1.9833333333333334,4501.27371588645,2269.549772715857,NA,FALSE
RAF_229,229,2010065,Traversée sur glace,3,2012-12-10T14:00:00,2012-12-10T16:00:00,-73.44454,55.016807,-73.546766,55.007335,2,6578.311622042076,3289.155811021038,10.056721809939887,FALSE
RAF_230,230,2010065,Contournement,2,2013-01-11T20:00:00,2013-01-12T03:01:00,-73.342828,55.002859,-73.307941,55.003147,7.016666666666667,2217.0950264116195,315.9755382059315,NA,FALSE
RAF_230,230,2010065,Contournement,3,2013-01-12T03:01:00,2013-01-12T10:00:00,-73.307941,55.003147,-73.261201,55.016152,6.983333333333333,3299.2965513975673,472.45296678724117,25.043472189914766,FALSE
RAF_230,230,2010065,Contournement,4,2013-01-12T10:00:00,2013-01-12T17:01:00,-73.261201,55.016152,-73.229361,55.078881,7.016666666666667,7223.366075917576,1029.4583481117686,47.94991444695716,FALSE
RAF_230,230,2010065,Contournement,5,2013-01-12T17:01:00,2013-01-13T00:00:00,-73.229361,55.078881,-73.236421000000007,55.1231,6.983333333333333,4909.17231607032,702.9841025399027,21.48858983899299,FALSE
RAF_231,231,2010080,Traversée sur glace,2,2010-11-18T14:00:00,2010-11-18T15:01:00,-74.093548,53.724699,-74.101971,53.702296,1.0166666666666666,2535.7645048529776,2494.1945949373553,NA,FALSE
RAF_231,231,2010080,Traversée sur glace,3,2010-11-18T15:01:00,2010-11-18T16:00:00,-74.101971,53.702296,-74.113839,53.676646,0.9833333333333333,2938.560500526635,2988.366610705053,2.7916312643603294,FALSE
RAF_232,232,2010080,Traversée sur glace,2,2010-12-17T04:00:00,2010-12-17T11:00:00,-76.277624,52.42696,-76.36807,52.455304,7,6861.003291592474,980.1433273703534,NA,FALSE
RAF_232,232,2010080,Traversée sur glace,3,2010-12-17T11:00:00,2010-12-17T18:00:00,-76.36807,52.455304,-76.443414,52.509345,7,7838.729524294248,1119.8185034706069,22.512712300731224,FALSE
RAF_232,232,2010080,Traversée sur glace,4,2010-12-17T18:00:00,2010-12-18T01:00:00,-76.443414,52.509345,-76.561573,52.619395,7,14526.209087714493,2075.1727268163563,7.285714161229572,FALSE
RAF_232,232,2010080,Traversée sur glace,5,2010-12-18T01:00:00,2010-12-18T08:00:00,-76.561573,52.619395,-76.568842,52.656096,7,4083.1195005280188,583.302785789717,26.375834355259222,FALSE
RAF_233,233,2010080,Traversée sur glace,2,2010-12-24T18:00:00,2010-12-25T01:00:00,-77.280137,53.493261,-77.323918,53.534196,7,5362.690062709905,766.0985803871292,NA,FALSE
RAF_233,233,2010080,Traversée sur glace,3,2010-12-25T01:00:00,2010-12-25T08:00:00,-77.323918,53.534196,-77.359411,53.640333,7,11954.791052513583,1707.827293216226,21.295282877680023,FALSE
RAF_233,233,2010080,Traversée sur glace,4,2010-12-25T08:00:00,2010-12-25T15:00:00,-77.359411,53.640333,-77.411577,53.748005,7,12376.873787637163,1768.124826805309,4.753623657960531,FALSE
RAF_233,233,2010080,Traversée sur glace,5,2010-12-25T15:00:00,2010-12-25T22:00:00,-77.411577,53.748005,-77.294409,53.877303,7,16209.125682234358,2315.589383176337,44.220527432535455,FALSE
RAF_234,234,2010081,Traversée sur glace,2,2010-11-26T15:00:00,2010-11-26T16:00:00,-74.211798,53.733738,-74.215541,53.681605,1,5764.561965638655,5764.561965638655,NA,FALSE
RAF_234,234,2010081,Traversée sur glace,3,2010-11-26T16:00:00,2010-11-26T17:01:00,-74.215541,53.681605,-74.235641,53.640364,1.0166666666666666,4743.049140606464,4665.2942366620955,13.715337961328512,FALSE
RAF_235,235,2010081,Traversée sur glace,2,2010-12-20T23:01:00,2010-12-21T06:00:00,-76.791797,53.024388,-76.848194,53.049797,6.983333333333333,4687.888420161856,671.2966711448958,NA,FALSE
RAF_235,235,2010081,Traversée sur glace,3,2010-12-21T06:00:00,2010-12-21T13:00:00,-76.848194,53.049797,-76.855903,53.052345,7,585.2176236177903,83.60251765968432,8.004927731295016,FALSE
RAF_235,235,2010081,Traversée sur glace,4,2010-12-21T13:00:00,2010-12-21T20:00:00,-76.855903,53.052345,-76.984235,53.153687,7,14074.420551839858,2010.631507405694,23.996800716090284,FALSE
RAF_236,236,2010081,Traversée sur glace,2,2010-12-23T14:00:00,2010-12-23T21:00:00,-77.229572,53.457703,-77.323877,53.560034,7,12897.734947916093,1842.5335639880134,NA,FALSE
RAF_236,236,2010081,Traversée sur glace,3,2010-12-23T21:00:00,2010-12-24T04:01:00,-77.323877,53.560034,-77.34017,53.592592,7.016666666666667,3752.802673623806,534.8412361459107,12.241489379872677,FALSE
RAF_236,236,2010081,Traversée sur glace,4,2010-12-24T04:01:00,2010-12-24T11:00:00,-77.34017,53.592592,-77.444379,53.687122,6.983333333333333,12484.240018274082,1787.719334359057,16.59549751698194,FALSE
RAF_236,236,2010081,Traversée sur glace,5,2010-12-24T11:00:00,2010-12-24T18:00:00,-77.444379,53.687122,-77.434406,53.795727,7,12015.924811106606,1716.5606873009438,36.38293884086473,FALSE
RAF_237,237,2010081,Contournement,2,2011-11-12T12:00:00,2011-11-12T13:00:00,-72.664732,54.999417,-72.678274,55.011448,1,1584.0929167097365,1584.0929167097365,NA,FALSE
RAF_237,237,2010081,Contournement,3,2011-11-12T13:00:00,2011-11-12T14:00:00,-72.678274,55.011448,-72.691897,55.020843,1,1351.8959881377457,1351.8959881377457,6.88934859244016,FALSE
RAF_237,237,2010081,Contournement,4,2011-11-12T14:00:00,2011-11-12T15:00:00,-72.691897,55.020843,-72.727089,55.021166,1,2235.553906263708,2235.553906263708,49.263910727749334,FALSE
RAF_237,237,2010081,Contournement,5,2011-11-12T15:00:00,2011-11-12T16:00:00,-72.727089,55.021166,-72.733165,55.023652,1,473.77145686698884,473.77145686698884,34.55803636377283,FALSE
RAF_237,237,2010081,Contournement,6,2011-11-12T16:00:00,2011-11-12T17:00:00,-72.733165,55.023652,-72.726208,55.023482,1,442.2554700983141,442.2554700983141,146.97844080110474,FALSE
RAF_237,237,2010081,Contournement,7,2011-11-12T17:00:00,2011-11-12T18:01:00,-72.726208,55.023482,-72.715771,55.015411,1.0166666666666666,1111.5809165903345,1093.3582786134439,50.94509751242652,FALSE
RAF_237,237,2010081,Contournement,8,2011-11-12T18:01:00,2011-11-12T19:00:00,-72.715771,55.015411,-72.712875,55.013917,0.9833333333333333,247.2328111196409,251.42319774878737,11.476812927109764,FALSE
RAF_237,237,2010081,Contournement,9,2011-11-12T19:00:00,2011-11-12T20:00:00,-72.712875,55.013917,-72.696782,55.020374,1,1246.8238228816997,1246.8238228816997,76.84937509442013,FALSE
RAF_237,237,2010081,Contournement,10,2011-11-12T20:00:00,2011-11-12T21:00:00,-72.696782,55.020374,-72.682499000000007,55.017796,1,950.9581692012649,950.9581692012649,52.35289888496084,FALSE
RAF_238,238,2010081,Contournement,2,2011-11-13T13:00:00,2011-11-13T14:00:00,-72.671849,55.001732,-72.672833,54.992402,1,1033.3131859299924,1033.3131859299924,NA,FALSE
RAF_238,238,2010081,Contournement,3,2011-11-13T14:00:00,2011-11-13T15:00:00,-72.672833,54.992402,-72.701537,54.981144,1,2208.710228185337,2208.710228185337,52.24591152293875,FALSE
RAF_238,238,2010081,Contournement,4,2011-11-13T15:00:00,2011-11-13T16:00:00,-72.701537,54.981144,-72.731442,54.970504,1,2235.926145518664,2235.926145518664,2.5804721340974788,FALSE
RAF_238,238,2010081,Contournement,5,2011-11-13T16:00:00,2011-11-13T17:00:00,-72.731442,54.970504,-72.791144,54.970413,1,3796.730476828924,3796.730476828924,31.623344408225943,FALSE
RAF_238,238,2010081,Contournement,6,2011-11-13T17:00:00,2011-11-13T18:01:00,-72.791144,54.970413,-72.845814,54.966651,1.0166666666666666,3501.6559967060966,3444.2518000387836,6.6232577028402835,FALSE
RAF_238,238,2010081,Contournement,7,2011-11-13T18:01:00,2011-11-13T19:00:00,-72.845814,54.966651,-72.853796,54.964659,0.9833333333333333,553.3721156400684,562.7513040407475,16.603418981641447,FALSE
RAF_238,238,2010081,Contournement,8,2011-11-13T19:00:00,2011-11-13T20:00:00,-72.853796,54.964659,-72.866309,54.961558,1,866.5854199400713,866.5854199400713,0.1554673268881024,FALSE
RAF_238,238,2010081,Contournement,9,2011-11-13T20:00:00,2011-11-13T21:00:00,-72.866309,54.961558,-72.898853,54.952416,1,2303.790510589875,2303.790510589875,2.699004717540328,FALSE
RAF_238,238,2010081,Contournement,10,2011-11-13T21:00:00,2011-11-13T22:00:00,-72.898853,54.952416,-72.915917,54.947032,1,1238.1540875263008,1238.1540875263008,2.6917721018119667,FALSE
RAF_239,239,2010081,Contournement,2,2011-11-14T12:00:00,2011-11-14T13:00:00,-72.922344,54.938505,-72.953129,54.933055,1,2049.934319355726,2049.934319355726,NA,FALSE
RAF_239,239,2010081,Contournement,3,2011-11-14T13:00:00,2011-11-14T14:00:00,-72.953129,54.933055,-72.970443,54.931555,1,1114.4992202713026,1114.4992202713026,8.554256964251852,FALSE
RAF_239,239,2010081,Contournement,4,2011-11-14T14:00:00,2011-11-14T15:00:00,-72.970443,54.931555,-72.987707,54.924917,1,1321.4723015163006,1321.4723015163006,25.15985917541028,FALSE
RAF_239,239,2010081,Contournement,5,2011-11-14T15:00:00,2011-11-14T16:00:00,-72.987707,54.924917,-73.008021,54.92036,1,1387.9965403775468,1387.9965403775468,12.464829669097359,FALSE
RAF_239,239,2010081,Contournement,6,2011-11-14T16:00:00,2011-11-14T17:01:00,-73.008021,54.92036,-73.014262,54.920606,1.0166666666666666,398.30429858925214,391.7747199238546,25.20559397354288,FALSE
RAF_239,239,2010081,Contournement,7,2011-11-14T17:01:00,2011-11-14T18:00:00,-73.014262,54.920606,-73.040538,54.916289,0.9833333333333333,1739.8448544756777,1769.3337503142486,19.82114816929203,FALSE
RAF_239,239,2010081,Contournement,8,2011-11-14T18:00:00,2011-11-14T19:00:00,-73.040538,54.916289,-73.050429,54.916022,1,630.5338157088896,630.5338157088896,13.250885673648266,FALSE
RAF_239,239,2010081,Contournement,9,2011-11-14T19:00:00,2011-11-14T20:00:00,-73.050429,54.916022,-73.074358,54.915789,1,1523.9863670346394,1523.9863670346394,1.728108421247719,FALSE
RAF_239,239,2010081,Contournement,10,2011-11-14T20:00:00,2011-11-14T21:00:00,-73.074358,54.915789,-73.082458,54.913853,1,558.4456583434662,558.4456583434662,21.552312961893197,FALSE
RAF_240,240,2010081,Contournement,2,2011-11-15T01:00:00,2011-11-15T02:00:00,-73.087412,54.913727,-73.1065,54.91326,1,1216.666695776738,1216.666695776738,NA,FALSE
RAF_240,240,2010081,Contournement,3,2011-11-15T02:00:00,2011-11-15T03:00:00,-73.1065,54.91326,-73.110848,54.91233,1,295.3643839064255,295.3643839064255,17.927439793084638,FALSE
RAF_240,240,2010081,Contournement,4,2011-11-15T03:00:00,2011-11-15T04:00:00,-73.110848,54.91233,-73.110839,54.912293,1,4.130018277204303,4.130018277204303,77.6068342591168,FALSE
RAF_240,240,2010081,Contournement,5,2011-11-15T04:00:00,2011-11-15T05:00:00,-73.110839,54.912293,-73.139009,54.909893,1,1813.5497643141061,1813.5497643141061,89.57658524320321,FALSE
RAF_240,240,2010081,Contournement,6,2011-11-15T05:00:00,2011-11-15T06:00:00,-73.139009,54.909893,-73.168406,54.905111,1,1945.5351300426669,1945.5351300426669,7.330783684835476,FALSE
RAF_240,240,2010081,Contournement,7,2011-11-15T06:00:00,2011-11-15T07:00:00,-73.168406,54.905111,-73.187094,54.902821,1,1216.991269192682,1216.991269192682,3.7795129527145686,FALSE
RAF_241,241,2010081,Contournement,2,2012-01-10T16:00:00,2012-01-10T23:00:00,-73.534914,55.001766,-73.317657,55.023898,7,14017.30125194873,2002.471607421247,NA,FALSE
RAF_241,241,2010081,Contournement,3,2012-01-10T23:00:00,2012-01-11T06:00:00,-73.317657,55.023898,-73.257468,55.036356,7,4062.704021310963,580.386288758709,9.874567505188125,FALSE
RAF_242,242,2010081,Traversée sur glace,2,2012-01-12T03:01:00,2012-01-12T10:00:00,-73.183457,55.031935,-73.091332,55.027633,6.983333333333333,5869.497125285668,840.5007816638188,NA,FALSE
RAF_242,242,2010081,Traversée sur glace,3,2012-01-12T10:00:00,2012-01-12T17:00:00,-73.091332,55.027633,-73.027416,55.043721,7,4430.888887121452,632.984126731636,28.3758108947863,FALSE
RAF_242,242,2010081,Traversée sur glace,4,2012-01-12T17:00:00,2012-01-13T00:01:00,-73.027416,55.043721,-72.946474,55.046065,7.016666666666667,5144.6864669054985,733.2094727181233,20.720532800821324,FALSE
RAF_242,242,2010081,Traversée sur glace,5,2012-01-13T00:01:00,2012-01-13T07:01:00,-72.946474,55.046065,-72.907669,55.049048,7,2485.139717747818,355.0199596782597,4.786421633643516,FALSE
RAF_242,242,2010081,Traversée sur glace,6,2012-01-13T07:01:00,2012-01-13T14:00:00,-72.907669,55.049048,-72.853371,55.017793,6.983333333333333,4881.204555738349,698.9791726594294,52.65079895951607,FALSE
RAF_242,242,2010081,Traversée sur glace,7,2012-01-13T14:00:00,2012-01-13T21:01:00,-72.853371,55.017793,-72.851985,55.018851,7.016666666666667,146.393738830999,20.863715747885845,98.11532034972254,FALSE
RAF_242,242,2010081,Traversée sur glace,8,2012-01-13T21:01:00,2012-01-14T04:00:00,-72.851985,55.018851,-72.852742,55.018301,6.983333333333333,77.5184735064172,11.10049739948695,178.63155217570238,FALSE
RAF_242,242,2010081,Traversée sur glace,9,2012-01-14T04:00:00,2012-01-14T11:00:00,-72.852742,55.018301,-72.851931,55.013909,7,488.26200005550953,69.75171429364421,44.39481820633924,FALSE
RAF_242,242,2010081,Traversée sur glace,10,2012-01-14T11:00:00,2012-01-14T18:01:00,-72.851931,55.013909,-72.815035,55.027149,7.016666666666667,2763.061501489692,393.78548714817464,115.94590594784803,FALSE
RAF_242,242,2010081,Traversée sur glace,11,2012-01-14T18:01:00,2012-01-15T01:01:00,-72.815035,55.027149,-72.708404,55.076429,7,8688.134140595612,1241.1620200850873,6.904109479432367,FALSE
RAF_242,242,2010081,Traversée sur glace,12,2012-01-15T01:01:00,2012-01-15T08:00:00,-72.708404,55.076429,-72.67615,55.086419,6.983333333333333,2324.7540023578126,332.90033446651256,10.41385333305298,FALSE
RAF_242,242,2010081,Traversée sur glace,13,2012-01-15T08:00:00,2012-01-15T15:01:00,-72.67615,55.086419,-72.596556,55.109528,7.016666666666667,5655.9718167612245,806.0767434814097,1.4664876909600058,FALSE
RAF_242,242,2010081,Traversée sur glace,14,2012-01-15T15:01:00,2012-01-15T22:00:00,-72.596556,55.109528,-72.437516,55.142474,6.983333333333333,10714.026771421857,1534.2281772919127,6.882670302003768,FALSE
RAF_242,242,2010081,Traversée sur glace,15,2012-01-15T22:00:00,2012-01-16T05:00:00,-72.437516,55.142474,-72.426194,55.14518,7,776.8999402620022,110.9857057517146,2.8423672450817565,FALSE
RAF_243,243,2010081,Contournement,2,2012-01-16T12:00:00,2012-01-16T19:00:00,-72.418928,55.146527,-72.36834,55.156366,7,3382.6573826147687,483.23676894496697,NA,FALSE
RAF_243,243,2010081,Contournement,3,2012-01-16T19:00:00,2012-01-17T02:00:00,-72.36834,55.156366,-72.347085,55.158665,7,1369.3557330391857,195.6222475770265,8.032711690107362,FALSE
RAF_244,244,2010081,Traversée sur glace,2,2012-01-17T09:00:00,2012-01-17T16:01:00,-72.350235,55.162566,-72.32535,55.224792,7.016666666666667,7057.770233194299,1005.8579904789975,NA,FALSE
RAF_244,244,2010081,Traversée sur glace,3,2012-01-17T16:01:00,2012-01-17T23:00:00,-72.32535,55.224792,-72.325735,55.229996,6.983333333333333,575.9104750914178,82.46928044268512,15.317155653378485,FALSE
RAF_245,245,2011002,Contournement,2,2011-11-13T02:00:00,2011-11-13T03:00:00,-73.182658,55.157789,-73.187193,55.1458,1,1356.2640142870289,1356.2640142870289,NA,FALSE
RAF_245,245,2011002,Contournement,3,2011-11-13T03:00:00,2011-11-13T04:00:00,-73.187193,55.1458,-73.205422,55.130626,1,2036.5278926539606,2036.5278926539606,22.322129803832762,FALSE
RAF_245,245,2011002,Contournement,4,2011-11-13T04:00:00,2011-11-13T05:01:00,-73.205422,55.130626,-73.239281,55.112278,1.0166666666666666,2952.5358642369756,2904.1336369544024,12.088520711158273,FALSE
RAF_245,245,2011002,Contournement,5,2011-11-13T05:01:00,2011-11-13T06:00:00,-73.239281,55.112278,-73.252709,55.103401,0.9833333333333333,1299.0586391672734,1321.0765822040069,5.652056218328455,FALSE
RAF_245,245,2011002,Contournement,6,2011-11-13T06:00:00,2011-11-13T07:00:00,-73.252709,55.103401,-73.259526,55.110477,1,893.7010357169588,893.7010357169588,110.16310110509164,FALSE
RAF_245,245,2011002,Contournement,7,2011-11-13T07:00:00,2011-11-13T08:00:00,-73.259526,55.110477,-73.295336,55.109447,1,2272.4553770182742,2272.4553770182742,63.94237324163003,FALSE
RAF_246,246,2011002,Contournement,2,2011-11-13T15:00:00,2011-11-13T16:01:00,-73.429447,55.069746,-73.48733,55.058023,1.0166666666666666,3894.6494599989883,3830.8027475399886,NA,FALSE
RAF_246,246,2011002,Contournement,3,2011-11-13T16:01:00,2011-11-13T17:01:00,-73.48733,55.058023,-73.528486,55.05749,1,2612.4083348017434,2612.4083348017434,18.18422418986203,FALSE
RAF_247,247,2011002,Traversée sur glace,2,2012-02-17T21:00:00,2012-02-18T04:00:00,-72.63425,55.009064,-72.46667,55.213284,7,24951.418418366808,3564.4883454809724,NA,FALSE
RAF_247,247,2011002,Traversée sur glace,3,2012-02-18T04:00:00,2012-02-18T11:00:00,-72.46667,55.213284,-72.46441,55.232952,7,2179.331752194616,311.33310745637374,21.502136618111333,FALSE
RAF_248,248,2011002,Contournement,2,2012-04-06T07:00:00,2012-04-06T14:00:00,-74.884732,56.177356,-74.86534,56.183149,7,1357.8416106722786,193.97737295318265,NA,FALSE
RAF_248,248,2011002,Contournement,3,2012-04-06T14:00:00,2012-04-06T21:00:00,-74.86534,56.183149,-74.829406,56.212494,7,3932.216351686532,561.745193098076,27.528420581037995,FALSE
RAF_248,248,2011002,Contournement,4,2012-04-06T21:00:00,2012-04-07T04:00:00,-74.829406,56.212494,-74.800628,56.263492,7,5916.373475070597,845.196210724371,16.900117190461874,FALSE
RAF_248,248,2011002,Contournement,5,2012-04-07T04:00:00,2012-04-07T11:00:00,-74.800628,56.263492,-74.802938,56.267183,7,432.58381744835975,61.79768820690854,36.65876751975749,FALSE
RAF_248,248,2011002,Contournement,6,2012-04-07T11:00:00,2012-04-07T18:00:00,-74.802938,56.267183,-74.789924,56.283555,7,1981.3478226053594,283.04968894362275,43.05526534436701,FALSE
RAF_248,248,2011002,Contournement,7,2012-04-07T18:00:00,2012-04-08T01:00:00,-74.789924,56.283555,-74.786432,56.282322,7,254.64437853454587,36.37776836207798,98.54283562548639,FALSE
RAF_248,248,2011002,Contournement,8,2012-04-08T01:00:00,2012-04-08T08:00:00,-74.786432,56.282322,-74.749767,56.297294,7,2799.959376334854,399.99419661926487,68.71037301236996,FALSE
RAF_248,248,2011002,Contournement,9,2012-04-08T08:00:00,2012-04-08T15:00:00,-74.749767,56.297294,-74.645516,56.38273,7,11423.964970504943,1631.9949957864205,19.642168223294707,FALSE
RAF_249,249,2011002,Traversée à la nage,2,2012-11-09T18:00:00,2012-11-09T20:00:00,-72.625895,55.175473,-72.710583,55.09966,2,9951.229501168385,4975.614750584193,NA,FALSE
RAF_249,249,2011002,Traversée à la nage,3,2012-11-09T20:00:00,2012-11-09T22:01:00,-72.710583,55.09966,-72.745692,55.054112,2.0166666666666666,5506.025528875024,2730.2605928305907,8.71112007824538,FALSE
RAF_249,249,2011002,Traversée à la nage,4,2012-11-09T22:01:00,2012-11-10T00:00:00,-72.745692,55.054112,-72.761606,55.041937,1.9833333333333334,1682.8656786417675,848.5037035168575,13.050756153331655,FALSE
RAF_249,249,2011002,Traversée à la nage,5,2012-11-10T00:00:00,2012-11-10T02:00:00,-72.761606,55.041937,-72.764016,55.040878,2,192.6527186143969,96.32635930719844,15.696424133990991,FALSE
RAF_249,249,2011002,Traversée à la nage,6,2012-11-10T02:00:00,2012-11-10T04:00:00,-72.764016,55.040878,-72.766215,55.041217,2,144.54737253335145,72.27368626667572,52.45206741125877,FALSE
RAF_249,249,2011002,Traversée à la nage,7,2012-11-10T04:00:00,2012-11-10T06:00:00,-72.766215,55.041217,-72.772215,55.039068,2,448.9358444774836,224.4679222387418,46.97501496086162,FALSE
RAF_249,249,2011002,Traversée à la nage,8,2012-11-10T06:00:00,2012-11-10T08:00:00,-72.772215,55.039068,-72.778231,55.036841,2,454.4285076444756,227.2142538222378,0.8485516092410442,FALSE
RAF_249,249,2011002,Traversée à la nage,9,2012-11-10T08:00:00,2012-11-10T10:00:00,-72.778231,55.036841,-72.778267,55.036823,2,3.0305620151877184,1.5152810075938592,8.23559691872196,FALSE
RAF_249,249,2011002,Traversée à la nage,10,2012-11-10T10:00:00,2012-11-10T12:01:00,-72.778267,55.036823,-72.782975,55.035282,2.0166666666666666,344.0628298793447,170.60966770876595,11.365467901543614,FALSE
RAF_249,249,2011002,Traversée à la nage,11,2012-11-10T12:01:00,2012-11-10T14:00:00,-72.782975,55.035282,-72.85455,55.016545,1.9833333333333334,4995.351629129993,2518.6646869562987,5.211554853605071,FALSE
RAF_249,249,2011002,Traversée à la nage,12,2012-11-10T14:00:00,2012-11-10T16:00:00,-72.85455,55.016545,-72.89077,54.984122,2,4259.732686670551,2129.8663433352754,32.75162423139739,FALSE
RAF_249,249,2011002,Traversée à la nage,13,2012-11-10T16:00:00,2012-11-10T18:00:00,-72.89077,54.984122,-72.904041,54.980752,2,922.3056275879122,461.1528137939561,33.48879865453112,FALSE
RAF_249,249,2011002,Traversée à la nage,14,2012-11-10T18:00:00,2012-11-10T20:01:00,-72.904041,54.980752,-72.932155,54.972018,2.0166666666666666,2031.716656455619,1007.462804854026,4.533307637546533,FALSE
RAF_249,249,2011002,Traversée à la nage,15,2012-11-10T20:01:00,2012-11-10T22:00:00,-72.932155,54.972018,-72.963331,54.952363,1.9833333333333334,2941.6554687352,1483.1876312950587,19.216815957957653,FALSE
RAF_249,249,2011002,Traversée à la nage,16,2012-11-10T22:00:00,2012-11-11T00:00:00,-72.963331,54.952363,-73.0048,54.942949,2,2836.4619870099546,1418.2309935049773,26.11956304914313,FALSE
RAF_250,250,2012030,Contournement,2,2012-11-02T12:00:00,2012-11-02T14:01:00,-72.479131,55.244531,-72.53361,55.234652,2.0166666666666666,3611.079770813907,1790.6180681721853,NA,FALSE
RAF_250,250,2012030,Contournement,3,2012-11-02T14:01:00,2012-11-02T16:00:00,-72.53361,55.234652,-72.583864,55.22372,1.9833333333333334,3398.0388642838707,1713.2969063616154,3.1881443084838503,FALSE
RAF_250,250,2012030,Contournement,4,2012-11-02T16:00:00,2012-11-02T18:01:00,-72.583864,55.22372,-72.636621,55.216031,2.0166666666666666,3441.387241512551,1706.4730123202733,6.576188465244148,FALSE
RAF_250,250,2012030,Contournement,5,2012-11-02T18:01:00,2012-11-02T20:00:00,-72.636621,55.216031,-72.695878,55.218051,1.9833333333333334,3752.4957857938016,1892.014681912841,17.759354737504697,FALSE
RAF_250,250,2012030,Contournement,6,2012-11-02T20:00:00,2012-11-02T22:00:00,-72.695878,55.218051,-72.761438,55.221754,2,4164.165127563055,2082.0825637815274,2.280331580564428,FALSE
RAF_250,250,2012030,Contournement,7,2012-11-02T22:00:00,2012-11-03T00:00:00,-72.761438,55.221754,-72.780251,55.226064,2,1280.977864480087,640.4889322400435,16.231336084125594,FALSE
RAF_251,251,2012030,Contournement,2,2012-12-02T12:00:00,2012-12-02T14:00:00,-73.307817,54.983188,-73.302633,54.984817,2,375.5566974382525,187.77834871912626,NA,FALSE
RAF_251,251,2012030,Contournement,3,2012-12-02T14:00:00,2012-12-02T16:00:00,-73.302633,54.984817,-73.295586,54.989607,2,693.5929967279501,346.79649836397505,21.121077984462445,FALSE
RAF_251,251,2012030,Contournement,4,2012-12-02T16:00:00,2012-12-02T18:00:00,-73.295586,54.989607,-73.267576,54.99795,2,2004.9977461074393,1002.4988730537196,22.368045386705216,FALSE
RAF_251,251,2012030,Contournement,5,2012-12-02T18:00:00,2012-12-02T20:00:00,-73.267576,54.99795,-73.254476,55.032091,2,3864.9462679890344,1932.4731339945172,50.19506295137831,FALSE
RAF_251,251,2012030,Contournement,6,2012-12-02T20:00:00,2012-12-02T22:00:00,-73.254476,55.032091,-73.320613,55.052657,2,4774.681629753889,2387.3408148769445,73.97648823540733,FALSE
RAF_252,252,2012030,Traversée sur glace,2,2012-12-03T00:00:00,2012-12-03T02:00:00,-73.410231,55.041529,-73.511906,55.032677,2,6529.252850378806,3264.626425189403,NA,FALSE
RAF_252,252,2012030,Traversée sur glace,3,2012-12-03T02:00:00,2012-12-03T04:00:00,-73.511906,55.032677,-73.519816,55.024587,2,1025.7706747065733,512.8853373532867,52.01518659233768,FALSE
RAF_253,253,2012030,Traversée sur glace,2,2013-05-04T00:00:00,2013-05-04T02:00:00,-74.476234,56.012596,-74.444261,56.108599,2,10805.959195918485,5402.979597959243,NA,FALSE
RAF_253,253,2012030,Traversée sur glace,3,2013-05-04T02:00:00,2013-05-04T04:00:00,-74.444261,56.108599,-74.371172,56.208647,2,11956.644031546453,5978.322015773227,11.582847802605215,FALSE
RAF_254,254,2012030,Traversée sur glace,2,2013-05-04T10:01:00,2013-05-04T12:00:00,-74.378946,56.2361,-74.394186,56.261531,1.9833333333333334,2967.1447441886635,1496.0393668178135,NA,FALSE
RAF_254,254,2012030,Traversée sur glace,3,2013-05-04T12:00:00,2013-05-04T14:00:00,-74.394186,56.261531,-74.388668,56.326534,2,7202.707794702995,3601.3538973514974,21.157227191661903,FALSE
RAF_255,255,2012030,Traversée à la nage,2,2013-10-25T12:00:00,2013-10-25T14:00:00,-71.857958,54.435374,-71.907919,54.417466,2,3778.8620506204775,1889.4310253102387,NA,FALSE
RAF_255,255,2012030,Traversée à la nage,3,2013-10-25T14:00:00,2013-10-25T16:00:00,-71.907919,54.417466,-71.908205,54.416133,2,148.45588522843732,74.22794261421866,51.266800403941595,FALSE
RAF_255,255,2012030,Traversée à la nage,4,2013-10-25T16:00:00,2013-10-25T18:00:00,-71.908205,54.416133,-71.904262,54.417669,2,305.59919634853145,152.79959817426572,130.87446148158514,FALSE
RAF_255,255,2012030,Traversée à la nage,5,2013-10-25T18:00:00,2013-10-25T20:00:00,-71.904262,54.417669,-71.905401,54.418774,2,142.47658877944792,71.23829438972396,87.27210223925299,FALSE
RAF_255,255,2012030,Traversée à la nage,6,2013-10-25T20:00:00,2013-10-25T22:00:00,-71.905401,54.418774,-71.894978,54.423135,2,826.6936662141728,413.3468331070864,85.34914255841744,FALSE
RAF_255,255,2012030,Traversée à la nage,7,2013-10-25T22:00:00,2013-10-26T00:00:00,-71.894978,54.423135,-71.891795,54.424826,2,277.46983445051177,138.73491722525588,6.682734430365562,FALSE
RAF_256,256,2012030,Contournement,2,2013-10-27T12:00:00,2013-10-27T14:00:00,-71.869222,54.429967,-71.878879,54.423405,2,955.5305894330951,477.76529471654754,NA,FALSE
RAF_256,256,2012030,Contournement,3,2013-10-27T14:00:00,2013-10-27T16:00:00,-71.878879,54.423405,-71.872094,54.423424,2,437.2263642309301,218.61318211546504,130.90621295289128,FALSE
RAF_256,256,2012030,Contournement,4,2013-10-27T16:00:00,2013-10-27T18:00:00,-71.872094,54.423424,-71.827332,54.403377,2,3637.5456660413565,1818.7728330206783,37.77340818128988,FALSE
RAF_256,256,2012030,Contournement,5,2013-10-27T18:00:00,2013-10-27T20:00:00,-71.827332,54.403377,-71.786293,54.368924,2,4636.951345391418,2318.475672695709,17.638944752378812,FALSE
RAF_257,257,2012030,Contournement,2,2013-11-08T14:00:00,2013-11-08T16:00:00,-72.936114,53.799738,-72.994467,53.80696,2,3898.616721190609,1949.3083605953045,NA,FALSE
RAF_257,257,2012030,Contournement,3,2013-11-08T16:00:00,2013-11-08T18:00:00,-72.994467,53.80696,-73.014168,53.801162,2,1438.8108525421242,719.4054262710621,38.213725028957676,FALSE
RAF_257,257,2012030,Contournement,4,2013-11-08T18:00:00,2013-11-08T20:01:00,-73.014168,53.801162,-73.075295,53.782627,2.0166666666666666,4492.413633247374,2227.6431239243175,0.6490808460184984,FALSE
RAF_258,258,2012030,Traversée sur glace,2,2013-12-17T11:00:00,2013-12-17T18:00:00,-76.499448,52.360322,-76.606831,52.363521,7,7270.02449284669,1038.574927549527,NA,FALSE
RAF_258,258,2012030,Traversée sur glace,3,2013-12-17T18:00:00,2013-12-18T01:00:00,-76.606831,52.363521,-76.752693,52.334133,7,10386.667962850892,1483.8097089786988,20.895876069400583,FALSE
RAF_259,259,2012030,Traversée sur glace,2,2014-01-15T15:00:00,2014-01-15T22:00:00,-76.985226,53.164309,-76.773391,53.264269,7,17866.335530630702,2552.3336472329574,NA,FALSE
RAF_259,259,2012030,Traversée sur glace,3,2014-01-15T22:00:00,2014-01-16T05:00:00,-76.773391,53.264269,-76.735775,53.3132,7,5950.922587457722,850.1317982082461,27.195342607781964,FALSE
RAF_260,260,2012030,Contournement,2,2014-01-16T12:00:00,2014-01-16T19:00:00,-76.720715,53.330386,-76.604103,53.438482,7,14208.923216162886,2029.846173737555,NA,FALSE
RAF_260,260,2012030,Contournement,3,2014-01-16T19:00:00,2014-01-17T02:00:00,-76.604103,53.438482,-76.506411,53.516794,7,10783.481194498183,1540.4973134997404,3.749406793453575,FALSE
RAF_261,261,2012030,Traversée sur glace,2,2014-01-19T17:00:00,2014-01-20T00:00:00,-76.374254,53.578584,-76.378645,53.601732,7,2573.3933109934896,367.6276158562128,NA,FALSE
RAF_261,261,2012030,Traversée sur glace,3,2014-01-20T00:00:00,2014-01-20T07:00:00,-76.378645,53.601732,-76.379948,53.602176,7,98.67160748747092,14.09594392678156,53.75075724398268,FALSE
RAF_261,261,2012030,Traversée sur glace,4,2014-01-20T07:00:00,2014-01-20T14:01:00,-76.379948,53.602176,-76.406315,53.612376,7.016666666666667,2066.5274872865607,294.51698156103004,3.2458870733118084,FALSE
RAF_262,262,2012030,Traversée sur glace,2,2014-01-23T12:00:00,2014-01-23T19:00:00,-76.42495,53.626637,-76.498994,53.635363,7,4956.583852622452,708.0834075174931,NA,FALSE
RAF_262,262,2012030,Traversée sur glace,3,2014-01-23T19:00:00,2014-01-24T02:00:00,-76.498994,53.635363,-76.790403,53.708154,7,20738.878338819268,2962.6969055456098,11.74604033038655,FALSE
RAF_262,262,2012030,Traversée sur glace,4,2014-01-24T02:00:00,2014-01-24T09:00:00,-76.790403,53.708154,-76.825938,53.696482,7,2662.4930290962843,380.3561470137549,51.65011629571979,FALSE
RAF_262,262,2012030,Traversée sur glace,5,2014-01-24T09:00:00,2014-01-24T16:00:00,-76.825938,53.696482,-76.87185,53.677484,7,3670.0720195707995,524.2960027958285,5.8807501004107525,FALSE
RAF_262,262,2012030,Traversée sur glace,6,2014-01-24T16:00:00,2014-01-25T06:01:00,-76.87185,53.677484,-76.871675,53.677082,14.016666666666667,45.869519671553846,3.2724984307886213,69.59346399722773,TRUE
RAF_262,262,2012030,Traversée sur glace,7,2014-01-25T06:01:00,2014-01-25T13:01:00,-76.871675,53.677082,-76.871589,53.677089,7,5.69364902053106,0.8133784315044371,83.31427210176543,FALSE
RAF_262,262,2012030,Traversée sur glace,8,2014-01-25T13:01:00,2014-01-25T20:01:00,-76.871589,53.677089,-76.872445,53.677278,7,59.90297123349981,8.557567319071401,151.79481585936517,FALSE
RAF_262,262,2012030,Traversée sur glace,9,2014-01-25T20:01:00,2014-01-26T10:02:00,-76.872445,53.677278,-76.870507,53.67798,14.016666666666667,148.90457040366985,10.623393845683937,128.21367384274757,TRUE
RAF_262,262,2012030,Traversée sur glace,10,2014-01-26T10:02:00,2014-01-26T17:01:00,-76.870507,53.67798,-76.870305,53.678619,6.983333333333333,71.82477253569418,10.28517029150752,47.983875043710064,FALSE
RAF_262,262,2012030,Traversée sur glace,11,2014-01-26T17:01:00,2014-01-27T00:01:00,-76.870305,53.678619,-76.878,53.677824,7,512.2992609652722,73.1856087093246,110.49819575533488,FALSE
RAF_262,262,2012030,Traversée sur glace,12,2014-01-27T00:01:00,2014-01-27T07:01:00,-76.878,53.677824,-76.879817,53.677507,7,124.21723653399893,17.74531950485699,6.5000458031525,FALSE
RAF_262,262,2012030,Traversée sur glace,13,2014-01-27T07:01:00,2014-01-27T21:00:00,-76.879817,53.677507,-77.087418,53.586477,13.983333333333333,16939.332036293043,1211.39442452632,19.95818570405502,TRUE
RAF_263,263,2012030,Traversée sur glace,2,2014-01-29T15:01:00,2014-01-29T22:00:00,-77.14252,53.551355,-77.147226,53.526272,6.983333333333333,2788.129783709639,399.25486162906526,NA,FALSE
RAF_263,263,2012030,Traversée sur glace,3,2014-01-29T22:00:00,2014-01-30T05:00:00,-77.147226,53.526272,-77.148427,53.524069,7,255.8800569825318,36.554293854647405,11.622044465997615,FALSE
RAF_264,264,2012030,Traversée sur glace,2,2014-03-04T18:00:00,2014-03-05T01:00:00,-77.064722,53.493284,-77.04215,53.530402,7,4361.401357632555,623.0573368046507,NA,FALSE
RAF_264,264,2012030,Traversée sur glace,3,2014-03-05T01:00:00,2014-03-05T08:00:00,-77.04215,53.530402,-77.041378,53.531024,7,85.457652001832,12.208236000261715,16.548597942507403,FALSE
RAF_265,265,2012030,Traversée sur glace,2,2014-03-05T15:00:00,2014-03-05T22:01:00,-77.033451,53.528746,-77.015442,53.515079,7.016666666666667,1919.61725424497,273.5796561869316,NA,FALSE
RAF_265,265,2012030,Traversée sur glace,3,2014-03-05T22:01:00,2014-03-06T05:00:00,-77.015442,53.515079,-77.014886,53.515398,6.983333333333333,50.81279577917087,7.276295338306091,95.7749606900792,FALSE
RAF_265,265,2012030,Traversée sur glace,4,2014-03-06T05:00:00,2014-03-06T12:00:00,-77.014886,53.515398,-77.014828,53.516119,7,79.73869767808135,11.391242525440193,43.34663334660476,FALSE
RAF_265,265,2012030,Traversée sur glace,5,2014-03-06T12:00:00,2014-03-06T19:01:00,-77.014828,53.516119,-77.0136,53.51688,7.016666666666667,116.63608559031876,16.622720036625,41.13771495489981,FALSE
RAF_265,265,2012030,Traversée sur glace,6,2014-03-06T19:01:00,2014-03-07T02:00:00,-77.0136,53.51688,-77.012176,53.516271,6.983333333333333,115.3949441549717,16.524335678516234,81.77727716037386,FALSE
RAF_265,265,2012030,Traversée sur glace,7,2014-03-07T02:00:00,2014-03-07T09:01:00,-77.012176,53.516271,-77.014004,53.516983,7.016666666666667,143.77587249974653,20.490623159108768,177.50365686951034,FALSE
RAF_265,265,2012030,Traversée sur glace,8,2014-03-07T09:01:00,2014-03-07T16:01:00,-77.014004,53.516983,-77.007601,53.51516,7,467.2053087531221,66.7436155361603,172.3664696252778,FALSE
RAF_265,265,2012030,Traversée sur glace,9,2014-03-07T16:01:00,2014-03-07T23:00:00,-77.007601,53.51516,-77.015086,53.515336,6.983333333333333,493.20750777633276,70.6263734285918,156.7262597221508,FALSE
RAF_265,265,2012030,Traversée sur glace,10,2014-03-07T23:00:00,2014-03-08T06:00:00,-77.015086,53.515336,-77.01671,53.498116,7,1905.2530773450242,272.17901104928916,89.03765602232842,FALSE
RAF_266,266,2013002,Contournement,2,2013-12-02T08:00:00,2013-12-02T10:00:00,-73.088278,54.19787,-73.205359,54.169155,2,8224.645977904473,4112.322988952236,NA,FALSE
RAF_266,266,2013002,Contournement,3,2013-12-02T10:00:00,2013-12-02T12:00:00,-73.205359,54.169155,-73.317048,54.139854,2,7934.156465690387,3967.0782328451937,1.299239091079116,FALSE
RAF_267,267,2013005,Contournement,2,2013-10-16T16:00:00,2013-10-16T18:00:00,-72.300211,55.234472,-72.301407,55.227667,2,756.204183119149,378.1020915595745,NA,FALSE
RAF_267,267,2013005,Contournement,3,2013-10-16T18:00:00,2013-10-16T20:00:00,-72.301407,55.227667,-72.292069,55.214793,2,1540.9633678797222,770.4816839398611,28.26033686461107,FALSE
RAF_267,267,2013005,Contournement,4,2013-10-16T20:00:00,2013-10-16T22:00:00,-72.292069,55.214793,-72.26612,55.175004,2,4695.44998246462,2347.72499123231,2.0482917164457914,FALSE
RAF_267,267,2013005,Contournement,5,2013-10-16T22:00:00,2013-10-17T00:00:00,-72.26612,55.175004,-72.267138,55.168466,2,725.7273571941419,362.86367859707093,25.54161494089402,FALSE
RAF_267,267,2013005,Contournement,6,2013-10-17T00:00:00,2013-10-17T02:00:00,-72.267138,55.168466,-72.263845,55.168631,2,209.20574717741394,104.60287358870697,100.09633026757135,FALSE
RAF_267,267,2013005,Contournement,7,2013-10-17T02:00:00,2013-10-17T04:00:00,-72.263845,55.168631,-72.249066,55.171477,2,986.8175243971467,493.40876219857336,13.599005526861017,FALSE
RAF_267,267,2013005,Contournement,8,2013-10-17T04:00:00,2013-10-17T06:00:00,-72.249066,55.171477,-72.236358,55.162383,2,1287.5739102963619,643.7869551481809,69.92580996952042,FALSE
RAF_267,267,2013005,Contournement,9,2013-10-17T06:00:00,2013-10-17T08:00:00,-72.236358,55.162383,-72.23562,55.162787,2,64.63224788249377,32.316123941246886,95.0649336860013,FALSE
RAF_267,267,2013005,Contournement,10,2013-10-17T08:00:00,2013-10-17T10:00:00,-72.23562,55.162787,-72.233935,55.164064,2,176.94431899523508,88.47215949761754,9.216295547453026,FALSE
RAF_267,267,2013005,Contournement,11,2013-10-17T10:00:00,2013-10-17T12:00:00,-72.233935,55.164064,-72.234641,55.149927,2,1563.653145057036,781.826572528518,144.56994718400264,FALSE
RAF_267,267,2013005,Contournement,12,2013-10-17T12:00:00,2013-10-17T14:00:00,-72.234641,55.149927,-72.227413,55.129786,2,2273.3642554479043,1136.6821277239521,13.257150498242483,FALSE
RAF_268,268,2013008,Contournement,2,2013-11-18T12:00:00,2013-11-18T14:00:00,-72.809517,54.226322,-72.790679,54.228957,2,1253.8776436682713,626.9388218341356,NA,FALSE
RAF_268,268,2013008,Contournement,3,2013-11-18T14:00:00,2013-11-18T16:00:00,-72.790679,54.228957,-72.784703,54.230874,2,441.0689187581315,220.53445937906574,15.284584011081598,FALSE
RAF_268,268,2013008,Contournement,4,2013-11-18T16:00:00,2013-11-18T18:00:00,-72.784703,54.230874,-72.781288,54.226418,2,539.7348637346663,269.86743186733315,94.51684486930978,FALSE
RAF_268,268,2013008,Contournement,5,2013-11-18T18:00:00,2013-11-18T20:01:00,-72.781288,54.226418,-72.757402,54.211131,2.0166666666666666,2290.3497623227895,1135.7106259451848,18.30976753127058,FALSE
RAF_269,269,2013008,Contournement,2,2013-11-20T18:00:00,2013-11-20T20:00:00,-72.688571,54.178751,-72.691618,54.170997,2,879.2463515332156,439.6231757666078,NA,FALSE
RAF_269,269,2013008,Contournement,3,2013-11-20T20:00:00,2013-11-20T22:00:00,-72.691618,54.170997,-72.744727,54.149094,2,4209.229363959571,2104.6146819797855,41.94371154738572,FALSE
RAF_270,270,2013008,Contournement,2,2013-11-21T02:00:00,2013-11-21T04:00:00,-72.746117,54.147929,-72.770504,54.125999,2,2893.9585844263847,1446.9792922131924,NA,FALSE
RAF_270,270,2013008,Contournement,3,2013-11-21T04:00:00,2013-11-21T12:00:00,-72.770504,54.125999,-72.789773,54.117619,8,1556.1078984068363,194.51348730085454,20.358865680298557,FALSE
RAF_270,270,2013008,Contournement,4,2013-11-21T12:00:00,2013-11-21T14:00:00,-72.789773,54.117619,-72.805534,54.110705,2,1276.889900426657,638.4449502133285,0.21845487189388246,FALSE
RAF_270,270,2013008,Contournement,5,2013-11-21T14:00:00,2013-11-21T16:00:00,-72.805534,54.110705,-72.806569,54.099,2,1295.0408250898997,647.5204125449499,50.27188915412719,FALSE
RAF_271,271,2013008,Traversée sur glace,2,2013-11-21T18:00:00,2013-11-21T20:00:00,-72.806821,54.098997,-72.826434,54.07816,2,2631.2648749650907,1315.6324374825454,NA,FALSE
RAF_271,271,2013008,Traversée sur glace,3,2013-11-21T20:00:00,2013-11-21T22:00:00,-72.826434,54.07816,-72.819195,54.035986,2,4683.445670566149,2341.7228352830743,34.719982910079715,FALSE
RAF_272,272,2013008,Traversée sur glace,2,2014-05-07T16:01:00,2014-05-07T18:00:00,-74.310395,53.637832,-74.299045,53.671623,1.9833333333333334,3806.550337150129,1919.2690775546869,NA,FALSE
RAF_272,272,2013008,Traversée sur glace,3,2014-05-07T18:00:00,2014-05-07T20:00:00,-74.299045,53.671623,-74.301271,53.738121,2,7347.739901590287,3673.8699507951437,12.425839143374251,FALSE
RAF_273,273,2013008,Contournement,2,2014-05-17T00:00:00,2014-05-17T02:00:00,-74.02656,55.910424,-74.029797,55.938814,2,3147.4503579041043,1573.7251789520521,NA,FALSE
RAF_273,273,2013008,Contournement,3,2014-05-17T02:00:00,2014-05-17T04:00:00,-74.029797,55.938814,-74.008507,55.976154,2,4337.565169000452,2168.782584500226,21.393010799412185,FALSE
RAF_273,273,2013008,Contournement,4,2014-05-17T04:00:00,2014-05-17T06:00:00,-74.008507,55.976154,-73.999506,55.999145,2,2604.387013381036,1302.193506690518,5.371692114168626,FALSE
RAF_273,273,2013008,Contournement,5,2014-05-17T06:00:00,2014-05-17T08:00:00,-73.999506,55.999145,-73.999498,55.999169,2,2.7014545182404737,1.3507272591202368,1.8007079597500073,FALSE
RAF_273,273,2013008,Contournement,6,2014-05-17T08:00:00,2014-05-17T10:00:00,-73.999498,55.999169,-73.962388,56.029637,2,4081.1524727531805,2040.5762363765903,23.70933310777259,FALSE
RAF_273,273,2013008,Contournement,7,2014-05-17T10:00:00,2014-05-17T12:00:00,-73.962388,56.029637,-73.924964,56.088963,2,6961.5389688961895,3480.7694844480948,14.894236005884018,FALSE
RAF_273,273,2013008,Contournement,8,2014-05-17T12:00:00,2014-05-17T14:00:00,-73.924964,56.088963,-73.939246,56.159426,2,7847.358971399946,3923.679485699973,25.90882782581686,FALSE
RAF_274,274,2013010,Contournement,2,2013-11-12T12:00:00,2013-11-12T14:00:00,-73.172747,54.196325,-73.19314,54.188155,2,1600.3218677792943,800.1609338896471,NA,FALSE
RAF_274,274,2013010,Contournement,3,2013-11-12T14:00:00,2013-11-12T16:00:00,-73.19314,54.188155,-73.22509,54.196087,2,2248.132107472022,1124.066053736011,57.30657770573448,FALSE
RAF_275,275,2013010,Traversée sur glace,2,2013-11-16T16:00:00,2013-11-16T18:00:00,-73.258262,54.154569,-73.230538,54.119299,2,4292.176029501652,2146.088014750826,NA,FALSE
RAF_275,275,2013010,Traversée sur glace,3,2013-11-16T18:00:00,2013-11-16T20:00:00,-73.230538,54.119299,-73.219119,54.091153,2,3197.0417486644,1598.5208743322,11.351218399015371,FALSE
RAF_276,276,2013010,Contournement,2,2013-11-17T20:00:00,2013-11-17T22:00:00,-73.25512,54.0705,-73.279895,54.072017,2,1618.659685193603,809.3298425968015,NA,FALSE
RAF_276,276,2013010,Contournement,3,2013-11-17T22:00:00,2013-11-18T00:00:00,-73.279895,54.072017,-73.288184,54.075132,2,639.1894043355632,319.5947021677816,26.648093075293765,FALSE
RAF_276,276,2013010,Contournement,4,2013-11-18T00:00:00,2013-11-18T02:00:00,-73.288184,54.075132,-73.295345,54.073947,2,483.3781302135733,241.68906510678664,48.28801670868932,FALSE
RAF_276,276,2013010,Contournement,5,2013-11-18T02:00:00,2013-11-18T04:00:00,-73.295345,54.073947,-73.29948,54.07181,2,357.6977460588351,178.84887302941755,25.587141070895587,FALSE
RAF_276,276,2013010,Contournement,6,2013-11-18T04:00:00,2013-11-18T06:00:00,-73.29948,54.07181,-73.293071,54.070462,2,442.30896842393474,221.15448421196737,119.01564950491532,FALSE
RAF_277,277,2013010,Contournement,2,2013-11-18T12:00:00,2013-11-18T14:00:00,-73.291061,54.071377,-73.295548,54.065553,2,706.4754238368569,353.23771191842843,NA,FALSE
RAF_277,277,2013010,Contournement,3,2013-11-18T14:00:00,2013-11-18T16:00:00,-73.295548,54.065553,-73.297779,54.073028,2,838.5355893739023,419.26779468695116,145.6683114700071,FALSE
RAF_277,277,2013010,Contournement,4,2013-11-18T16:00:00,2013-11-18T18:00:00,-73.297779,54.073028,-73.296989,54.073582,2,79.88742342674384,39.94371171337192,49.941767246351205,FALSE
RAF_277,277,2013010,Contournement,5,2013-11-18T18:00:00,2013-11-18T20:01:00,-73.296989,54.073582,-73.27467,54.079542000000004,2.0166666666666666,1592.6888700198447,789.7630760428982,25.583588249989333,FALSE
RAF_277,277,2013010,Contournement,6,2013-11-18T20:01:00,2013-11-18T22:00:00,-73.27467,54.079542000000004,-73.262477,54.079551,1.9833333333333334,792.1844564707488,399.4207343549994,24.336806131893653,FALSE
RAF_278,278,2013010,Traversée sur glace,2,2013-11-20T14:00:00,2013-11-20T16:00:00,-73.297361,54.072726,-73.291466,54.080628,2,953.4108481971094,476.7054240985547,NA,FALSE
RAF_278,278,2013010,Traversée sur glace,3,2013-11-20T16:00:00,2013-11-20T18:00:00,-73.291466,54.080628,-73.334621,54.106098,2,3971.872560658868,1985.936280329434,68.55690349032588,FALSE
RAF_279,279,2013010,Contournement,2,2013-12-21T13:00:00,2013-12-21T20:00:00,-75.924385,54.185768,-76.117044,54.201237,7,12599.700702070946,1799.9572431529923,NA,FALSE
RAF_279,279,2013010,Contournement,3,2013-12-21T20:00:00,2013-12-22T03:00:00,-76.117044,54.201237,-76.297393,54.179699,7,11926.307676477838,1703.758239496834,19.157751913497425,FALSE
RAF_279,279,2013010,Contournement,4,2013-12-22T03:00:00,2013-12-22T10:00:00,-76.297393,54.179699,-76.331563,54.180092,7,2215.1690796742887,316.45272566775554,12.719533061154939,FALSE
RAF_279,279,2013010,Contournement,5,2013-12-22T10:00:00,2013-12-22T17:00:00,-76.331563,54.180092,-76.424749,54.186894,7,6085.960004593023,869.4228577990033,6.0215882464649235,FALSE
RAF_280,280,2013102,Contournement,2,2013-09-17T21:00:00,2013-09-18T10:01:00,-72.742265,55.225316,-72.767361,55.222852,13.016666666666667,1609.3606909217165,123.63846537170676,NA,FALSE
RAF_280,280,2013102,Contournement,3,2013-09-18T10:01:00,2013-09-18T23:00:00,-72.767361,55.222852,-72.934251,55.190657,12.983333333333333,11136.582963598468,857.7599201744649,8.818001717464762,FALSE
RAF_280,280,2013102,Contournement,4,2013-09-18T23:00:00,2013-09-19T12:00:00,-72.934251,55.190657,-72.997286,55.182329,13,4092.5667757506244,314.81282890389417,5.730888877143675,FALSE
RAF_281,281,2013103,Traversée sur glace,2,2013-11-17T00:02:00,2013-11-17T13:00:00,-72.509331,54.262277,-72.372092,54.349308,12.966666666666667,13081.989548296959,1008.8937954984801,NA,FALSE
RAF_281,281,2013103,Traversée sur glace,3,2013-11-17T13:00:00,2013-11-18T02:00:00,-72.372092,54.349308,-72.311108,54.47185,13,14100.836719725281,1084.6797476711754,26.57337562099579,FALSE
RAF_283,283,2013104,Traversée sur glace,2,2013-11-15T09:01:00,2013-11-15T22:00:00,-73.065793,54.06603,-73.250256,54.094434,12.983333333333333,12388.536683111435,954.1876777749501,NA,FALSE
RAF_283,283,2013104,Traversée sur glace,3,2013-11-15T22:00:00,2013-11-16T11:00:00,-73.250256,54.094434,-73.312253,54.108023,13,4296.765174227227,330.520398017479,5.877230278123203,FALSE
RAF_284,284,2013104,Traversée sur glace,2,2013-11-27T20:02:00,2013-11-28T09:00:00,-76.234486,54.035093,-76.220109,54.094798,12.966666666666667,6662.591764013811,513.8245576360266,NA,FALSE
RAF_284,284,2013104,Traversée sur glace,3,2013-11-28T09:00:00,2013-11-28T22:00:00,-76.220109,54.094798,-76.548961,54.192045,13,23886.426491772076,1837.4174224440058,71.20278319453249,FALSE
RAF_285,285,2013105,Contournement,2,2013-11-14T20:01:00,2013-11-15T09:00:00,-72.906003,54.069992,-72.76869,54.119813,12.983333333333333,10480.136228880147,807.1991960626558,NA,FALSE
RAF_285,285,2013105,Contournement,3,2013-11-15T09:00:00,2013-11-15T22:01:00,-72.76869,54.119813,-72.621662,54.193515,13.016666666666667,12539.275068200845,963.3245891063389,8.928327602232798,FALSE
RAF_286,286,2013105,Traversée sur glace,2,2013-11-16T11:00:00,2013-11-17T00:00:00,-72.501305,54.273,-72.362324,54.399784,13,16638.00989761169,1279.8469152008993,NA,FALSE
RAF_286,286,2013105,Traversée sur glace,3,2013-11-17T00:00:00,2013-11-17T13:01:00,-72.362324,54.399784,-72.291542,54.426067,13.016666666666667,5408.374637374358,415.49613091224256,24.791407492820415,FALSE
RAF_287,287,2013105,Traversée sur glace,2,2013-11-28T09:00:00,2013-11-28T22:00:00,-70.834982,54.733363,-70.875526,54.610988999999996,13,13772.399352301923,1059.4153347924557,NA,FALSE
RAF_287,287,2013105,Traversée sur glace,3,2013-11-28T22:00:00,2013-11-29T11:00:00,-70.875526,54.610988999999996,-70.895623,54.597033,13,2010.3934163237823,154.6456474095217,29.050034241415915,FALSE
RAF_288,288,2013105,Traversée sur glace,2,2013-12-08T03:01:00,2013-12-08T16:00:00,-71.779365,54.385061,-71.893035,54.483644,12.983333333333333,13126.725898517176,1011.0443567535694,NA,FALSE
RAF_288,288,2013105,Traversée sur glace,3,2013-12-08T16:00:00,2013-12-09T05:01:00,-71.893035,54.483644,-72.098595,54.553761,13.016666666666667,15320.118916923622,1176.9617605831206,25.579613592601543,FALSE
RAF_289,289,2013108,Traversée à la nage,2,2013-09-16T06:01:00,2013-09-16T19:02:00,-72.392853,55.162055,-72.43286,55.142507,13.016666666666667,3329.7222695263713,255.80452774850482,NA,FALSE
RAF_289,289,2013108,Traversée à la nage,3,2013-09-16T19:02:00,2013-09-17T08:01:00,-72.43286,55.142507,-72.470633,55.132869,12.983333333333333,2618.9723071921244,201.71802109310332,16.495094354687808,FALSE
RAF_289,289,2013108,Traversée à la nage,4,2013-09-17T08:01:00,2013-09-17T21:00:00,-72.470633,55.132869,-72.45221,55.150229,12.983333333333333,2246.1298622078284,173.00101634463377,145.31083033896,FALSE
RAF_289,289,2013108,Traversée à la nage,5,2013-09-17T21:00:00,2013-09-18T10:00:00,-72.45221,55.150229,-72.444515,55.145819,13,689.3042479518883,53.02340368860679,103.71397156366518,FALSE
RAF_289,289,2013108,Traversée à la nage,6,2013-09-18T10:00:00,2013-09-18T23:00:00,-72.444515,55.145819,-72.394756,55.15041,13,3191.3647268568507,245.4895943736039,54.19393145782476,FALSE
RAF_290,290,2013108,Contournement,2,2013-09-19T12:00:00,2013-09-20T01:00:00,-72.379157,55.15735,-72.28086,55.185841,13,6972.712608440239,536.3625083415568,NA,FALSE
RAF_290,290,2013108,Contournement,3,2013-09-20T01:00:00,2013-09-20T14:00:00,-72.28086,55.185841,-72.263969,55.222043,13,4142.763914403711,318.6741472618239,48.248212838187804,FALSE
RAF_290,290,2013108,Contournement,4,2013-09-20T14:00:00,2013-09-21T03:00:00,-72.263969,55.222043,-72.243857,55.248257,13,3164.792371523629,243.44556704027914,8.718947614830878,FALSE
RAF_291,291,2013108,Traversée sur glace,2,2013-11-15T09:00:00,2013-11-15T22:01:00,-73.05661,54.048774,-73.26472,54.080359,13.016666666666667,13968.741517409018,1073.1427542183624,NA,FALSE
RAF_291,291,2013108,Traversée sur glace,3,2013-11-15T22:01:00,2013-11-16T11:00:00,-73.26472,54.080359,-73.435284,54.114264,12.983333333333333,11693.25265839979,900.6356347933087,4.369594437144906,FALSE
RAF_292,292,2013108,Traversée sur glace,2,2013-11-27T07:00:00,2013-11-27T20:01:00,-75.741104000000007,54.07542,-76.137857,54.106143,13.016666666666667,25992.890372838327,1996.892986389628,NA,FALSE
RAF_292,292,2013108,Traversée sur glace,3,2013-11-27T20:01:00,2013-11-28T09:00:00,-76.137857,54.106143,-76.198876,54.231775,12.983333333333333,14434.292246268356,1111.7555003544305,66.7726183393203,FALSE
RAF_293,293,2013109,Traversée sur glace,2,2014-01-27T12:00:00,2014-01-28T01:00:00,-77.502446,53.807962,-77.353572,53.69982,13,15418.850917922191,1186.0654552247838,NA,FALSE
RAF_293,293,2013109,Traversée sur glace,3,2014-01-28T01:00:00,2014-01-28T14:00:00,-77.353572,53.69982,-77.343831,53.680147,13,2265.258726503816,174.2506712695243,22.768676416295552,FALSE
RAF_293,293,2013109,Traversée sur glace,4,2014-01-28T14:00:00,2014-01-29T03:00:00,-77.343831,53.680147,-77.368173,53.680691,13,1597.6394452225422,122.89534194019555,108.53942883039159,FALSE
RAF_293,293,2013109,Traversée sur glace,5,2014-01-29T03:00:00,2014-01-29T16:00:00,-77.368173,53.680691,-77.276756,53.62112,13,8905.464573607911,685.0357364313778,134.53835446574507,FALSE
RAF_293,293,2013109,Traversée sur glace,6,2014-01-29T16:00:00,2014-01-30T05:00:00,-77.276756,53.62112,-77.251278,53.606236,13,2346.1921086034704,180.4763160464208,3.1986405848395263,FALSE
RAF_293,293,2013109,Traversée sur glace,7,2014-01-30T05:00:00,2014-01-30T18:01:00,-77.251278,53.606236,-77.17441,53.461871,13.016666666666667,16730.89717511998,1285.3442131974375,27.866757935358468,FALSE
RAF_294,294,2013109,Contournement,2,2014-03-03T17:00:00,2014-03-04T06:00:00,-77.227127,53.501508,-77.283363,53.502072,13,3704.358711906734,284.9506701466718,NA,FALSE
RAF_294,294,2013109,Contournement,3,2014-03-04T06:00:00,2014-03-04T19:00:00,-77.283363,53.502072,-77.286379,53.502108,13,198.6792401473333,15.283018472871792,0.2069443165654315,FALSE
RAF_294,294,2013109,Contournement,4,2014-03-04T19:00:00,2014-03-05T08:01:00,-77.286379,53.502108,-77.325578,53.496869,13.016666666666667,2645.945520020704,203.27366350991323,13.764255604862855,FALSE
RAF_294,294,2013109,Contournement,5,2014-03-05T08:01:00,2014-03-05T21:01:00,-77.325578,53.496869,-77.330799,53.494166,13,455.45253766064917,35.0348105892807,28.312795698627745,FALSE
RAF_294,294,2013109,Contournement,6,2014-03-05T21:01:00,2014-03-06T10:00:00,-77.330799,53.494166,-77.404937,53.505012,12.983333333333333,5027.992040249417,387.26511221433253,54.78229782212647,FALSE
RAF_294,294,2013109,Contournement,7,2014-03-06T10:00:00,2014-03-06T23:00:00,-77.404937,53.505012,-77.4102,53.503348,13,392.3394860882242,30.17996046832494,41.691999038639935,FALSE
RAF_295,295,2013109,Traversée sur glace,2,2014-03-07T12:00:00,2014-03-08T01:00:00,-77.421677,53.502711,-77.44844,53.563383,13,6929.910167462032,533.0700128816948,NA,FALSE
RAF_295,295,2013109,Traversée sur glace,3,2014-03-08T01:00:00,2014-03-08T14:01:00,-77.44844,53.563383,-77.462133,53.669235,13.016666666666667,11728.098423442765,901.006280930302,10.34231373184079,FALSE
RAF_296,296,2013109,Traversée sur glace,2,2014-03-09T03:00:00,2014-03-09T16:00:00,-77.472774,53.68817,-77.474474,53.69302,13,547.268446812668,42.09757283174369,NA,FALSE
RAF_296,296,2013109,Traversée sur glace,3,2014-03-09T16:00:00,2014-03-10T05:00:00,-77.474474,53.69302,-77.538284,53.745105,13,7112.820832386997,547.140064029769,24.22583168558922,FALSE
RAF_297,297,2013109,Traversée sur glace,2,2014-03-11T20:01:00,2014-03-12T09:00:00,-77.525064,53.755898,-77.362727,53.793627,12.983333333333333,11411.923100166325,878.9671193966361,NA,FALSE
RAF_297,297,2013109,Traversée sur glace,3,2014-03-12T09:00:00,2014-03-12T22:00:00,-77.362727,53.793627,-77.309323,53.812635,13,4075.188205331052,313.4760157946963,9.681338775309909,FALSE
RAF_298,298,2013110,Traversée sur glace,2,2013-11-07T06:01:00,2013-11-07T19:01:00,-73.364556,55.006954,-73.090816,55.023559,13,17486.018128854586,1345.078317604199,NA,FALSE
RAF_298,298,2013110,Traversée sur glace,3,2013-11-07T19:01:00,2013-11-08T08:02:00,-73.090816,55.023559,-72.964567,55.018249,13.016666666666667,8040.356872064078,617.697070837189,10.052751833092993,FALSE
RAF_298,298,2013110,Traversée sur glace,4,2013-11-08T08:02:00,2013-11-08T21:01:00,-72.964567,55.018249,-72.813745,54.95313,12.983333333333333,11989.571266751007,923.4586341528376,32.60206019278954,FALSE
RAF_299,299,2013110,Traversée sur glace,2,2013-11-15T22:00:00,2013-11-16T11:00:00,-72.627936,54.140297,-72.48428,54.243265,13,14700.168445254727,1130.7821880965175,NA,FALSE
RAF_299,299,2013110,Traversée sur glace,3,2013-11-16T11:00:00,2013-11-17T00:00:00,-72.48428,54.243265,-72.346205,54.322519,13,12505.769014097852,961.9822318536809,6.149141544848564,FALSE
RAF_299,299,2013110,Traversée sur glace,4,2013-11-17T00:00:00,2013-11-17T13:01:00,-72.346205,54.322519,-72.265107,54.447942,13.016666666666667,14814.177924352849,1138.0930543676964,24.961775759564592,FALSE
RAF_300,300,2013110,Traversée sur glace,2,2013-11-27T20:00:00,2013-11-28T09:00:00,-70.713315,54.823099,-70.717827,54.791663,13,3486.6703529012807,268.205411761637,NA,FALSE
RAF_300,300,2013110,Traversée sur glace,3,2013-11-28T09:00:00,2013-11-28T22:00:00,-70.717827,54.791663,-70.685337,54.759511,13,4115.73125743362,316.59471211027846,35.04184638749159,FALSE
RAF_301,301,2013110,Contournement,2,2013-12-08T16:00:00,2013-12-09T05:00:00,-70.511661,54.609897,-70.587982,54.631815,13,5461.423791431398,420.10952241779984,NA,FALSE
RAF_301,301,2013110,Contournement,3,2013-12-09T05:00:00,2013-12-09T18:00:00,-70.587982,54.631815,-70.590021,54.674803,13,4752.965767749739,365.61275136536455,62.12559153573747,FALSE
RAF_302,302,2013114,Traversée sur glace,2,2013-11-15T09:00:00,2013-11-16T11:00:00,-72.75319,54.103185,-72.529707,54.232941,26,20383.68355936574,783.9878292063747,NA,TRUE
RAF_302,302,2013114,Traversée sur glace,3,2013-11-16T11:00:00,2013-11-17T00:01:00,-72.529707,54.232941,-72.381608,54.419417,13.016666666666667,22718.113445825118,1745.3096117151179,20.549399150914635,FALSE
RAF_303,303,2013120,Traversée sur glace,2,2013-11-17T00:00:00,2013-11-17T13:02:00,-72.396634,54.339895,-72.315313,54.451804,13.033333333333333,13432.496739419757,1030.626348293076,NA,FALSE
RAF_303,303,2013120,Traversée sur glace,3,2013-11-17T13:02:00,2013-11-18T02:00:00,-72.315313,54.451804,-72.185017,54.570743,12.966666666666667,15587.646730277076,1202.1321385817796,9.451617059851149,FALSE
RAF_304,304,2013120,Contournement,2,2013-12-11T22:00:00,2013-12-12T11:00:00,-72.440222,55.076373,-72.631463,55.020411,13,13624.514675279506,1048.0395904061158,NA,FALSE
RAF_304,304,2013120,Contournement,3,2013-12-12T11:00:00,2013-12-13T00:00:00,-72.631463,55.020411,-72.90316,54.960527,13,18495.36798912811,1422.7206145483162,6.218566616143413,FALSE
RAF_305,305,2013120,Traversée sur glace,2,2014-04-29T14:00:00,2014-04-30T03:00:00,-74.489019,56.063344,-74.551949,56.233614,13,19239.67293523926,1479.9748411722508,NA,FALSE
RAF_305,305,2013120,Traversée sur glace,3,2014-04-30T03:00:00,2014-04-30T16:01:00,-74.551949,56.233614,-74.586063,56.327513,13.016666666666667,10602.937909943777,814.5662926973451,0.2703147161010376,FALSE
RAF_306,306,2013124,Traversée sur glace,2,2013-11-22T23:00:00,2013-11-23T12:02:00,-76.23346,53.743864,-76.267034,53.721589,13.033333333333333,3300.388168725957,253.226713712989,NA,FALSE
RAF_306,306,2013124,Traversée sur glace,3,2013-11-23T12:02:00,2013-11-24T01:00:00,-76.267034,53.721589,-76.319882,53.638053,12.966666666666667,9857.940432509975,760.252475514908,21.167290289287763,FALSE
RAF_307,307,2013124,Contournement,2,2013-11-24T14:01:00,2013-11-25T03:00:00,-76.348742,53.615717,-76.418541,53.616529,12.983333333333333,4585.683634489531,353.1977125409138,NA,FALSE
RAF_307,307,2013124,Contournement,3,2013-11-25T03:00:00,2013-11-25T16:02:00,-76.418541,53.616529,-76.424759,53.600179,13.033333333333333,1851.814020443342,142.0829171695659,78.34617931246741,FALSE
RAF_307,307,2013124,Contournement,4,2013-11-25T16:02:00,2013-11-26T05:01:00,-76.424759,53.600179,-76.329612,53.630141,12.983333333333333,7072.305482508914,544.7218600135236,130.6851831503352,FALSE
RAF_307,307,2013124,Contournement,5,2013-11-26T05:01:00,2013-11-26T18:00:00,-76.329612,53.630141,-76.274328,53.6403,12.983333333333333,3799.28539564382,292.6278866991389,10.664057144803285,FALSE
RAF_307,307,2013124,Contournement,6,2013-11-26T18:00:00,2013-11-27T07:00:00,-76.274328,53.6403,-76.259092,53.66272,13,2671.023047243087,205.4633113263913,50.86164707396199,FALSE
RAF_307,307,2013124,Contournement,7,2013-11-27T07:00:00,2013-11-27T20:00:00,-76.259092,53.66272,-76.231783,53.695734,13,4063.2457541495123,312.5573657038086,4.15356503501574,FALSE
RAF_307,307,2013124,Contournement,8,2013-11-27T20:00:00,2013-11-28T09:00:00,-76.231783,53.695734,-76.221215,53.701756,13,960.513838399508,73.88567987688523,19.990752906393997,FALSE
RAF_307,307,2013124,Contournement,9,2013-11-28T09:00:00,2013-11-28T22:01:00,-76.221215,53.701756,-76.215767,53.693897,13.016666666666667,938.8088877145651,72.12360212915993,111.47002249067155,FALSE
RAF_307,307,2013124,Contournement,10,2013-11-28T22:01:00,2013-11-29T11:00:00,-76.215767,53.693897,-76.214145,53.695954,12.983333333333333,250.89662922023987,19.32451572941514,132.5627591216253,FALSE
RAF_307,307,2013124,Contournement,11,2013-11-29T11:00:00,2013-11-30T00:00:00,-76.214145,53.695954,-76.108068,53.652301,13,8466.022807131185,651.2325236254758,99.602488642528,FALSE
RAF_308,308,2013124,Traversée sur glace,2,2014-01-16T16:01:00,2014-01-17T05:00:00,-76.956741,53.380543,-76.950698,53.661518,12.983333333333333,31041.282793850783,2390.856184378751,NA,FALSE
RAF_308,308,2013124,Traversée sur glace,3,2014-01-17T05:00:00,2014-01-17T18:01:00,-76.950698,53.661518,-76.93225,53.889617,13.016666666666667,25228.490522774624,1938.1682860006113,1.998629675039604,FALSE
RAF_309,309,2014021,Traversée sur glace,2,2014-05-18T00:00:00,2014-05-18T13:00:00,-73.905696,53.68695,-73.802391,53.742142,13,9110.95918213698,700.8430140105369,NA,FALSE
RAF_309,309,2014021,Traversée sur glace,3,2014-05-18T13:00:00,2014-05-19T02:00:00,-73.802391,53.742142,-73.673054,53.829685,13,12850.598884018229,988.5076064629407,6.902645073035857,FALSE
RAF_310,310,2014024,Traversée sur glace,2,2014-04-04T03:00:00,2014-04-04T16:00:00,-77.750707,53.689784,-77.510839,53.742534,13,16764.340326912425,1289.564640531725,NA,FALSE
RAF_310,310,2014024,Traversée sur glace,3,2014-04-04T16:00:00,2014-04-05T05:00:00,-77.510839,53.742534,-77.289489,53.808901,13,16234.955985663262,1248.8427681279431,6.690715938346835,FALSE
RAF_311,311,2014024,Traversée sur glace,2,2014-04-10T02:02:00,2014-04-10T15:00:00,-77.433182,53.817877,-77.308297,53.783312,12.966666666666667,9016.205235081301,695.3371646592263,NA,FALSE
RAF_311,311,2014024,Traversée sur glace,3,2014-04-10T15:00:00,2014-04-11T04:01:00,-77.308297,53.783312,-77.229957,53.78402,13.016666666666667,5126.162972346804,393.81533718413345,26.01341782785085,FALSE
RAF_312,312,2014025,Traversée sur glace,2,2014-05-02T07:01:00,2014-05-02T20:01:00,-76.9913,53.478076,-76.852128,53.679103,13,24018.41661492103,1847.5705088400791,NA,FALSE
RAF_312,312,2014025,Traversée sur glace,3,2014-05-02T20:01:00,2014-05-03T09:00:00,-76.852128,53.679103,-76.886854,53.76934,12.983333333333333,10225.23457827161,787.5662062853614,35.29050548119591,FALSE
RAF_312,312,2014025,Traversée sur glace,4,2014-05-03T09:00:00,2014-05-03T22:00:00,-76.886854,53.76934,-76.819185,53.844642,13,9422.800547361778,724.8308113355214,40.85167643976918,FALSE
RAF_312,312,2014025,Traversée sur glace,5,2014-05-03T22:00:00,2014-05-04T11:00:00,-76.819185,53.844642,-76.786499,53.926156,13,9254.988165661429,711.9221665893407,14.72113896712104,FALSE
RAF_313,313,2014030,Traversée sur glace,2,2014-04-29T01:01:00,2014-04-30T03:00:00,-76.735985,53.571994,-76.733663,53.587357,25.983333333333334,1703.996578965533,65.58036865807054,NA,TRUE
RAF_313,313,2014030,Traversée sur glace,3,2014-04-30T03:00:00,2014-04-30T16:02:00,-76.733663,53.587357,-76.716195,53.617269,13.033333333333333,3498.0526243753307,268.39278447892565,14.00688603348611,FALSE
RAF_313,313,2014030,Traversée sur glace,4,2014-04-30T16:02:00,2014-05-01T05:00:00,-76.716195,53.617269,-76.661256,53.649147,12.966666666666667,5041.237593455785,388.78439024080603,26.50487213062761,FALSE
RAF_313,313,2014030,Traversée sur glace,5,2014-05-01T05:00:00,2014-05-01T18:02:00,-76.661256,53.649147,-76.614103,53.750751,13.033333333333333,11642.437694607488,893.2816645478891,30.332039188523257,FALSE
RAF_314,314,2014030,Traversée sur glace,2,2014-05-02T07:00:00,2014-05-02T20:00:00,-76.601792,53.775729,-76.539589,53.834075,13,7622.098095853757,586.3152381425966,NA,FALSE
RAF_314,314,2014030,Traversée sur glace,3,2014-05-02T20:00:00,2014-05-03T22:01:00,-76.539589,53.834075,-76.414967,54.000005,26.016666666666666,20053.384000751612,770.789903936641,8.417854804778186,TRUE
RAF_314,314,2014030,Traversée sur glace,4,2014-05-03T22:01:00,2014-05-04T11:01:00,-76.414967,54.000005,-76.248509,54.173321,13,21991.62033183076,1691.66310244852,5.423954421621439,FALSE
RAF_315,315,2014031,Traversée sur glace,2,2014-04-30T16:00:00,2014-05-01T05:00:00,-76.753835,53.570008,-76.645521,53.628817,13,9636.6516846279,741.2808988175307,NA,FALSE
RAF_315,315,2014031,Traversée sur glace,3,2014-05-01T05:00:00,2014-05-01T18:00:00,-76.645521,53.628817,-76.581163,53.723415,13,11270.926811467263,866.9943701128664,25.684095797175125,FALSE
RAF_316,316,2014032,Traversée sur glace,2,2014-04-25T06:00:00,2014-04-26T08:00:00,-77.253669,53.507716,-77.168873,53.733677,26,25575.87848645206,983.68763409431,NA,TRUE
RAF_316,316,2014032,Traversée sur glace,3,2014-04-26T08:00:00,2014-04-26T21:00:00,-77.168873,53.733677,-77.01597,53.938155,13,24701.496828849817,1900.115140680755,11.187184149087521,FALSE
RAF_317,317,2014039,Traversée sur glace,2,2014-05-01T18:02:00,2014-05-02T07:01:00,-74.51714,53.606435,-74.472354,53.668593,12.983333333333333,7469.734968588719,575.3326034856524,NA,FALSE
RAF_317,317,2014039,Traversée sur glace,3,2014-05-02T07:01:00,2014-05-02T20:00:00,-74.472354,53.668593,-74.486434,53.693409,12.983333333333333,2892.847436120715,222.8123827564094,41.808568262270505,FALSE
RAF_319,319,2007020,Traversée sur glace,2,2007-12-19T10:00:00,2007-12-19T17:00:00,-73.223,53.8208,-73.2116,53.841,7,2352.748843914618,336.10697770208833,NA,FALSE
RAF_319,319,2007020,Traversée sur glace,3,2007-12-19T17:00:00,2007-12-20T00:00:00,-73.2116,53.841,-73.1839,53.8528,7,2230.3083414627,318.61547735181426,35.7538963450617,FALSE
RAF_319,319,2007020,Traversée sur glace,4,2007-12-20T00:00:00,2007-12-20T07:00:00,-73.1839,53.8528,-73.1828,53.8526,7,75.17337541249623,10.739053630356604,52.85096363024982,FALSE
RAF_319,319,2007020,Traversée sur glace,5,2007-12-20T07:00:00,2007-12-20T14:01:00,-73.1828,53.8526,-73.1682,53.8599,7.016666666666667,1248.9193764127042,177.9932602963474,57.32247151152668,FALSE
RAF_320,320,2004007,Traversée sur glace,2,2008-12-25T15:00:00,2008-12-25T22:00:00,-74.65959,53.702133,-74.668305,53.66074,7,4608.39327625722,658.3418966081744,NA,FALSE
RAF_320,320,2004007,Traversée sur glace,3,2008-12-25T22:00:00,2008-12-26T05:00:00,-74.668305,53.66074,-74.689204,53.608382,7,5944.59789320535,849.2282704579072,6.232947460493676,FALSE
RAF_321,321,2004007,Contournement,2,2009-01-03T01:00:00,2009-01-03T08:00:00,-74.034334,53.651104,-73.981409,53.679387,7,4671.197255892933,667.3138936989905,NA,FALSE
RAF_321,321,2004007,Contournement,3,2009-01-03T08:00:00,2009-01-03T15:00:00,-73.981409,53.679387,-73.960117,53.681807,7,1421.8242717817088,203.1177531116727,31.113534971791662,FALSE
RAF_321,321,2004007,Contournement,4,2009-01-03T15:00:00,2009-01-03T22:01:00,-73.960117,53.681807,-73.935499,53.683212,7.016666666666667,1621.9748773196236,231.16031505742853,5.3281061956979086,FALSE
RAF_321,321,2004007,Contournement,5,2009-01-03T22:01:00,2009-01-04T05:01:00,-73.935499,53.683212,-73.933887,53.682717,7,119.0248626485755,17.00355180693936,32.831461915958684,FALSE
RAF_321,321,2004007,Contournement,6,2009-01-04T05:01:00,2009-01-04T12:00:00,-73.933887,53.682717,-73.933443,53.682489,6.983333333333333,38.501187216249534,5.51329649874695,13.508299643183735,FALSE
RAF_321,321,2004007,Contournement,7,2009-01-04T12:00:00,2009-01-04T19:00:00,-73.933443,53.682489,-73.8805,53.70519,7,4282.400533458228,611.7715047797468,76.7279221354846,FALSE
RAF_321,321,2004007,Contournement,8,2009-01-04T19:00:00,2009-01-05T02:00:00,-73.8805,53.70519,-73.877077,53.703846,7,269.05344974038485,38.43620710576926,69.31816057621892,FALSE
RAF_321,321,2004007,Contournement,9,2009-01-05T02:00:00,2009-01-05T09:01:00,-73.877077,53.703846,-73.875801,53.703415,7.016666666666667,96.24564996355947,13.716719709770945,3.844837497617913,FALSE
RAF_321,321,2004007,Contournement,10,2009-01-05T09:01:00,2009-01-05T16:00:00,-73.875801,53.703415,-73.830119,53.715461,6.983333333333333,3276.5017323518236,469.1887922222182,53.6333620576808,FALSE
RAF_321,321,2004007,Contournement,11,2009-01-05T16:00:00,2009-01-05T23:00:00,-73.830119,53.715461,-73.821452,53.717962,7,631.5937044575055,90.22767206535794,2.000036044340503,FALSE
RAF_321,321,2004007,Contournement,12,2009-01-05T23:00:00,2009-01-06T06:00:00,-73.821452,53.717962,-73.805366,53.717515,7,1055.2551684944458,150.7507383563494,28.614150318413298,FALSE
RAF_321,321,2004007,Contournement,13,2009-01-06T06:00:00,2009-01-06T13:00:00,-73.805366,53.717515,-73.804347,53.717421,7,67.57711823284212,9.653874033263161,6.150620046512618,FALSE
RAF_321,321,2004007,Contournement,14,2009-01-06T13:00:00,2009-01-06T20:00:00,-73.804347,53.717421,-73.78104,53.726976,7,1856.4381409421385,265.2054487060198,43.502558317843196,FALSE
RAF_321,321,2004007,Contournement,15,2009-01-06T20:00:00,2009-01-07T03:00:00,-73.78104,53.726976,-73.777092,53.726981,7,258.6526654741974,36.950380782028205,34.519872006248605,FALSE
RAF_321,321,2004007,Contournement,16,2009-01-07T03:00:00,2009-01-07T10:00:00,-73.777092,53.726981,-73.775676,53.727068,7,93.26528873157814,13.323612675939733,5.794807755215026,FALSE
RAF_321,321,2004007,Contournement,17,2009-01-07T10:00:00,2009-01-07T17:00:00,-73.775676,53.727068,-73.743135,53.733612,7,2250.99761950515,321.5710885007357,12.832110120400072,FALSE
RAF_321,321,2004007,Contournement,18,2009-01-07T17:00:00,2009-01-08T00:01:00,-73.743135,53.733612,-73.725728,53.746068,7.016666666666667,1786.994245012684,254.67851472864854,31.64500470197525,FALSE
RAF_321,321,2004007,Contournement,19,2009-01-08T00:01:00,2009-01-08T07:01:00,-73.725728,53.746068,-73.734545,53.748249,7,625.6275139015307,89.37535912879011,106.99318924522863,FALSE
RAF_322,322,2004010,Traversée sur glace,2,2014-01-23T19:02:00,2014-01-24T02:00:00,-76.555719,53.521901,-76.495275,53.587942,6.966666666666667,8308.593437991056,1192.6210676542185,NA,FALSE
RAF_322,322,2004010,Traversée sur glace,3,2014-01-24T02:00:00,2014-01-24T09:00:00,-76.495275,53.587942,-76.495731,53.587825,7,32.64066956333281,4.6629527947618294,141.94131974533,FALSE
RAF_323,323,2004011,Traversée sur glace,2,2007-05-12T15:01:00,2007-05-12T22:01:00,-74.495923,56.277364,-74.521619,56.376886,7,11128.53296342209,1589.7904233460129,NA,FALSE
RAF_323,323,2004011,Traversée sur glace,3,2007-05-12T22:01:00,2007-05-13T05:01:00,-74.521619,56.376886,-74.620055,56.436001,7,8906.263248105375,1272.3233211579106,34.50093892510533,FALSE
RAF_324,324,2008035,Traversée sur glace,2,2010-12-24T11:00:00,2010-12-24T18:00:00,-77.34534,53.604409,-77.435249,53.717602,7,13826.484094456844,1975.2120134938348,NA,FALSE
RAF_324,324,2008035,Traversée sur glace,3,2010-12-24T18:00:00,2010-12-25T01:00:00,-77.435249,53.717602,-77.342545,53.85788,7,16641.92257769384,2377.41751109912,46.62845895021665,FALSE
RAF_325,325,2009009,Traversée sur glace,2,2013-05-04T16:00:00,2013-05-04T18:00:00,-74.411466,56.259365,-74.415578,56.325082,2,7278.11071021188,3639.05535510594,NA,FALSE
RAF_325,325,2009009,Traversée sur glace,3,2013-05-04T18:00:00,2013-05-04T20:01:00,-74.415578,56.325082,-74.454353,56.392398,2.0166666666666666,7822.940137216151,3879.1438696939595,15.722506866634536,FALSE
RAF_326,326,2009068,Traversée sur glace,2,2013-01-09T12:01:00,2013-01-09T19:00:00,-74.860334,53.682637,-74.880294,53.723797,6.983333333333333,4731.602124704641,677.5563901725022,NA,FALSE
RAF_326,326,2009068,Traversée sur glace,3,2013-01-09T19:00:00,2013-01-10T02:00:00,-74.880294,53.723797,-74.9588,53.860678,7,15970.401736424586,2281.4859623463694,2.6647597529952787,FALSE
