id_individu_source,id_annee_source,id_depuis_idyr,id_coherent,segment_source,cle_segment,type_deplacement,latitude,longitude,annee_source,date_source,heure_source,date_heure_source,jour_annee_source,periode_modis_source,code_periode_source,etat_source,comportement_source,type_plan_eau_source,fichier_source,ligne_excel,rang_dans_segment,x_lambert_m,y_lambert_m
20000611000,20000611005_2007,20000611005,FALSE,1,RAF_1,Traversée sur glace,53.640034,-74.608904,2007,2007-04-20,04:00:00,2007-04-20T04:00:00,110,113,2007_1131,ICE,TRAV,LAKE,IceCross_Data.xlsx,2,1,-400556.102137709,1085300.3661620198
20000611000,20000611005_2007,20000611005,FALSE,1,RAF_1,Traversée sur glace,53.701219,-74.615609,2007,2007-04-20,11:00:00,2007-04-20T11:00:00,110,113,2007_1131,OTHER,TRAV,LAKE,IceCross_Data.xlsx,3,2,-400417.72100017086,1092072.5187481
20000611000,20000611005_2007,20000611005,FALSE,1,RAF_1,Traversée sur glace,53.907714,-74.561503,2007,2007-04-20,18:00:00,2007-04-20T18:00:00,110,113,2007_1131,OTHER,TRAV,LAKE,IceCross_Data.xlsx,4,3,-394953.5857929297,1114502.3923328102
20000611000,20000611005_2007,20000611005,FALSE,2,RAF_2,Contournement,56.063254,-74.788021,2007,2007-05-05,01:02:00,2007-05-05T01:02:00,125,129,2007_1291,OTHER,CONT,LAKE,Detour_Data.xlsx,2,1,-388762.6299354121,1353161.154289098
20000611000,20000611005_2007,20000611005,FALSE,2,RAF_2,Contournement,56.089851,-74.791959,2007,2007-05-05,08:02:00,2007-05-05T08:02:00,125,129,2007_1291,OTHER,CONT,LAKE,Detour_Data.xlsx,3,2,-388747.03108201653,1356114.299946061
20000611000,20000611005_2007,20000611005,FALSE,2,RAF_2,Contournement,56.242255,-74.904035,2007,2007-05-05,22:02:00,2007-05-05T22:02:00,125,129,2007_1291,OTHER,CONT,LAKE,Detour_Data.xlsx,4,3,-394145.9259065678,1373527.1059876455
2004007,2004007_2007,2004007,TRUE,3,RAF_3,Traversée sur glace,53.633777,-75.376095,2007,2007-04-26,07:01:00,2007-04-26T07:01:00,116,113,2007_1131,OTHER,TRAV,LAKE,IceCross_Data.xlsx,5,1,-450780.29854781646,1089175.5863152647
2004007,2004007_2007,2004007,TRUE,3,RAF_3,Traversée sur glace,53.819859,-75.362537,2007,2007-04-26,14:01:00,2007-04-26T14:01:00,116,113,2007_1131,ICE,TRAV,LAKE,IceCross_Data.xlsx,6,2,-447925.78836658166,1109553.1605305343
2004007,2004007_2007,2004007,TRUE,3,RAF_3,Traversée sur glace,53.96722,-75.346785,2007,2007-04-26,21:00:00,2007-04-26T21:00:00,116,113,2007_1131,OTHER,TRAV,LAKE,IceCross_Data.xlsx,7,3,-445345.44328610605,1125660.8385850163
2004007,2004007_2007,2004007,TRUE,4,RAF_4,Traversée sur glace,56.120872,-74.764891,2007,2007-05-07,09:00:00,2007-05-07T09:00:00,127,129,2007_1291,OTHER,TRAV,LAKE,IceCross_Data.xlsx,8,1,-386778.7805498465,1359387.1850397657
2004007,2004007_2007,2004007,TRUE,4,RAF_4,Traversée sur glace,56.241331,-74.724922,2007,2007-05-07,16:01:00,2007-05-07T16:01:00,127,129,2007_1291,ICE,TRAV,LAKE,IceCross_Data.xlsx,9,2,-383159.2542657731,1372452.45098644
2004007,2004007_2007,2004007,TRUE,4,RAF_4,Traversée sur glace,56.367306,-74.702845,2007,2007-05-07,23:01:00,2007-05-07T23:01:00,127,129,2007_1291,OTHER,TRAV,LAKE,IceCross_Data.xlsx,10,3,-380596.6670118232,1386225.5002934332
2004007,2004007_2007,2004007,TRUE,5,RAF_5,Contournement,54.647405,-71.284159,2007,2007-11-19,02:00:00,2007-11-19T02:00:00,323,321,2007_3211,OTHER,CONT,RIVER,Detour_Data.xlsx,5,1,-178401.4065739081,1182972.4086714047
2004007,2004007_2007,2004007,TRUE,5,RAF_5,Contournement,54.645396,-71.291108,2007,2007-11-19,09:00:00,2007-11-19T09:00:00,323,321,2007_3211,OTHER,CONT,RIVER,Detour_Data.xlsx,6,2,-178855.1124239754,1182767.8831624847
2004007,2004007_2007,2004007,TRUE,5,RAF_5,Contournement,54.634446,-71.396491,2007,2007-11-19,16:00:00,2007-11-19T16:00:00,323,321,2007_3211,OTHER,CONT,RIVER,Detour_Data.xlsx,7,3,-185653.44022899366,1181827.0168861332
2004007,2004007_2007,2004007,TRUE,5,RAF_5,Contournement,54.641032,-71.457135,2007,2007-11-19,23:00:00,2007-11-19T23:00:00,323,321,2007_3211,OTHER,CONT,RIVER,Detour_Data.xlsx,8,4,-189508.21595709393,1182713.273243197
2004007,2004007_2008,2004007,TRUE,6,RAF_6,Contournement,55.269324,-72.460879,2008,2008-11-06,22:00:00,2008-11-06T22:00:00,311,313,2008_3131,OTHER,CONT,LAKE,Detour_Data.xlsx,9,1,-249933.44782491692,1255170.9545664412
2004007,2004007_2008,2004007,TRUE,6,RAF_6,Contournement,55.259196,-72.544106,2008,2008-11-07,05:00:00,2008-11-07T05:00:00,312,313,2008_3131,OTHER,CONT,LAKE,Detour_Data.xlsx,10,2,-255242.83261702184,1254346.608354056
2004007,2004007_2008,2004007,TRUE,6,RAF_6,Contournement,55.258369,-72.573405,2008,2008-11-07,12:00:00,2008-11-07T12:00:00,312,313,2008_3131,OTHER,CONT,LAKE,Detour_Data.xlsx,11,3,-257095.24418816052,1254360.1971905625
2004007,2004007_2008,2004007,TRUE,6,RAF_6,Contournement,55.224146,-72.764433,2008,2008-11-07,19:00:00,2008-11-07T19:00:00,312,313,2008_3131,OTHER,CONT,LAKE,Detour_Data.xlsx,12,4,-269363.49317215313,1251285.2855432285
2004007,2004007_2008,2004007,TRUE,6,RAF_6,Contournement,55.203959,-72.913158,2008,2008-11-08,02:00:00,2008-11-08T02:00:00,313,313,2008_3131,OTHER,CONT,LAKE,Detour_Data.xlsx,13,5,-278883.57918591605,1249627.0895414744
2004007,2004007_2008,2004007,TRUE,6,RAF_6,Contournement,55.197939,-73.035421,2008,2008-11-08,09:01:00,2008-11-08T09:01:00,313,313,2008_3131,OTHER,CONT,LAKE,Detour_Data.xlsx,14,6,-286641.77394804737,1249445.894757123
2004007,2004007_2008,2004007,TRUE,6,RAF_6,Contournement,55.179498,-73.171231,2008,2008-11-08,16:00:00,2008-11-08T16:00:00,313,313,2008_3131,OTHER,CONT,LAKE,Detour_Data.xlsx,15,7,-295346.04399225925,1247963.4496186504
2004007,2004007_2008,2004007,TRUE,7,RAF_7,Contournement,53.731507,-74.046715,2008,2008-11-29,16:00:00,2008-11-29T16:00:00,334,337,2008_3371,OTHER,CONT,RIVER,Detour_Data.xlsx,16,1,-362988.919464291,1092372.9743129625
2004007,2004007_2008,2004007,TRUE,7,RAF_7,Contournement,53.738965,-73.970264,2008,2008-11-29,23:00:00,2008-11-29T23:00:00,334,337,2008_3371,OTHER,CONT,RIVER,Detour_Data.xlsx,17,2,-357932.6977873849,1092809.3593578788
2004007,2004007_2008,2004007,TRUE,7,RAF_7,Contournement,53.741961,-73.9511,2008,2008-11-30,06:00:00,2008-11-30T06:00:00,335,337,2008_3371,OTHER,CONT,RIVER,Detour_Data.xlsx,18,3,-356655.9928542406,1093043.6951928625
2004007,2004007_2008,2004007,TRUE,7,RAF_7,Contournement,53.773041,-73.841017,2008,2008-11-30,13:00:00,2008-11-30T13:00:00,335,337,2008_3371,OTHER,CONT,RIVER,Detour_Data.xlsx,19,4,-349210.9368029315,1095924.5981764523
2004007,2004007_2008,2004007,TRUE,7,RAF_7,Contournement,53.785679,-73.802482,2008,2008-11-30,20:00:00,2008-11-30T20:00:00,335,337,2008_3371,OTHER,CONT,RIVER,Detour_Data.xlsx,20,5,-346592.6764706161,1097129.5979239347
2004007,2004007_2008,2004007,TRUE,8,RAF_8,Contournement,53.847236,-74.447847,2008,2008-12-08,17:00:00,2008-12-08T17:00:00,343,345,2008_3451,OTHER,CONT,LAKE,Detour_Data.xlsx,21,1,-388119.9653779736,1107222.3941487514
2004007,2004007_2008,2004007,TRUE,8,RAF_8,Contournement,53.838025,-74.530415,2008,2008-12-09,00:00:00,2008-12-09T00:00:00,344,345,2008_3451,OTHER,CONT,LAKE,Detour_Data.xlsx,22,2,-393580.82779401203,1106659.307112368
2004007,2004007_2008,2004007,TRUE,8,RAF_8,Contournement,53.836939,-74.54658,2008,2008-12-09,07:00:00,2008-12-09T07:00:00,344,345,2008_3451,OTHER,CONT,LAKE,Detour_Data.xlsx,23,3,-394643.46922669106,1106628.7815869255
2004007,2004007_2008,2004007,TRUE,8,RAF_8,Contournement,53.834569,-74.565106,2008,2008-12-09,14:01:00,2008-12-09T14:01:00,344,345,2008_3451,OTHER,CONT,LAKE,Detour_Data.xlsx,24,4,-395871.88289654016,1106470.2110262872
2004007,2004007_2008,2004007,TRUE,8,RAF_8,Contournement,53.837811,-74.603092,2008,2008-12-09,21:01:00,2008-12-09T21:01:00,344,345,2008_3451,OTHER,CONT,LAKE,Detour_Data.xlsx,25,5,-398314.73849217437,1107037.8775585433
2004007,2004007_2008,2004007,TRUE,8,RAF_8,Contournement,53.84327,-74.626268,2008,2008-12-10,04:00:00,2008-12-10T04:00:00,345,345,2008_3451,ICE,CONT,LAKE,Detour_Data.xlsx,26,6,-399772.04768470395,1107768.019502775
2004007,2004007_2008,2004007,TRUE,8,RAF_8,Contournement,53.843373,-74.628047,2008,2008-12-10,11:00:00,2008-12-10T11:00:00,345,345,2008_3451,ICE,CONT,LAKE,Detour_Data.xlsx,27,7,-399886.8798821198,1107789.2970244598
2004007,2004007_2008,2004007,TRUE,8,RAF_8,Contournement,53.831535,-74.734681,2008,2008-12-10,18:01:00,2008-12-10T18:01:00,345,345,2008_3451,OTHER,CONT,LAKE,Detour_Data.xlsx,28,8,-406941.64004606317,1107087.4647429632
2004007,2004007_2008,2004007,TRUE,8,RAF_8,Contournement,53.819097,-74.794336,2008,2008-12-11,01:00:00,2008-12-11T01:00:00,346,345,2008_3451,OTHER,CONT,LAKE,Detour_Data.xlsx,29,9,-410946.07237912784,1106059.5062767535
2004007,2004007_2008,2004007,TRUE,9,RAF_9,Traversée sur glace,53.826239,-74.805838,2008,2008-12-11,15:00:00,2008-12-11T15:00:00,346,345,2008_3451,OTHER,TRAV,LAKE,IceCross_Data.xlsx,11,1,-411625.6351457436,1106911.593345611
2004007,2004007_2008,2004007,TRUE,9,RAF_9,Traversée sur glace,53.873212,-75.003181,2008,2008-12-11,22:01:00,2008-12-11T22:01:00,346,345,2008_3451,OTHER,TRAV,LAKE,IceCross_Data.xlsx,12,2,-424001.6719901514,1113232.5934392072
2004007,2004007_2008,2004007,TRUE,9,RAF_9,Traversée sur glace,53.871694,-75.011473,2008,2008-12-12,05:01:00,2008-12-12T05:01:00,347,345,2008_3451,OTHER,TRAV,LAKE,IceCross_Data.xlsx,13,3,-424556.0504496611,1113114.7404175121
2004007,2004007_2008,2004007,TRUE,10,RAF_10,Traversée sur glace,53.882312,-74.855139,2008,2008-12-24,11:00:00,2008-12-24T11:00:00,359,361,2008_3611,OTHER,TRAV,LAKE,IceCross_Data.xlsx,14,1,-414285.9813407852,1113366.7954674296
2004007,2004007_2008,2004007,TRUE,10,RAF_10,Traversée sur glace,53.771924,-74.705772,2008,2008-12-24,18:00:00,2008-12-24T18:00:00,359,361,2008_3611,OTHER,TRAV,LAKE,IceCross_Data.xlsx,15,2,-405629.8765099826,1100362.5224546685
2004007,2004007_2008,2004007,TRUE,10,RAF_10,Traversée sur glace,53.712989,-74.67421,2008,2008-12-25,01:00:00,2008-12-25T01:00:00,360,361,2008_3611,OTHER,TRAV,LAKE,IceCross_Data.xlsx,16,3,-404133.07511158334,1093697.432108371
2004007,2004007_2008,2004007,TRUE,11,RAF_11,Contournement,53.562479,-74.439909,2008,2008-12-30,14:01:00,2008-12-30T14:01:00,365,361,2008_3611,OTHER,CONT,RIVER,Detour_Data.xlsx,30,1,-390211.39431814506,1075829.4440674179
2004007,2004007_2008,2004007,TRUE,11,RAF_11,Contournement,53.576563,-74.408171,2008,2008-12-30,21:00:00,2008-12-30T21:00:00,365,361,2008_3611,OTHER,CONT,RIVER,Detour_Data.xlsx,31,2,-388002.86829942337,1077207.39064722
2004007,2004007_2008,2004007,TRUE,11,RAF_11,Contournement,53.576932,-74.408909,2008,2008-12-31,04:00:00,2008-12-31T04:00:00,366,361,2008_3611,OTHER,CONT,RIVER,Detour_Data.xlsx,32,3,-388047.86211277975,1077252.0167511464
2004007,2004007_2008,2004007,TRUE,11,RAF_11,Contournement,53.585148,-74.377191,2008,2008-12-31,11:00:00,2008-12-31T11:00:00,366,361,2008_3611,OTHER,CONT,RIVER,Detour_Data.xlsx,33,4,-385895.12807439914,1077985.040047331
2004007,2004007_2008,2004007,TRUE,11,RAF_11,Contournement,53.593436,-74.31817,2008,2008-12-31,18:00:00,2008-12-31T18:00:00,366,361,2008_3611,OTHER,CONT,RIVER,Detour_Data.xlsx,34,5,-381954.04943207756,1078580.9079935057
2004007,2004007_2009,2004007,TRUE,11,RAF_11,Contournement,53.607577,-74.267768,2009,2009-01-01,00:00:00,2009-01-01T00:00:00,1,1,2009_0011,OTHER,CONT,RIVER,Detour_Data.xlsx,35,6,-378526.6596596321,1079870.1374817493
2004007,2004007_2009,2004007,TRUE,11,RAF_11,Contournement,53.608661,-74.256082,2009,2009-01-01,07:00:00,2009-01-01T07:00:00,1,1,2009_0011,OTHER,CONT,RIVER,Detour_Data.xlsx,36,7,-377751.7661743671,1079927.7481559939
2004007,2004007_2009,2004007,TRUE,11,RAF_11,Contournement,53.609052,-74.253723,2009,2009-01-01,14:00:00,2009-01-01T14:00:00,1,1,2009_0011,OTHER,CONT,RIVER,Detour_Data.xlsx,37,8,-377593.81774888455,1079958.3524422187
2004007,2004007_2009,2004007,TRUE,11,RAF_11,Contournement,53.626803,-74.171981,2009,2009-01-01,21:00:00,2009-01-01T21:00:00,1,1,2009_0011,OTHER,CONT,RIVER,Detour_Data.xlsx,38,9,-372085.4698636554,1081484.901670157
2004007,2004007_2009,2004007,TRUE,12,RAF_12,Traversée sur glace,53.749937,-73.747012,2009,2009-01-08,14:00:00,2009-01-08T14:00:00,8,9,2009_0091,OTHER,TRAV,RIVER,IceCross_Data.xlsx,20,1,-343262.7244305548,1092924.3083259608
2004007,2004007_2009,2004007,TRUE,12,RAF_12,Traversée sur glace,53.845445,-73.619516,2009,2009-01-08,21:00:00,2009-01-08T21:00:00,8,9,2009_0091,OTHER,TRAV,RIVER,IceCross_Data.xlsx,21,2,-334182.0462978918,1102844.6257182779
2004007,2004007_2009,2004007,TRUE,12,RAF_12,Traversée sur glace,53.934561,-73.696896,2009,2009-01-09,04:00:00,2009-01-09T04:00:00,9,9,2009_0091,OTHER,TRAV,RIVER,IceCross_Data.xlsx,22,3,-338509.90457344736,1113028.3928351374
2004010,2004010_2010,2004010,TRUE,13,RAF_13,Contournement,55.186033,-72.9991,2010,2010-10-29,10:00:00,2010-10-29T10:00:00,302,305,2010_3051,OTHER,CONT,LAKE,Detour_Data.xlsx,58,1,-284432.0079400762,1247987.2030159186
2004010,2004010_2010,2004010,TRUE,13,RAF_13,Contournement,55.175133,-73.005153,2010,2010-10-29,12:00:00,2010-10-29T12:00:00,302,305,2010_3051,OTHER,CONT,LAKE,Detour_Data.xlsx,59,2,-284889.99323405966,1246808.5183294946
2004010,2004010_2010,2004010,TRUE,13,RAF_13,Contournement,55.132071,-73.092905,2010,2010-10-29,14:01:00,2010-10-29T14:01:00,302,305,2010_3051,ICE,CONT,LAKE,Detour_Data.xlsx,60,3,-290736.935208086,1242410.0651073845
2004010,2004010_2010,2004010,TRUE,13,RAF_13,Contournement,55.109639,-73.176342,2010,2010-10-29,16:00:00,2010-10-29T16:00:00,302,305,2010_3051,OTHER,CONT,LAKE,Detour_Data.xlsx,61,4,-296173.1066067164,1240277.368039612
2004010,2004010_2010,2004010,TRUE,13,RAF_13,Contournement,55.088094,-73.220823,2010,2010-10-29,18:00:00,2010-10-29T18:00:00,302,305,2010_3051,OTHER,CONT,LAKE,Detour_Data.xlsx,62,5,-299143.23693120235,1238085.5709007953
2004010,2004010_2010,2004010,TRUE,13,RAF_13,Contournement,55.086361,-73.233819,2010,2010-10-29,20:00:00,2010-10-29T20:00:00,302,305,2010_3051,OTHER,CONT,LAKE,Detour_Data.xlsx,63,6,-299978.2163453106,1237948.7983248627
2004010,2004010_2010,2004010,TRUE,13,RAF_13,Contournement,55.063328,-73.290231,2010,2010-10-29,22:00:00,2010-10-29T22:00:00,302,305,2010_3051,OTHER,CONT,LAKE,Detour_Data.xlsx,64,7,-303718.01852589706,1235645.972594831
2004010,2004010_2010,2004010,TRUE,13,RAF_13,Contournement,55.062161,-73.291934,2010,2010-10-30,00:00:00,2010-10-30T00:00:00,303,305,2010_3051,OTHER,CONT,LAKE,Detour_Data.xlsx,65,8,-303834.46647330234,1235524.4744416422
2004010,2004010_2010,2004010,TRUE,13,RAF_13,Contournement,55.061176,-73.293669,2010,2010-10-30,02:01:00,2010-10-30T02:01:00,303,305,2010_3051,OTHER,CONT,LAKE,Detour_Data.xlsx,66,9,-303951.59951533034,1235423.1909750276
2004010,2004010_2010,2004010,TRUE,13,RAF_13,Contournement,55.060669,-73.293373,2010,2010-10-30,04:00:00,2010-10-30T04:00:00,303,305,2010_3051,OTHER,CONT,LAKE,Detour_Data.xlsx,67,10,-303936.61085461953,1235366.0086424365
2004010,2004010_2010,2004010,TRUE,13,RAF_13,Contournement,55.0602,-73.293342,2010,2010-10-30,06:01:00,2010-10-30T06:01:00,303,305,2010_3051,OTHER,CONT,LAKE,Detour_Data.xlsx,68,11,-303938.11863805435,1235314.1435095866
2004010,2004010_2010,2004010,TRUE,13,RAF_13,Contournement,55.056338,-73.300044,2010,2010-10-30,08:00:00,2010-10-30T08:00:00,303,305,2010_3051,OTHER,CONT,LAKE,Detour_Data.xlsx,69,12,-304391.0622654998,1234916.6308710945
2004010,2004010_2010,2004010,TRUE,13,RAF_13,Contournement,55.049035,-73.305321,2010,2010-10-30,10:00:00,2010-10-30T10:00:00,303,305,2010_3051,OTHER,CONT,LAKE,Detour_Data.xlsx,70,13,-304779.37113705924,1234133.5393940131
2004010,2004010_2010,2004010,TRUE,13,RAF_13,Contournement,55.047555,-73.328317,2010,2010-10-30,12:00:00,2010-10-30T12:00:00,303,305,2010_3051,OTHER,CONT,LAKE,Detour_Data.xlsx,71,14,-306246.72406747576,1234068.4691211556
2004010,2004010_2010,2004010,TRUE,13,RAF_13,Contournement,55.040157,-73.364,2010,2010-10-30,14:00:00,2010-10-30T14:00:00,303,305,2010_3051,OTHER,CONT,LAKE,Detour_Data.xlsx,72,15,-308562.07218461804,1233405.7621444045
2004010,2004010_2010,2004010,TRUE,14,RAF_14,Traversée à la nage,55.033812,-73.368708,2010,2010-10-30,16:00:00,2010-10-30T16:00:00,303,305,2010_3051,OTHER,TRAV,LAKE,WaterCross_Data.xlsx,2,1,-308907.96482344304,1232726.2436098654
2004010,2004010_2010,2004010,TRUE,14,RAF_14,Traversée à la nage,55.023307,-73.428763,2010,2010-10-30,18:00:00,2010-10-30T18:00:00,303,305,2010_3051,WATER,TRAV,LAKE,WaterCross_Data.xlsx,3,2,-312792.2467651855,1231828.4964141173
2004010,2004010_2010,2004010,TRUE,14,RAF_14,Traversée à la nage,54.978358,-73.445461,2010,2010-10-30,20:01:00,2010-10-30T20:01:00,303,305,2010_3051,OTHER,TRAV,LAKE,WaterCross_Data.xlsx,4,3,-314193.3960724195,1226944.4033613822
2004010,2004010_2010,2004010,TRUE,15,RAF_15,Contournement,53.920153,-75.036434,2010,2010-11-20,12:00:00,2010-11-20T12:00:00,324,321,2010_3211,OTHER,CONT,LAKE,Detour_Data.xlsx,73,1,-425690.6701828025,1118594.6092003216
2004010,2004010_2010,2004010,TRUE,15,RAF_15,Contournement,53.929251,-75.039207,2010,2010-11-20,14:00:00,2010-11-20T14:00:00,324,321,2010_3211,OTHER,CONT,LAKE,Detour_Data.xlsx,74,2,-425779.03587168833,1119612.0848387715
2004010,2004010_2010,2004010,TRUE,15,RAF_15,Contournement,53.937512,-75.037703,2010,2010-11-20,16:00:00,2010-11-20T16:00:00,324,321,2010_3211,OTHER,CONT,LAKE,Detour_Data.xlsx,75,3,-425598.11249279947,1120512.0302675697
2004010,2004010_2010,2004010,TRUE,15,RAF_15,Contournement,53.955206,-75.090595,2010,2010-11-20,18:00:00,2010-11-20T18:00:00,324,321,2010_3211,OTHER,CONT,LAKE,Detour_Data.xlsx,76,4,-428851.839603922,1122774.480384792
2004010,2004010_2010,2004010,TRUE,15,RAF_15,Contournement,53.947506,-75.182389,2010,2010-11-20,20:00:00,2010-11-20T20:00:00,324,321,2010_3211,OTHER,CONT,LAKE,Detour_Data.xlsx,77,5,-434886.9749272607,1122481.3941061525
2004010,2004010_2010,2004010,TRUE,15,RAF_15,Contournement,53.95559,-75.256389,2010,2010-11-20,22:01:00,2010-11-20T22:01:00,324,321,2010_3211,OTHER,CONT,LAKE,Detour_Data.xlsx,78,6,-439604.4207500458,1123822.764437449
2004010,2004010_2010,2004010,TRUE,15,RAF_15,Contournement,53.95342,-75.317471,2010,2010-11-21,00:00:00,2010-11-21T00:00:00,325,329,2010_3291,OTHER,CONT,LAKE,Detour_Data.xlsx,79,7,-443589.5500314729,1123961.028933211
2004010,2004010_2010,2004010,TRUE,15,RAF_15,Contournement,53.94322,-75.327533,2010,2010-11-21,02:01:00,2010-11-21T02:01:00,325,329,2010_3291,OTHER,CONT,LAKE,Detour_Data.xlsx,80,8,-444349.62108599406,1122901.6404346132
2004010,2004010_2010,2004010,TRUE,15,RAF_15,Contournement,53.939618,-75.333184,2010,2010-11-21,04:00:00,2010-11-21T04:00:00,325,329,2010_3291,OTHER,CONT,LAKE,Detour_Data.xlsx,81,9,-444754.2246144635,1122540.5967846226
2004010,2004010_2010,2004010,TRUE,15,RAF_15,Contournement,53.935261,-75.339428,2010,2010-11-21,06:00:00,2010-11-21T06:00:00,325,329,2010_3291,OTHER,CONT,LAKE,Detour_Data.xlsx,82,10,-445205.3306241748,1122100.2437426462
2004010,2004010_2010,2004010,TRUE,15,RAF_15,Contournement,53.934933,-75.342134,2010,2010-11-21,08:01:00,2010-11-21T08:01:00,325,329,2010_3291,OTHER,CONT,LAKE,Detour_Data.xlsx,83,11,-445384.3974595076,1122081.0093301309
2004010,2004010_2010,2004010,TRUE,15,RAF_15,Contournement,53.934971,-75.339921,2010,2010-11-21,10:00:00,2010-11-21T10:00:00,325,329,2010_3291,OTHER,CONT,LAKE,Detour_Data.xlsx,84,12,-445240.3819755265,1122071.417193421
2004010,2004010_2010,2004010,TRUE,15,RAF_15,Contournement,53.935004,-75.339986,2010,2010-11-21,12:00:00,2010-11-21T12:00:00,325,329,2010_3291,OTHER,CONT,LAKE,Detour_Data.xlsx,85,13,-445244.25225396524,1122075.450916078
2004010,2004010_2010,2004010,TRUE,15,RAF_15,Contournement,53.925878,-75.411879,2010,2010-11-21,14:01:00,2010-11-21T14:01:00,325,329,2010_3291,OTHER,CONT,LAKE,Detour_Data.xlsx,86,14,-450006.8276934208,1121521.5439258544
2004010,2004010_2010,2004010,TRUE,15,RAF_15,Contournement,53.931359,-75.469455,2010,2010-11-21,16:00:00,2010-11-21T16:00:00,325,329,2010_3291,OTHER,CONT,LAKE,Detour_Data.xlsx,87,15,-453684.69340608985,1122487.80115625
2004010,2004010_2010,2004010,TRUE,15,RAF_15,Contournement,53.939894,-75.600228,2010,2010-11-21,18:00:00,2010-11-21T18:00:00,325,329,2010_3291,OTHER,CONT,LAKE,Detour_Data.xlsx,88,16,-462076.4082940845,1124262.9791308076
2004010,2004010_2010,2004010,TRUE,15,RAF_15,Contournement,53.913275,-75.684124,2010,2010-11-21,20:00:00,2010-11-21T20:00:00,325,329,2010_3291,OTHER,CONT,LAKE,Detour_Data.xlsx,89,17,-467812.7900896541,1121881.7718494495
2004010,2004010_2010,2004010,TRUE,16,RAF_16,Traversée sur glace,54.066174,-76.277162,2010,2010-12-04,18:00:00,2010-12-04T18:00:00,338,337,2010_3371,ICE,TRAV,LAKE,IceCross_Data.xlsx,23,1,-504451.3256073321,1142711.5491002947
2004010,2004010_2010,2004010,TRUE,16,RAF_16,Traversée sur glace,54.056854,-76.295331,2010,2010-12-04,20:00:00,2010-12-04T20:00:00,338,337,2010_3371,ICE,TRAV,LAKE,IceCross_Data.xlsx,24,2,-505737.1183693968,1141816.125977357
2004010,2004010_2010,2004010,TRUE,16,RAF_16,Traversée sur glace,54.056995,-76.285366,2010,2010-12-04,22:00:00,2010-12-04T22:00:00,338,337,2010_3371,ICE,TRAV,LAKE,IceCross_Data.xlsx,25,3,-505091.48261273396,1141761.2318356715
2004010,2004010_2010,2004010,TRUE,16,RAF_16,Traversée sur glace,54.057184,-76.28554,2010,2010-12-05,00:00:00,2010-12-05T00:00:00,339,337,2010_3371,ICE,TRAV,LAKE,IceCross_Data.xlsx,26,4,-505100.4591791437,1141783.218863556
2004010,2004010_2010,2004010,TRUE,16,RAF_16,Traversée sur glace,54.057128,-76.285064,2010,2010-12-05,02:00:00,2010-12-05T02:00:00,339,337,2010_3371,ICE,TRAV,LAKE,IceCross_Data.xlsx,27,5,-505070.3715815876,1141773.7083790374
2004010,2004010_2010,2004010,TRUE,16,RAF_16,Traversée sur glace,54.057524,-76.284474,2010,2010-12-05,04:00:00,2010-12-05T04:00:00,339,337,2010_3371,ICE,TRAV,LAKE,IceCross_Data.xlsx,28,6,-505027.49512860255,1141813.0391741758
2004010,2004010_2010,2004010,TRUE,16,RAF_16,Traversée sur glace,54.057426,-76.284589,2010,2010-12-05,06:00:00,2010-12-05T06:00:00,339,337,2010_3371,ICE,TRAV,LAKE,IceCross_Data.xlsx,29,7,-505036.10202304367,1141803.0869036315
2004010,2004010_2010,2004010,TRUE,16,RAF_16,Traversée sur glace,54.057144,-76.289577,2010,2010-12-05,08:00:00,2010-12-05T08:00:00,339,337,2010_3371,ICE,TRAV,LAKE,IceCross_Data.xlsx,30,8,-505361.81170842965,1141807.3276563284
2004010,2004010_2010,2004010,TRUE,16,RAF_16,Traversée sur glace,54.056971,-76.290618,2010,2010-12-05,10:00:00,2010-12-05T10:00:00,339,337,2010_3371,ICE,TRAV,LAKE,IceCross_Data.xlsx,31,9,-505431.15816348116,1141795.6783975852
2004010,2004010_2010,2004010,TRUE,16,RAF_16,Traversée sur glace,54.056962,-76.290612,2010,2010-12-05,12:00:00,2010-12-05T12:00:00,339,337,2010_3371,ICE,TRAV,LAKE,IceCross_Data.xlsx,32,10,-505430.8784856495,1141794.6475093837
2004010,2004010_2010,2004010,TRUE,16,RAF_16,Traversée sur glace,54.049747000000004,-76.317394,2010,2010-12-05,14:00:00,2010-12-05T14:00:00,339,337,2010_3371,WATER,TRAV,LAKE,IceCross_Data.xlsx,33,11,-507248.41869895085,1141191.7116724441
2004010,2004010_2010,2004010,TRUE,16,RAF_16,Traversée sur glace,54.053131,-76.308341,2010,2010-12-05,16:01:00,2010-12-05T16:01:00,339,337,2010_3371,ICE,TRAV,LAKE,IceCross_Data.xlsx,34,12,-506622.6131737335,1141499.2459170204
2004010,2004010_2010,2004010,TRUE,16,RAF_16,Traversée sur glace,54.057321,-76.278314,2010,2010-12-05,18:00:00,2010-12-05T18:00:00,339,337,2010_3371,ICE,TRAV,LAKE,IceCross_Data.xlsx,35,13,-504631.86635000247,1141747.2859393
2004010,2004010_2010,2004010,TRUE,16,RAF_16,Traversée sur glace,54.064965,-76.225369,2010,2010-12-05,20:00:00,2010-12-05T20:00:00,339,337,2010_3371,OTHER,TRAV,LAKE,IceCross_Data.xlsx,36,14,-501119.3659840404,1142214.849922239
2004010,2004010_2010,2004010,TRUE,17,RAF_17,Traversée sur glace,54.132652,-76.186371,2010,2010-12-14,12:00:00,2010-12-14T12:00:00,348,345,2010_3451,OTHER,TRAV,LAKE,IceCross_Data.xlsx,37,1,-497797.6914694861,1149378.118875675
2004010,2004010_2010,2004010,TRUE,17,RAF_17,Traversée sur glace,54.141056,-76.16173,2010,2010-12-14,14:01:00,2010-12-14T14:01:00,348,345,2010_3451,ICE,TRAV,LAKE,IceCross_Data.xlsx,38,2,-496108.7315519051,1150130.2425004866
2004010,2004010_2010,2004010,TRUE,17,RAF_17,Traversée sur glace,54.144106,-76.158773,2010,2010-12-14,16:00:00,2010-12-14T16:00:00,348,345,2010_3451,WATER,TRAV,LAKE,IceCross_Data.xlsx,39,3,-495881.99384272186,1150444.820992122
2004010,2004010_2010,2004010,TRUE,17,RAF_17,Traversée sur glace,54.181146,-76.152901,2010,2010-12-14,18:00:00,2010-12-14T18:00:00,348,345,2010_3451,OTHER,TRAV,LAKE,IceCross_Data.xlsx,40,4,-495066.3970479106,1154473.4549377067
2007021,2007021_2010,2007021,TRUE,18,RAF_18,Contournement,53.9517,-75.135,2010,2010-11-27,00:00:00,2010-11-27T00:00:00,331,329,2010_3291,OTHER,CONT,LAKE,Detour_Data.xlsx,189,1,-431768.8922275334,1122655.7964347291
2007021,2007021_2010,2007021,TRUE,18,RAF_18,Contournement,53.9523,-75.2575,2010,2010-11-27,11:00:00,2010-11-27T11:00:00,331,329,2010_3291,OTHER,CONT,LAKE,Detour_Data.xlsx,190,2,-439710.7669530781,1123467.717714592
2007021,2007021_2010,2007021,TRUE,18,RAF_18,Contournement,53.8477,-75.8192,2010,2010-11-27,22:00:00,2010-11-27T22:00:00,331,329,2010_3291,OTHER,CONT,LAKE,Detour_Data.xlsx,191,3,-477317.91166731314,1115566.175027067
2004010,2004010_2011,2004010,TRUE,20,RAF_20,Traversée sur glace,53.857462,-73.638084,2011,2011-11-23,22:00:00,2011-11-23T22:00:00,327,329,2011_3291,OTHER,TRAV,RIVER,IceCross_Data.xlsx,41,1,-335296.7697242864,1104255.7054322693
2004010,2004010_2011,2004010,TRUE,20,RAF_20,Traversée sur glace,53.839056,-73.608479,2011,2011-11-24,00:00:00,2011-11-24T00:00:00,328,329,2011_3291,OTHER,TRAV,RIVER,IceCross_Data.xlsx,42,2,-333513.16556315456,1102089.0857560327
2004010,2004010_2011,2004010,TRUE,20,RAF_20,Traversée sur glace,53.809219,-73.591955,2011,2011-11-24,02:00:00,2011-11-24T02:00:00,328,329,2011_3291,OTHER,TRAV,RIVER,IceCross_Data.xlsx,43,3,-332670.5587630574,1098724.1966454494
2004010,2004010_2012,2004010,TRUE,21,RAF_21,Traversée sur glace,55.104922,-72.386718,2012,2012-02-08,13:00:00,2012-02-08T13:00:00,39,41,2012_0411,OTHER,TRAV,LAKE,IceCross_Data.xlsx,44,1,-246245.28195474032,1236764.1244044018
2004010,2004010_2012,2004010,TRUE,21,RAF_21,Traversée sur glace,55.131168,-72.3673,2012,2012-02-08,20:00:00,2012-02-08T20:00:00,39,41,2012_0411,OTHER,TRAV,LAKE,IceCross_Data.xlsx,45,2,-244859.50354710966,1239594.957356502
2004010,2004010_2012,2004010,TRUE,21,RAF_21,Traversée sur glace,55.194081,-72.365496,2012,2012-02-09,03:00:00,2012-02-09T03:00:00,40,41,2012_0411,ICE,TRAV,LAKE,IceCross_Data.xlsx,46,3,-244369.8406328023,1246534.4549207138
2004010,2004010_2012,2004010,TRUE,21,RAF_21,Traversée sur glace,55.195418,-72.368467,2012,2012-02-09,10:00:00,2012-02-09T10:00:00,40,41,2012_0411,ICE,TRAV,LAKE,IceCross_Data.xlsx,47,4,-244549.49166407614,1246692.2142025193
2004010,2004010_2012,2004010,TRUE,21,RAF_21,Traversée sur glace,55.213749,-72.373825,2012,2012-02-09,17:00:00,2012-02-09T17:00:00,40,41,2012_0411,OTHER,TRAV,LAKE,IceCross_Data.xlsx,48,5,-244778.20865352356,1248734.3549942812
2004010,2004010_2012,2004010,TRUE,21,RAF_21,Traversée sur glace,55.242776,-72.392111,2012,2012-02-10,00:00:00,2012-02-10T00:00:00,41,41,2012_0411,OTHER,TRAV,LAKE,IceCross_Data.xlsx,49,6,-245758.0477946833,1252001.7674416795
2004010,2004010_2012,2004010,TRUE,22,RAF_22,Contournement,55.264735,-72.433077,2012,2012-02-12,15:00:00,2012-02-12T15:00:00,43,41,2012_0411,OTHER,CONT,LAKE,Detour_Data.xlsx,90,1,-248208.7751623982,1254567.545749893
2004010,2004010_2012,2004010,TRUE,22,RAF_22,Contournement,55.256007,-72.486826,2012,2012-02-12,22:00:00,2012-02-12T22:00:00,43,41,2012_0411,OTHER,CONT,LAKE,Detour_Data.xlsx,91,2,-251651.02138716335,1253791.6823914663
2004010,2004010_2012,2004010,TRUE,22,RAF_22,Contournement,55.246498,-72.522781,2012,2012-02-13,05:00:00,2012-02-13T05:00:00,44,41,2012_0411,OTHER,CONT,LAKE,Detour_Data.xlsx,92,3,-253977.21811796556,1252868.9416941712
2004010,2004010_2012,2004010,TRUE,22,RAF_22,Contournement,55.239144,-72.545999,2012,2012-02-13,12:00:00,2012-02-13T12:00:00,44,41,2012_0411,OTHER,CONT,LAKE,Detour_Data.xlsx,93,4,-255487.47226180037,1252139.755019947
2004010,2004010_2012,2004010,TRUE,22,RAF_22,Contournement,55.240543,-72.622795,2012,2012-02-13,19:00:00,2012-02-13T19:00:00,44,41,2012_0411,OTHER,CONT,LAKE,Detour_Data.xlsx,94,5,-260322.5864985547,1252570.965061356
2004010,2004010_2012,2004010,TRUE,22,RAF_22,Contournement,55.238499,-72.667743,2012,2012-02-14,02:00:00,2012-02-14T02:00:00,45,49,2012_0491,OTHER,CONT,LAKE,Detour_Data.xlsx,95,6,-263170.66759554634,1252509.7479986511
2004010,2004010_2012,2004010,TRUE,22,RAF_22,Contournement,55.236284,-72.681905,2012,2012-02-14,09:01:00,2012-02-14T09:01:00,45,49,2012_0491,OTHER,CONT,LAKE,Detour_Data.xlsx,96,7,-264078.209798217,1252317.4266731648
2004010,2004010_2012,2004010,TRUE,22,RAF_22,Contournement,55.226532,-72.783128,2012,2012-02-14,16:01:00,2012-02-14T16:01:00,45,49,2012_0491,OTHER,CONT,LAKE,Detour_Data.xlsx,97,8,-270527.177149698,1251619.1531800432
2004010,2004010_2012,2004010,TRUE,22,RAF_22,Contournement,55.213782,-72.915499,2012,2012-02-14,23:01:00,2012-02-14T23:01:00,45,49,2012_0491,OTHER,CONT,LAKE,Detour_Data.xlsx,98,9,-278964.3545819019,1250720.2426223091
2004010,2004010_2012,2004010,TRUE,22,RAF_22,Contournement,55.198598,-73.075008,2012,2012-02-15,06:00:00,2012-02-15T06:00:00,46,49,2012_0491,OTHER,CONT,LAKE,Detour_Data.xlsx,99,10,-289135.64996890177,1249677.869837683
2004010,2004010_2012,2004010,TRUE,22,RAF_22,Contournement,55.191501,-73.143833,2012,2012-02-15,13:00:00,2012-02-15T13:00:00,46,49,2012_0491,OTHER,CONT,LAKE,Detour_Data.xlsx,100,11,-293530.1402542342,1249175.0136215696
2004010,2004010_2013,2004010,TRUE,23,RAF_23,Contournement,55.236004,-72.535269,2013,2013-09-16,08:00:00,2013-09-16T08:00:00,259,257,2013_2571,OTHER,CONT,LAKE,Detour_Data.xlsx,101,1,-254830.20555810916,1251754.862205462
2004010,2004010_2013,2004010,TRUE,23,RAF_23,Contournement,55.223671,-72.556923,2013,2013-09-16,10:01:00,2013-09-16T10:01:00,259,257,2013_2571,OTHER,CONT,LAKE,Detour_Data.xlsx,102,2,-256273.47693874367,1250470.7322988918
2004010,2004010_2013,2004010,TRUE,23,RAF_23,Contournement,55.211982,-72.605875,2013,2013-09-16,12:01:00,2013-09-16T12:01:00,259,257,2013_2571,OTHER,CONT,LAKE,Detour_Data.xlsx,103,3,-259436.48668335172,1249356.8039113795
2004010,2004010_2013,2004010,TRUE,23,RAF_23,Contournement,55.208081,-72.636941,2013,2013-09-16,14:00:00,2013-09-16T14:00:00,259,257,2013_2571,OTHER,CONT,LAKE,Detour_Data.xlsx,104,4,-261422.18516130466,1249039.2578157566
2004010,2004010_2013,2004010,TRUE,23,RAF_23,Contournement,55.21231,-72.701041,2013,2013-09-16,16:01:00,2013-09-16T16:01:00,259,257,2013_2571,OTHER,CONT,LAKE,Detour_Data.xlsx,105,5,-265440.7482977744,1249742.019660257
2004010,2004010_2013,2004010,TRUE,23,RAF_23,Contournement,55.205464,-72.749828,2013,2013-09-16,18:00:00,2013-09-16T18:00:00,259,257,2013_2571,OTHER,CONT,LAKE,Detour_Data.xlsx,106,6,-268564.6541015035,1249168.4334918445
2004010,2004010_2013,2004010,TRUE,23,RAF_23,Contournement,55.198099,-72.794136,2013,2013-09-16,20:01:00,2013-09-16T20:01:00,259,257,2013_2571,OTHER,CONT,LAKE,Detour_Data.xlsx,107,7,-271410.1560286904,1248522.7354860757
2004010,2004010_2013,2004010,TRUE,23,RAF_23,Contournement,55.196225,-72.809197,2013,2013-09-16,22:00:00,2013-09-16T22:00:00,259,257,2013_2571,OTHER,CONT,LAKE,Detour_Data.xlsx,108,8,-272373.40474364,1248373.1342705002
2004010,2004010_2013,2004010,TRUE,23,RAF_23,Contournement,55.192762,-72.900377,2013,2013-09-17,00:00:00,2013-09-17T00:00:00,260,257,2013_2571,OTHER,CONT,LAKE,Detour_Data.xlsx,109,9,-278153.00023400603,1248341.6891572226
2004010,2004010_2013,2004010,TRUE,23,RAF_23,Contournement,55.189013,-72.913274,2013,2013-09-17,02:01:00,2013-09-17T02:01:00,260,257,2013_2571,OTHER,CONT,LAKE,Detour_Data.xlsx,110,10,-278992.7498843686,1247978.1733157223
2004010,2004010_2013,2004010,TRUE,23,RAF_23,Contournement,55.188525,-72.914629,2013,2013-09-17,04:00:00,2013-09-17T04:00:00,260,257,2013_2571,OTHER,CONT,LAKE,Detour_Data.xlsx,111,11,-279081.62635137694,1247929.603964153
2004010,2004010_2013,2004010,TRUE,23,RAF_23,Contournement,55.188813,-72.913562,2013,2013-09-17,06:00:00,2013-09-17T06:00:00,260,257,2013_2571,OTHER,CONT,LAKE,Detour_Data.xlsx,112,12,-279012.2961927505,1247957.2252884344
2004010,2004010_2013,2004010,TRUE,23,RAF_23,Contournement,55.18852,-72.939644,2013,2013-09-17,08:00:00,2013-09-17T08:00:00,260,257,2013_2571,OTHER,CONT,LAKE,Detour_Data.xlsx,113,13,-280661.0216123724,1248026.885860492
2004010,2004010_2013,2004010,TRUE,23,RAF_23,Contournement,55.187968,-72.953664,2013,2013-09-17,10:00:00,2013-09-17T10:00:00,260,257,2013_2571,OTHER,CONT,LAKE,Detour_Data.xlsx,114,14,-281549.97723297117,1248021.0459824854
2004010,2004010_2013,2004010,TRUE,23,RAF_23,Contournement,55.182768,-72.983265,2013,2013-09-17,12:01:00,2013-09-17T12:01:00,260,257,2013_2571,OTHER,CONT,LAKE,Detour_Data.xlsx,115,15,-283454.8370572931,1247564.0894943636
2004010,2004010_2013,2004010,TRUE,23,RAF_23,Contournement,55.170271,-73.028979,2013,2013-09-17,14:00:00,2013-09-17T14:00:00,260,257,2013_2571,OTHER,CONT,LAKE,Detour_Data.xlsx,116,16,-286428.6575362399,1246367.1407506703
2004010,2004010_2013,2004010,TRUE,23,RAF_23,Contournement,55.164395,-73.06232,2013,2013-09-17,16:01:00,2013-09-17T16:01:00,260,257,2013_2571,OTHER,CONT,LAKE,Detour_Data.xlsx,117,17,-288575.8046463452,1245852.7357994977
2004010,2004010_2013,2004010,TRUE,23,RAF_23,Contournement,55.153777,-73.121839,2013,2013-09-17,18:00:00,2013-09-17T18:00:00,260,257,2013_2571,OTHER,CONT,LAKE,Detour_Data.xlsx,118,18,-292411.06617488357,1244922.8169059702
2004010,2004010_2013,2004010,TRUE,23,RAF_23,Contournement,55.148283,-73.161226,2013,2013-09-17,20:00:00,2013-09-17T20:00:00,260,257,2013_2571,OTHER,CONT,LAKE,Detour_Data.xlsx,119,19,-294939.00119873113,1244478.3098315224
2004010,2004010_2013,2004010,TRUE,23,RAF_23,Contournement,55.143504,-73.181828,2013,2013-09-17,22:00:00,2013-09-17T22:00:00,260,257,2013_2571,OTHER,CONT,LAKE,Detour_Data.xlsx,120,20,-296275.28011148,1244036.1690145864
2004010,2004010_2013,2004010,TRUE,23,RAF_23,Contournement,55.137726,-73.20985,2013,2013-09-18,00:00:00,2013-09-18T00:00:00,261,265,2013_2651,OTHER,CONT,LAKE,Detour_Data.xlsx,121,21,-298088.02835579927,1243515.097626133
2004010,2004010_2013,2004010,TRUE,24,RAF_24,Contournement,55.214369,-72.490085,2013,2013-10-19,04:00:00,2013-10-19T04:00:00,292,289,2013_2891,OTHER,CONT,LAKE,Detour_Data.xlsx,122,1,-252113.09016141662,1249206.440261665
2004010,2004010_2013,2004010,TRUE,24,RAF_24,Contournement,55.214086,-72.49219,2013,2013-10-19,06:00:00,2013-10-19T06:00:00,292,289,2013_2891,OTHER,CONT,LAKE,Detour_Data.xlsx,123,2,-252247.70110898302,1249182.6165804486
2004010,2004010_2013,2004010,TRUE,24,RAF_24,Contournement,55.213141,-72.503157,2013,2013-10-19,08:00:00,2013-10-19T08:00:00,292,289,2013_2891,OTHER,CONT,LAKE,Detour_Data.xlsx,124,3,-252945.7742378029,1249117.0058371555
2004010,2004010_2013,2004010,TRUE,24,RAF_24,Contournement,55.208924,-72.516413,2013,2013-10-19,10:00:00,2013-10-19T10:00:00,292,289,2013_2891,OTHER,CONT,LAKE,Detour_Data.xlsx,125,4,-253808.65295885733,1248698.414476599
2004010,2004010_2013,2004010,TRUE,24,RAF_24,Contournement,55.212352,-72.567398,2013,2013-10-19,12:00:00,2013-10-19T12:00:00,292,289,2013_2891,OTHER,CONT,LAKE,Detour_Data.xlsx,126,5,-257005.56107471386,1249258.804483378
2004010,2004010_2013,2004010,TRUE,25,RAF_25,Traversée à la nage,55.190238,-72.609068,2013,2013-10-19,14:01:00,2013-10-19T14:01:00,292,289,2013_2891,OTHER,TRAV,LAKE,WaterCross_Data.xlsx,5,1,-259775.99297240248,1246968.2047208538
2004010,2004010_2013,2004010,TRUE,25,RAF_25,Traversée à la nage,55.170917,-72.638488,2013,2013-10-19,16:00:00,2013-10-19T16:00:00,292,289,2013_2891,OTHER,TRAV,LAKE,WaterCross_Data.xlsx,6,2,-261757.33690493272,1244942.7512485036
2004010,2004010_2013,2004010,TRUE,25,RAF_25,Traversée à la nage,55.14537,-72.726505,2013,2013-10-19,18:00:00,2013-10-19T18:00:00,292,289,2013_2891,WATER,TRAV,LAKE,WaterCross_Data.xlsx,7,3,-267484.6880943382,1242448.5221719637
2004010,2004010_2013,2004010,TRUE,25,RAF_25,Traversée à la nage,55.128478,-72.769438,2013,2013-10-19,20:00:00,2013-10-19T20:00:00,292,289,2013_2891,WATER,TRAV,LAKE,WaterCross_Data.xlsx,8,4,-270309.95761234534,1240745.5552747326
2004010,2004010_2013,2004010,TRUE,25,RAF_25,Traversée à la nage,55.121482,-72.774166,2013,2013-10-19,22:00:00,2013-10-19T22:00:00,292,289,2013_2891,WATER,TRAV,LAKE,WaterCross_Data.xlsx,9,5,-270655.11533571675,1239991.3316107597
2004010,2004010_2013,2004010,TRUE,25,RAF_25,Traversée à la nage,55.117511,-72.776584,2013,2013-10-20,00:00:00,2013-10-20T00:00:00,293,297,2013_2971,WATER,TRAV,LAKE,WaterCross_Data.xlsx,10,6,-270834.2709632988,1239562.2345329113
2004010,2004010_2013,2004010,TRUE,25,RAF_25,Traversée à la nage,55.081924,-72.788175,2013,2013-10-20,02:00:00,2013-10-20T02:00:00,293,297,2013_2971,WATER,TRAV,LAKE,WaterCross_Data.xlsx,11,7,-271803.07069192245,1235678.8292374066
2004010,2004010_2013,2004010,TRUE,25,RAF_25,Traversée à la nage,55.07847,-72.787371,2013,2013-10-20,04:00:00,2013-10-20T04:00:00,293,297,2013_2971,WATER,TRAV,LAKE,WaterCross_Data.xlsx,12,8,-271775.0352673155,1235294.6023187132
2004010,2004010_2013,2004010,TRUE,25,RAF_25,Traversée à la nage,55.078845,-72.788268,2013,2013-10-20,06:00:00,2013-10-20T06:00:00,293,297,2013_2971,WATER,TRAV,LAKE,WaterCross_Data.xlsx,13,9,-271829.34481181146,1235339.3931871639
2004010,2004010_2013,2004010,TRUE,25,RAF_25,Traversée à la nage,55.078155,-72.787816,2013,2013-10-20,08:00:00,2013-10-20T08:00:00,293,297,2013_2971,WATER,TRAV,LAKE,WaterCross_Data.xlsx,14,10,-271805.2953361875,1235261.5300309649
2004010,2004010_2013,2004010,TRUE,25,RAF_25,Traversée à la nage,55.078286,-72.788894,2013,2013-10-20,10:00:00,2013-10-20T10:00:00,293,297,2013_2971,WATER,TRAV,LAKE,WaterCross_Data.xlsx,15,11,-271872.6805937509,1235280.0818336913
2004010,2004010_2013,2004010,TRUE,25,RAF_25,Traversée à la nage,55.064193,-72.793868,2013,2013-10-20,12:00:00,2013-10-20T12:00:00,293,297,2013_2971,WATER,TRAV,LAKE,WaterCross_Data.xlsx,16,12,-272281.0363579379,1233743.746494711
2004010,2004010_2013,2004010,TRUE,25,RAF_25,Traversée à la nage,55.04772,-72.818901,2013,2013-10-20,14:00:00,2013-10-20T14:00:00,293,297,2013_2971,WATER,TRAV,LAKE,WaterCross_Data.xlsx,17,13,-273976.34260592697,1232021.4413874422
2004010,2004010_2013,2004010,TRUE,25,RAF_25,Traversée à la nage,55.02906,-72.814514,2013,2013-10-20,16:00:00,2013-10-20T16:00:00,293,297,2013_2971,OTHER,TRAV,LAKE,WaterCross_Data.xlsx,18,14,-273822.685281531,1229945.5014927424
2004010,2004010_2013,2004010,TRUE,25,RAF_25,Traversée à la nage,55.028897,-72.817454,2013,2013-10-20,18:00:00,2013-10-20T18:00:00,293,297,2013_2971,OTHER,TRAV,LAKE,WaterCross_Data.xlsx,19,15,-274010.1339407198,1229938.768089895
2004010,2004010_2013,2004010,TRUE,25,RAF_25,Traversée à la nage,55.028208,-72.817064,2013,2013-10-20,20:00:00,2013-10-20T20:00:00,293,297,2013_2971,OTHER,TRAV,LAKE,WaterCross_Data.xlsx,20,16,-273990.0047363562,1229861.2435913153
2004010,2004010_2013,2004010,TRUE,25,RAF_25,Traversée à la nage,55.02599,-72.817044,2013,2013-10-20,22:01:00,2013-10-20T22:01:00,293,297,2013_2971,OTHER,TRAV,LAKE,WaterCross_Data.xlsx,21,17,-274003.5204325494,1229616.4107496254
2004010,2004010_2013,2004010,TRUE,25,RAF_25,Traversée à la nage,55.025455,-72.818328,2013,2013-10-21,00:00:00,2013-10-21T00:00:00,294,297,2013_2971,OTHER,TRAV,LAKE,WaterCross_Data.xlsx,22,18,-274088.4841546028,1229562.2907998515
2004010,2004010_2013,2004010,TRUE,25,RAF_25,Traversée à la nage,55.025341,-72.818271,2013,2013-10-21,02:00:00,2013-10-21T02:00:00,294,297,2013_2971,OTHER,TRAV,LAKE,WaterCross_Data.xlsx,23,19,-274085.63075314625,1229549.4926110518
2004010,2004010_2013,2004010,TRUE,25,RAF_25,Traversée à la nage,55.026865,-72.817778,2013,2013-10-21,04:00:00,2013-10-21T04:00:00,294,297,2013_2971,OTHER,TRAV,LAKE,WaterCross_Data.xlsx,24,20,-274044.2179252413,1229715.7776043194
2004010,2004010_2013,2004010,TRUE,25,RAF_25,Traversée à la nage,55.026887,-72.813833,2013,2013-10-21,06:00:00,2013-10-21T06:00:00,294,297,2013_2971,OTHER,TRAV,LAKE,WaterCross_Data.xlsx,25,21,-273793.99046783725,1229703.1045488494
2004010,2004010_2013,2004010,TRUE,25,RAF_25,Traversée à la nage,55.02607,-72.813729,2013,2013-10-21,08:00:00,2013-10-21T08:00:00,294,297,2013_2971,OTHER,TRAV,LAKE,WaterCross_Data.xlsx,26,22,-273792.83902343817,1229612.550493627
2004010,2004010_2013,2004010,TRUE,25,RAF_25,Traversée à la nage,55.026035,-72.813669,2013,2013-10-21,10:00:00,2013-10-21T10:00:00,294,297,2013_2971,OTHER,TRAV,LAKE,WaterCross_Data.xlsx,27,23,-273789.26853174437,1229608.4586742935
2004010,2004010_2013,2004010,TRUE,25,RAF_25,Traversée à la nage,55.024642,-72.825664,2013,2013-10-21,12:00:00,2013-10-21T12:00:00,294,297,2013_2971,WATER,TRAV,LAKE,WaterCross_Data.xlsx,28,24,-274558.9700745375,1229500.6991540191
2004010,2004010_2013,2004010,TRUE,25,RAF_25,Traversée à la nage,55.012877,-72.853815,2013,2013-10-21,14:00:00,2013-10-21T14:00:00,294,297,2013_2971,WATER,TRAV,LAKE,WaterCross_Data.xlsx,29,25,-276422.6580899616,1228310.8397497062
2004010,2004010_2013,2004010,TRUE,25,RAF_25,Traversée à la nage,55.013531,-72.859022,2013,2013-10-21,16:00:00,2013-10-21T16:00:00,294,297,2013_2971,WATER,TRAV,LAKE,WaterCross_Data.xlsx,30,26,-276748.43915668636,1228403.1309849685
2004010,2004010_2013,2004010,TRUE,25,RAF_25,Traversée à la nage,54.982876,-72.886223,2013,2013-10-21,18:01:00,2013-10-21T18:01:00,294,297,2013_2971,WATER,TRAV,LAKE,WaterCross_Data.xlsx,31,27,-278680.8260108581,1225126.1465532975
2004010,2004010_2013,2004010,TRUE,25,RAF_25,Traversée à la nage,54.97401,-72.895133,2013,2013-10-21,20:00:00,2013-10-21T20:00:00,294,297,2013_2971,OTHER,TRAV,LAKE,WaterCross_Data.xlsx,32,28,-279306.3753718911,1224182.6172654442
2004010,2004010_2013,2004010,TRUE,26,RAF_26,Contournement,54.966576,-72.914333,2013,2013-10-22,02:00:00,2013-10-22T02:00:00,295,297,2013_2971,OTHER,CONT,LAKE,Detour_Data.xlsx,127,1,-280575.6342923099,1223437.4805395298
2004010,2004010_2013,2004010,TRUE,26,RAF_26,Contournement,54.964119,-72.912628,2013,2013-10-22,04:00:00,2013-10-22T04:00:00,295,297,2013_2971,ICE,CONT,LAKE,Detour_Data.xlsx,128,2,-280484.1395352556,1223159.7011425225
2004010,2004010_2013,2004010,TRUE,26,RAF_26,Contournement,54.963231,-72.908332,2013,2013-10-22,06:00:00,2013-10-22T06:00:00,295,297,2013_2971,ICE,CONT,LAKE,Detour_Data.xlsx,129,3,-280217.45787215745,1223044.8922346495
2004010,2004010_2013,2004010,TRUE,26,RAF_26,Contournement,54.958586,-72.895484,2013,2013-10-22,08:00:00,2013-10-22T08:00:00,295,297,2013_2971,OTHER,CONT,LAKE,Detour_Data.xlsx,130,4,-279433.31859689066,1222482.1379393756
2004010,2004010_2013,2004010,TRUE,26,RAF_26,Contournement,54.95816,-72.895805,2013,2013-10-22,10:00:00,2013-10-22T10:00:00,295,297,2013_2971,OTHER,CONT,LAKE,Detour_Data.xlsx,131,5,-279456.59078297013,1222436.3878514867
2004010,2004010_2013,2004010,TRUE,26,RAF_26,Contournement,54.956346,-72.888394,2013,2013-10-22,12:00:00,2013-10-22T12:00:00,295,297,2013_2971,OTHER,CONT,LAKE,Detour_Data.xlsx,132,6,-278998.3287284735,1222207.3181559774
2004010,2004010_2013,2004010,TRUE,27,RAF_27,Contournement,54.94766,-72.913141,2013,2013-10-30,16:00:00,2013-10-30T16:00:00,303,305,2013_3051,OTHER,CONT,LAKE,Detour_Data.xlsx,133,1,-280628.8427402885,1221345.7041754255
2004010,2004010_2013,2004010,TRUE,27,RAF_27,Contournement,54.948343,-72.919831,2013,2013-10-30,18:01:00,2013-10-30T18:01:00,303,305,2013_3051,OTHER,CONT,LAKE,Detour_Data.xlsx,134,2,-281049.05458291626,1221447.3175581794
2004010,2004010_2013,2004010,TRUE,27,RAF_27,Contournement,54.947992,-72.923737,2013,2013-10-30,20:00:00,2013-10-30T20:00:00,303,305,2013_3051,OTHER,CONT,LAKE,Detour_Data.xlsx,135,3,-281299.51082899317,1221423.9378742084
2004010,2004010_2013,2004010,TRUE,27,RAF_27,Contournement,54.940384,-72.956827,2013,2013-10-30,22:00:00,2013-10-30T22:00:00,303,305,2013_3051,OTHER,CONT,LAKE,Detour_Data.xlsx,136,4,-283453.2942300507,1220715.1073597935
2004010,2004010_2013,2004010,TRUE,27,RAF_27,Contournement,54.944065,-72.971754,2013,2013-10-31,00:00:00,2013-10-31T00:00:00,304,305,2013_3051,OTHER,CONT,LAKE,Detour_Data.xlsx,137,5,-284376.0031270771,1221180.4523378208
2004010,2004010_2013,2004010,TRUE,27,RAF_27,Contournement,54.944085,-72.971715,2013,2013-10-31,02:00:00,2013-10-31T02:00:00,304,305,2013_3051,OTHER,CONT,LAKE,Detour_Data.xlsx,138,6,-284373.38813010737,1221182.503928579
2004010,2004010_2013,2004010,TRUE,27,RAF_27,Contournement,54.941816,-72.97132,2013,2013-10-31,04:00:00,2013-10-31T04:00:00,304,305,2013_3051,OTHER,CONT,LAKE,Detour_Data.xlsx,139,7,-284363.963508926,1220930.5985820198
2004010,2004010_2013,2004010,TRUE,27,RAF_27,Contournement,54.942798,-72.977117,2013,2013-10-31,06:00:00,2013-10-31T06:00:00,304,305,2013_3051,OTHER,CONT,LAKE,Detour_Data.xlsx,140,8,-284725.3690898493,1221061.9916465266
2004010,2004010_2013,2004010,TRUE,27,RAF_27,Contournement,54.942177,-72.978646,2013,2013-10-31,08:00:00,2013-10-31T08:00:00,304,305,2013_3051,OTHER,CONT,LAKE,Detour_Data.xlsx,141,9,-284826.7735281257,1220999.5626839278
2004010,2004010_2013,2004010,TRUE,27,RAF_27,Contournement,54.942103,-72.977763,2013,2013-10-31,10:00:00,2013-10-31T10:00:00,304,305,2013_3051,OTHER,CONT,LAKE,Detour_Data.xlsx,142,10,-284771.2025604243,1220987.8842005327
2004010,2004010_2013,2004010,TRUE,27,RAF_27,Contournement,54.938699,-72.999322,2013,2013-10-31,12:00:00,2013-10-31T12:00:00,304,305,2013_3051,OTHER,CONT,LAKE,Detour_Data.xlsx,143,11,-286164.12586897024,1220698.3350596176
2004010,2004010_2013,2004010,TRUE,28,RAF_28,Contournement,54.930677,-73.01613,2013,2013-11-01,20:00:00,2013-11-01T20:00:00,305,305,2013_3051,OTHER,CONT,LAKE,Detour_Data.xlsx,144,1,-287287.65212999925,1219880.658117244
2004010,2004010_2013,2004010,TRUE,28,RAF_28,Contournement,54.936365,-73.037146,2013,2013-11-01,22:01:00,2013-11-01T22:01:00,305,305,2013_3051,OTHER,CONT,LAKE,Detour_Data.xlsx,145,2,-288582.9299209272,1220592.7346227365
2004010,2004010_2013,2004010,TRUE,28,RAF_28,Contournement,54.9314,-73.065249,2013,2013-11-02,00:00:00,2013-11-02T00:00:00,306,305,2013_3051,OTHER,CONT,LAKE,Detour_Data.xlsx,146,3,-290402.97987925576,1220158.6843737457
2004010,2004010_2013,2004010,TRUE,28,RAF_28,Contournement,54.929114,-73.072207,2013,2013-11-02,02:00:00,2013-11-02T02:00:00,306,305,2013_3051,OTHER,CONT,LAKE,Detour_Data.xlsx,147,4,-290861.1226668208,1219934.7560761895
2004010,2004010_2013,2004010,TRUE,28,RAF_28,Contournement,54.929374,-73.069601,2013,2013-11-02,04:00:00,2013-11-02T04:00:00,306,305,2013_3051,OTHER,CONT,LAKE,Detour_Data.xlsx,148,5,-290693.73325787764,1219952.8494908055
2004010,2004010_2013,2004010,TRUE,28,RAF_28,Contournement,54.928409,-73.072394,2013,2013-11-02,06:00:00,2013-11-02T06:00:00,306,305,2013_3051,OTHER,CONT,LAKE,Detour_Data.xlsx,149,6,-290877.97869809804,1219857.7421953578
2004010,2004010_2013,2004010,TRUE,28,RAF_28,Contournement,54.92969,-73.077554,2013,2013-11-02,08:00:00,2013-11-02T08:00:00,306,305,2013_3051,OTHER,CONT,LAKE,Detour_Data.xlsx,150,7,-291196.7382119767,1220020.0447710312
2004010,2004010_2013,2004010,TRUE,28,RAF_28,Contournement,54.929804,-73.077741,2013,2013-11-02,10:00:00,2013-11-02T10:00:00,306,305,2013_3051,OTHER,CONT,LAKE,Detour_Data.xlsx,151,8,-291207.8122035246,1220033.381904264
2004010,2004010_2013,2004010,TRUE,28,RAF_28,Contournement,54.930716,-73.111537,2013,2013-11-02,12:00:00,2013-11-02T12:00:00,306,305,2013_3051,OTHER,CONT,LAKE,Detour_Data.xlsx,152,9,-293348.2481531521,1220272.02526798
2004010,2004010_2013,2004010,TRUE,28,RAF_28,Contournement,54.961043,-73.165523,2013,2013-11-02,14:00:00,2013-11-02T14:00:00,306,305,2013_3051,OTHER,CONT,LAKE,Detour_Data.xlsx,153,10,-296559.13840848784,1223839.988979623
2004010,2004010_2013,2004010,TRUE,28,RAF_28,Contournement,54.971951,-73.205673,2013,2013-11-02,16:00:00,2013-11-02T16:00:00,306,305,2013_3051,OTHER,CONT,LAKE,Detour_Data.xlsx,154,11,-299028.3308486143,1225210.3256604972
2004010,2004010_2013,2004010,TRUE,28,RAF_28,Contournement,54.96354,-73.244813,2013,2013-11-02,18:00:00,2013-11-02T18:00:00,306,305,2013_3051,OTHER,CONT,LAKE,Detour_Data.xlsx,155,12,-301573.50985422597,1224446.7973373272
2004010,2004010_2013,2004010,TRUE,28,RAF_28,Contournement,54.97997,-73.296556,2013,2013-11-02,20:00:00,2013-11-02T20:00:00,306,305,2013_3051,OTHER,CONT,LAKE,Detour_Data.xlsx,156,13,-304735.66938428226,1226478.246532031
2004010,2004010_2014,2004010,TRUE,29,RAF_29,Traversée sur glace,53.593303,-76.485057,2014,2014-01-25,13:00:00,2014-01-25T13:00:00,25,25,2014_0251,OTHER,TRAV,LAKE,IceCross_Data.xlsx,53,1,-523698.1576988436,1092279.213395591
2004010,2004010_2014,2004010,TRUE,29,RAF_29,Traversée sur glace,53.698562,-76.599033,2014,2014-01-25,20:00:00,2014-01-25T20:00:00,25,25,2014_0251,OTHER,TRAV,LAKE,IceCross_Data.xlsx,54,2,-529828.2848303966,1104673.0108907546
2004010,2004010_2014,2004010,TRUE,29,RAF_29,Traversée sur glace,53.695373,-76.785295,2014,2014-01-26,03:00:00,2014-01-26T03:00:00,26,25,2014_0251,ICE,TRAV,LAKE,IceCross_Data.xlsx,55,3,-542000.1229311778,1105717.9359728605
2004010,2004010_2014,2004010,TRUE,29,RAF_29,Traversée sur glace,53.661472,-77.007447,2014,2014-01-26,10:00:00,2014-01-26T10:00:00,26,25,2014_0251,ICE,TRAV,LAKE,IceCross_Data.xlsx,56,4,-556909.2308980586,1103704.2753152733
2004010,2004010_2014,2004010,TRUE,29,RAF_29,Traversée sur glace,53.542156,-77.214336,2014,2014-01-26,17:01:00,2014-01-26T17:01:00,26,25,2014_0251,OTHER,TRAV,LAKE,IceCross_Data.xlsx,57,5,-571987.4167586045,1092250.582514712
2004010,2004010_2014,2004010,TRUE,30,RAF_30,Contournement,53.507907,-77.405032,2014,2014-03-07,16:00:00,2014-03-07T16:00:00,66,65,2014_0651,OTHER,CONT,LAKE,Detour_Data.xlsx,157,1,-584909.8493362946,1090037.2694931226
2004010,2004010_2014,2004010,TRUE,30,RAF_30,Contournement,53.524041,-77.438204,2014,2014-03-07,23:01:00,2014-03-07T23:01:00,66,65,2014_0651,OTHER,CONT,LAKE,Detour_Data.xlsx,158,2,-586855.3287746352,1092077.310539077
2004010,2004010_2014,2004010,TRUE,30,RAF_30,Contournement,53.533613,-77.455977,2014,2014-03-08,06:00:00,2014-03-08T06:00:00,67,65,2014_0651,OTHER,CONT,LAKE,Detour_Data.xlsx,159,3,-587884.165101551,1093272.3389370716
2004010,2004010_2014,2004010,TRUE,30,RAF_30,Contournement,53.534141,-77.458788,2014,2014-03-08,13:00:00,2014-03-08T13:00:00,67,65,2014_0651,OTHER,CONT,LAKE,Detour_Data.xlsx,160,4,-588060.435553517,1093353.3063635875
2004010,2004010_2014,2004010,TRUE,30,RAF_30,Contournement,53.543853,-77.478327,2014,2014-03-08,20:01:00,2014-03-08T20:01:00,67,65,2014_0651,OTHER,CONT,LAKE,Detour_Data.xlsx,161,5,-589202.0028922876,1094578.4822181887
2004010,2004010_2014,2004010,TRUE,31,RAF_31,Traversée sur glace,53.707132,-77.360184,2014,2014-03-19,22:00:00,2014-03-19T22:00:00,78,81,2014_0811,OTHER,TRAV,LAKE,IceCross_Data.xlsx,58,1,-579261.1829770721,1111511.6360755148
2004010,2004010_2014,2004010,TRUE,31,RAF_31,Traversée sur glace,53.779526,-77.174781,2014,2014-03-20,05:00:00,2014-03-20T05:00:00,79,81,2014_0811,ICE,TRAV,LAKE,IceCross_Data.xlsx,59,2,-566232.8323778715,1117965.5216622595
2004010,2004010_2014,2004010,TRUE,31,RAF_31,Traversée sur glace,53.773077,-77.109674,2014,2014-03-20,12:00:00,2014-03-20T12:00:00,79,81,2014_0811,ICE,TRAV,LAKE,IceCross_Data.xlsx,60,3,-562089.1905367031,1116744.9610958307
2004010,2004010_2014,2004010,TRUE,31,RAF_31,Traversée sur glace,53.857747,-76.923091,2014,2014-03-20,19:01:00,2014-03-20T19:01:00,79,81,2014_0811,OTHER,TRAV,LAKE,IceCross_Data.xlsx,61,4,-548866.4043299565,1124584.6455507986
2004010,2004010_2014,2004010,TRUE,32,RAF_32,Traversée sur glace,54.057175,-76.777705,2014,2014-04-28,12:01:00,2014-04-28T12:01:00,118,121,2014_1211,OTHER,TRAV,LAKE,IceCross_Data.xlsx,62,1,-536892.3548140979,1145365.4762029243
2004010,2004010_2014,2004010,TRUE,32,RAF_32,Traversée sur glace,54.112868,-76.752189,2014,2014-04-28,14:00:00,2014-04-28T14:00:00,118,121,2014_1211,ICE,TRAV,LAKE,IceCross_Data.xlsx,63,2,-534536.6980839384,1151286.9765604143
2004010,2004010_2014,2004010,TRUE,32,RAF_32,Traversée sur glace,54.18432,-76.731669,2014,2014-04-28,16:00:00,2014-04-28T16:00:00,118,121,2014_1211,OTHER,TRAV,LAKE,IceCross_Data.xlsx,64,3,-532307.2196745863,1158976.6629113539
2004011,2004011_2007,2004011,TRUE,33,RAF_33,Traversée sur glace,53.670865,-75.072623,2007,2007-04-26,00:01:00,2007-04-26T00:01:00,116,113,2007_1131,OTHER,TRAV,LAKE,IceCross_Data.xlsx,65,1,-430566.88734746067,1091385.8937764468
2004011,2004011_2007,2004011,TRUE,33,RAF_33,Traversée sur glace,53.82329,-75.097554,2007,2007-04-26,07:00:00,2007-04-26T07:00:00,116,113,2007_1131,ICE,TRAV,LAKE,IceCross_Data.xlsx,66,2,-430645.163413615,1108303.8846405325
2004011,2004011_2007,2004011,TRUE,33,RAF_33,Traversée sur glace,53.942532,-75.013593,2007,2007-04-26,21:03:00,2007-04-26T21:03:00,116,113,2007_1131,OTHER,TRAV,LAKE,IceCross_Data.xlsx,67,3,-423982.5061035884,1120921.2312361023
2004011,2004011_2007,2004011,TRUE,34,RAF_34,Traversée sur glace,56.067557,-74.656848,2007,2007-05-11,11:00:00,2007-05-11T11:00:00,131,129,2007_1291,OTHER,TRAV,LAKE,IceCross_Data.xlsx,68,1,-380632.05864348594,1352930.3331736869
2004011,2004011_2007,2004011,TRUE,34,RAF_34,Traversée sur glace,56.121842,-74.664968,2007,2007-05-11,18:00:00,2007-05-11T18:00:00,131,129,2007_1291,ICE,TRAV,LAKE,IceCross_Data.xlsx,69,2,-380615.94087276584,1358958.3452771748
2004011,2004011_2007,2004011,TRUE,34,RAF_34,Traversée sur glace,56.284516000000004,-74.518808,2007,2007-05-12,01:00:00,2007-05-12T01:00:00,132,129,2007_1291,ICE,TRAV,LAKE,IceCross_Data.xlsx,70,3,-370101.33985384787,1376129.82514425
2004013,2004013_2007,2004013,TRUE,35,RAF_35,Traversée sur glace,53.470657,-74.820472,2007,2007-04-22,12:02:00,2007-04-22T12:02:00,112,113,2007_1131,OTHER,TRAV,LAKE,IceCross_Data.xlsx,74,1,-416043.43985434575,1067867.1110750427
2004013,2004013_2007,2004013,TRUE,35,RAF_35,Traversée sur glace,53.661412,-74.66058,2007,2007-04-22,19:01:00,2007-04-22T19:01:00,112,113,2007_1131,OTHER,TRAV,LAKE,IceCross_Data.xlsx,75,2,-403733.05337642605,1087943.765567056
2004013,2004013_2007,2004013,TRUE,35,RAF_35,Traversée sur glace,53.745916,-74.637324,2007,2007-04-23,02:00:00,2007-04-23T02:00:00,113,113,2007_1131,OTHER,TRAV,LAKE,IceCross_Data.xlsx,76,3,-401413.0460601685,1097113.9722600204
2004013,2004013_2007,2004013,TRUE,36,RAF_36,Traversée sur glace,53.751095,-74.632531,2007,2007-04-23,09:02:00,2007-04-23T09:02:00,113,113,2007_1131,OTHER,TRAV,LAKE,IceCross_Data.xlsx,77,1,-401051.35478314955,1097657.1492857055
2004013,2004013_2007,2004013,TRUE,36,RAF_36,Traversée sur glace,53.936614,-74.523465,2007,2007-04-23,23:00:00,2007-04-23T23:00:00,113,113,2007_1131,ICE,TRAV,LAKE,IceCross_Data.xlsx,78,2,-392212.54790769017,1117474.7483854517
2004013,2004013_2007,2004013,TRUE,36,RAF_36,Traversée sur glace,53.955951,-74.523601,2007,2007-04-24,06:01:00,2007-04-24T06:01:00,114,113,2007_1131,OTHER,TRAV,LAKE,IceCross_Data.xlsx,79,3,-392041.7606817319,1119604.3487193736
2004013,2004013_2007,2004013,TRUE,38,RAF_38,Traversée sur glace,55.291104,-72.401589,2007,2007-11-28,10:00:00,2007-11-28T10:00:00,332,329,2007_3291,OTHER,TRAV,LAKE,IceCross_Data.xlsx,80,1,-246064.7165069806,1257370.1211117017
2004013,2004013_2007,2004013,TRUE,38,RAF_38,Traversée sur glace,55.116481,-72.575943,2007,2007-11-28,17:00:00,2007-11-28T17:00:00,332,329,2007_3291,ICE,TRAV,LAKE,IceCross_Data.xlsx,81,2,-258148.32607741715,1238706.9683056022
2004013,2004013_2007,2004013,TRUE,38,RAF_38,Traversée sur glace,54.967595,-72.858375,2007,2007-11-29,00:01:00,2007-11-29T00:01:00,333,337,2007_3371,OTHER,TRAV,LAKE,IceCross_Data.xlsx,82,3,-277016.50647998974,1223331.9047326376
2004013,2004013_2009,2004013,TRUE,39,RAF_39,Traversée sur glace,53.748454,-73.942113,2009,2009-01-06,20:03:00,2009-01-06T20:03:00,6,9,2009_0091,OTHER,TRAV,RIVER,IceCross_Data.xlsx,83,1,-356014.62497875403,1093714.183746215
2004013,2004013_2009,2004013,TRUE,39,RAF_39,Traversée sur glace,53.648623,-74.080775,2009,2009-01-07,10:02:00,2009-01-07T10:02:00,7,9,2009_0091,OTHER,TRAV,RIVER,IceCross_Data.xlsx,84,2,-365926.73698583595,1083417.6317701116
2004013,2004013_2009,2004013,TRUE,39,RAF_39,Traversée sur glace,53.648405,-74.096907,2009,2009-01-07,17:02:00,2009-01-07T17:02:00,7,9,2009_0091,OTHER,TRAV,RIVER,IceCross_Data.xlsx,85,3,-366984.22574625706,1083476.2334896524
2004013,2004013_2009,2004013,TRUE,40,RAF_40,Traversée sur glace,53.804304,-74.509614,2009,2009-05-10,12:01:00,2009-05-10T12:01:00,130,129,2009_1291,OTHER,TRAV,LAKE,IceCross_Data.xlsx,86,1,-392538.9238105588,1102832.7904907945
2004013,2004013_2009,2004013,TRUE,40,RAF_40,Traversée sur glace,53.931839,-74.49213,2009,2009-05-10,19:01:00,2009-05-10T19:01:00,130,129,2009_1291,ICE,TRAV,LAKE,IceCross_Data.xlsx,87,2,-390221.1045203499,1116777.7427438283
2004013,2004013_2009,2004013,TRUE,40,RAF_40,Traversée sur glace,53.972168,-74.493028,2009,2009-05-11,02:01:00,2009-05-11T02:01:00,131,129,2009_1291,OTHER,TRAV,LAKE,IceCross_Data.xlsx,88,3,-389906.72663849004,1121222.722426871
2007020,2007020_2008,2007020,TRUE,41,RAF_41,Traversée sur glace,54.5608,-72.1986,2008,2008-11-19,11:00:00,2008-11-19T11:00:00,324,321,2008_3211,OTHER,TRAV,LAKE,IceCross_Data.xlsx,94,1,-237445.08266422234,1176067.4750818594
2007020,2007020_2008,2007020,TRUE,41,RAF_41,Traversée sur glace,54.3601,-72.3271,2008,2008-11-19,18:00:00,2008-11-19T18:00:00,324,321,2008_3211,OTHER,TRAV,LAKE,IceCross_Data.xlsx,95,2,-246872.48857909127,1154353.4708423545
2007020,2007020_2008,2007020,TRUE,41,RAF_41,Traversée sur glace,54.3347,-72.3448,2008,2008-11-20,01:00:00,2008-11-20T01:00:00,325,329,2008_3291,OTHER,TRAV,LAKE,IceCross_Data.xlsx,96,3,-248163.887728579,1151611.926103635
2007020,2007020_2009,2007020,TRUE,42,RAF_42,Contournement,53.7263,-73.8299,2009,2009-03-13,04:02:00,2009-03-13T04:02:00,72,73,2009_0731,OTHER,CONT,RIVER,Detour_Data.xlsx,162,1,-348869.6688907473,1090720.984868325
2007020,2007020_2009,2007020,TRUE,42,RAF_42,Contournement,53.7202,-73.85,2009,2009-03-13,11:01:00,2009-03-13T11:01:00,72,73,2009_0731,OTHER,CONT,RIVER,Detour_Data.xlsx,163,2,-350233.2059207731,1090147.148735297
2007020,2007020_2009,2007020,TRUE,42,RAF_42,Contournement,53.7151,-73.8979,2009,2009-03-13,18:00:00,2009-03-13T18:00:00,72,73,2009_0731,OTHER,CONT,RIVER,Detour_Data.xlsx,164,3,-353405.4749543378,1089820.8142529228
2007020,2007020_2009,2007020,TRUE,42,RAF_42,Contournement,53.7132,-73.9069,2009,2009-03-14,01:01:00,2009-03-14T01:01:00,73,73,2009_0731,OTHER,CONT,RIVER,Detour_Data.xlsx,165,4,-354009.43693967245,1089655.9964226496
2007020,2007020_2009,2007020,TRUE,42,RAF_42,Contournement,53.7118,-73.91,2009,2009-03-14,08:02:00,2009-03-14T08:02:00,73,73,2009_0731,OTHER,CONT,RIVER,Detour_Data.xlsx,166,5,-354223.7000851569,1089517.1145871854
2007020,2007020_2009,2007020,TRUE,42,RAF_42,Contournement,53.7139,-73.9176,2009,2009-03-14,15:01:00,2009-03-14T15:01:00,73,73,2009_0731,OTHER,CONT,RIVER,Detour_Data.xlsx,167,6,-354702.81829802017,1089786.092290752
2007020,2007020_2009,2007020,TRUE,43,RAF_43,Contournement,54.2311,-72.6576,2009,2009-11-06,04:01:00,2009-11-06T04:01:00,310,313,2009_3131,OTHER,CONT,LAKE,Detour_Data.xlsx,168,1,-268996.5392826205,1141312.259229764
2007020,2007020_2009,2007020,TRUE,43,RAF_43,Contournement,54.2373,-72.6062,2009,2009-11-06,11:03:00,2009-11-06T11:03:00,310,313,2009_3131,OTHER,CONT,LAKE,Detour_Data.xlsx,169,2,-265635.3457204692,1141804.1953694907
2007020,2007020_2009,2007020,TRUE,43,RAF_43,Contournement,54.2227,-72.5905,2009,2009-11-06,18:02:00,2009-11-06T18:02:00,310,313,2009_3131,OTHER,CONT,LAKE,Detour_Data.xlsx,170,3,-264712.9678364341,1140135.400957354
2007020,2007020_2009,2007020,TRUE,43,RAF_43,Contournement,54.2255,-72.5864,2009,2009-11-07,01:01:00,2009-11-07T01:01:00,311,313,2009_3131,OTHER,CONT,LAKE,Detour_Data.xlsx,171,4,-264430.2706426187,1140429.1293102282
2007020,2007020_2009,2007020,TRUE,43,RAF_43,Contournement,54.2307,-72.5707,2009,2009-11-07,08:01:00,2009-11-07T08:01:00,311,313,2009_3131,OTHER,CONT,LAKE,Detour_Data.xlsx,172,5,-263382.75668358605,1140944.8819103427
2007020,2007020_2009,2007020,TRUE,43,RAF_43,Contournement,54.2242,-72.6032,2009,2009-11-07,15:01:00,2009-11-07T15:01:00,311,313,2009_3131,OTHER,CONT,LAKE,Detour_Data.xlsx,173,6,-265524.4386966116,1140347.926400074
2007021,2007021_2007,2007021,TRUE,44,RAF_44,Traversée sur glace,53.5745,-75.0948,2007,2007-05-03,09:01:00,2007-05-03T09:01:00,123,121,2007_1211,OTHER,TRAV,LAKE,IceCross_Data.xlsx,97,1,-432995.254491336,1080919.186724698
2007021,2007021_2007,2007021,TRUE,44,RAF_44,Traversée sur glace,53.6612,-75.1013,2007,2007-05-03,20:01:00,2007-05-03T20:01:00,123,121,2007_1211,OTHER,TRAV,LAKE,IceCross_Data.xlsx,98,2,-432538.5282757946,1090495.6378228352
2007021,2007021_2007,2007021,TRUE,44,RAF_44,Traversée sur glace,53.7785,-75.0728,2007,2007-05-04,07:00:00,2007-05-04T07:00:00,124,121,2007_1211,ICE,TRAV,LAKE,IceCross_Data.xlsx,99,3,-429487.8010908987,1103227.767919269
2007021,2007021_2007,2007021,TRUE,44,RAF_44,Traversée sur glace,54.1637,-75.0451,2007,2007-05-05,16:01:00,2007-05-05T16:01:00,125,129,2007_1291,OTHER,TRAV,LAKE,IceCross_Data.xlsx,100,4,-423795.7272763888,1145442.7258306604
2007021,2007021_2007,2007021,TRUE,45,RAF_45,Contournement,54.738,-70.8518,2007,2007-11-16,22:01:00,2007-11-16T22:01:00,320,321,2007_3211,OTHER,CONT,RIVER,Detour_Data.xlsx,174,1,-150378.88137025613,1191985.8668962084
2007021,2007021_2007,2007021,TRUE,45,RAF_45,Contournement,54.703,-70.9247,2007,2007-11-17,09:00:00,2007-11-17T09:00:00,321,321,2007_3211,OTHER,CONT,RIVER,Detour_Data.xlsx,175,2,-155169.55072343632,1188275.1819432243
2007021,2007021_2007,2007021,TRUE,45,RAF_45,Contournement,54.6654,-71.0791,2007,2007-11-17,20:00:00,2007-11-17T20:00:00,321,321,2007_3211,OTHER,CONT,RIVER,Detour_Data.xlsx,176,3,-165196.02911666266,1184467.5838670551
2007021,2007021_2007,2007021,TRUE,45,RAF_45,Contournement,54.6226,-71.2474,2007,2007-11-18,07:00:00,2007-11-18T07:00:00,322,321,2007_3211,OTHER,CONT,RIVER,Detour_Data.xlsx,177,4,-176152.38228719513,1180141.8963728484
2007021,2007021_2007,2007021,TRUE,46,RAF_46,Traversée sur glace,54.5041,-71.9132,2007,2007-11-20,03:00:00,2007-11-20T03:00:00,324,321,2007_3211,OTHER,TRAV,LAKE,IceCross_Data.xlsx,101,1,-219436.0356913717,1168897.9065928322
2007021,2007021_2007,2007021,TRUE,46,RAF_46,Traversée sur glace,54.4739,-72.1142,2007,2007-11-20,14:00:00,2007-11-20T14:00:00,324,321,2007_3211,ICE,TRAV,LAKE,IceCross_Data.xlsx,102,2,-232516.2153086733,1166199.1801405116
2007021,2007021_2007,2007021,TRUE,46,RAF_46,Traversée sur glace,54.4723,-72.3775,2007,2007-11-21,01:01:00,2007-11-21T01:01:00,325,329,2007_3291,OTHER,TRAV,LAKE,IceCross_Data.xlsx,103,3,-249448.93602858213,1166909.282704321
2007021,2007021_2007,2007021,TRUE,47,RAF_47,Traversée sur glace,53.8465,-74.9109,2007,2007-11-29,07:00:00,2007-11-29T07:00:00,333,337,2007_3371,OTHER,TRAV,LAKE,IceCross_Data.xlsx,104,1,-418265.28554273845,1109750.384637003
2007021,2007021_2007,2007021,TRUE,47,RAF_47,Traversée sur glace,53.842,-74.8472,2007,2007-11-29,18:00:00,2007-11-29T18:00:00,333,337,2007_3371,OTHER,TRAV,LAKE,IceCross_Data.xlsx,105,2,-414164.3150786411,1108884.7038475655
2007021,2007021_2007,2007021,TRUE,47,RAF_47,Traversée sur glace,53.6835,-74.7913,2007,2007-11-30,05:01:00,2007-11-30T05:01:00,334,337,2007_3371,OTHER,TRAV,LAKE,IceCross_Data.xlsx,106,3,-412063.67366350885,1091119.7738209954
2007021,2007021_2007,2007021,TRUE,47,RAF_47,Traversée sur glace,53.3839,-75.085,2007,2007-12-01,14:01:00,2007-12-01T14:01:00,335,337,2007_3371,OTHER,TRAV,LAKE,IceCross_Data.xlsx,107,4,-434288.39018516673,1059894.0643166248
2007021,2007021_2008,2007021,TRUE,48,RAF_48,Traversée sur glace,53.6038,-75.1337,2008,2008-05-06,01:01:00,2008-05-06T01:01:00,127,129,2008_1291,OTHER,TRAV,LAKE,IceCross_Data.xlsx,108,1,-435242.3930750788,1084378.1265232107
2007021,2007021_2008,2007021,TRUE,48,RAF_48,Traversée sur glace,53.6429,-75.1341,2008,2008-05-06,12:02:00,2008-05-06T12:02:00,127,129,2008_1291,OTHER,TRAV,LAKE,IceCross_Data.xlsx,109,2,-434868.6962549028,1088681.4291961964
2007021,2007021_2008,2007021,TRUE,48,RAF_48,Traversée sur glace,53.9265,-75.0126,2008,2008-05-06,23:00:00,2008-05-06T23:00:00,127,129,2008_1291,OTHER,TRAV,LAKE,IceCross_Data.xlsx,110,3,-424079.0266009104,1119151.4155281761
2007021,2007021_2008,2007021,TRUE,49,RAF_49,Traversée sur glace,56.1566,-74.5193,2008,2008-05-17,23:00:00,2008-05-17T23:00:00,138,137,2008_1371,OTHER,TRAV,LAKE,IceCross_Data.xlsx,111,1,-371320.9304944286,1362025.5309117858
2007021,2007021_2008,2007021,TRUE,49,RAF_49,Traversée sur glace,56.3509,-74.4086,2008,2008-05-18,10:01:00,2008-05-18T10:01:00,139,137,2008_1371,OTHER,TRAV,LAKE,IceCross_Data.xlsx,112,2,-362734.11001193937,1382887.7625030668
2007021,2007021_2008,2007021,TRUE,49,RAF_49,Traversée sur glace,56.5211,-74.4779,2008,2008-05-18,21:01:00,2008-05-18T21:01:00,139,137,2008_1371,OTHER,TRAV,LAKE,IceCross_Data.xlsx,113,3,-365406.54222578864,1402016.6840083008
2007021,2007021_2008,2007021,TRUE,50,RAF_50,Traversée sur glace,54.0419,-73.186,2008,2008-11-18,05:01:00,2008-11-18T05:01:00,323,321,2008_3211,OTHER,TRAV,LAKE,IceCross_Data.xlsx,114,1,-304505.84288080956,1122564.2110842671
2007021,2007021_2008,2007021,TRUE,50,RAF_50,Traversée sur glace,54.0195,-73.2073,2008,2008-11-19,14:01:00,2008-11-19T14:01:00,324,321,2008_3211,ICE,TRAV,LAKE,IceCross_Data.xlsx,115,2,-306050.65324006876,1120185.490217606
2007021,2007021_2008,2007021,TRUE,50,RAF_50,Traversée sur glace,54.0099,-73.3009,2008,2008-11-20,12:01:00,2008-11-20T12:01:00,325,329,2008_3291,OTHER,TRAV,LAKE,IceCross_Data.xlsx,116,3,-312198.22986752714,1119531.491159341
2007021,2007021_2009,2007021,TRUE,51,RAF_51,Contournement,54.6143,-72.0745,2009,2009-10-25,11:00:00,2009-10-25T11:00:00,298,297,2009_2971,OTHER,CONT,LAKE,Detour_Data.xlsx,178,1,-229189.5487409423,1181567.9758746289
2007021,2007021_2009,2007021,TRUE,51,RAF_51,Contournement,54.5326,-72.212,2009,2009-10-25,22:00:00,2009-10-25T22:00:00,298,297,2009_2971,OTHER,CONT,LAKE,Detour_Data.xlsx,179,2,-238466.1650682425,1172999.657240873
2007021,2007021_2009,2007021,TRUE,51,RAF_51,Contournement,54.5347,-72.3373,2009,2009-10-26,09:01:00,2009-10-26T09:01:00,299,297,2009_2971,OTHER,CONT,LAKE,Detour_Data.xlsx,180,3,-246495.6531602658,1173655.995147568
2007021,2007021_2009,2007021,TRUE,52,RAF_52,Contournement,53.9951,-73.1145,2009,2009-10-30,23:01:00,2009-10-30T23:01:00,303,305,2009_3051,OTHER,CONT,LAKE,Detour_Data.xlsx,181,1,-300199.3219260923,1117102.245185407
2007021,2007021_2009,2007021,TRUE,52,RAF_52,Contournement,53.9835,-73.0954,2009,2009-10-31,10:00:00,2009-10-31T10:00:00,304,305,2009_3051,OTHER,CONT,LAKE,Detour_Data.xlsx,182,2,-299040.7174348665,1115743.2958853794
2007021,2007021_2009,2007021,TRUE,52,RAF_52,Contournement,53.9802,-72.9334,2009,2009-10-31,21:00:00,2009-10-31T21:00:00,304,305,2009_3051,OTHER,CONT,LAKE,Detour_Data.xlsx,183,3,-288535.0533238157,1114714.3331409073
2007021,2007021_2009,2007021,TRUE,52,RAF_52,Contournement,53.9407,-72.8779,2009,2009-11-01,08:01:00,2009-11-01T08:01:00,305,305,2009_3051,OTHER,CONT,LAKE,Detour_Data.xlsx,184,4,-285194.3537289714,1110135.9938687743
2007021,2007021_2010,2007021,TRUE,53,RAF_53,Traversée sur glace,53.8061,-74.7161,2010,2010-04-09,13:01:00,2010-04-09T13:01:00,99,97,2010_0971,OTHER,TRAV,LAKE,IceCross_Data.xlsx,117,1,-405975.689036447,1104182.5399281792
2007021,2007021_2010,2007021,TRUE,53,RAF_53,Traversée sur glace,53.909,-74.8433,2010,2010-04-10,00:01:00,2010-04-10T00:01:00,100,97,2010_0971,OTHER,TRAV,LAKE,IceCross_Data.xlsx,118,2,-413255.20752939826,1116235.267627403
2007021,2007021_2010,2007021,TRUE,53,RAF_53,Traversée sur glace,53.9056,-74.847,2010,2010-04-10,11:00:00,2010-04-10T11:00:00,100,97,2010_0971,OTHER,TRAV,LAKE,IceCross_Data.xlsx,119,3,-413528.8974620606,1115882.4795677236
2007021,2007021_2010,2007021,TRUE,54,RAF_54,Contournement,53.8357,-74.9237,2010,2010-11-20,03:00:00,2010-11-20T03:00:00,324,321,2010_3211,OTHER,CONT,LAKE,Detour_Data.xlsx,185,1,-419205.1150783226,1108636.9049004093
2007021,2007021_2010,2007021,TRUE,54,RAF_54,Contournement,53.8511,-74.8972,2010,2010-11-20,14:00:00,2010-11-20T14:00:00,324,321,2010_3211,OTHER,CONT,LAKE,Detour_Data.xlsx,186,2,-417328.47246564686,1110176.569789904
2007021,2007021_2010,2007021,TRUE,54,RAF_54,Contournement,53.8894,-74.9473,2010,2010-11-21,01:00:00,2010-11-21T01:00:00,325,329,2010_3291,OTHER,CONT,LAKE,Detour_Data.xlsx,187,3,-420207.2705181376,1114684.1183743672
2007021,2007021_2010,2007021,TRUE,54,RAF_54,Contournement,53.9172,-74.9782,2010,2010-11-21,12:00:00,2010-11-21T12:00:00,325,329,2010_3291,OTHER,CONT,LAKE,Detour_Data.xlsx,188,4,-421938.04046779906,1117924.8120970759
2007021,2007021_2010,2007021,TRUE,55,RAF_55,Traversée sur glace,53.745,-76.1156,2010,2010-11-29,18:01:00,2010-11-29T18:01:00,333,337,2010_3371,OTHER,TRAV,LAKE,IceCross_Data.xlsx,120,1,-497781.08018530835,1106301.2731149092
2007021,2007021_2010,2007021,TRUE,55,RAF_55,Traversée sur glace,53.6742,-76.3036,2010,2010-11-30,05:01:00,2010-11-30T05:01:00,334,337,2010_3371,OTHER,TRAV,LAKE,IceCross_Data.xlsx,121,2,-510872.47966541274,1099850.0036841442
2007021,2007021_2010,2007021,TRUE,55,RAF_55,Traversée sur glace,53.6373,-76.3185,2010,2010-11-30,16:00:00,2010-11-30T16:00:00,334,337,2010_3371,OTHER,TRAV,LAKE,IceCross_Data.xlsx,122,3,-512288.5418360203,1095904.3615557838
2007021,2007021_2010,2007021,TRUE,55,RAF_55,Traversée sur glace,53.5671,-76.3814,2010,2010-12-01,03:01:00,2010-12-01T03:01:00,335,337,2010_3371,OTHER,TRAV,LAKE,IceCross_Data.xlsx,123,4,-517245.69125629176,1088648.4255966858
2007047,2007047_2012,2007047,TRUE,56,RAF_56,Traversée à la nage,56.297074,-74.788451,2012,2012-11-02,16:00:00,2012-11-02T16:00:00,307,305,2012_3051,OTHER,TRAV,LAKE,WaterCross_Data.xlsx,33,1,-386518.1347432279,1378940.1354834575
2007047,2007047_2012,2007047,TRUE,56,RAF_56,Traversée à la nage,56.254745,-74.767279,2012,2012-11-02,18:01:00,2012-11-02T18:01:00,307,305,2012_3051,OTHER,TRAV,LAKE,WaterCross_Data.xlsx,34,2,-385629.92723912053,1374158.9435117748
2007047,2007047_2012,2007047,TRUE,56,RAF_56,Traversée à la nage,56.225315,-74.773385,2012,2012-11-02,20:00:00,2012-11-02T20:00:00,307,305,2012_3051,OTHER,TRAV,LAKE,WaterCross_Data.xlsx,35,3,-386289.85011499433,1370947.1852476315
2007047,2007047_2012,2007047,TRUE,56,RAF_56,Traversée à la nage,56.216998,-74.757972,2012,2012-11-02,22:01:00,2012-11-02T22:01:00,307,305,2012_3051,OTHER,TRAV,LAKE,WaterCross_Data.xlsx,36,4,-385423.59627691354,1369947.1327397143
2007047,2007047_2012,2007047,TRUE,56,RAF_56,Traversée à la nage,56.217014,-74.75799,2012,2012-11-03,00:00:00,2012-11-03T00:00:00,308,305,2012_3051,OTHER,TRAV,LAKE,WaterCross_Data.xlsx,37,5,-385424.5473975218,1369948.993687527
2007047,2007047_2012,2007047,TRUE,56,RAF_56,Traversée à la nage,56.217446,-74.757485,2012,2012-11-03,02:00:00,2012-11-03T02:00:00,308,305,2012_3051,OTHER,TRAV,LAKE,WaterCross_Data.xlsx,38,6,-385389.3487485841,1369993.9018762964
2007047,2007047_2012,2007047,TRUE,56,RAF_56,Traversée à la nage,56.217962,-74.755955,2012,2012-11-03,04:00:00,2012-11-03T04:00:00,308,305,2012_3051,OTHER,TRAV,LAKE,WaterCross_Data.xlsx,39,7,-385290.37239664816,1370042.552173727
2007047,2007047_2012,2007047,TRUE,56,RAF_56,Traversée à la nage,56.214002,-74.765639,2012,2012-11-03,06:00:00,2012-11-03T06:00:00,308,305,2012_3051,OTHER,TRAV,LAKE,WaterCross_Data.xlsx,40,8,-385923.5891585464,1369658.1473319419
2007047,2007047_2012,2007047,TRUE,56,RAF_56,Traversée à la nage,56.211157,-74.770748,2012,2012-11-03,08:00:00,2012-11-03T08:00:00,308,305,2012_3051,OTHER,TRAV,LAKE,WaterCross_Data.xlsx,41,9,-386265.02144768677,1369372.0567125215
2007047,2007047_2012,2007047,TRUE,56,RAF_56,Traversée à la nage,56.211146,-74.770799,2012,2012-11-03,10:00:00,2012-11-03T10:00:00,308,305,2012_3051,OTHER,TRAV,LAKE,WaterCross_Data.xlsx,42,10,-386268.2614398512,1369371.1192775737
2007047,2007047_2012,2007047,TRUE,56,RAF_56,Traversée à la nage,56.210574,-74.772068,2012,2012-11-03,12:00:00,2012-11-03T12:00:00,308,305,2012_3051,OTHER,TRAV,LAKE,WaterCross_Data.xlsx,43,11,-386351.7703551194,1369314.9083469487
2007047,2007047_2012,2007047,TRUE,56,RAF_56,Traversée à la nage,56.20157,-74.751899,2012,2012-11-03,14:00:00,2012-11-03T14:00:00,308,305,2012_3051,OTHER,TRAV,LAKE,WaterCross_Data.xlsx,44,12,-385199.50024630234,1368213.5048652105
2007047,2007047_2012,2007047,TRUE,56,RAF_56,Traversée à la nage,56.201484,-74.752278,2012,2012-11-03,16:00:00,2012-11-03T16:00:00,308,305,2012_3051,OTHER,TRAV,LAKE,WaterCross_Data.xlsx,45,13,-385223.62271563965,1368206.0636410434
2007047,2007047_2012,2007047,TRUE,56,RAF_56,Traversée à la nage,56.205693,-74.74747,2012,2012-11-03,18:00:00,2012-11-03T18:00:00,308,305,2012_3051,OTHER,TRAV,LAKE,WaterCross_Data.xlsx,46,14,-384887.52333292644,1368644.2321517102
2007047,2007047_2012,2007047,TRUE,56,RAF_56,Traversée à la nage,56.205247,-74.743612,2012,2012-11-03,20:00:00,2012-11-03T20:00:00,308,305,2012_3051,OTHER,TRAV,LAKE,WaterCross_Data.xlsx,47,15,-384654.74851036066,1368574.3164763022
2007047,2007047_2012,2007047,TRUE,56,RAF_56,Traversée à la nage,56.206558,-74.75651,2012,2012-11-03,22:00:00,2012-11-03T22:00:00,308,305,2012_3051,OTHER,TRAV,LAKE,WaterCross_Data.xlsx,48,16,-385434.67222656,1368788.2543412102
2007047,2007047_2012,2007047,TRUE,56,RAF_56,Traversée à la nage,56.206471,-74.753749,2012,2012-11-04,00:00:00,2012-11-04T00:00:00,309,313,2012_3131,WATER,TRAV,LAKE,WaterCross_Data.xlsx,49,17,-385265.8534795949,1368763.7947106084
2007047,2007047_2012,2007047,TRUE,56,RAF_56,Traversée à la nage,56.206982000000004,-74.753979,2012,2012-11-04,02:00:00,2012-11-04T02:00:00,309,313,2012_3131,WATER,TRAV,LAKE,WaterCross_Data.xlsx,50,18,-385275.05050312396,1368821.3703706726
2007047,2007047_2012,2007047,TRUE,56,RAF_56,Traversée à la nage,56.206783,-74.754267,2012,2012-11-04,04:00:00,2012-11-04T04:00:00,309,313,2012_3131,WATER,TRAV,LAKE,WaterCross_Data.xlsx,51,19,-385294.6698781897,1368800.9813868615
2007047,2007047_2012,2007047,TRUE,56,RAF_56,Traversée à la nage,56.207154,-74.754682,2012,2012-11-04,06:00:00,2012-11-04T06:00:00,309,313,2012_3131,WATER,TRAV,LAKE,WaterCross_Data.xlsx,52,20,-385316.58665763086,1368844.1183530896
2007047,2007047_2012,2007047,TRUE,56,RAF_56,Traversée à la nage,56.206427,-74.753708,2012,2012-11-04,08:00:00,2012-11-04T08:00:00,309,313,2012_3131,WATER,TRAV,LAKE,WaterCross_Data.xlsx,53,21,-385263.7590976928,1368758.7230084518
2007047,2007047_2012,2007047,TRUE,56,RAF_56,Traversée à la nage,56.207575,-74.760133,2012,2012-11-04,10:00:00,2012-11-04T10:00:00,309,313,2012_3131,WATER,TRAV,LAKE,WaterCross_Data.xlsx,54,22,-385647.46534069744,1368919.8967481975
2007047,2007047_2012,2007047,TRUE,56,RAF_56,Traversée à la nage,56.207399,-74.759709,2012,2012-11-04,12:00:00,2012-11-04T12:00:00,309,313,2012_3131,WATER,TRAV,LAKE,WaterCross_Data.xlsx,55,23,-385623.11370651424,1368898.2080817563
2007047,2007047_2012,2007047,TRUE,56,RAF_56,Traversée à la nage,56.195731,-74.812358,2012,2012-11-04,14:00:00,2012-11-04T14:00:00,309,313,2012_3131,OTHER,TRAV,LAKE,WaterCross_Data.xlsx,56,24,-388971.8807095546,1367896.8249889454
2007047,2007047_2012,2007047,TRUE,57,RAF_57,Contournement,56.150758,-74.8229,2012,2012-11-04,16:00:00,2012-11-04T16:00:00,309,313,2012_3131,OTHER,CONT,LAKE,Detour_Data.xlsx,192,1,-390058.98610338155,1362996.540466255
2007047,2007047_2012,2007047,TRUE,57,RAF_57,Contournement,56.117458,-74.740021,2012,2012-11-04,18:01:00,2012-11-04T18:01:00,309,313,2012_3131,OTHER,CONT,LAKE,Detour_Data.xlsx,193,2,-385280.1720984021,1358876.6688779935
2007047,2007047_2012,2007047,TRUE,57,RAF_57,Contournement,56.076095,-74.754716,2012,2012-11-04,20:00:00,2012-11-04T20:00:00,309,313,2012_3131,OTHER,CONT,LAKE,Detour_Data.xlsx,194,3,-386584.74050078605,1354396.1942738907
2007047,2007047_2013,2007047,TRUE,58,RAF_58,Traversée sur glace,54.987799,-73.480605,2013,2013-01-10,16:01:00,2013-01-10T16:01:00,10,9,2013_0091,OTHER,TRAV,LAKE,IceCross_Data.xlsx,124,1,-316349.97752257774,1228140.4074515894
2007047,2007047_2013,2007047,TRUE,58,RAF_58,Traversée sur glace,55.015836,-73.434133,2013,2013-01-10,23:00:00,2013-01-10T23:00:00,10,9,2013_0091,OTHER,TRAV,LAKE,IceCross_Data.xlsx,125,2,-313189.40416045446,1231028.0215726977
2007047,2007047_2013,2007047,TRUE,58,RAF_58,Traversée sur glace,55.05123,-73.362538,2013,2013-01-11,06:01:00,2013-01-11T06:01:00,11,9,2013_0091,OTHER,TRAV,LAKE,IceCross_Data.xlsx,126,3,-308386.3512508333,1234620.7830926848
2007047,2007047_2013,2007047,TRUE,59,RAF_59,Contournement,54.078065,-72.965311,2013,2013-11-14,18:00:00,2013-11-14T18:00:00,318,321,2013_3211,OTHER,CONT,RIVER,Detour_Data.xlsx,195,1,-289934.9243515923,1125635.255155891
2007047,2007047_2013,2007047,TRUE,59,RAF_59,Contournement,54.068487,-72.954387,2013,2013-11-14,20:00:00,2013-11-14T20:00:00,318,321,2013_3211,OTHER,CONT,RIVER,Detour_Data.xlsx,196,2,-289292.372167007,1124534.831738454
2007047,2007047_2013,2007047,TRUE,59,RAF_59,Contournement,54.079566,-72.851325,2013,2013-11-14,22:00:00,2013-11-14T22:00:00,318,321,2013_3211,OTHER,CONT,RIVER,Detour_Data.xlsx,197,3,-282532.920658635,1125344.8514127922
2007047,2007047_2013,2007047,TRUE,59,RAF_59,Contournement,54.089533,-72.815364,2013,2013-11-15,00:00:00,2013-11-15T00:00:00,319,321,2013_3211,OTHER,CONT,RIVER,Detour_Data.xlsx,198,4,-280134.43456676224,1126302.7074307366
2007047,2007047_2013,2007047,TRUE,59,RAF_59,Contournement,54.091617,-72.785795,2013,2013-11-15,02:00:00,2013-11-15T02:00:00,319,321,2013_3211,OTHER,CONT,RIVER,Detour_Data.xlsx,199,5,-278203.466421003,1126417.1991740647
2007047,2007047_2014,2007047,TRUE,60,RAF_60,Traversée sur glace,53.622738,-74.562052,2014,2014-05-02,20:00:00,2014-05-02T20:00:00,122,121,2014_1211,OTHER,TRAV,RIVER,IceCross_Data.xlsx,127,1,-397653.1016686198,1083135.2560327514
2007047,2007047_2014,2007047,TRUE,60,RAF_60,Traversée sur glace,53.62734,-74.561353,2014,2014-05-02,22:00:00,2014-05-02T22:00:00,122,121,2014_1211,OTHER,TRAV,RIVER,IceCross_Data.xlsx,128,2,-397564.34846840845,1083637.937351136
2007047,2007047_2014,2007047,TRUE,60,RAF_60,Traversée sur glace,53.661027,-74.573315,2014,2014-05-03,00:00:00,2014-05-03T00:00:00,123,121,2014_1211,OTHER,TRAV,RIVER,IceCross_Data.xlsx,129,3,-398031.5914674137,1087412.526815211
2007047,2007047_2014,2007047,TRUE,61,RAF_61,Traversée sur glace,53.678118,-74.585963,2014,2014-05-03,12:00:00,2014-05-03T12:00:00,123,121,2014_1211,OTHER,TRAV,LAKE,IceCross_Data.xlsx,130,1,-398698.13336113974,1089364.2139771434
2007047,2007047_2014,2007047,TRUE,61,RAF_61,Traversée sur glace,53.677201,-74.587456,2014,2014-05-03,14:00:00,2014-05-03T14:00:00,123,121,2014_1211,ICE,TRAV,LAKE,IceCross_Data.xlsx,131,2,-398804.3127077395,1089271.5959498622
2007047,2007047_2014,2007047,TRUE,61,RAF_61,Traversée sur glace,53.703508,-74.587319,2014,2014-05-03,16:00:00,2014-05-03T16:00:00,123,121,2014_1211,OTHER,TRAV,LAKE,IceCross_Data.xlsx,132,3,-398548.43682316877,1092166.5459990457
2007047,2007047_2014,2007047,TRUE,62,RAF_62,Traversée sur glace,53.840389,-74.609637,2014,2014-05-04,14:00:00,2014-05-04T14:00:00,124,121,2014_1211,OTHER,TRAV,LAKE,IceCross_Data.xlsx,133,1,-398716.56893498055,1107358.1049252283
2007047,2007047_2014,2007047,TRUE,62,RAF_62,Traversée sur glace,53.873541,-74.607863,2014,2014-05-04,16:00:00,2014-05-04T16:00:00,124,121,2014_1211,OTHER,TRAV,LAKE,IceCross_Data.xlsx,134,2,-398288.8421855784,1110997.5117213652
2007047,2007047_2014,2007047,TRUE,62,RAF_62,Traversée sur glace,53.916958,-74.60265,2014,2014-05-04,18:00:00,2014-05-04T18:00:00,124,121,2014_1211,OTHER,TRAV,LAKE,IceCross_Data.xlsx,135,3,-397541.15828082047,1115747.8436687326
2007047,2007047_2014,2007047,TRUE,63,RAF_63,Contournement,56.157173,-74.923072,2014,2014-05-12,20:00:00,2014-05-12T20:00:00,132,129,2014_1291,OTHER,CONT,LAKE,Detour_Data.xlsx,200,1,-396158.47619628144,1364253.930268493
2007047,2007047_2014,2007047,TRUE,63,RAF_63,Contournement,56.204992,-74.898218,2014,2014-05-12,22:00:00,2014-05-12T22:00:00,132,129,2014_1291,OTHER,CONT,LAKE,Detour_Data.xlsx,201,2,-394157.10569486313,1369387.5199511517
2007047,2007047_2014,2007047,TRUE,63,RAF_63,Contournement,56.267893,-74.881246,2014,2014-05-13,00:00:00,2014-05-13T00:00:00,133,137,2014_1371,OTHER,CONT,LAKE,Detour_Data.xlsx,202,3,-392494.37037008227,1376228.0874630788
2007047,2007047_2014,2007047,TRUE,63,RAF_63,Contournement,56.319013,-74.86986,2014,2014-05-13,02:00:00,2014-05-13T02:00:00,133,137,2014_1371,OTHER,CONT,LAKE,Detour_Data.xlsx,203,4,-391292.9132879199,1381801.3784720567
2008035,2008035_2010,2008035,TRUE,64,RAF_64,Traversée sur glace,53.546618,-75.636707,2010,2010-04-05,05:01:00,2010-04-05T05:01:00,95,97,2010_0971,OTHER,TRAV,LAKE,IceCross_Data.xlsx,136,1,-468768.4124946734,1081267.6685290767
2008035,2008035_2010,2008035,TRUE,64,RAF_64,Traversée sur glace,53.591428,-75.635505,2010,2010-04-05,12:00:00,2010-04-05T12:00:00,95,97,2010_0971,ICE,TRAV,LAKE,IceCross_Data.xlsx,137,2,-468196.94465495244,1086185.3362078546
2008035,2008035_2010,2008035,TRUE,64,RAF_64,Traversée sur glace,53.675983,-75.6618,2010,2010-04-05,19:00:00,2010-04-05T19:00:00,95,97,2010_0971,OTHER,TRAV,LAKE,IceCross_Data.xlsx,138,3,-468983.2526257799,1095651.8612253047
2008035,2008035_2010,2008035,TRUE,65,RAF_65,Traversée sur glace,53.710905,-75.698616,2010,2010-04-06,09:00:00,2010-04-06T09:00:00,96,97,2010_0971,OTHER,TRAV,LAKE,IceCross_Data.xlsx,139,1,-470998.55604692944,1099732.2105982131
2008035,2008035_2010,2008035,TRUE,65,RAF_65,Traversée sur glace,53.804226,-75.789272,2010,2010-04-06,16:01:00,2010-04-06T16:01:00,96,97,2010_0971,OTHER,TRAV,LAKE,IceCross_Data.xlsx,140,2,-475861.33430306654,1110588.9128098295
2008035,2008035_2010,2008035,TRUE,65,RAF_65,Traversée sur glace,53.877533,-75.827514,2010,2010-04-06,23:00:00,2010-04-06T23:00:00,96,97,2010_0971,OTHER,TRAV,LAKE,IceCross_Data.xlsx,141,3,-477521.30495260865,1118900.3459157157
2008035,2008035_2010,2008035,TRUE,66,RAF_66,Traversée sur glace,53.687143,-74.378199,2010,2010-11-18,16:01:00,2010-11-18T16:01:00,322,321,2010_3211,OTHER,TRAV,RIVER,IceCross_Data.xlsx,142,1,-385036.6485873435,1089220.0230573695
2008035,2008035_2010,2008035,TRUE,66,RAF_66,Traversée sur glace,53.656108,-74.397277,2010,2010-11-18,18:00:00,2010-11-18T18:00:00,322,321,2010_3211,OTHER,TRAV,RIVER,IceCross_Data.xlsx,143,2,-386565.70461103076,1085905.9563935746
2008035,2008035_2010,2008035,TRUE,66,RAF_66,Traversée sur glace,53.612639,-74.382529,2010,2010-11-18,20:01:00,2010-11-18T20:01:00,322,321,2010_3211,OTHER,TRAV,RIVER,IceCross_Data.xlsx,144,3,-385995.4628973934,1081040.521239925
2008035,2008035_2010,2008035,TRUE,67,RAF_67,Traversée sur glace,52.389887,-76.423418,2010,2010-12-12,14:00:00,2010-12-12T14:00:00,346,345,2010_3451,OTHER,TRAV,LAKE,IceCross_Data.xlsx,145,1,-534360.443462667,959715.8944312886
2008035,2008035_2010,2008035,TRUE,67,RAF_67,Traversée sur glace,52.412477,-76.471922,2010,2010-12-12,16:00:00,2010-12-12T16:00:00,346,345,2010_3451,OTHER,TRAV,LAKE,IceCross_Data.xlsx,146,2,-537340.6884431248,962558.9170984064
2008035,2008035_2010,2008035,TRUE,67,RAF_67,Traversée sur glace,52.436729,-76.52661,2010,2010-12-12,18:00:00,2010-12-12T18:00:00,346,345,2010_3451,OTHER,TRAV,LAKE,IceCross_Data.xlsx,147,3,-540711.63116643,965632.9005839364
2008035,2008035_2010,2008035,TRUE,68,RAF_68,Contournement,52.487451,-76.596392,2010,2010-12-13,14:00:00,2010-12-13T14:00:00,347,345,2010_3451,OTHER,CONT,LAKE,Detour_Data.xlsx,204,1,-544759.9755438188,971729.1473021649
2008035,2008035_2010,2008035,TRUE,68,RAF_68,Contournement,52.499331,-76.604204,2010,2010-12-13,16:01:00,2010-12-13T16:01:00,347,345,2010_3451,OTHER,CONT,LAKE,Detour_Data.xlsx,205,2,-545135.0620415392,973092.4455121844
2008035,2008035_2010,2008035,TRUE,68,RAF_68,Contournement,52.508069,-76.608596,2010,2010-12-13,18:00:00,2010-12-13T18:00:00,347,345,2010_3451,OTHER,CONT,LAKE,Detour_Data.xlsx,206,3,-545320.0982888556,974084.8784163113
2008035,2008035_2010,2008035,TRUE,68,RAF_68,Contournement,52.528692,-76.652142,2010,2010-12-13,20:00:00,2010-12-13T20:00:00,347,345,2010_3451,OTHER,CONT,LAKE,Detour_Data.xlsx,207,4,-547977.0729907748,976680.7527124707
2008035,2008035_2010,2008035,TRUE,68,RAF_68,Contournement,52.571436,-76.687401,2010,2010-12-13,22:01:00,2010-12-13T22:01:00,347,345,2010_3451,OTHER,CONT,LAKE,Detour_Data.xlsx,208,5,-549797.8135238335,981641.7460751574
2008035,2008035_2010,2008035,TRUE,69,RAF_69,Traversée sur glace,53.463079,-77.229462,2010,2010-12-23,14:00:00,2010-12-23T14:00:00,357,361,2010_3611,OTHER,TRAV,LAKE,IceCross_Data.xlsx,148,1,-574038.2998506172,1083701.0826478708
2008035,2008035_2010,2008035,TRUE,69,RAF_69,Traversée sur glace,53.506524,-77.26435,2010,2010-12-23,21:00:00,2010-12-23T21:00:00,357,361,2010_3611,ICE,TRAV,LAKE,IceCross_Data.xlsx,149,2,-575734.7111329333,1088744.7827508703
2008035,2008035_2010,2008035,TRUE,69,RAF_69,Traversée sur glace,53.600457,-77.345021,2010,2010-12-24,04:00:00,2010-12-24T04:00:00,358,361,2010_3611,OTHER,TRAV,LAKE,IceCross_Data.xlsx,150,3,-579727.8186785103,1099694.295756789
2008035,2008035_2012,2008035,TRUE,70,RAF_70,Contournement,56.191258,-74.894173,2012,2012-04-06,14:00:00,2012-04-06T14:00:00,97,97,2012_0971,OTHER,CONT,LAKE,Detour_Data.xlsx,209,1,-394044.2132918758,1367851.3611391026
2008035,2008035_2012,2008035,TRUE,70,RAF_70,Contournement,56.214502,-74.856455,2012,2012-04-06,21:00:00,2012-04-06T21:00:00,97,97,2012_0971,OTHER,CONT,LAKE,Detour_Data.xlsx,210,2,-391497.7553747534,1370206.5767031969
2008035,2008035_2012,2008035,TRUE,70,RAF_70,Contournement,56.223626,-74.845132,2012,2012-04-07,04:00:00,2012-04-07T04:00:00,98,97,2012_0971,OTHER,CONT,LAKE,Detour_Data.xlsx,211,3,-390712.7767842234,1371150.4995607103
2008035,2008035_2012,2008035,TRUE,70,RAF_70,Contournement,56.228527,-74.844365,2012,2012-04-07,11:00:00,2012-04-07T11:00:00,98,97,2012_0971,OTHER,CONT,LAKE,Detour_Data.xlsx,212,4,-390617.6449488311,1371686.5950144662
2008035,2008035_2012,2008035,TRUE,70,RAF_70,Contournement,56.291128,-74.829363,2012,2012-04-07,18:00:00,2012-04-07T18:00:00,98,97,2012_0971,OTHER,CONT,LAKE,Detour_Data.xlsx,213,5,-389084.37500975135,1378506.2852008445
2008035,2008035_2012,2008035,TRUE,70,RAF_70,Contournement,56.318563,-74.829952,2012,2012-04-08,01:00:00,2012-04-08T01:00:00,99,97,2012_0971,OTHER,CONT,LAKE,Detour_Data.xlsx,214,6,-388852.2300712827,1381534.228062522
2008035,2008035_2012,2008035,TRUE,70,RAF_70,Contournement,56.322927,-74.828994,2012,2012-04-08,08:00:00,2012-04-08T08:00:00,99,97,2012_0971,OTHER,CONT,LAKE,Detour_Data.xlsx,215,7,-388750.86787042243,1382010.1681117187
2008035,2008035_2012,2008035,TRUE,70,RAF_70,Contournement,56.374119,-74.796286,2012,2012-04-08,15:00:00,2012-04-08T15:00:00,99,97,2012_0971,OTHER,CONT,LAKE,Detour_Data.xlsx,216,8,-386249.0962706362,1387477.4355082025
2008042,2008042_2013,2008042,TRUE,71,RAF_71,Contournement,54.990595,-73.326815,2013,2013-01-12,03:00:00,2013-01-12T03:00:00,12,9,2013_0091,OTHER,CONT,LAKE,Detour_Data.xlsx,217,1,-306576.01636456064,1227779.4077900285
2008042,2008042_2013,2008042,TRUE,71,RAF_71,Contournement,55.016325,-73.270561,2013,2013-01-12,10:01:00,2013-01-12T10:01:00,12,9,2013_0091,OTHER,CONT,LAKE,Detour_Data.xlsx,218,2,-302818.87547489506,1230377.9200407604
2008042,2008042_2013,2008042,TRUE,71,RAF_71,Contournement,55.073198,-73.227342,2013,2013-01-12,17:00:00,2013-01-12T17:00:00,12,9,2013_0091,OTHER,CONT,LAKE,Detour_Data.xlsx,219,3,-299664.436887892,1236469.5986056519
2008042,2008042_2013,2008042,TRUE,71,RAF_71,Contournement,55.12097,-73.222717,2013,2013-01-13,00:00:00,2013-01-13T00:00:00,13,17,2013_0171,OTHER,CONT,LAKE,Detour_Data.xlsx,220,4,-299023.37647109537,1241720.2655337162
2008042,2008042_2013,2008042,TRUE,72,RAF_72,Contournement,55.914606,-74.225998,2013,2013-05-02,14:00:00,2013-05-02T14:00:00,122,121,2013_1211,OTHER,CONT,LAKE,Detour_Data.xlsx,221,1,-355407.54043677007,1333849.3657473861
2008042,2008042_2013,2008042,TRUE,72,RAF_72,Contournement,55.92545,-74.281421,2013,2013-05-02,16:00:00,2013-05-02T16:00:00,122,121,2013_1211,OTHER,CONT,LAKE,Detour_Data.xlsx,222,2,-358743.319944174,1335321.7992671886
2008042,2008042_2013,2008042,TRUE,72,RAF_72,Contournement,55.934014,-74.323766,2013,2013-05-02,18:00:00,2013-05-02T18:00:00,122,121,2013_1211,OTHER,CONT,LAKE,Detour_Data.xlsx,223,3,-361288.0637629597,1336479.2331032658
2008042,2008042_2013,2008042,TRUE,72,RAF_72,Contournement,55.940171,-74.336134,2013,2013-05-02,20:00:00,2013-05-02T20:00:00,122,121,2013_1211,OTHER,CONT,LAKE,Detour_Data.xlsx,224,4,-361998.1404630469,1337220.6863862732
2008042,2008042_2013,2008042,TRUE,72,RAF_72,Contournement,55.954824,-74.356902,2013,2013-05-02,22:00:00,2013-05-02T22:00:00,122,121,2013_1211,OTHER,CONT,LAKE,Detour_Data.xlsx,225,5,-363150.90324930946,1338941.7247707709
2008042,2008042_2013,2008042,TRUE,72,RAF_72,Contournement,55.965482,-74.359947,2013,2013-05-03,00:00:00,2013-05-03T00:00:00,123,121,2013_1211,OTHER,CONT,LAKE,Detour_Data.xlsx,226,6,-363242.82592031534,1340132.4556386108
2008042,2008042_2013,2008042,TRUE,72,RAF_72,Contournement,55.96628,-74.360603,2013,2013-05-03,02:00:00,2013-05-03T02:00:00,123,121,2013_1211,OTHER,CONT,LAKE,Detour_Data.xlsx,227,7,-363276.17577943753,1340223.7828697504
2008042,2008042_2013,2008042,TRUE,72,RAF_72,Contournement,55.966408,-74.36073,2013,2013-05-03,04:00:00,2013-05-03T04:00:00,123,121,2013_1211,OTHER,CONT,LAKE,Detour_Data.xlsx,228,8,-363282.87182160805,1340238.5424312106
2008042,2008042_2013,2008042,TRUE,72,RAF_72,Contournement,55.971697,-74.373919,2013,2013-05-03,06:00:00,2013-05-03T06:00:00,123,121,2013_1211,OTHER,CONT,LAKE,Detour_Data.xlsx,229,9,-364050.58865319507,1340888.7953338814
2008042,2008042_2013,2008042,TRUE,72,RAF_72,Contournement,55.97178,-74.372451,2013,2013-05-03,08:00:00,2013-05-03T08:00:00,123,121,2013_1211,OTHER,CONT,LAKE,Detour_Data.xlsx,230,10,-363959.0573188884,1340890.480560592
2008042,2008042_2013,2008042,TRUE,72,RAF_72,Contournement,55.985206,-74.39318,2013,2013-05-03,10:00:00,2013-05-03T10:00:00,123,121,2013_1211,OTHER,CONT,LAKE,Detour_Data.xlsx,231,11,-365118.6876093088,1342476.5726596399
2008042,2008042_2013,2008042,TRUE,72,RAF_72,Contournement,55.987348,-74.403395,2013,2013-05-03,12:00:00,2013-05-03T12:00:00,123,121,2013_1211,OTHER,CONT,LAKE,Detour_Data.xlsx,232,12,-365730.6049828165,1342764.9336709827
2008042,2008042_2013,2008042,TRUE,72,RAF_72,Contournement,55.987083,-74.403319,2013,2013-05-03,14:00:00,2013-05-03T14:00:00,123,121,2013_1211,OTHER,CONT,LAKE,Detour_Data.xlsx,233,13,-365728.32335705485,1342735.3239282195
2008042,2008042_2013,2008042,TRUE,72,RAF_72,Contournement,55.997921,-74.421067,2013,2013-05-03,16:00:00,2013-05-03T16:00:00,123,121,2013_1211,OTHER,CONT,LAKE,Detour_Data.xlsx,234,14,-366726.2482756516,1344021.2452814472
2008042,2008042_2013,2008042,TRUE,72,RAF_72,Contournement,56.002002,-74.428962,2013,2013-05-03,18:00:00,2013-05-03T18:00:00,123,121,2013_1211,OTHER,CONT,LAKE,Detour_Data.xlsx,235,15,-367176.7435939559,1344511.7329769963
2008042,2008042_2013,2008042,TRUE,73,RAF_73,Traversée sur glace,56.031823,-74.441741,2013,2013-05-03,20:00:00,2013-05-03T20:00:00,123,121,2013_1211,OTHER,TRAV,LAKE,IceCross_Data.xlsx,154,1,-367692.6600095643,1347865.664895227
2008042,2008042_2013,2008042,TRUE,73,RAF_73,Traversée sur glace,56.05367,-74.4568,2013,2013-05-03,22:00:00,2013-05-03T22:00:00,123,121,2013_1211,OTHER,TRAV,LAKE,IceCross_Data.xlsx,155,2,-368421.4073257003,1350352.1806090283
2008042,2008042_2013,2008042,TRUE,73,RAF_73,Traversée sur glace,56.140531,-74.440761,2013,2013-05-04,00:00:00,2013-05-04T00:00:00,124,121,2013_1211,OTHER,TRAV,LAKE,IceCross_Data.xlsx,156,3,-366634.6537949663,1359848.5055351595
2008042,2008042_2013,2008042,TRUE,74,RAF_74,Traversée sur glace,56.151787,-74.431495,2013,2013-05-04,08:00:00,2013-05-04T08:00:00,124,121,2013_1211,OTHER,TRAV,LAKE,IceCross_Data.xlsx,157,1,-365960.9823720005,1361042.4283248805
2008042,2008042_2013,2008042,TRUE,74,RAF_74,Traversée sur glace,56.178579,-74.423002,2013,2013-05-04,10:00:00,2013-05-04T10:00:00,124,121,2013_1211,ICE,TRAV,LAKE,IceCross_Data.xlsx,158,2,-365193.04971535126,1363953.8528896512
2008042,2008042_2013,2008042,TRUE,74,RAF_74,Traversée sur glace,56.231462,-74.400096,2013,2013-05-04,12:00:00,2013-05-04T12:00:00,124,121,2013_1211,ICE,TRAV,LAKE,IceCross_Data.xlsx,159,3,-363301.9472746568,1369669.9365229437
2008042,2008042_2013,2008042,TRUE,75,RAF_75,Traversée sur glace,56.234832,-74.401633,2013,2013-05-04,14:00:00,2013-05-04T14:00:00,124,121,2013_1211,WATER,TRAV,LAKE,IceCross_Data.xlsx,160,1,-363365.64959757915,1370049.4474036472
2008042,2008042_2013,2008042,TRUE,75,RAF_75,Traversée sur glace,56.30528,-74.407685,2013,2013-05-04,16:00:00,2013-05-04T16:00:00,124,121,2013_1211,ICE,TRAV,LAKE,IceCross_Data.xlsx,161,2,-363094.4591892091,1377850.7882073307
2008042,2008042_2013,2008042,TRUE,75,RAF_75,Traversée sur glace,56.367282,-74.439607,2013,2013-05-04,18:00:00,2013-05-04T18:00:00,124,121,2013_1211,OTHER,TRAV,LAKE,IceCross_Data.xlsx,162,3,-364482.9575370654,1384852.4412166616
2008042,2008042_2014,2008042,TRUE,76,RAF_76,Contournement,53.745774,-77.619988,2014,2014-01-07,18:00:00,2014-01-07T18:00:00,7,9,2014_0091,OTHER,CONT,LAKE,Detour_Data.xlsx,236,1,-595613.3240586455,1117879.6965805285
2008042,2008042_2014,2008042,TRUE,76,RAF_76,Contournement,53.78566,-77.511479,2014,2014-01-08,01:00:00,2014-01-08T01:00:00,8,9,2014_0091,OTHER,CONT,LAKE,Detour_Data.xlsx,237,2,-588011.0499672965,1121353.4482787128
2008042,2008042_2014,2008042,TRUE,76,RAF_76,Contournement,53.779563,-77.465951,2014,2014-01-08,08:00:00,2014-01-08T08:00:00,8,9,2014_0091,OTHER,CONT,LAKE,Detour_Data.xlsx,238,3,-585140.0620842972,1120311.9867517415
2008042,2008042_2014,2008042,TRUE,76,RAF_76,Contournement,53.840844,-77.391615,2014,2014-01-08,15:00:00,2014-01-08T15:00:00,8,9,2014_0091,OTHER,CONT,LAKE,Detour_Data.xlsx,239,4,-579474.7493962005,1126424.6507113138
2008042,2008042_2014,2008042,TRUE,77,RAF_77,Traversée sur glace,56.052057,-74.598534,2014,2014-04-29,10:00:00,2014-04-29T10:00:00,119,121,2014_1211,OTHER,TRAV,LAKE,IceCross_Data.xlsx,163,1,-377181.70374881825,1350912.7122541692
2008042,2008042_2014,2008042,TRUE,77,RAF_77,Traversée sur glace,56.136769,-74.60702,2014,2014-04-29,12:00:00,2014-04-29T12:00:00,119,121,2014_1211,ICE,TRAV,LAKE,IceCross_Data.xlsx,164,2,-376906.2485086834,1360297.4171844244
2008042,2008042_2014,2008042,TRUE,77,RAF_77,Traversée sur glace,56.211587,-74.62539,2014,2014-04-29,14:00:00,2014-04-29T14:00:00,119,121,2014_1211,ICE,TRAV,LAKE,IceCross_Data.xlsx,165,3,-377329.34196683276,1368643.9327420266
2008042,2008042_2014,2008042,TRUE,77,RAF_77,Traversée sur glace,56.280412,-74.673431,2014,2014-04-29,16:00:00,2014-04-29T16:00:00,119,121,2014_1211,ICE,TRAV,LAKE,IceCross_Data.xlsx,166,4,-379625.0679863374,1376487.2211031986
2008042,2008042_2014,2008042,TRUE,77,RAF_77,Traversée sur glace,56.34824,-74.665223,2014,2014-04-29,18:00:00,2014-04-29T18:00:00,119,121,2014_1211,OTHER,TRAV,LAKE,IceCross_Data.xlsx,167,5,-378475.5711030815,1383923.4101297706
2009009,2009009_2012,2009009,TRUE,78,RAF_78,Traversée à la nage,56.159910000000004,-74.242535,2012,2012-10-24,20:00:00,2012-10-24T20:00:00,298,297,2012_2971,OTHER,TRAV,LAKE,WaterCross_Data.xlsx,57,1,-354255.93036675727,1360987.4796315513
2009009,2009009_2012,2009009,TRUE,78,RAF_78,Traversée à la nage,56.126892,-74.316174,2012,2012-10-24,22:00:00,2012-10-24T22:00:00,298,297,2012_2971,WATER,TRAV,LAKE,WaterCross_Data.xlsx,58,2,-359085.4133959118,1357712.5216662672
2009009,2009009_2012,2009009,TRUE,78,RAF_78,Traversée à la nage,56.113528,-74.358316,2012,2012-10-25,00:00:00,2012-10-25T00:00:00,299,297,2012_2971,WATER,TRAV,LAKE,WaterCross_Data.xlsx,59,3,-361802.36294413917,1356450.8311473776
2009009,2009009_2012,2009009,TRUE,78,RAF_78,Traversée à la nage,56.112714,-74.363142,2012,2012-10-25,02:00:00,2012-10-25T02:00:00,299,297,2012_2971,WATER,TRAV,LAKE,WaterCross_Data.xlsx,60,4,-362107.11586165294,1356385.4658274802
2009009,2009009_2012,2009009,TRUE,78,RAF_78,Traversée à la nage,56.112499,-74.362582,2012,2012-10-25,04:00:00,2012-10-25T04:00:00,299,297,2012_2971,WATER,TRAV,LAKE,WaterCross_Data.xlsx,61,5,-362074.5547108726,1356358.920120091
2009009,2009009_2012,2009009,TRUE,78,RAF_78,Traversée à la nage,56.111194,-74.35984,2012,2012-10-25,06:00:00,2012-10-25T06:00:00,299,297,2012_2971,WATER,TRAV,LAKE,WaterCross_Data.xlsx,62,6,-361917.3990796229,1356201.122075785
2009009,2009009_2012,2009009,TRUE,78,RAF_78,Traversée à la nage,56.11153,-74.359776,2012,2012-10-25,08:00:00,2012-10-25T08:00:00,299,297,2012_2971,WATER,TRAV,LAKE,WaterCross_Data.xlsx,63,7,-361910.413859113,1356237.8555740027
2009009,2009009_2012,2009009,TRUE,78,RAF_78,Traversée à la nage,56.111538,-74.359809,2012,2012-10-25,10:00:00,2012-10-25T10:00:00,299,297,2012_2971,WATER,TRAV,LAKE,WaterCross_Data.xlsx,64,8,-361912.3750299175,1356238.9047837995
2009009,2009009_2012,2009009,TRUE,78,RAF_78,Traversée à la nage,56.105483,-74.366934,2012,2012-10-25,12:00:00,2012-10-25T12:00:00,299,297,2012_2971,WATER,TRAV,LAKE,WaterCross_Data.xlsx,65,9,-362406.31491913967,1355607.1673817113
2009009,2009009_2012,2009009,TRUE,78,RAF_78,Traversée à la nage,56.069008,-74.41013,2012,2012-10-25,14:00:00,2012-10-25T14:00:00,299,297,2012_2971,WATER,TRAV,LAKE,WaterCross_Data.xlsx,66,10,-365401.49896386144,1351804.269820133
2009009,2009009_2012,2009009,TRUE,78,RAF_78,Traversée à la nage,56.049591,-74.456612,2012,2012-10-25,16:00:00,2012-10-25T16:00:00,299,297,2012_2971,OTHER,TRAV,LAKE,WaterCross_Data.xlsx,67,11,-368447.33358985937,1349901.4221950932
2009009,2009009_2013,2009009,TRUE,79,RAF_79,Contournement,55.906351,-74.218277,2013,2013-05-02,12:00:00,2013-05-02T12:00:00,122,121,2013_1211,OTHER,CONT,LAKE,Detour_Data.xlsx,240,1,-355002.229600427,1332900.6533352048
2009009,2009009_2013,2009009,TRUE,79,RAF_79,Contournement,55.914109,-74.223136,2013,2013-05-02,14:00:00,2013-05-02T14:00:00,122,121,2013_1211,OTHER,CONT,LAKE,Detour_Data.xlsx,241,2,-355234.6706420951,1333780.3441033305
2009009,2009009_2013,2009009,TRUE,79,RAF_79,Contournement,55.924554,-74.281376,2013,2013-05-02,16:00:00,2013-05-02T16:00:00,122,121,2013_1211,OTHER,CONT,LAKE,Detour_Data.xlsx,242,3,-358748.5339383739,1335222.7650938751
2009009,2009009_2013,2009009,TRUE,79,RAF_79,Contournement,55.933749,-74.320736,2013,2013-05-02,18:00:00,2013-05-02T18:00:00,122,121,2013_1211,OTHER,CONT,LAKE,Detour_Data.xlsx,243,4,-361102.889204571,1336434.7169117606
2009009,2009009_2013,2009009,TRUE,79,RAF_79,Contournement,55.938914,-74.319276,2013,2013-05-02,20:00:00,2013-05-02T20:00:00,122,121,2013_1211,OTHER,CONT,LAKE,Detour_Data.xlsx,244,5,-360966.09497558855,1336996.9155050125
2009009,2009009_2013,2009009,TRUE,79,RAF_79,Contournement,55.952114,-74.346416,2013,2013-05-02,22:00:00,2013-05-02T22:00:00,122,121,2013_1211,OTHER,CONT,LAKE,Detour_Data.xlsx,245,6,-362526.6480501912,1338589.7197738064
2009009,2009009_2013,2009009,TRUE,79,RAF_79,Contournement,55.960331,-74.36299,2013,2013-05-03,00:01:00,2013-05-03T00:01:00,123,121,2013_1211,OTHER,CONT,LAKE,Detour_Data.xlsx,246,7,-363477.6733431972,1339579.897691836
2009009,2009009_2013,2009009,TRUE,79,RAF_79,Contournement,55.964524,-74.370999,2013,2013-05-03,02:00:00,2013-05-03T02:00:00,123,121,2013_1211,OTHER,CONT,LAKE,Detour_Data.xlsx,247,8,-363935.06067820627,1340082.9696647949
2009009,2009009_2013,2009009,TRUE,79,RAF_79,Contournement,55.964766,-74.372375,2013,2013-05-03,04:00:00,2013-05-03T04:00:00,123,121,2013_1211,OTHER,CONT,LAKE,Detour_Data.xlsx,248,9,-364017.9706763749,1340116.6539056906
2009009,2009009_2013,2009009,TRUE,79,RAF_79,Contournement,55.971353,-74.373926,2013,2013-05-03,06:00:00,2013-05-03T06:00:00,123,121,2013_1211,OTHER,CONT,LAKE,Detour_Data.xlsx,249,10,-364054.1422410132,1340850.8976942645
2009009,2009009_2013,2009009,TRUE,79,RAF_79,Contournement,55.971772,-74.373335,2013,2013-05-03,08:00:00,2013-05-03T08:00:00,123,121,2013_1211,OTHER,CONT,LAKE,Detour_Data.xlsx,250,11,-364013.79480918153,1340894.0948104626
2009009,2009009_2013,2009009,TRUE,79,RAF_79,Contournement,55.985689,-74.393024,2013,2013-05-03,10:00:00,2013-05-03T10:00:00,123,121,2013_1211,OTHER,CONT,LAKE,Detour_Data.xlsx,251,12,-365104.6483231678,1342529.0372467737
2009009,2009009_2013,2009009,TRUE,79,RAF_79,Contournement,55.987489,-74.399536,2013,2013-05-03,12:00:00,2013-05-03T12:00:00,123,121,2013_1211,OTHER,CONT,LAKE,Detour_Data.xlsx,252,13,-365490.78728257766,1342760.7654633834
2009009,2009009_2013,2009009,TRUE,79,RAF_79,Contournement,55.987562,-74.399894,2013,2013-05-03,14:00:00,2013-05-03T14:00:00,123,121,2013_1211,OTHER,CONT,LAKE,Detour_Data.xlsx,253,14,-365512.25081145565,1342770.6436748942
2009009,2009009_2013,2009009,TRUE,79,RAF_79,Contournement,55.992962,-74.419153,2013,2013-05-03,16:00:00,2013-05-03T16:00:00,123,121,2013_1211,OTHER,CONT,LAKE,Detour_Data.xlsx,254,15,-366653.307696647,1343464.6187629306
2009009,2009009_2013,2009009,TRUE,79,RAF_79,Contournement,56.00136,-74.423661,2013,2013-05-03,18:01:00,2013-05-03T18:01:00,123,121,2013_1211,OTHER,CONT,LAKE,Detour_Data.xlsx,255,16,-366855.0801736105,1344413.7533249168
2009009,2009009_2013,2009009,TRUE,80,RAF_80,Traversée sur glace,56.04327,-74.453258,2013,2013-05-03,22:00:00,2013-05-03T22:00:00,123,121,2013_1211,OTHER,TRAV,LAKE,IceCross_Data.xlsx,168,1,-368298.4707700724,1349187.1437221267
2009009,2009009_2013,2009009,TRUE,80,RAF_80,Traversée sur glace,56.111888,-74.453814,2013,2013-05-04,00:00:00,2013-05-04T00:00:00,124,121,2013_1211,ICE,TRAV,LAKE,IceCross_Data.xlsx,169,2,-367701.7779260182,1356756.7335792047
2009009,2009009_2013,2009009,TRUE,80,RAF_80,Traversée sur glace,56.150169,-74.435345,2013,2013-05-04,02:00:00,2013-05-04T02:00:00,124,121,2013_1211,OTHER,TRAV,LAKE,IceCross_Data.xlsx,170,3,-366212.8088783757,1360883.6836585542
2009009,2009009_2013,2009009,TRUE,81,RAF_81,Traversée sur glace,56.150463,-74.430212,2013,2013-05-04,08:00:00,2013-05-04T08:00:00,124,121,2013_1211,OTHER,TRAV,LAKE,IceCross_Data.xlsx,171,1,-365894.13353446644,1360889.8503290245
2009009,2009009_2013,2009009,TRUE,81,RAF_81,Traversée sur glace,56.189596,-74.420088,2013,2013-05-04,10:00:00,2013-05-04T10:00:00,124,121,2013_1211,ICE,TRAV,LAKE,IceCross_Data.xlsx,172,2,-364913.04080467526,1365154.0541338336
2009009,2009009_2013,2009009,TRUE,81,RAF_81,Traversée sur glace,56.227824,-74.407443,2013,2013-05-04,12:00:00,2013-05-04T12:00:00,124,121,2013_1211,ICE,TRAV,LAKE,IceCross_Data.xlsx,173,3,-363786.51627928705,1369305.9970665446
2009068,2009068_2012,2009068,TRUE,82,RAF_82,Contournement,53.706398,-74.294287,2012,2012-11-27,12:00:00,2012-11-27T12:00:00,332,329,2012_3291,OTHER,CONT,RIVER,Detour_Data.xlsx,256,1,-379380.2578442439,1090891.940011135
2009068,2009068_2012,2009068,TRUE,82,RAF_82,Contournement,53.690009,-74.336638,2012,2012-11-27,14:01:00,2012-11-27T14:01:00,332,329,2012_3291,OTHER,CONT,RIVER,Detour_Data.xlsx,257,2,-382294.5653097896,1089312.752189894
2009068,2009068_2012,2009068,TRUE,82,RAF_82,Contournement,53.692718,-74.376153,2012,2012-11-27,16:01:00,2012-11-27T16:01:00,332,329,2012_3291,OTHER,CONT,RIVER,Detour_Data.xlsx,258,3,-384852.415019631,1089822.8297728878
2009068,2009068_2012,2009068,TRUE,82,RAF_82,Contournement,53.681819,-74.408999,2012,2012-11-27,18:01:00,2012-11-27T18:01:00,332,329,2012_3291,OTHER,CONT,RIVER,Detour_Data.xlsx,259,4,-387098.06116877287,1088800.0240772902
2009068,2009068_2012,2009068,TRUE,82,RAF_82,Contournement,53.655948,-74.457936,2012,2012-11-27,20:00:00,2012-11-27T20:00:00,332,329,2012_3291,OTHER,CONT,RIVER,Detour_Data.xlsx,260,5,-390534.2189486018,1086217.7019734934
2009068,2009068_2012,2009068,TRUE,82,RAF_82,Contournement,53.648863,-74.504039,2012,2012-11-27,22:00:00,2012-11-27T22:00:00,332,329,2012_3291,OTHER,CONT,RIVER,Detour_Data.xlsx,261,6,-393614.73046118184,1085690.3362503604
2009068,2009068_2012,2009068,TRUE,83,RAF_83,Traversée sur glace,53.645177,-74.507773,2012,2012-11-28,00:00:00,2012-11-28T00:00:00,333,337,2012_3371,OTHER,TRAV,RIVER,IceCross_Data.xlsx,177,1,-393893.09599581914,1085305.116404264
2009068,2009068_2012,2009068,TRUE,83,RAF_83,Traversée sur glace,53.632043,-74.541527,2012,2012-11-28,02:00:00,2012-11-28T02:00:00,333,337,2012_3371,OTHER,TRAV,RIVER,IceCross_Data.xlsx,178,2,-396223.2455067772,1084045.6660892298
2009068,2009068_2012,2009068,TRUE,83,RAF_83,Traversée sur glace,53.599177,-74.568033,2012,2012-11-28,04:00:00,2012-11-28T04:00:00,333,337,2012_3371,OTHER,TRAV,RIVER,IceCross_Data.xlsx,179,3,-398264.9411782698,1080575.061472747
2009068,2009068_2013,2009068,TRUE,84,RAF_84,Traversée sur glace,53.635887,-74.829509,2013,2013-01-08,08:00:00,2013-01-08T08:00:00,8,9,2013_0091,OTHER,TRAV,LAKE,IceCross_Data.xlsx,180,1,-415024.38808478497,1086101.1042349176
2009068,2009068_2013,2009068,TRUE,84,RAF_84,Traversée sur glace,53.643455,-74.828515,2013,2013-01-08,15:01:00,2013-01-08T15:01:00,8,9,2013_0091,OTHER,TRAV,LAKE,IceCross_Data.xlsx,181,2,-414885.54090691067,1086928.1216033448
2009068,2009068_2013,2009068,TRUE,84,RAF_84,Traversée sur glace,53.681677,-74.859825,2013,2013-01-09,05:01:00,2013-01-09T05:01:00,9,9,2013_0091,OTHER,TRAV,LAKE,IceCross_Data.xlsx,182,3,-416557.9975653878,1091315.9065757936
2009068,2009068_2013,2009068,TRUE,85,RAF_85,Contournement,55.223014,-72.648423,2013,2013-09-16,12:00:00,2013-09-16T12:00:00,259,257,2013_2571,OTHER,CONT,LAKE,Detour_Data.xlsx,262,1,-262051.28300759508,1250729.5857583203
2009068,2009068_2013,2009068,TRUE,85,RAF_85,Contournement,55.213577,-72.683683,2013,2013-09-16,14:00:00,2013-09-16T14:00:00,259,257,2013_2571,OTHER,CONT,LAKE,Detour_Data.xlsx,263,2,-264337.05846845085,1249817.614548158
2009068,2009068_2013,2009068,TRUE,85,RAF_85,Contournement,55.203638,-72.72363,2013,2013-09-16,16:00:00,2013-09-16T16:00:00,259,257,2013_2571,OTHER,CONT,LAKE,Detour_Data.xlsx,264,3,-266922.9295356851,1248868.8730787982
2009068,2009068_2013,2009068,TRUE,85,RAF_85,Contournement,55.200203,-72.734766,2013,2013-09-16,18:00:00,2013-09-16T18:00:00,259,257,2013_2571,OTHER,CONT,LAKE,Detour_Data.xlsx,265,4,-267648.33868056175,1248531.3368388652
2009068,2009068_2013,2009068,TRUE,85,RAF_85,Contournement,55.19692,-72.750755,2013,2013-09-16,20:00:00,2013-09-16T20:00:00,259,257,2013_2571,OTHER,CONT,LAKE,Detour_Data.xlsx,266,5,-268679.2480596365,1248228.9050632766
2009068,2009068_2013,2009068,TRUE,85,RAF_85,Contournement,55.197739,-72.753747,2013,2013-09-16,22:00:00,2013-09-16T22:00:00,259,257,2013_2571,OTHER,CONT,LAKE,Detour_Data.xlsx,267,6,-268862.76235167234,1248330.5359291488
2009068,2009068_2013,2009068,TRUE,85,RAF_85,Contournement,55.183958,-72.786056,2013,2013-09-17,00:00:00,2013-09-17T00:00:00,260,257,2013_2571,OTHER,CONT,LAKE,Detour_Data.xlsx,268,7,-270993.6613899423,1246931.424240268
2009068,2009068_2013,2009068,TRUE,85,RAF_85,Contournement,55.179549,-72.804424,2013,2013-09-17,02:01:00,2013-09-17T02:01:00,260,257,2013_2571,OTHER,CONT,LAKE,Detour_Data.xlsx,269,8,-272182.91815438983,1246514.5362150227
2009068,2009068_2013,2009068,TRUE,85,RAF_85,Contournement,55.179683,-72.804379,2013,2013-09-17,04:00:00,2013-09-17T04:00:00,260,257,2013_2571,OTHER,CONT,LAKE,Detour_Data.xlsx,270,9,-272179.1854611138,1246529.153824161
2009068,2009068_2013,2009068,TRUE,85,RAF_85,Contournement,55.178537,-72.806889,2013,2013-09-17,06:01:00,2013-09-17T06:01:00,260,257,2013_2571,OTHER,CONT,LAKE,Detour_Data.xlsx,271,10,-272345.3301811957,1246412.2266467891
2009068,2009068_2013,2009068,TRUE,85,RAF_85,Contournement,55.178588,-72.806781,2013,2013-09-17,08:00:00,2013-09-17T08:00:00,260,257,2013_2571,OTHER,CONT,LAKE,Detour_Data.xlsx,272,11,-272338.1699100258,1246417.4441674466
2009068,2009068_2013,2009068,TRUE,85,RAF_85,Contournement,55.175021,-72.822546,2013,2013-09-17,10:00:00,2013-09-17T10:00:00,260,257,2013_2571,OTHER,CONT,LAKE,Detour_Data.xlsx,273,12,-273357.66288516426,1246083.889880714
2009068,2009068_2013,2009068,TRUE,85,RAF_85,Contournement,55.177768,-72.875695,2013,2013-09-17,12:00:00,2013-09-17T12:00:00,260,257,2013_2571,WATER,CONT,LAKE,Detour_Data.xlsx,274,13,-276696.0792731465,1246591.315088603
2009068,2009068_2013,2009068,TRUE,85,RAF_85,Contournement,55.171138,-72.938155,2013,2013-09-17,14:01:00,2013-09-17T14:01:00,260,257,2013_2571,OTHER,CONT,LAKE,Detour_Data.xlsx,275,14,-280686.1272570094,1246102.9198570843
2009068,2009068_2013,2009068,TRUE,85,RAF_85,Contournement,55.173974,-72.997412,2013,2013-09-17,16:00:00,2013-09-17T16:00:00,260,257,2013_2571,OTHER,CONT,LAKE,Detour_Data.xlsx,276,15,-284409.1731618072,1246649.8367683347
2009068,2009068_2013,2009068,TRUE,85,RAF_85,Contournement,55.170127,-73.026952,2013,2013-09-17,18:00:00,2013-09-17T18:00:00,260,257,2013_2571,OTHER,CONT,LAKE,Detour_Data.xlsx,277,16,-286301.6404871876,1246343.139987891
2009068,2009068_2013,2009068,TRUE,85,RAF_85,Contournement,55.173527,-73.077739,2013,2013-09-17,20:00:00,2013-09-17T20:00:00,260,257,2013_2571,OTHER,CONT,LAKE,Detour_Data.xlsx,278,17,-289485.21396732563,1246922.6159137345
2009068,2009068_2013,2009068,TRUE,85,RAF_85,Contournement,55.17006,-73.124265,2013,2013-09-17,22:00:00,2013-09-17T22:00:00,260,257,2013_2571,OTHER,CONT,LAKE,Detour_Data.xlsx,279,18,-292448.08390361926,1246729.2622482267
2009068,2009068_2013,2009068,TRUE,86,RAF_86,Contournement,54.219617,-73.170975,2013,2013-11-13,18:00:00,2013-11-13T18:00:00,317,321,2013_3211,OTHER,CONT,LAKE,Detour_Data.xlsx,280,1,-302250.0536766635,1142094.9095017482
2009068,2009068_2013,2009068,TRUE,86,RAF_86,Contournement,54.187899,-73.170005,2013,2013-11-13,20:01:00,2013-11-13T20:01:00,317,321,2013_3211,OTHER,CONT,LAKE,Detour_Data.xlsx,281,2,-302415.93085766834,1138593.5627540043
2009068,2009068_2013,2009068,TRUE,86,RAF_86,Contournement,54.165253,-73.150119,2013,2013-11-13,22:00:00,2013-11-13T22:00:00,317,321,2013_3211,OTHER,CONT,LAKE,Detour_Data.xlsx,282,3,-301292.4759011836,1136012.7244889806
2009068,2009068_2013,2009068,TRUE,86,RAF_86,Contournement,54.159939,-73.1402,2013,2013-11-14,00:01:00,2013-11-14T00:01:00,318,321,2013_3211,OTHER,CONT,LAKE,Detour_Data.xlsx,283,4,-300688.7488927758,1135385.0764588562
2009068,2009068_2013,2009068,TRUE,86,RAF_86,Contournement,54.145059,-73.115276,2013,2013-11-14,02:00:00,2013-11-14T02:00:00,318,321,2013_3211,OTHER,CONT,LAKE,Detour_Data.xlsx,284,5,-299181.864990018,1133639.9071540497
2009068,2009068_2013,2009068,TRUE,87,RAF_87,Contournement,54.065988,-73.048938,2013,2013-11-14,18:00:00,2013-11-14T18:00:00,318,321,2013_3211,OTHER,CONT,RIVER,Detour_Data.xlsx,285,1,-295442.38648736174,1124645.565485714
2009068,2009068_2013,2009068,TRUE,87,RAF_87,Contournement,54.061055,-73.049009,2013,2013-11-14,20:00:00,2013-11-14T20:00:00,318,321,2013_3211,OTHER,CONT,RIVER,Detour_Data.xlsx,286,2,-295481.6160377869,1124101.9178535996
2009068,2009068_2013,2009068,TRUE,87,RAF_87,Contournement,54.041058,-73.048608,2013,2013-11-14,22:00:00,2013-11-14T22:00:00,318,321,2013_3211,OTHER,CONT,RIVER,Detour_Data.xlsx,287,3,-295595.94896782545,1121895.2897561572
2009068,2009068_2013,2009068,TRUE,87,RAF_87,Contournement,54.041427,-73.047394,2013,2013-11-15,00:01:00,2013-11-15T00:01:00,319,321,2013_3211,OTHER,CONT,RIVER,Detour_Data.xlsx,288,4,-295514.57312180195,1121930.9634220167
2009068,2009068_2013,2009068,TRUE,87,RAF_87,Contournement,54.05105,-72.986925,2013,2013-11-15,02:00:00,2013-11-15T02:00:00,319,321,2013_3211,OTHER,CONT,RIVER,Detour_Data.xlsx,289,5,-291523.52982963814,1122744.0457789171
2009068,2009068_2013,2009068,TRUE,87,RAF_87,Contournement,54.068317,-72.947027,2013,2013-11-15,04:00:00,2013-11-15T04:00:00,319,321,2013_3211,OTHER,CONT,RIVER,Detour_Data.xlsx,290,6,-288816.1558195948,1124486.3554752946
2009068,2009068_2013,2009068,TRUE,87,RAF_87,Contournement,54.076958,-72.879736,2013,2013-11-15,06:00:00,2013-11-15T06:00:00,319,321,2013_3211,OTHER,CONT,RIVER,Detour_Data.xlsx,291,7,-284392.9847178365,1125169.7719639402
2009068,2009068_2013,2009068,TRUE,87,RAF_87,Contournement,54.085358,-72.840688,2013,2013-11-15,08:01:00,2013-11-15T08:01:00,319,321,2013_3211,OTHER,CONT,RIVER,Detour_Data.xlsx,292,8,-281804.31048124307,1125941.68568978
2009068,2009068_2013,2009068,TRUE,87,RAF_87,Contournement,54.085325,-72.840698,2013,2013-11-15,10:00:00,2013-11-15T10:00:00,319,321,2013_3211,OTHER,CONT,RIVER,Detour_Data.xlsx,293,9,-281805.17993467755,1125938.0856077983
2009068,2009068_2013,2009068,TRUE,87,RAF_87,Contournement,54.08974,-72.819347,2013,2013-11-15,12:00:00,2013-11-15T12:00:00,319,321,2013_3211,OTHER,CONT,RIVER,Detour_Data.xlsx,294,10,-280391.2997820798,1126341.1365840766
2009068,2009068_2013,2009068,TRUE,87,RAF_87,Contournement,54.096115,-72.761069,2013,2013-11-15,14:00:00,2013-11-15T14:00:00,319,321,2013_3211,OTHER,CONT,RIVER,Detour_Data.xlsx,295,11,-276570.75679418724,1126817.4538541916
2009068,2009068_2013,2009068,TRUE,88,RAF_88,Traversée sur glace,54.16513,-72.627864,2013,2013-11-16,12:00:00,2013-11-16T12:00:00,320,321,2013_3211,OTHER,TRAV,RIVER,IceCross_Data.xlsx,186,1,-267495.01139604626,1133923.605524761
2009068,2009068_2013,2009068,TRUE,88,RAF_88,Traversée sur glace,54.197588,-72.619852,2013,2013-11-16,14:01:00,2013-11-16T14:01:00,320,321,2013_3211,OTHER,TRAV,RIVER,IceCross_Data.xlsx,187,2,-266770.0255169063,1137474.1827197878
2009068,2009068_2013,2009068,TRUE,88,RAF_88,Traversée sur glace,54.237787,-72.57365,2013,2013-11-16,16:01:00,2013-11-16T16:01:00,320,321,2013_3211,OTHER,TRAV,RIVER,IceCross_Data.xlsx,188,3,-263528.86695251847,1141737.571358159
2009068,2009068_2013,2009068,TRUE,89,RAF_89,Traversée sur glace,54.328272,-72.414472,2013,2013-11-17,00:01:00,2013-11-17T00:01:00,321,321,2013_3211,OTHER,TRAV,LAKE,IceCross_Data.xlsx,189,1,-252695.279754858,1151146.4788290092
2009068,2009068_2013,2009068,TRUE,89,RAF_89,Traversée sur glace,54.364177,-72.393877,2013,2013-11-17,02:00:00,2013-11-17T02:00:00,321,321,2013_3211,ICE,TRAV,LAKE,IceCross_Data.xlsx,190,2,-251151.31453304723,1155035.7113371831
2009068,2009068_2013,2009068,TRUE,89,RAF_89,Traversée sur glace,54.41802,-72.372474,2013,2013-11-17,04:01:00,2013-11-17T04:01:00,321,321,2013_3211,OTHER,TRAV,LAKE,IceCross_Data.xlsx,191,3,-249450.36597563088,1160902.0887893774
2009068,2009068_2013,2009068,TRUE,90,RAF_90,Contournement,54.450034,-72.335472,2013,2013-11-17,12:00:00,2013-11-17T12:00:00,321,321,2013_3211,OTHER,CONT,LAKE,Detour_Data.xlsx,296,1,-246879.59872982217,1164306.4747041126
2009068,2009068_2013,2009068,TRUE,90,RAF_90,Contournement,54.464316,-72.314471,2013,2013-11-17,14:00:00,2013-11-17T14:00:00,321,321,2013_3211,OTHER,CONT,LAKE,Detour_Data.xlsx,297,2,-245445.01057807787,1165810.2883347934
2009068,2009068_2013,2009068,TRUE,90,RAF_90,Contournement,54.493533,-72.302135,2013,2013-11-17,16:00:00,2013-11-17T16:00:00,321,321,2013_3211,OTHER,CONT,LAKE,Detour_Data.xlsx,298,3,-244480.51626699918,1168992.3112593493
2009068,2009068_2013,2009068,TRUE,90,RAF_90,Contournement,54.509746,-72.298349,2013,2013-11-17,18:00:00,2013-11-17T18:00:00,321,321,2013_3211,OTHER,CONT,LAKE,Detour_Data.xlsx,299,4,-244142.24202329005,1170768.6100340602
2009068,2009068_2013,2009068,TRUE,90,RAF_90,Contournement,54.551691,-72.307603,2013,2013-11-17,20:01:00,2013-11-17T20:01:00,321,321,2013_3211,OTHER,CONT,LAKE,Detour_Data.xlsx,300,5,-244489.95580154195,1175429.2135405112
2009070,2009070_2012,2009070,TRUE,91,RAF_91,Contournement,56.183612,-74.859548,2012,2012-04-06,14:00:00,2012-04-06T14:00:00,97,97,2012_0971,OTHER,CONT,LAKE,Detour_Data.xlsx,301,1,-391991.1664541769,1366818.3762728677
2009070,2009070_2012,2009070,TRUE,91,RAF_91,Contournement,56.219956,-74.833142,2012,2012-04-06,21:00:00,2012-04-06T21:00:00,97,97,2012_0971,OTHER,CONT,LAKE,Detour_Data.xlsx,302,2,-390012.3013774486,1370680.5146573305
2009070,2009070_2012,2009070,TRUE,91,RAF_91,Contournement,56.258253,-74.802384,2012,2012-04-07,04:00:00,2012-04-07T04:00:00,98,97,2012_0971,ICE,CONT,LAKE,Detour_Data.xlsx,303,3,-387750.2394586268,1374735.4022246755
2009070,2009070_2012,2009070,TRUE,91,RAF_91,Contournement,56.259565,-74.865109,2012,2012-04-07,11:00:00,2012-04-07T11:00:00,98,97,2012_0971,OTHER,CONT,LAKE,Detour_Data.xlsx,304,4,-391586.3244304486,1375221.6020369434
2009070,2009070_2012,2009070,TRUE,91,RAF_91,Contournement,56.266268,-74.883801,2012,2012-04-07,18:00:00,2012-04-07T18:00:00,98,97,2012_0971,OTHER,CONT,LAKE,Detour_Data.xlsx,305,5,-392667.12825146475,1376062.9655990642
2009070,2009070_2012,2009070,TRUE,91,RAF_91,Contournement,56.303122,-74.929928,2012,2012-04-08,01:00:00,2012-04-08T01:00:00,99,97,2012_0971,OTHER,CONT,LAKE,Detour_Data.xlsx,306,6,-395130.75991163333,1380379.5823259058
2009070,2009070_2012,2009070,TRUE,91,RAF_91,Contournement,56.322264,-74.830995,2012,2012-04-08,08:00:00,2012-04-08T08:00:00,99,97,2012_0971,OTHER,CONT,LAKE,Detour_Data.xlsx,307,7,-388879.9400816032,1381947.9423777729
2009070,2009070_2012,2009070,TRUE,91,RAF_91,Contournement,56.376415,-74.792666,2012,2012-04-08,15:00:00,2012-04-08T15:00:00,99,97,2012_0971,OTHER,CONT,LAKE,Detour_Data.xlsx,308,8,-386005.2781672854,1387711.0709060289
2009070,2009070_2012,2009070,TRUE,93,RAF_93,Contournement,54.100755,-76.417854,2012,2012-11-28,14:00:00,2012-11-28T14:00:00,333,337,2012_3371,ICE,CONT,LAKE,Detour_Data.xlsx,309,1,-513118.21464402333,1147509.7549609279
2009070,2009070_2012,2009070,TRUE,93,RAF_93,Contournement,54.100852,-76.45125,2012,2012-11-28,16:00:00,2012-11-28T16:00:00,333,337,2012_3371,OTHER,CONT,LAKE,Detour_Data.xlsx,310,2,-515272.3659920497,1147760.3739805676
2009070,2009070_2012,2009070,TRUE,93,RAF_93,Contournement,54.099227,-76.521573,2012,2012-11-28,18:00:00,2012-11-28T18:00:00,333,337,2012_3371,OTHER,CONT,LAKE,Detour_Data.xlsx,311,3,-519830.63859570754,1148090.5483873636
2009070,2009070_2012,2009070,TRUE,93,RAF_93,Contournement,54.092892,-76.538116,2012,2012-11-28,20:00:00,2012-11-28T20:00:00,333,337,2012_3371,OTHER,CONT,LAKE,Detour_Data.xlsx,312,4,-520976.6432626077,1147515.2984785442
2009070,2009070_2012,2009070,TRUE,93,RAF_93,Contournement,54.086808,-76.547309,2012,2012-11-28,22:00:00,2012-11-28T22:00:00,333,337,2012_3371,OTHER,CONT,LAKE,Detour_Data.xlsx,313,5,-521645.39512644993,1146914.2880644263
2009070,2009070_2012,2009070,TRUE,94,RAF_94,Contournement,54.075411,-76.606958,2012,2012-11-30,14:00:00,2012-11-30T14:00:00,335,337,2012_3371,OTHER,CONT,LAKE,Detour_Data.xlsx,314,1,-525637.8424454328,1146099.531875551
2009070,2009070_2012,2009070,TRUE,94,RAF_94,Contournement,54.101095,-76.659501,2012,2012-11-30,16:00:00,2012-11-30T16:00:00,335,337,2012_3371,OTHER,CONT,LAKE,Detour_Data.xlsx,315,2,-528707.0119808882,1149306.126591575
2009070,2009070_2012,2009070,TRUE,94,RAF_94,Contournement,54.120761,-76.808261,2012,2012-11-30,18:00:00,2012-11-30T18:00:00,335,337,2012_3371,OTHER,CONT,LAKE,Detour_Data.xlsx,316,3,-538051.4645429304,1152573.4758874192
2009070,2009070_2012,2009070,TRUE,94,RAF_94,Contournement,54.123141,-76.867156,2012,2012-11-30,20:00:00,2012-11-30T20:00:00,335,337,2012_3371,OTHER,CONT,LAKE,Detour_Data.xlsx,317,4,-541817.5514125485,1153279.0376171644
2009070,2009070_2013,2009070,TRUE,95,RAF_95,Contournement,55.931934,-74.163636,2013,2013-05-02,14:00:00,2013-05-02T14:00:00,122,121,2013_1211,OTHER,CONT,LAKE,Detour_Data.xlsx,318,1,-351393.34344938654,1335452.4599156592
2009070,2009070_2013,2009070,TRUE,95,RAF_95,Contournement,55.937968,-74.18634,2013,2013-05-02,16:00:00,2013-05-02T16:00:00,122,121,2013_1211,OTHER,CONT,LAKE,Detour_Data.xlsx,319,2,-352746.0318674254,1336229.6619684987
2009070,2009070_2013,2009070,TRUE,95,RAF_95,Contournement,55.938775,-74.195091,2013,2013-05-02,18:00:00,2013-05-02T18:00:00,122,121,2013_1211,OTHER,CONT,LAKE,Detour_Data.xlsx,320,3,-353280.6467655177,1336361.8357520327
2009070,2009070_2013,2009070,TRUE,95,RAF_95,Contournement,55.942145,-74.198339,2013,2013-05-02,20:00:00,2013-05-02T20:00:00,122,121,2013_1211,OTHER,CONT,LAKE,Detour_Data.xlsx,321,4,-353452.0430534579,1336749.5506868882
2009070,2009070_2013,2009070,TRUE,95,RAF_95,Contournement,55.963205,-74.214391,2013,2013-05-02,22:00:00,2013-05-02T22:00:00,122,121,2013_1211,ICE,CONT,LAKE,Detour_Data.xlsx,322,5,-354259.7174914289,1339151.6305519238
2009070,2009070_2013,2009070,TRUE,95,RAF_95,Contournement,55.968447,-74.21429,2013,2013-05-03,00:00:00,2013-05-03T00:00:00,123,121,2013_1211,OTHER,CONT,LAKE,Detour_Data.xlsx,323,6,-354207.204565324,1339729.2727785765
2009070,2009070_2013,2009070,TRUE,95,RAF_95,Contournement,55.975789,-74.212303,2013,2013-05-03,02:00:00,2013-05-03T02:00:00,123,121,2013_1211,OTHER,CONT,LAKE,Detour_Data.xlsx,324,7,-354019.5228011092,1340529.1983781098
2009070,2009070_2013,2009070,TRUE,95,RAF_95,Contournement,55.978241,-74.22009,2013,2013-05-03,04:00:00,2013-05-03T04:00:00,123,121,2013_1211,ICE,CONT,LAKE,Detour_Data.xlsx,325,8,-354479.4309011106,1340838.1815939506
2009070,2009070_2013,2009070,TRUE,95,RAF_95,Contournement,55.97898,-74.223183,2013,2013-05-03,06:00:00,2013-05-03T06:00:00,123,121,2013_1211,ICE,CONT,LAKE,Detour_Data.xlsx,326,9,-354664.1658410884,1340935.0120632437
2009070,2009070_2013,2009070,TRUE,95,RAF_95,Contournement,55.987846,-74.223403,2013,2013-05-03,08:00:00,2013-05-03T08:00:00,123,121,2013_1211,OTHER,CONT,LAKE,Detour_Data.xlsx,327,10,-354599.39465084084,1341913.9449313192
2009070,2009070_2013,2009070,TRUE,96,RAF_96,Traversée sur glace,55.995166,-74.25657,2013,2013-05-03,12:00:00,2013-05-03T12:00:00,123,121,2013_1211,ICE,TRAV,LAKE,IceCross_Data.xlsx,192,1,-356584.7854827404,1342886.080484427
2009070,2009070_2013,2009070,TRUE,96,RAF_96,Traversée sur glace,56.037399,-74.269162,2013,2013-05-03,14:00:00,2013-05-03T14:00:00,123,121,2013_1211,ICE,TRAV,LAKE,IceCross_Data.xlsx,193,2,-356986.7639934819,1347606.7474073002
2009070,2009070_2013,2009070,TRUE,96,RAF_96,Traversée sur glace,56.116887,-74.25432,2013,2013-05-03,16:00:00,2013-05-03T16:00:00,123,121,2013_1211,ICE,TRAV,LAKE,IceCross_Data.xlsx,194,3,-355363.8154254691,1356300.1990902405
2009070,2009070_2013,2009070,TRUE,96,RAF_96,Traversée sur glace,56.126848,-74.250158,2013,2013-05-03,18:00:00,2013-05-03T18:00:00,123,121,2013_1211,ICE,TRAV,LAKE,IceCross_Data.xlsx,195,4,-355018.8615361285,1357378.2785404655
2009070,2009070_2013,2009070,TRUE,97,RAF_97,Contournement,56.262384,-74.269653,2013,2013-05-03,22:00:00,2013-05-03T22:00:00,123,121,2013_1211,OTHER,CONT,LAKE,Detour_Data.xlsx,328,1,-355011.81764847133,1372426.2213337868
2009070,2009070_2013,2009070,TRUE,97,RAF_97,Contournement,56.293775,-74.288374,2013,2013-05-04,00:00:00,2013-05-04T00:00:00,124,121,2013_1211,OTHER,CONT,LAKE,Detour_Data.xlsx,329,2,-355880.4980556766,1375982.2589561983
2009070,2009070_2013,2009070,TRUE,97,RAF_97,Contournement,56.294677,-74.304885,2013,2013-05-04,02:00:00,2013-05-04T02:00:00,124,121,2013_1211,OTHER,CONT,LAKE,Detour_Data.xlsx,330,3,-356885.3123516218,1376163.99523343
2009070,2009070_2013,2009070,TRUE,97,RAF_97,Contournement,56.294253,-74.299422,2013,2013-05-04,04:00:00,2013-05-04T04:00:00,124,121,2013_1211,OTHER,CONT,LAKE,Detour_Data.xlsx,331,4,-356553.9812974175,1376089.9874897643
2009070,2009070_2013,2009070,TRUE,97,RAF_97,Contournement,56.295128,-74.311104,2013,2013-05-04,06:00:00,2013-05-04T06:00:00,124,121,2013_1211,OTHER,CONT,LAKE,Detour_Data.xlsx,332,5,-357262.7679828414,1376244.7806666913
2009070,2009070_2013,2009070,TRUE,97,RAF_97,Contournement,56.308765,-74.314393,2013,2013-05-04,08:00:00,2013-05-04T08:00:00,124,121,2013_1211,OTHER,CONT,LAKE,Detour_Data.xlsx,333,6,-357342.0223686683,1377765.6171259107
2009070,2009070_2013,2009070,TRUE,97,RAF_97,Contournement,56.318088,-74.363391,2013,2013-05-04,10:00:00,2013-05-04T10:00:00,124,121,2013_1211,OTHER,CONT,LAKE,Detour_Data.xlsx,334,7,-360262.17945710995,1379039.7761071369
2009070,2009070_2013,2009070,TRUE,97,RAF_97,Contournement,56.349368,-74.360898,2013,2013-05-04,12:00:00,2013-05-04T12:00:00,124,121,2013_1211,OTHER,CONT,LAKE,Detour_Data.xlsx,335,8,-359826.0933512621,1382477.9292832233
2009070,2009070_2013,2009070,TRUE,98,RAF_98,Traversée sur glace,54.268417,-72.739371,2013,2013-11-15,18:00:00,2013-11-15T18:00:00,319,321,2013_3211,OTHER,TRAV,LAKE,IceCross_Data.xlsx,196,1,-274036.8481207028,1145738.8938981087
2009070,2009070_2013,2009070,TRUE,98,RAF_98,Traversée sur glace,54.235191,-72.706364,2013,2013-11-15,20:00:00,2013-11-15T20:00:00,319,321,2013_3211,ICE,TRAV,LAKE,IceCross_Data.xlsx,197,2,-272121.3981476329,1141947.9030593622
2009070,2009070_2013,2009070,TRUE,98,RAF_98,Traversée sur glace,54.201828,-72.697568,2013,2013-11-15,22:00:00,2013-11-15T22:00:00,319,321,2013_3211,OTHER,TRAV,LAKE,IceCross_Data.xlsx,198,3,-271769.1327149293,1138234.3273137917
2009070,2009070_2013,2009070,TRUE,99,RAF_99,Contournement,54.183384,-72.680938,2013,2013-11-16,12:00:00,2013-11-16T12:00:00,320,321,2013_3211,OTHER,CONT,RIVER,Detour_Data.xlsx,336,1,-270812.6629974609,1136136.7961460615
2009070,2009070_2013,2009070,TRUE,99,RAF_99,Contournement,54.173751,-72.669501,2013,2013-11-16,14:00:00,2013-11-16T14:00:00,320,321,2013_3211,OTHER,CONT,RIVER,Detour_Data.xlsx,337,2,-270134.6744637644,1135030.9844369711
2009070,2009070_2013,2009070,TRUE,99,RAF_99,Contournement,54.193641,-72.621096,2013,2013-11-16,16:00:00,2013-11-16T16:00:00,320,321,2013_3211,ICE,CONT,RIVER,Detour_Data.xlsx,338,3,-266875.59067970497,1137043.4181451697
2009070,2009070_2013,2009070,TRUE,100,RAF_100,Traversée sur glace,54.2264,-72.565028,2013,2013-11-16,18:00:00,2013-11-16T18:00:00,320,321,2013_3211,OTHER,TRAV,RIVER,IceCross_Data.xlsx,199,1,-263043.1377052069,1140449.6483208921
2009070,2009070_2013,2009070,TRUE,100,RAF_100,Traversée sur glace,54.243509,-72.480243,2013,2013-11-16,20:00:00,2013-11-16T20:00:00,320,321,2013_3211,ICE,TRAV,RIVER,IceCross_Data.xlsx,200,2,-257457.4226510556,1142028.8191771451
2009070,2009070_2013,2009070,TRUE,100,RAF_100,Traversée sur glace,54.244919,-72.437923,2013,2013-11-16,22:00:00,2013-11-16T22:00:00,320,321,2013_3211,OTHER,TRAV,RIVER,IceCross_Data.xlsx,201,3,-254714.2115344505,1142032.9361638203
2009070,2009070_2013,2009070,TRUE,101,RAF_101,Contournement,54.24485,-72.437533,2013,2013-11-17,00:00:00,2013-11-17T00:00:00,321,321,2013_3211,OTHER,CONT,RIVER,Detour_Data.xlsx,339,1,-254689.43018657624,1142023.9352148783
2009070,2009070_2013,2009070,TRUE,101,RAF_101,Contournement,54.24901,-72.426039,2013,2013-11-17,02:00:00,2013-11-17T02:00:00,321,321,2013_3211,OTHER,CONT,RIVER,Detour_Data.xlsx,340,2,-253921.51022127017,1142442.0676774739
2009070,2009070_2013,2009070,TRUE,101,RAF_101,Contournement,54.24906,-72.425852,2013,2013-11-17,04:00:00,2013-11-17T04:00:00,321,321,2013_3211,OTHER,CONT,RIVER,Detour_Data.xlsx,341,3,-253909.12494719567,1142446.9207546145
2009070,2009070_2013,2009070,TRUE,101,RAF_101,Contournement,54.257038,-72.402602,2013,2013-11-17,06:00:00,2013-11-17T06:00:00,321,321,2013_3211,OTHER,CONT,RIVER,Detour_Data.xlsx,342,4,-252358.84635181745,1143244.9163522366
2009070,2009070_2013,2009070,TRUE,101,RAF_101,Contournement,54.258706,-72.396582,2013,2013-11-17,08:00:00,2013-11-17T08:00:00,321,321,2013_3211,OTHER,CONT,RIVER,Detour_Data.xlsx,343,5,-251959.92146740528,1143407.7418966559
2009070,2009070_2013,2009070,TRUE,101,RAF_101,Contournement,54.258712,-72.396547,2013,2013-11-17,10:00:00,2013-11-17T10:00:00,321,321,2013_3211,OTHER,CONT,RIVER,Detour_Data.xlsx,344,6,-251957.62445923997,1143408.280674449
2009070,2009070_2013,2009070,TRUE,101,RAF_101,Contournement,54.258483,-72.394094,2013,2013-11-17,12:00:00,2013-11-17T12:00:00,321,321,2013_3211,OTHER,CONT,RIVER,Detour_Data.xlsx,345,7,-251800.5420895717,1143374.379768442
2009070,2009070_2013,2009070,TRUE,101,RAF_101,Contournement,54.274031,-72.350843,2013,2013-11-17,14:00:00,2013-11-17T14:00:00,321,321,2013_3211,OTHER,CONT,RIVER,Detour_Data.xlsx,346,8,-248914.1461188296,1144938.591859556
2009070,2009070_2013,2009070,TRUE,101,RAF_101,Contournement,54.27922,-72.33038,2013,2013-11-17,16:00:00,2013-11-17T16:00:00,321,321,2013_3211,OTHER,CONT,RIVER,Detour_Data.xlsx,347,9,-247562.0309957571,1145440.1650833164
2009070,2009070_2013,2009070,TRUE,101,RAF_101,Contournement,54.291204,-72.27896,2013,2013-11-17,18:00:00,2013-11-17T18:00:00,321,321,2013_3211,OTHER,CONT,RIVER,Detour_Data.xlsx,348,10,-244171.90783119603,1146585.8607420668
2009070,2009070_2013,2009070,TRUE,102,RAF_102,Contournement,54.286625,-72.246075,2013,2013-11-18,14:00:00,2013-11-18T14:00:00,322,321,2013_3211,OTHER,CONT,LAKE,Detour_Data.xlsx,349,1,-242075.51745514307,1145968.851778538
2009070,2009070_2013,2009070,TRUE,102,RAF_102,Contournement,54.284392,-72.252807,2013,2013-11-18,16:00:00,2013-11-18T16:00:00,322,321,2013_3211,OTHER,CONT,LAKE,Detour_Data.xlsx,350,2,-242523.0824113135,1145745.2373243049
2009070,2009070_2013,2009070,TRUE,102,RAF_102,Contournement,54.279951,-72.259807,2013,2013-11-18,18:00:00,2013-11-18T18:00:00,322,321,2013_3211,OTHER,CONT,LAKE,Detour_Data.xlsx,351,3,-243000.8090571165,1145278.9288479725
2009070,2009070_2013,2009070,TRUE,102,RAF_102,Contournement,54.27487,-72.258071,2013,2013-11-18,20:00:00,2013-11-18T20:00:00,322,321,2013_3211,OTHER,CONT,LAKE,Detour_Data.xlsx,352,4,-242918.18424791537,1144712.3590781672
2009070,2009070_2013,2009070,TRUE,102,RAF_102,Contournement,54.27423,-72.260265,2013,2013-11-18,22:00:00,2013-11-18T22:00:00,322,321,2013_3211,OTHER,CONT,LAKE,Detour_Data.xlsx,353,5,-243063.58624081113,1144649.1867759512
2009070,2009070_2013,2009070,TRUE,102,RAF_102,Contournement,54.274487,-72.260321,2013,2013-11-19,00:00:00,2013-11-19T00:00:00,323,321,2013_3211,OTHER,CONT,LAKE,Detour_Data.xlsx,354,6,-243065.71116124684,1144677.7362287368
2009070,2009070_2013,2009070,TRUE,102,RAF_102,Contournement,54.264742,-72.243546,2013,2013-11-19,02:00:00,2013-11-19T02:00:00,323,321,2013_3211,OTHER,CONT,LAKE,Detour_Data.xlsx,355,7,-242038.67938611537,1143545.5396014133
2009070,2009070_2013,2009070,TRUE,102,RAF_102,Contournement,54.259668,-72.232406,2013,2013-11-19,04:00:00,2013-11-19T04:00:00,323,321,2013_3211,OTHER,CONT,LAKE,Detour_Data.xlsx,356,8,-241348.30788389224,1142948.006679661
2009070,2009070_2013,2009070,TRUE,103,RAF_103,Contournement,54.25976,-72.227064,2013,2013-11-19,14:00:00,2013-11-19T14:00:00,323,321,2013_3211,OTHER,CONT,LAKE,Detour_Data.xlsx,357,1,-241002.6619028755,1142940.1548850099
2009070,2009070_2013,2009070,TRUE,103,RAF_103,Contournement,54.255769,-72.219224,2013,2013-11-19,16:00:00,2013-11-19T16:00:00,323,321,2013_3211,OTHER,CONT,LAKE,Detour_Data.xlsx,358,2,-240519.07205339137,1142473.373361555
2009070,2009070_2013,2009070,TRUE,103,RAF_103,Contournement,54.251217,-72.194095,2013,2013-11-19,18:00:00,2013-11-19T18:00:00,323,321,2013_3211,OTHER,CONT,LAKE,Detour_Data.xlsx,359,3,-238921.40353087767,1141886.878193186
2009070,2009070_2013,2009070,TRUE,103,RAF_103,Contournement,54.246603,-72.189047,2013,2013-11-19,20:00:00,2013-11-19T20:00:00,323,321,2013_3211,OTHER,CONT,LAKE,Detour_Data.xlsx,360,4,-238621.47715132122,1141360.8735230458
2009070,2009070_2013,2009070,TRUE,103,RAF_103,Contournement,54.240164,-72.1654,2013,2013-11-19,22:00:00,2013-11-19T22:00:00,323,321,2013_3211,OTHER,CONT,LAKE,Detour_Data.xlsx,361,5,-237129.6700997666,1140571.7097051414
2009070,2009070_2013,2009070,TRUE,103,RAF_103,Contournement,54.22142,-72.105393,2013,2013-11-20,00:00:00,2013-11-20T00:00:00,324,321,2013_3211,OTHER,CONT,LAKE,Detour_Data.xlsx,362,6,-233355.19212960516,1138305.954954763
2009070,2009070_2013,2009070,TRUE,103,RAF_103,Contournement,54.216104,-72.054203,2013,2013-11-20,02:00:00,2013-11-20T02:00:00,324,321,2013_3211,OTHER,CONT,LAKE,Detour_Data.xlsx,363,7,-230073.88150944444,1137553.5336047926
2009070,2009070_2013,2009070,TRUE,104,RAF_104,Traversée sur glace,53.037837,-76.782328,2013,2013-12-20,02:00:00,2013-12-20T02:00:00,354,353,2013_3531,OTHER,TRAV,LAKE,IceCross_Data.xlsx,202,1,-550194.796300264,1033547.1789632442
2009070,2009070_2013,2009070,TRUE,104,RAF_104,Traversée sur glace,53.042663,-76.781204,2013,2013-12-20,09:00:00,2013-12-20T09:00:00,354,353,2013_3531,OTHER,TRAV,LAKE,IceCross_Data.xlsx,203,2,-550058.9115896855,1034068.0399341319
2009070,2009070_2013,2009070,TRUE,104,RAF_104,Traversée sur glace,53.058095,-76.93565,2013,2013-12-20,16:00:00,2013-12-20T16:00:00,354,353,2013_3531,OTHER,TRAV,LAKE,IceCross_Data.xlsx,204,3,-560070.0133942073,1036958.9885620899
2009070,2009070_2014,2009070,TRUE,105,RAF_105,Traversée sur glace,53.67417,-77.433728,2014,2014-02-03,21:00:00,2014-02-03T21:00:00,34,33,2014_0331,OTHER,TRAV,LAKE,IceCross_Data.xlsx,205,1,-584497.8654954559,1108496.332301054
2009070,2009070_2014,2009070,TRUE,105,RAF_105,Traversée sur glace,53.68572,-77.220352,2014,2014-02-04,04:00:00,2014-02-04T04:00:00,35,33,2014_0331,OTHER,TRAV,LAKE,IceCross_Data.xlsx,206,2,-570452.4520635919,1108040.6989596235
2009070,2009070_2014,2009070,TRUE,105,RAF_105,Traversée sur glace,53.72427,-77.161115,2014,2014-02-04,11:00:00,2014-02-04T11:00:00,35,33,2014_0331,OTHER,TRAV,LAKE,IceCross_Data.xlsx,207,3,-566082.2039531122,1111797.689926004
2009070,2009070_2014,2009070,TRUE,105,RAF_105,Traversée sur glace,53.66229,-76.892283,2014,2014-02-04,18:00:00,2014-02-04T18:00:00,35,33,2014_0331,OTHER,TRAV,LAKE,IceCross_Data.xlsx,208,4,-549394.6955578461,1102903.8061128152
2009070,2009070_2014,2009070,TRUE,105,RAF_105,Traversée sur glace,53.621681,-76.756876,2014,2014-02-05,01:00:00,2014-02-05T01:00:00,36,33,2014_0331,OTHER,TRAV,LAKE,IceCross_Data.xlsx,209,5,-541086.5538982494,1097416.267551322
2009070,2009070_2014,2009070,TRUE,106,RAF_106,Traversée sur glace,53.610399,-76.740372,2014,2014-02-06,19:00:00,2014-02-06T19:00:00,37,41,2014_0411,OTHER,TRAV,LAKE,IceCross_Data.xlsx,210,1,-540153.0115598841,1096053.5226646322
2009070,2009070_2014,2009070,TRUE,106,RAF_106,Traversée sur glace,53.591127,-76.758063,2014,2014-02-07,02:00:00,2014-02-07T02:00:00,38,41,2014_0411,ICE,TRAV,LAKE,IceCross_Data.xlsx,211,2,-541552.643405835,1094072.377976831
2009070,2009070_2014,2009070,TRUE,106,RAF_106,Traversée sur glace,53.57505,-76.755604,2014,2014-02-07,09:00:00,2014-02-07T09:00:00,38,41,2014_0411,OTHER,TRAV,LAKE,IceCross_Data.xlsx,212,3,-541596.5402218513,1092289.5551175347
2009070,2009070_2014,2009070,TRUE,107,RAF_107,Traversée sur glace,53.564943,-76.886914,2014,2014-04-29,22:00:00,2014-04-29T22:00:00,119,121,2014_1211,OTHER,TRAV,LAKE,IceCross_Data.xlsx,213,1,-550302.3255190538,1092182.3782927096
2009070,2009070_2014,2009070,TRUE,107,RAF_107,Traversée sur glace,53.585697,-76.832266,2014,2014-04-30,00:00:00,2014-04-30T00:00:00,120,121,2014_1211,ICE,TRAV,LAKE,IceCross_Data.xlsx,214,2,-546466.5511897224,1094040.6536755108
2009070,2009070_2014,2009070,TRUE,107,RAF_107,Traversée sur glace,53.607037,-76.79465,2014,2014-04-30,02:00:00,2014-04-30T02:00:00,120,121,2014_1211,ICE,TRAV,LAKE,IceCross_Data.xlsx,215,3,-543737.9698872154,1096095.65996671
2009070,2009070_2014,2009070,TRUE,107,RAF_107,Traversée sur glace,53.642254,-76.756213,2014,2014-04-30,04:01:00,2014-04-30T04:01:00,120,121,2014_1211,ICE,TRAV,LAKE,IceCross_Data.xlsx,216,4,-540781.6657433633,1099668.8717218845
2009070,2009070_2014,2009070,TRUE,107,RAF_107,Traversée sur glace,53.657283,-76.718021,2014,2014-04-30,06:00:00,2014-04-30T06:00:00,120,121,2014_1211,ICE,TRAV,LAKE,IceCross_Data.xlsx,217,5,-538100.874207273,1101030.264577192
2009070,2009070_2014,2009070,TRUE,107,RAF_107,Traversée sur glace,53.66217,-76.702161,2014,2014-04-30,08:00:00,2014-04-30T08:00:00,120,121,2014_1211,OTHER,TRAV,LAKE,IceCross_Data.xlsx,218,6,-537005.2017379703,1101447.4542927064
2009070,2009070_2014,2009070,TRUE,107,RAF_107,Traversée sur glace,53.710966,-76.674052,2014,2014-04-30,10:01:00,2014-04-30T10:01:00,120,121,2014_1211,OTHER,TRAV,LAKE,IceCross_Data.xlsx,219,7,-534558.480130381,1106592.3981681685
2009070,2009070_2014,2009070,TRUE,108,RAF_108,Traversée sur glace,53.800421,-76.600373,2014,2014-04-30,14:00:00,2014-04-30T14:00:00,120,121,2014_1211,OTHER,TRAV,LAKE,IceCross_Data.xlsx,220,1,-528644.4939547221,1115863.8394865212
2009070,2009070_2014,2009070,TRUE,108,RAF_108,Traversée sur glace,53.856868,-76.543962,2014,2014-04-30,16:00:00,2014-04-30T16:00:00,120,121,2014_1211,ICE,TRAV,LAKE,IceCross_Data.xlsx,221,2,-524279.0623240125,1121645.3775276556
2009070,2009070_2014,2009070,TRUE,108,RAF_108,Traversée sur glace,53.879215,-76.518983,2014,2014-04-30,18:00:00,2014-04-30T18:00:00,120,121,2014_1211,ICE,TRAV,LAKE,IceCross_Data.xlsx,222,3,-522381.75903404335,1123916.068584253
2009070,2009070_2014,2009070,TRUE,108,RAF_108,Traversée sur glace,53.931973,-76.536588,2014,2014-04-30,20:00:00,2014-04-30T20:00:00,120,121,2014_1211,ICE,TRAV,LAKE,IceCross_Data.xlsx,223,4,-522870.5530857884,1129836.7998795116
2009070,2009070_2014,2009070,TRUE,108,RAF_108,Traversée sur glace,53.954172,-76.512452,2014,2014-04-30,22:00:00,2014-04-30T22:00:00,120,121,2014_1211,OTHER,TRAV,LAKE,IceCross_Data.xlsx,224,5,-521032.7701433447,1132097.969982192
2009070,2009070_2014,2009070,TRUE,109,RAF_109,Traversée sur glace,53.982417,-76.48727,2014,2014-05-01,10:00:00,2014-05-01T10:00:00,121,121,2014_1211,ICE,TRAV,LAKE,IceCross_Data.xlsx,225,1,-519054.46380832576,1135016.1205602554
2009070,2009070_2014,2009070,TRUE,109,RAF_109,Traversée sur glace,54.028885,-76.423094,2014,2014-05-01,12:00:00,2014-05-01T12:00:00,121,121,2014_1211,ICE,TRAV,LAKE,IceCross_Data.xlsx,226,2,-514333.81656432396,1139655.1224554037
2009070,2009070_2014,2009070,TRUE,109,RAF_109,Traversée sur glace,54.083074,-76.389897,2014,2014-05-01,14:00:00,2014-05-01T14:00:00,121,121,2014_1211,OTHER,TRAV,LAKE,IceCross_Data.xlsx,227,3,-511528.7726342548,1145367.926803778
2009070,2009070_2014,2009070,TRUE,110,RAF_110,Traversée sur glace,54.121519,-76.351602,2014,2014-05-02,00:00:00,2014-05-02T00:00:00,122,121,2014_1211,OTHER,TRAV,LAKE,IceCross_Data.xlsx,228,1,-508590.83552503237,1149317.1208852064
2009070,2009070_2014,2009070,TRUE,110,RAF_110,Traversée sur glace,54.164296,-76.330531,2014,2014-05-02,02:00:00,2014-05-02T02:00:00,122,121,2014_1211,ICE,TRAV,LAKE,IceCross_Data.xlsx,229,2,-506715.23598900816,1153865.846291838
2009070,2009070_2014,2009070,TRUE,110,RAF_110,Traversée sur glace,54.176867,-76.320789,2014,2014-05-02,04:00:00,2014-05-02T04:00:00,122,121,2014_1211,OTHER,TRAV,LAKE,IceCross_Data.xlsx,230,3,-505935.83858327585,1155177.641739249
2009071,2009071_2012,2009071,TRUE,111,RAF_111,Traversée à la nage,56.276535,-74.76519,2012,2012-10-26,14:00:00,2012-10-26T14:00:00,300,297,2012_2971,OTHER,TRAV,LAKE,WaterCross_Data.xlsx,68,1,-385290.8404780792,1376550.1449275597
2009071,2009071_2012,2009071,TRUE,111,RAF_111,Traversée à la nage,56.257474,-74.767294,2012,2012-10-26,16:00:00,2012-10-26T16:00:00,300,297,2012_2971,WATER,TRAV,LAKE,WaterCross_Data.xlsx,69,2,-385604.42874093953,1374459.9062794999
2009071,2009071_2012,2009071,TRUE,111,RAF_111,Traversée à la nage,56.241375,-74.773335,2012,2012-10-26,18:00:00,2012-10-26T18:00:00,300,297,2012_2971,WATER,TRAV,LAKE,WaterCross_Data.xlsx,70,3,-386131.15893010003,1372717.5287973275
2009071,2009071_2012,2009071,TRUE,111,RAF_111,Traversée à la nage,56.241168,-74.773803,2012,2012-10-26,20:00:00,2012-10-26T20:00:00,300,297,2012_2971,WATER,TRAV,LAKE,WaterCross_Data.xlsx,71,4,-386161.8970246691,1372697.2322542856
2009071,2009071_2012,2009071,TRUE,111,RAF_111,Traversée à la nage,56.245231,-74.774326,2012,2012-10-26,22:00:00,2012-10-26T22:00:00,300,297,2012_2971,WATER,TRAV,LAKE,WaterCross_Data.xlsx,72,5,-386154.6290954829,1373148.0044304128
2009071,2009071_2012,2009071,TRUE,111,RAF_111,Traversée à la nage,56.245186,-74.77392,2012,2012-10-27,00:00:00,2012-10-27T00:00:00,301,305,2012_3051,OTHER,TRAV,LAKE,WaterCross_Data.xlsx,73,6,-386130.1418966338,1373140.8523224844
2009071,2009071_2012,2009071,TRUE,111,RAF_111,Traversée à la nage,56.245157,-74.775815,2012,2012-10-27,02:00:00,2012-10-27T02:00:00,301,305,2012_3051,OTHER,TRAV,LAKE,WaterCross_Data.xlsx,74,7,-386246.75220297475,1373147.8817946315
2009071,2009071_2012,2009071,TRUE,111,RAF_111,Traversée à la nage,56.245264,-74.773663,2012,2012-10-27,04:00:00,2012-10-27T04:00:00,301,305,2012_3051,OTHER,TRAV,LAKE,WaterCross_Data.xlsx,75,8,-386113.609441671,1373148.0652109578
2009071,2009071_2012,2009071,TRUE,111,RAF_111,Traversée à la nage,56.245286,-74.773425,2012,2012-10-27,06:00:00,2012-10-27T06:00:00,301,305,2012_3051,OTHER,TRAV,LAKE,WaterCross_Data.xlsx,76,9,-386098.7860533078,1373149.2065985324
2009071,2009071_2012,2009071,TRUE,111,RAF_111,Traversée à la nage,56.243993,-74.771359,2012,2012-10-27,08:00:00,2012-10-27T08:00:00,301,305,2012_3051,OTHER,TRAV,LAKE,WaterCross_Data.xlsx,77,10,-385984.4848535676,1372995.5061436156
2009071,2009071_2012,2009071,TRUE,111,RAF_111,Traversée à la nage,56.243924,-74.774414,2012,2012-10-27,10:00:00,2012-10-27T10:00:00,301,305,2012_3051,OTHER,TRAV,LAKE,WaterCross_Data.xlsx,78,11,-386172.6982580106,1373004.3810489895
2009071,2009071_2012,2009071,TRUE,111,RAF_111,Traversée à la nage,56.241035,-74.772473,2012,2012-10-27,12:00:00,2012-10-27T12:00:00,301,305,2012_3051,OTHER,TRAV,LAKE,WaterCross_Data.xlsx,79,12,-386081.5319285244,1372675.3925084386
2009071,2009071_2012,2009071,TRUE,111,RAF_111,Traversée à la nage,56.242142,-74.770894,2012,2012-10-27,14:00:00,2012-10-27T14:00:00,301,305,2012_3051,OTHER,TRAV,LAKE,WaterCross_Data.xlsx,80,13,-385973.8680071335,1372788.9226799593
2009071,2009071_2012,2009071,TRUE,111,RAF_111,Traversée à la nage,56.241993,-74.77093,2012,2012-10-27,16:00:00,2012-10-27T16:00:00,301,305,2012_3051,OTHER,TRAV,LAKE,WaterCross_Data.xlsx,81,14,-385977.5213958982,1372772.689408726
2009071,2009071_2012,2009071,TRUE,111,RAF_111,Traversée à la nage,56.243423,-74.776699,2012,2012-10-27,18:00:00,2012-10-27T18:00:00,301,305,2012_3051,OTHER,TRAV,LAKE,WaterCross_Data.xlsx,82,15,-386317.8301723605,1372961.4786415808
2009071,2009071_2012,2009071,TRUE,111,RAF_111,Traversée à la nage,56.24349,-74.776782,2012,2012-10-27,20:00:00,2012-10-27T20:00:00,301,305,2012_3051,OTHER,TRAV,LAKE,WaterCross_Data.xlsx,83,16,-386322.275954433,1372969.3135173523
2009071,2009071_2012,2009071,TRUE,111,RAF_111,Traversée à la nage,56.245343,-74.773684,2012,2012-10-27,22:00:00,2012-10-27T22:00:00,301,305,2012_3051,OTHER,TRAV,LAKE,WaterCross_Data.xlsx,84,17,-386114.1330198649,1373156.8883757805
2009071,2009071_2012,2009071,TRUE,111,RAF_111,Traversée à la nage,56.245281,-74.773407,2012,2012-10-28,00:00:00,2012-10-28T00:00:00,302,305,2012_3051,OTHER,TRAV,LAKE,WaterCross_Data.xlsx,85,18,-386097.72953118884,1373148.558223665
2009071,2009071_2012,2009071,TRUE,111,RAF_111,Traversée à la nage,56.245258,-74.773616,2012,2012-10-28,02:00:00,2012-10-28T02:00:00,302,305,2012_3051,OTHER,TRAV,LAKE,WaterCross_Data.xlsx,86,19,-386110.7823766157,1373147.1501078662
2009071,2009071_2012,2009071,TRUE,111,RAF_111,Traversée à la nage,56.245238,-74.773828,2012,2012-10-28,04:00:00,2012-10-28T04:00:00,302,305,2012_3051,OTHER,TRAV,LAKE,WaterCross_Data.xlsx,87,20,-386123.9903234029,1373146.0889722512
2009071,2009071_2012,2009071,TRUE,111,RAF_111,Traversée à la nage,56.245265,-74.773872,2012,2012-10-28,06:00:00,2012-10-28T06:00:00,302,305,2012_3051,OTHER,TRAV,LAKE,WaterCross_Data.xlsx,88,21,-386126.42971631273,1373149.3031737623
2009071,2009071_2012,2009071,TRUE,111,RAF_111,Traversée à la nage,56.245343,-74.773664,2012,2012-10-28,08:00:00,2012-10-28T08:00:00,302,305,2012_3051,OTHER,TRAV,LAKE,WaterCross_Data.xlsx,89,22,-386112.9052742605,1373156.780462623
2009071,2009071_2012,2009071,TRUE,111,RAF_111,Traversée à la nage,56.245341,-74.773688,2012,2012-10-28,10:00:00,2012-10-28T10:00:00,302,305,2012_3051,OTHER,TRAV,LAKE,WaterCross_Data.xlsx,90,23,-386114.3979501916,1373156.6894557672
2009071,2009071_2012,2009071,TRUE,111,RAF_111,Traversée à la nage,56.245475,-74.775209,2012,2012-10-28,12:00:00,2012-10-28T12:00:00,302,305,2012_3051,OTHER,TRAV,LAKE,WaterCross_Data.xlsx,91,24,-386206.4690641181,1373179.670915866
2009071,2009071_2012,2009071,TRUE,111,RAF_111,Traversée à la nage,56.253826,-74.79284,2012,2012-10-28,14:00:00,2012-10-28T14:00:00,302,305,2012_3051,OTHER,TRAV,LAKE,WaterCross_Data.xlsx,92,25,-387207.59779681754,1374195.649740822
2009071,2009071_2012,2009071,TRUE,111,RAF_111,Traversée à la nage,56.267169,-74.801502,2012,2012-10-28,16:00:00,2012-10-28T16:00:00,302,305,2012_3051,OTHER,TRAV,LAKE,WaterCross_Data.xlsx,93,26,-387609.3301035212,1375713.610023518
2009071,2009071_2012,2009071,TRUE,112,RAF_112,Contournement,56.27237,-74.795892,2012,2012-10-28,18:01:00,2012-10-28T18:01:00,302,305,2012_3051,OTHER,CONT,LAKE,Detour_Data.xlsx,364,1,-387214.56655875745,1376256.6540188692
2009071,2009071_2012,2009071,TRUE,112,RAF_112,Contournement,56.283265,-74.802838,2012,2012-10-28,20:00:00,2012-10-28T20:00:00,302,305,2012_3051,OTHER,CONT,LAKE,Detour_Data.xlsx,365,2,-387534.5875640326,1377495.449254268
2009071,2009071_2012,2009071,TRUE,112,RAF_112,Contournement,56.301474,-74.787414,2012,2012-10-28,22:00:00,2012-10-28T22:00:00,302,305,2012_3051,OTHER,CONT,LAKE,Detour_Data.xlsx,366,3,-386411.825575188,1379419.6622183747
2009071,2009071_2012,2009071,TRUE,112,RAF_112,Contournement,56.305888,-74.79688,2012,2012-10-29,00:00:00,2012-10-29T00:00:00,303,305,2012_3051,OTHER,CONT,LAKE,Detour_Data.xlsx,367,4,-386949.15084528056,1379957.4831577097
2009071,2009071_2012,2009071,TRUE,112,RAF_112,Contournement,56.307057,-74.792186,2012,2012-10-29,02:00:00,2012-10-29T02:00:00,303,305,2012_3051,OTHER,CONT,LAKE,Detour_Data.xlsx,368,5,-386650.081788018,1380061.0004066827
2009071,2009071_2012,2009071,TRUE,112,RAF_112,Contournement,56.310005,-74.782935,2012,2012-10-29,04:00:00,2012-10-29T04:00:00,303,305,2012_3051,OTHER,CONT,LAKE,Detour_Data.xlsx,369,6,-386054.4654153836,1380336.093081825
2009071,2009071_2012,2009071,TRUE,112,RAF_112,Contournement,56.312301,-74.786328,2012,2012-10-29,06:00:00,2012-10-29T06:00:00,303,305,2012_3051,OTHER,CONT,LAKE,Detour_Data.xlsx,370,7,-386240.1156106215,1380607.554780612
2009071,2009071_2012,2009071,TRUE,112,RAF_112,Contournement,56.31221,-74.785226,2012,2012-10-29,08:00:00,2012-10-29T08:00:00,303,305,2012_3051,OTHER,CONT,LAKE,Detour_Data.xlsx,371,8,-386173.4650504801,1380591.573842332
2009071,2009071_2012,2009071,TRUE,112,RAF_112,Contournement,56.312737,-74.785049,2012,2012-10-29,10:00:00,2012-10-29T10:00:00,303,305,2012_3051,OTHER,CONT,LAKE,Detour_Data.xlsx,372,9,-386157.5013263053,1380648.7247605051
2009071,2009071_2012,2009071,TRUE,112,RAF_112,Contournement,56.330059,-74.788035,2012,2012-10-29,12:00:00,2012-10-29T12:00:00,303,305,2012_3051,OTHER,CONT,LAKE,Detour_Data.xlsx,373,10,-386172.23267513845,1382574.7474123042
2009071,2009071_2012,2009071,TRUE,112,RAF_112,Contournement,56.361423,-74.763142,2012,2012-10-29,14:00:00,2012-10-29T14:00:00,303,305,2012_3051,OTHER,CONT,LAKE,Detour_Data.xlsx,374,11,-384343.9105553821,1385899.0429553823
2009071,2009071_2012,2009071,TRUE,112,RAF_112,Contournement,56.382622,-74.73197,2012,2012-10-29,16:00:00,2012-10-29T16:00:00,303,305,2012_3051,OTHER,CONT,LAKE,Detour_Data.xlsx,375,12,-382231.76222381496,1388069.7133487228
2009071,2009071_2012,2009071,TRUE,112,RAF_112,Contournement,56.383398,-74.705155,2012,2012-10-29,18:00:00,2012-10-29T18:00:00,303,305,2012_3051,OTHER,CONT,LAKE,Detour_Data.xlsx,376,13,-380583.7845191261,1388012.36647003
2009071,2009071_2012,2009071,TRUE,112,RAF_112,Contournement,56.357088,-74.463406,2012,2012-10-29,22:00:00,2012-10-29T22:00:00,303,305,2012_3051,OTHER,CONT,LAKE,Detour_Data.xlsx,377,14,-366033.92806475604,1383849.4304967097
2009071,2009071_2012,2009071,TRUE,112,RAF_112,Contournement,56.343284,-74.409065,2012,2012-10-30,00:00:00,2012-10-30T00:00:00,304,305,2012_3051,OTHER,CONT,LAKE,Detour_Data.xlsx,378,15,-362832.1242240103,1382049.982530116
2009071,2009071_2012,2009071,TRUE,112,RAF_112,Contournement,56.341531,-74.406459,2012,2012-10-30,02:00:00,2012-10-30T02:00:00,304,305,2012_3051,OTHER,CONT,LAKE,Detour_Data.xlsx,379,16,-362688.46995918424,1381843.3955072288
2009071,2009071_2012,2009071,TRUE,112,RAF_112,Contournement,56.320747,-74.352772,2012,2012-10-30,04:00:00,2012-10-30T04:00:00,304,305,2012_3051,OTHER,CONT,LAKE,Detour_Data.xlsx,380,17,-359587.13239698415,1379279.693631639
2009071,2009071_2012,2009071,TRUE,112,RAF_112,Contournement,56.297215,-74.255527,2012,2012-10-30,06:00:00,2012-10-30T06:00:00,304,305,2012_3051,OTHER,CONT,LAKE,Detour_Data.xlsx,381,18,-353834.7792052103,1376198.8852787155
2009071,2009071_2012,2009071,TRUE,112,RAF_112,Contournement,56.290648,-74.252982,2012,2012-10-30,08:00:00,2012-10-30T08:00:00,304,305,2012_3051,OTHER,CONT,LAKE,Detour_Data.xlsx,382,19,-353737.0279944196,1375461.7996746404
2009071,2009071_2012,2009071,TRUE,112,RAF_112,Contournement,56.299046,-74.261951,2012,2012-10-30,10:00:00,2012-10-30T10:00:00,304,305,2012_3051,OTHER,CONT,LAKE,Detour_Data.xlsx,383,20,-354212.5561523052,1376432.671026849
2009071,2009071_2012,2009071,TRUE,112,RAF_112,Contournement,56.294871,-74.265329,2012,2012-10-30,12:00:00,2012-10-30T12:00:00,304,305,2012_3051,OTHER,CONT,LAKE,Detour_Data.xlsx,384,21,-354456.9568703554,1375988.7944168898
2009071,2009071_2012,2009071,TRUE,112,RAF_112,Contournement,56.268682,-74.259366,2012,2012-10-30,14:01:00,2012-10-30T14:01:00,304,305,2012_3051,OTHER,CONT,LAKE,Detour_Data.xlsx,385,22,-354324.177409573,1373070.0321004486
2009071,2009071_2012,2009071,TRUE,112,RAF_112,Contournement,56.23405,-74.229166,2012,2012-10-30,16:00:00,2012-10-30T16:00:00,304,305,2012_3051,OTHER,CONT,LAKE,Detour_Data.xlsx,386,23,-352776.75706497044,1369100.1965792032
2009071,2009071_2012,2009071,TRUE,112,RAF_112,Contournement,56.19652,-74.213114,2012,2012-10-30,18:00:00,2012-10-30T18:00:00,304,305,2012_3051,OTHER,CONT,LAKE,Detour_Data.xlsx,387,24,-352121.70259633125,1364880.8586494005
2009071,2009071_2012,2009071,TRUE,112,RAF_112,Contournement,56.142274,-74.208862,2012,2012-10-30,20:00:00,2012-10-30T20:00:00,304,305,2012_3051,OTHER,CONT,LAKE,Detour_Data.xlsx,388,25,-352338.6058607312,1358875.7928481868
2009071,2009071_2012,2009071,TRUE,112,RAF_112,Contournement,56.134001,-74.174773,2012,2012-10-30,22:00:00,2012-10-30T22:00:00,304,305,2012_3051,OTHER,CONT,LAKE,Detour_Data.xlsx,389,26,-350311.6571348772,1357795.809802467
2009071,2009071_2012,2009071,TRUE,112,RAF_112,Contournement,56.153593,-74.164356,2012,2012-10-31,00:00:00,2012-10-31T00:00:00,305,305,2012_3051,OTHER,CONT,LAKE,Detour_Data.xlsx,390,27,-349498.5064076923,1359906.2005879525
2009071,2009071_2012,2009071,TRUE,112,RAF_112,Contournement,56.151672,-74.144952,2012,2012-10-31,02:00:00,2012-10-31T02:00:00,305,305,2012_3051,OTHER,CONT,LAKE,Detour_Data.xlsx,391,28,-348320.4941782405,1359599.6672688392
2009071,2009071_2012,2009071,TRUE,112,RAF_112,Contournement,56.151762,-74.139802,2012,2012-10-31,04:00:00,2012-10-31T04:00:00,305,305,2012_3051,OTHER,CONT,LAKE,Detour_Data.xlsx,392,29,-348002.58896330866,1359584.5398366514
2009071,2009071_2012,2009071,TRUE,112,RAF_112,Contournement,56.148253,-74.086531,2012,2012-10-31,06:01:00,2012-10-31T06:01:00,305,305,2012_3051,OTHER,CONT,LAKE,Detour_Data.xlsx,393,30,-344752.5121628862,1358939.5597719597
2009071,2009071_2012,2009071,TRUE,112,RAF_112,Contournement,56.1448,-74.063383,2012,2012-10-31,08:00:00,2012-10-31T08:00:00,305,305,2012_3051,OTHER,CONT,LAKE,Detour_Data.xlsx,394,31,-343356.5804397289,1358447.3015203685
2009071,2009071_2012,2009071,TRUE,112,RAF_112,Contournement,56.144224,-74.064448,2012,2012-10-31,10:00:00,2012-10-31T10:00:00,305,305,2012_3051,OTHER,CONT,LAKE,Detour_Data.xlsx,395,32,-343427.12833811133,1358388.8621889213
2009071,2009071_2012,2009071,TRUE,112,RAF_112,Contournement,56.144588,-74.073,2012,2012-10-31,12:00:00,2012-10-31T12:00:00,305,305,2012_3051,OTHER,CONT,LAKE,Detour_Data.xlsx,396,33,-343950.7408818849,1358470.0955662418
2009071,2009071_2012,2009071,TRUE,112,RAF_112,Contournement,56.151393,-74.093018,2012,2012-10-31,14:00:00,2012-10-31T14:00:00,305,305,2012_3051,OTHER,CONT,LAKE,Detour_Data.xlsx,397,34,-345124.8874605024,1359317.2563031362
2009071,2009071_2012,2009071,TRUE,113,RAF_113,Traversée à la nage,56.133688,-74.256607,2012,2012-10-31,18:00:00,2012-10-31T18:00:00,305,305,2012_3051,OTHER,TRAV,LAKE,WaterCross_Data.xlsx,94,1,-355355.34347242396,1358164.7730346257
2009071,2009071_2012,2009071,TRUE,113,RAF_113,Traversée à la nage,56.088041,-74.328952,2012,2012-10-31,20:00:00,2012-10-31T20:00:00,305,305,2012_3051,WATER,TRAV,LAKE,WaterCross_Data.xlsx,95,2,-360222.3808507376,1353491.7317651894
2009071,2009071_2012,2009071,TRUE,113,RAF_113,Traversée à la nage,56.025363,-74.390111,2012,2012-10-31,22:00:00,2012-10-31T22:00:00,305,305,2012_3051,OTHER,TRAV,LAKE,WaterCross_Data.xlsx,96,3,-364563.6607816229,1346889.147090227
2009071,2009071_2013,2009071,TRUE,114,RAF_114,Contournement,55.029934,-73.545658,2013,2013-01-10,02:00:00,2013-01-10T02:00:00,10,9,2013_0091,OTHER,CONT,LAKE,Detour_Data.xlsx,398,1,-320146.94143966434,1233076.300593403
2009071,2009071_2013,2009071,TRUE,114,RAF_114,Contournement,55.029908,-73.530718,2013,2013-01-10,09:00:00,2013-01-10T09:00:00,10,9,2013_0091,OTHER,CONT,LAKE,Detour_Data.xlsx,399,2,-319200.7649896245,1233006.6932401918
2009071,2009071_2013,2009071,TRUE,114,RAF_114,Contournement,55.024954,-73.496682,2013,2013-01-10,16:01:00,2013-01-10T16:01:00,10,9,2013_0091,OTHER,CONT,LAKE,Detour_Data.xlsx,400,3,-317082.90211177984,1232309.0492823108
2009071,2009071_2013,2009071,TRUE,114,RAF_114,Contournement,55.064625,-73.399005,2013,2013-01-10,23:00:00,2013-01-10T23:00:00,10,9,2013_0091,OTHER,CONT,LAKE,Detour_Data.xlsx,401,4,-310594.2180468273,1236255.9219689427
2009071,2009071_2013,2009071,TRUE,114,RAF_114,Contournement,55.063693,-73.376297,2013,2013-01-11,06:00:00,2013-01-11T06:00:00,11,9,2013_0091,OTHER,CONT,LAKE,Detour_Data.xlsx,402,5,-309163.7933452209,1236054.7925008365
2009071,2009071_2013,2009071,TRUE,114,RAF_114,Contournement,55.067836,-73.340942,2013,2013-01-11,13:00:00,2013-01-11T13:00:00,11,9,2013_0091,OTHER,CONT,LAKE,Detour_Data.xlsx,403,6,-306894.71044760325,1236359.5783957331
2009071,2009071_2013,2009071,TRUE,114,RAF_114,Contournement,55.071351,-73.332704,2013,2013-01-11,20:00:00,2013-01-11T20:00:00,11,9,2013_0091,OTHER,CONT,LAKE,Detour_Data.xlsx,404,7,-306347.02833572536,1236711.992185604
2009071,2009071_2013,2009071,TRUE,114,RAF_114,Contournement,55.073261,-73.330352,2013,2013-01-12,03:00:00,2013-01-12T03:00:00,12,9,2013_0091,OTHER,CONT,LAKE,Detour_Data.xlsx,405,8,-306183.91808469733,1236912.6045713294
2009071,2009071_2013,2009071,TRUE,114,RAF_114,Contournement,55.074476,-73.328883,2013,2013-01-12,10:00:00,2013-01-12T10:00:00,12,9,2013_0091,OTHER,CONT,LAKE,Detour_Data.xlsx,406,9,-306081.88591119664,1237040.3386495213
2009071,2009071_2013,2009071,TRUE,114,RAF_114,Contournement,55.095983,-73.270308,2013,2013-01-12,17:00:00,2013-01-12T17:00:00,12,9,2013_0091,OTHER,CONT,LAKE,Detour_Data.xlsx,407,10,-302216.220955663,1239163.7588337152
2009080,2009080_2012,2009080,TRUE,115,RAF_115,Contournement,55.247917,-72.582624,2012,2012-11-02,20:00:00,2012-11-02T20:00:00,307,305,2012_3051,OTHER,CONT,LAKE,Detour_Data.xlsx,408,1,-257742.37368408166,1253239.5547843787
2009080,2009080_2012,2009080,TRUE,115,RAF_115,Contournement,55.228458,-72.637974,2012,2012-11-02,22:00:00,2012-11-02T22:00:00,307,305,2012_3051,OTHER,CONT,LAKE,Detour_Data.xlsx,409,2,-261357.18060253724,1251292.2956329735
2009080,2009080_2012,2009080,TRUE,115,RAF_115,Contournement,55.229117,-72.639384,2012,2012-11-03,00:00:00,2012-11-03T00:00:00,308,305,2012_3051,OTHER,CONT,LAKE,Detour_Data.xlsx,410,3,-261441.92531643726,1251370.1887963628
2009080,2009080_2012,2009080,TRUE,115,RAF_115,Contournement,55.225192,-72.647016,2012,2012-11-03,02:00:00,2012-11-03T02:00:00,308,305,2012_3051,OTHER,CONT,LAKE,Detour_Data.xlsx,411,4,-261948.55602327062,1250964.8466053235
2009080,2009080_2012,2009080,TRUE,115,RAF_115,Contournement,55.223012,-72.669452,2012,2012-11-03,04:00:00,2012-11-03T04:00:00,308,305,2012_3051,OTHER,CONT,LAKE,Detour_Data.xlsx,412,5,-263378.17476248695,1250806.5676879776
2009080,2009080_2012,2009080,TRUE,115,RAF_115,Contournement,55.222481,-72.671039,2012,2012-11-03,06:00:00,2012-11-03T06:00:00,308,305,2012_3051,OTHER,CONT,LAKE,Detour_Data.xlsx,413,6,-263481.72988643876,1250753.7980569971
2009080,2009080_2012,2009080,TRUE,115,RAF_115,Contournement,55.218795,-72.694392,2012,2012-11-03,08:00:00,2012-11-03T08:00:00,308,305,2012_3051,OTHER,CONT,LAKE,Detour_Data.xlsx,414,7,-264979.1125539327,1250433.171612691
2009080,2009080_2012,2009080,TRUE,115,RAF_115,Contournement,55.219047,-72.696731,2012,2012-11-03,10:00:00,2012-11-03T10:00:00,308,305,2012_3051,OTHER,CONT,LAKE,Detour_Data.xlsx,415,8,-265125.07546340843,1250469.6501543962
2009080,2009080_2012,2009080,TRUE,115,RAF_115,Contournement,55.216232,-72.736938,2012,2012-11-03,12:00:00,2012-11-03T12:00:00,308,305,2012_3051,OTHER,CONT,LAKE,Detour_Data.xlsx,416,9,-267680.5829242442,1250308.625771047
2009080,2009080_2012,2009080,TRUE,115,RAF_115,Contournement,55.205634,-72.848742,2012,2012-11-03,14:00:00,2012-11-03T14:00:00,308,305,2012_3051,OTHER,CONT,LAKE,Detour_Data.xlsx,417,10,-274806.6986200158,1249562.733902687
2009080,2009080_2012,2009080,TRUE,115,RAF_115,Contournement,55.199137,-72.935343,2012,2012-11-03,16:00:00,2012-11-03T16:00:00,308,305,2012_3051,OTHER,CONT,LAKE,Detour_Data.xlsx,418,11,-280316.7629492169,1249181.6413164637
2009080,2009080_2012,2009080,TRUE,115,RAF_115,Contournement,55.190675,-73.025973,2012,2012-11-03,18:00:00,2012-11-03T18:00:00,308,305,2012_3051,OTHER,CONT,LAKE,Detour_Data.xlsx,419,12,-286096.2138446778,1248606.549508139
2009080,2009080_2012,2009080,TRUE,115,RAF_115,Contournement,55.188234,-73.099125,2012,2012-11-03,20:00:00,2012-11-03T20:00:00,308,305,2012_3051,OTHER,CONT,LAKE,Detour_Data.xlsx,420,13,-290731.32061430666,1248632.0392597562
2009080,2009080_2012,2009080,TRUE,115,RAF_115,Contournement,55.174406,-73.210617,2012,2012-11-03,22:00:00,2012-11-03T22:00:00,308,305,2012_3051,OTHER,CONT,LAKE,Detour_Data.xlsx,421,14,-297869.7373179699,1247564.9188786303
2009080,2009080_2012,2009080,TRUE,116,RAF_116,Traversée sur glace,54.98482,-72.846043,2012,2012-12-08,00:00:00,2012-12-08T00:00:00,343,345,2012_3451,OTHER,TRAV,LAKE,IceCross_Data.xlsx,231,1,-276118.0803249473,1225184.8951791977
2009080,2009080_2012,2009080,TRUE,116,RAF_116,Traversée sur glace,54.99069,-72.858482,2012,2012-12-08,02:00:00,2012-12-08T02:00:00,343,345,2012_3451,OTHER,TRAV,LAKE,IceCross_Data.xlsx,232,2,-276867.895024256,1225880.6733631736
2009080,2009080_2012,2009080,TRUE,116,RAF_116,Traversée sur glace,55.022057,-72.947761,2012,2012-12-08,04:00:00,2012-12-08T04:00:00,343,345,2012_3451,ICE,TRAV,LAKE,IceCross_Data.xlsx,233,3,-282316.6286586868,1229690.537593846
2009080,2009080_2012,2009080,TRUE,117,RAF_117,Traversée sur glace,55.029277,-72.959234,2012,2012-12-08,10:00:00,2012-12-08T10:00:00,343,345,2012_3451,OTHER,TRAV,LAKE,IceCross_Data.xlsx,234,1,-282994.2168537342,1230532.4877025108
2009080,2009080_2012,2009080,TRUE,117,RAF_117,Traversée sur glace,55.082515,-73.092041,2012,2012-12-08,20:01:00,2012-12-08T20:01:00,343,345,2012_3451,ICE,TRAV,LAKE,IceCross_Data.xlsx,235,2,-291033.65376898966,1236939.0329039905
2009080,2009080_2012,2009080,TRUE,117,RAF_117,Traversée sur glace,55.086126,-73.208426,2012,2012-12-08,22:00:00,2012-12-08T22:00:00,343,345,2012_3451,OTHER,TRAV,LAKE,IceCross_Data.xlsx,236,3,-298373.1200814463,1237816.712049847
2009094,2009094_2009,2009094,TRUE,118,RAF_118,Contournement,54.302343,-72.664821,2009,2009-11-07,13:00:00,2009-11-07T13:00:00,311,313,2009_3131,OTHER,CONT,LAKE,Detour_Data.xlsx,422,1,-269005.29805771104,1149198.4026455672
2009094,2009094_2009,2009094,TRUE,118,RAF_118,Contournement,54.280656,-72.688149,2009,2009-11-07,14:00:00,2009-11-07T14:00:00,311,313,2009_3131,OTHER,CONT,LAKE,Detour_Data.xlsx,423,2,-270650.509070153,1146894.0156915267
2009094,2009094_2009,2009094,TRUE,118,RAF_118,Contournement,54.274927,-72.686583,2009,2009-11-07,15:00:00,2009-11-07T15:00:00,311,313,2009_3131,OTHER,CONT,LAKE,Detour_Data.xlsx,424,3,-270586.4404338385,1146256.1228339316
2009094,2009094_2009,2009094,TRUE,118,RAF_118,Contournement,54.274722,-72.686665,2009,2009-11-07,16:00:00,2009-11-07T16:00:00,311,313,2009_3131,OTHER,CONT,LAKE,Detour_Data.xlsx,425,4,-270593.0587342159,1146233.819200878
2009094,2009094_2009,2009094,TRUE,118,RAF_118,Contournement,54.273973,-72.685723,2009,2009-11-07,17:00:00,2009-11-07T17:00:00,311,313,2009_3131,OTHER,CONT,LAKE,Detour_Data.xlsx,426,5,-270537.0830589104,1146147.634799272
2009094,2009094_2009,2009094,TRUE,118,RAF_118,Contournement,54.273235,-72.68565,2009,2009-11-07,18:00:00,2009-11-07T18:00:00,311,313,2009_3131,OTHER,CONT,LAKE,Detour_Data.xlsx,427,6,-270537.1373970183,1146065.9494877665
2009094,2009094_2009,2009094,TRUE,118,RAF_118,Contournement,54.273238,-72.685621,2009,2009-11-07,19:00:00,2009-11-07T19:00:00,311,313,2009_3131,OTHER,CONT,LAKE,Detour_Data.xlsx,428,7,-270535.2457576919,1146066.1707840625
2009094,2009094_2009,2009094,TRUE,118,RAF_118,Contournement,54.27313,-72.685515,2009,2009-11-07,20:00:00,2009-11-07T20:00:00,311,313,2009_3131,OTHER,CONT,LAKE,Detour_Data.xlsx,429,8,-270529.0999367839,1146053.85649269
2009094,2009094_2009,2009094,TRUE,118,RAF_118,Contournement,54.272843,-72.68314,2009,2009-11-07,21:00:00,2009-11-07T21:00:00,311,313,2009_3131,OTHER,CONT,LAKE,Detour_Data.xlsx,430,9,-270377.62049162335,1146013.2212304734
2009094,2009094_2009,2009094,TRUE,118,RAF_118,Contournement,54.272646,-72.682786,2009,2009-11-07,22:00:00,2009-11-07T22:00:00,311,313,2009_3131,OTHER,CONT,LAKE,Detour_Data.xlsx,431,10,-270356.0374070724,1145990.152498206
2009094,2009094_2009,2009094,TRUE,118,RAF_118,Contournement,54.272831,-72.682827,2009,2009-11-07,23:00:00,2009-11-07T23:00:00,311,313,2009_3131,OTHER,CONT,LAKE,Detour_Data.xlsx,432,11,-270357.4902186913,1146010.71492515
2009094,2009094_2009,2009094,TRUE,118,RAF_118,Contournement,54.272807,-72.682733,2009,2009-11-08,00:00:00,2009-11-08T00:00:00,312,313,2009_3131,OTHER,CONT,LAKE,Detour_Data.xlsx,433,12,-270351.5763615097,1146007.71232909
2009094,2009094_2009,2009094,TRUE,118,RAF_118,Contournement,54.272981,-72.682607,2009,2009-11-08,01:00:00,2009-11-08T01:00:00,312,313,2009_3131,OTHER,CONT,LAKE,Detour_Data.xlsx,434,13,-270342.31845461804,1146026.4304236085
2009094,2009094_2009,2009094,TRUE,118,RAF_118,Contournement,54.272975,-72.682615,2009,2009-11-08,02:00:00,2009-11-08T02:00:00,312,313,2009_3131,OTHER,CONT,LAKE,Detour_Data.xlsx,435,14,-270342.8736742596,1146025.7987804154
2009094,2009094_2009,2009094,TRUE,118,RAF_118,Contournement,54.272989,-72.68264,2009,2009-11-08,03:00:00,2009-11-08T03:00:00,312,313,2009_3131,OTHER,CONT,LAKE,Detour_Data.xlsx,436,15,-270344.39733660576,1146027.4375806765
2009094,2009094_2009,2009094,TRUE,118,RAF_118,Contournement,54.272898,-72.682904,2009,2009-11-08,04:00:00,2009-11-08T04:00:00,312,313,2009_3131,OTHER,CONT,LAKE,Detour_Data.xlsx,437,16,-270362.02894313657,1146018.3966718197
2009094,2009094_2009,2009094,TRUE,118,RAF_118,Contournement,54.272846,-72.681069,2009,2009-11-08,05:00:00,2009-11-08T05:00:00,312,313,2009_3131,OTHER,CONT,LAKE,Detour_Data.xlsx,438,17,-270243.8942612887,1146005.7291726626
2009094,2009094_2009,2009094,TRUE,118,RAF_118,Contournement,54.272746,-72.681269,2009,2009-11-08,06:00:00,2009-11-08T06:00:00,312,313,2009_3131,OTHER,CONT,LAKE,Detour_Data.xlsx,439,18,-270257.4518555208,1145995.4533733912
2009094,2009094_2009,2009094,TRUE,118,RAF_118,Contournement,54.271125,-72.677597,2009,2009-11-08,07:00:00,2009-11-08T07:00:00,312,313,2009_3131,OTHER,CONT,LAKE,Detour_Data.xlsx,440,19,-270030.8318343671,1145802.776833393
2009094,2009094_2009,2009094,TRUE,118,RAF_118,Contournement,54.271205,-72.677581,2009,2009-11-08,08:00:00,2009-11-08T08:00:00,312,313,2009_3131,OTHER,CONT,LAKE,Detour_Data.xlsx,441,20,-270029.2830316193,1145811.5413651515
2009094,2009094_2009,2009094,TRUE,118,RAF_118,Contournement,54.271065,-72.677624,2009,2009-11-08,09:01:00,2009-11-08T09:01:00,312,313,2009_3131,OTHER,CONT,LAKE,Detour_Data.xlsx,442,21,-270032.9619062031,1145796.2600377456
2009094,2009094_2009,2009094,TRUE,118,RAF_118,Contournement,54.271186,-72.677618,2009,2009-11-08,10:00:00,2009-11-08T10:00:00,312,313,2009_3131,OTHER,CONT,LAKE,Detour_Data.xlsx,443,22,-270031.79440650647,1145809.585068473
2009094,2009094_2009,2009094,TRUE,118,RAF_118,Contournement,54.270917,-72.677469,2009,2009-11-08,11:00:00,2009-11-08T11:00:00,312,313,2009_3131,OTHER,CONT,LAKE,Detour_Data.xlsx,444,23,-270023.90856465435,1145779.349074827
2009094,2009094_2009,2009094,TRUE,118,RAF_118,Contournement,54.269646,-72.675226,2009,2009-11-08,12:00:00,2009-11-08T12:00:00,312,313,2009_3131,OTHER,CONT,LAKE,Detour_Data.xlsx,445,24,-269887.27949097706,1145630.681707731
2009094,2009094_2009,2009094,TRUE,118,RAF_118,Contournement,54.269502,-72.675045,2009,2009-11-08,13:00:00,2009-11-08T13:00:00,312,313,2009_3131,OTHER,CONT,LAKE,Detour_Data.xlsx,446,25,-269876.5207272413,1145614.1142309755
2009094,2009094_2009,2009094,TRUE,118,RAF_118,Contournement,54.268904,-72.674248,2009,2009-11-08,14:00:00,2009-11-08T14:00:00,312,313,2009_3131,OTHER,CONT,LAKE,Detour_Data.xlsx,447,26,-269828.9131144439,1145545.142469819
2009094,2009094_2009,2009094,TRUE,118,RAF_118,Contournement,54.269261,-72.674222,2009,2009-11-08,15:00:00,2009-11-08T15:00:00,312,313,2009_3131,OTHER,CONT,LAKE,Detour_Data.xlsx,448,27,-269824.9345627783,1145584.42564934
2009094,2009094_2009,2009094,TRUE,118,RAF_118,Contournement,54.269134,-72.674534,2009,2009-11-08,16:00:00,2009-11-08T16:00:00,312,313,2009_3131,OTHER,CONT,LAKE,Detour_Data.xlsx,449,28,-269845.8977931761,1145571.592561557
2009094,2009094_2009,2009094,TRUE,118,RAF_118,Contournement,54.26936,-72.674396,2009,2009-11-08,17:00:00,2009-11-08T17:00:00,312,313,2009_3131,OTHER,CONT,LAKE,Detour_Data.xlsx,450,29,-269835.53151478636,1145596.0025901655
2009094,2009094_2009,2009094,TRUE,118,RAF_118,Contournement,54.269741,-72.674178,2009,2009-11-08,18:00:00,2009-11-08T18:00:00,312,313,2009_3131,OTHER,CONT,LAKE,Detour_Data.xlsx,451,30,-269819.00148081005,1145637.209291139
2009094,2009094_2009,2009094,TRUE,118,RAF_118,Contournement,54.26976,-72.674187,2009,2009-11-08,19:00:00,2009-11-08T19:00:00,312,313,2009_3131,OTHER,CONT,LAKE,Detour_Data.xlsx,452,31,-269819.460184654,1145639.3391457514
2009094,2009094_2009,2009094,TRUE,118,RAF_118,Contournement,54.269678999999996,-72.674201,2009,2009-11-08,20:00:00,2009-11-08T20:00:00,312,313,2009_3131,OTHER,CONT,LAKE,Detour_Data.xlsx,453,32,-269820.88591532817,1145630.4566963105
2009094,2009094_2009,2009094,TRUE,118,RAF_118,Contournement,54.268535,-72.674702,2009,2009-11-08,21:00:00,2009-11-08T21:00:00,312,313,2009_3131,OTHER,CONT,LAKE,Detour_Data.xlsx,454,33,-269860.6043363894,1145506.1495128854
2009094,2009094_2009,2009094,TRUE,118,RAF_118,Contournement,54.259813,-72.671883,2009,2009-11-08,22:01:00,2009-11-08T22:01:00,312,313,2009_3131,OTHER,CONT,LAKE,Detour_Data.xlsx,455,34,-269734.740721376,1144533.385686171
2009094,2009094_2009,2009094,TRUE,118,RAF_118,Contournement,54.259836,-72.671912,2009,2009-11-08,23:00:00,2009-11-08T23:00:00,312,313,2009_3131,OTHER,CONT,LAKE,Detour_Data.xlsx,456,35,-269736.46552029706,1144536.0321559822
2009094,2009094_2009,2009094,TRUE,118,RAF_118,Contournement,54.259738,-72.671913,2009,2009-11-09,00:00:00,2009-11-09T00:00:00,313,313,2009_3131,OTHER,CONT,LAKE,Detour_Data.xlsx,457,36,-269737.1610638896,1144525.2254248646
2009094,2009094_2009,2009094,TRUE,118,RAF_118,Contournement,54.259795,-72.670811,2009,2009-11-09,01:00:00,2009-11-09T01:00:00,313,313,2009_3131,OTHER,CONT,LAKE,Detour_Data.xlsx,458,37,-269665.62451023783,1144527.3598593106
2009094,2009094_2009,2009094,TRUE,118,RAF_118,Contournement,54.259049,-72.669104,2009,2009-11-09,02:00:00,2009-11-09T02:00:00,313,313,2009_3131,OTHER,CONT,LAKE,Detour_Data.xlsx,459,38,-269560.1823996661,1144438.6361943353
2009094,2009094_2009,2009094,TRUE,118,RAF_118,Contournement,54.259126,-72.669044,2009,2009-11-09,03:00:00,2009-11-09T03:00:00,313,313,2009_3131,OTHER,CONT,LAKE,Detour_Data.xlsx,460,39,-269555.8119776967,1144446.9041630165
2009094,2009094_2009,2009094,TRUE,118,RAF_118,Contournement,54.259095,-72.669055,2009,2009-11-09,04:00:00,2009-11-09T04:00:00,313,313,2009_3131,OTHER,CONT,LAKE,Detour_Data.xlsx,461,40,-269556.72184761567,1144443.5259434613
2009094,2009094_2009,2009094,TRUE,118,RAF_118,Contournement,54.259159,-72.668902,2009,2009-11-09,05:00:00,2009-11-09T05:00:00,313,313,2009_3131,OTHER,CONT,LAKE,Detour_Data.xlsx,462,41,-269546.428829995,1144450.0095580472
2009094,2009094_2009,2009094,TRUE,118,RAF_118,Contournement,54.258021,-72.666948,2009,2009-11-09,06:00:00,2009-11-09T06:00:00,313,313,2009_3131,OTHER,CONT,LAKE,Detour_Data.xlsx,463,42,-269427.5511401019,1144317.1165033306
2009094,2009094_2009,2009094,TRUE,118,RAF_118,Contournement,54.258055,-72.667013,2009,2009-11-09,07:00:00,2009-11-09T07:00:00,313,313,2009_3131,OTHER,CONT,LAKE,Detour_Data.xlsx,464,43,-269431.53052674845,1144321.1118273924
2009094,2009094_2009,2009094,TRUE,118,RAF_118,Contournement,54.258106,-72.667058,2009,2009-11-09,08:00:00,2009-11-09T08:00:00,313,313,2009_3131,OTHER,CONT,LAKE,Detour_Data.xlsx,465,44,-269434.10888039006,1144326.9071485312
2009094,2009094_2009,2009094,TRUE,118,RAF_118,Contournement,54.257752,-72.666383,2009,2009-11-09,09:00:00,2009-11-09T09:00:00,313,313,2009_3131,OTHER,CONT,LAKE,Detour_Data.xlsx,466,45,-269392.79015204293,1144285.3155643595
2009094,2009094_2009,2009094,TRUE,118,RAF_118,Contournement,54.257743,-72.666364,2009,2009-11-09,10:01:00,2009-11-09T10:01:00,313,313,2009_3131,OTHER,CONT,LAKE,Detour_Data.xlsx,467,46,-269391.62089413794,1144284.2512331398
2009094,2009094_2009,2009094,TRUE,118,RAF_118,Contournement,54.257814,-72.666083,2009,2009-11-09,11:00:00,2009-11-09T11:00:00,313,313,2009_3131,OTHER,CONT,LAKE,Detour_Data.xlsx,468,47,-269373.01584917284,1144291.0255559515
2009094,2009094_2009,2009094,TRUE,118,RAF_118,Contournement,54.255713,-72.662713,2009,2009-11-09,12:01:00,2009-11-09T12:01:00,313,313,2009_3131,OTHER,CONT,LAKE,Detour_Data.xlsx,469,48,-269168.8595911009,1144046.5797278783
2009094,2009094_2009,2009094,TRUE,118,RAF_118,Contournement,54.254333,-72.660503,2009,2009-11-09,13:00:00,2009-11-09T13:00:00,313,313,2009_3131,OTHER,CONT,LAKE,Detour_Data.xlsx,470,49,-269034.97860048944,1143886.0385952853
2009094,2009094_2009,2009094,TRUE,118,RAF_118,Contournement,54.252575,-72.657475,2009,2009-11-09,14:00:00,2009-11-09T14:00:00,313,313,2009_3131,OTHER,CONT,LAKE,Detour_Data.xlsx,471,50,-268850.67579863674,1143680.7299416768
2009094,2009094_2009,2009094,TRUE,118,RAF_118,Contournement,54.252482,-72.656706,2009,2009-11-09,15:00:00,2009-11-09T15:00:00,313,313,2009_3131,OTHER,CONT,LAKE,Detour_Data.xlsx,472,51,-268801.5995512167,1143667.5820454333
2009094,2009094_2009,2009094,TRUE,118,RAF_118,Contournement,54.252472,-72.656742,2009,2009-11-09,16:00:00,2009-11-09T16:00:00,313,313,2009_3131,OTHER,CONT,LAKE,Detour_Data.xlsx,473,52,-268803.9890930821,1143666.614151184
2009094,2009094_2009,2009094,TRUE,118,RAF_118,Contournement,54.251133,-72.653849,2009,2009-11-09,17:00:00,2009-11-09T17:00:00,313,313,2009_3131,OTHER,CONT,LAKE,Detour_Data.xlsx,474,53,-268625.7014102341,1143508.04250625
2009094,2009094_2009,2009094,TRUE,118,RAF_118,Contournement,54.251107,-72.653802,2009,2009-11-09,18:00:00,2009-11-09T18:00:00,313,313,2009_3131,OTHER,CONT,LAKE,Detour_Data.xlsx,475,54,-268622.8320480765,1143504.997954309
2009094,2009094_2009,2009094,TRUE,118,RAF_118,Contournement,54.251135,-72.652716,2009,2009-11-09,19:00:00,2009-11-09T19:00:00,313,313,2009_3131,OTHER,CONT,LAKE,Detour_Data.xlsx,476,55,-268552.50077393756,1143504.010598116
2009094,2009094_2009,2009094,TRUE,118,RAF_118,Contournement,54.246058,-72.648019,2009,2009-11-09,20:01:00,2009-11-09T20:01:00,313,313,2009_3131,OTHER,CONT,LAKE,Detour_Data.xlsx,477,56,-268281.59086138976,1142926.3356212128
2009094,2009094_2009,2009094,TRUE,118,RAF_118,Contournement,54.243741,-72.645864,2009,2009-11-09,21:00:00,2009-11-09T21:00:00,313,313,2009_3131,OTHER,CONT,LAKE,Detour_Data.xlsx,478,57,-268157.19244203274,1142662.6638755307
2009094,2009094_2009,2009094,TRUE,118,RAF_118,Contournement,54.237867,-72.642176,2009,2009-11-09,22:00:00,2009-11-09T22:00:00,313,313,2009_3131,OTHER,CONT,LAKE,Detour_Data.xlsx,479,58,-267956.4662270351,1142000.8721918743
2009094,2009094_2009,2009094,TRUE,118,RAF_118,Contournement,54.237961,-72.642095,2009,2009-11-09,23:00:00,2009-11-09T23:00:00,313,313,2009_3131,OTHER,CONT,LAKE,Detour_Data.xlsx,480,59,-267950.63132716005,1142010.938285815
2009094,2009094_2009,2009094,TRUE,118,RAF_118,Contournement,54.238012,-72.642096,2009,2009-11-10,00:00:00,2009-11-10T00:00:00,314,313,2009_3131,OTHER,CONT,LAKE,Detour_Data.xlsx,481,60,-267950.36993468157,1142016.5679789612
2009094,2009094_2009,2009094,TRUE,118,RAF_118,Contournement,54.238002,-72.642103,2009,2009-11-10,01:00:00,2009-11-10T01:00:00,314,313,2009_3131,OTHER,CONT,LAKE,Detour_Data.xlsx,482,61,-267950.8861793815,1142015.4910626705
2009094,2009094_2009,2009094,TRUE,118,RAF_118,Contournement,54.238,-72.642026,2009,2009-11-10,02:00:00,2009-11-10T02:00:00,314,313,2009_3131,OTHER,CONT,LAKE,Detour_Data.xlsx,483,62,-267945.9234305536,1142014.9821195267
2009094,2009094_2009,2009094,TRUE,118,RAF_118,Contournement,54.238033,-72.641962,2009,2009-11-10,03:00:00,2009-11-10T03:00:00,314,313,2009_3131,OTHER,CONT,LAKE,Detour_Data.xlsx,484,63,-267941.5769811726,1142018.3828031286
2009094,2009094_2009,2009094,TRUE,118,RAF_118,Contournement,54.238036,-72.641651,2009,2009-11-10,04:00:00,2009-11-10T04:00:00,314,313,2009_3131,OTHER,CONT,LAKE,Detour_Data.xlsx,485,64,-267921.46183164546,1142017.5493108213
2009094,2009094_2009,2009094,TRUE,118,RAF_118,Contournement,54.238002,-72.641709,2009,2009-11-10,05:00:00,2009-11-10T05:00:00,314,313,2009_3131,OTHER,CONT,LAKE,Detour_Data.xlsx,486,65,-267925.42695370986,1142014.0158311494
2009094,2009094_2009,2009094,TRUE,118,RAF_118,Contournement,54.237981,-72.641579,2009,2009-11-10,06:00:00,2009-11-10T06:00:00,314,313,2009_3131,OTHER,CONT,LAKE,Detour_Data.xlsx,487,66,-267917.1609224174,1142011.212542287
2009094,2009094_2009,2009094,TRUE,118,RAF_118,Contournement,54.238045,-72.641633,2009,2009-11-10,07:00:00,2009-11-10T07:00:00,314,313,2009_3131,OTHER,CONT,LAKE,Detour_Data.xlsx,488,67,-267920.24119577894,1142018.4747336835
2009094,2009094_2009,2009094,TRUE,118,RAF_118,Contournement,54.237887,-72.641266,2009,2009-11-10,08:00:00,2009-11-10T08:00:00,314,313,2009_3131,OTHER,CONT,LAKE,Detour_Data.xlsx,489,68,-267897.5364425661,1141999.6713280675
2009094,2009094_2009,2009094,TRUE,118,RAF_118,Contournement,54.229986,-72.638158,2009,2009-11-10,09:00:00,2009-11-10T09:00:00,314,313,2009_3131,OTHER,CONT,LAKE,Detour_Data.xlsx,490,69,-267747.16278655967,1141116.4584882888
2009094,2009094_2009,2009094,TRUE,118,RAF_118,Contournement,54.229835,-72.638134,2009,2009-11-10,10:00:00,2009-11-10T10:00:00,314,313,2009_3131,OTHER,CONT,LAKE,Detour_Data.xlsx,491,70,-267746.5759883207,1141099.7114821353
2009094,2009094_2009,2009094,TRUE,118,RAF_118,Contournement,54.229412,-72.639019,2009,2009-11-10,11:00:00,2009-11-10T11:00:00,314,313,2009_3131,OTHER,CONT,LAKE,Detour_Data.xlsx,492,71,-267806.4755628233,1141056.3609142283
2009094,2009094_2009,2009094,TRUE,119,RAF_119,Traversée sur glace,54.228063,-72.638217,2009,2009-11-10,12:00:00,2009-11-10T12:00:00,314,313,2009_3131,OTHER,TRAV,LAKE,IceCross_Data.xlsx,237,1,-267763.25688601757,1140904.5481413526
2009094,2009094_2009,2009094,TRUE,119,RAF_119,Traversée sur glace,54.224255,-72.652691,2009,2009-11-10,13:00:00,2009-11-10T13:00:00,314,313,2009_3131,ICE,TRAV,LAKE,IceCross_Data.xlsx,238,2,-268723.1512280198,1140538.7367254512
2009094,2009094_2009,2009094,TRUE,119,RAF_119,Traversée sur glace,54.206629,-72.660239,2009,2009-11-10,14:00:00,2009-11-10T14:00:00,314,313,2009_3131,OTHER,TRAV,LAKE,IceCross_Data.xlsx,239,3,-269324.2002711487,1138622.7846625024
2009094,2009094_2009,2009094,TRUE,120,RAF_120,Contournement,54.094107,-72.728466,2009,2009-11-17,16:00:00,2009-11-17T16:00:00,321,321,2009_3211,OTHER,CONT,RIVER,Detour_Data.xlsx,493,1,-274470.1879134283,1126470.4512352645
2009094,2009094_2009,2009094,TRUE,120,RAF_120,Contournement,54.085634,-72.743177,2009,2009-11-17,17:01:00,2009-11-17T17:01:00,321,321,2009_3211,OTHER,CONT,RIVER,Detour_Data.xlsx,494,2,-275479.4418610407,1125592.4358270012
2009094,2009094_2009,2009094,TRUE,120,RAF_120,Contournement,54.08273,-72.752365,2009,2009-11-17,18:00:00,2009-11-17T18:00:00,321,321,2009_3211,OTHER,CONT,RIVER,Detour_Data.xlsx,495,3,-276094.3077515255,1125307.5481734155
2009094,2009094_2009,2009094,TRUE,120,RAF_120,Contournement,54.08112,-72.768087,2009,2009-11-17,19:00:00,2009-11-17T19:00:00,321,321,2009_3211,OTHER,CONT,RIVER,Detour_Data.xlsx,496,4,-277124.48887573427,1125190.7468700225
2009094,2009094_2009,2009094,TRUE,120,RAF_120,Contournement,54.083611,-72.791222,2009,2009-11-17,20:00:00,2009-11-17T20:00:00,321,321,2009_3211,OTHER,CONT,RIVER,Detour_Data.xlsx,497,5,-278608.34051689965,1125555.3176999816
2009094,2009094_2009,2009094,TRUE,120,RAF_120,Contournement,54.083354,-72.8123,2009,2009-11-17,21:01:00,2009-11-17T21:01:00,321,321,2009_3211,OTHER,CONT,RIVER,Detour_Data.xlsx,498,6,-279976.8906288071,1125609.2386972564
2009094,2009094_2009,2009094,TRUE,120,RAF_120,Contournement,54.08502,-72.831302,2009,2009-11-17,22:00:00,2009-11-17T22:00:00,321,321,2009_3211,OTHER,CONT,RIVER,Detour_Data.xlsx,499,7,-281197.96070081554,1125867.4862132983
2009094,2009094_2009,2009094,TRUE,121,RAF_121,Traversée à la nage,54.044669,-73.25351,2009,2009-11-28,18:00:00,2009-11-28T18:00:00,332,329,2009_3291,OTHER,TRAV,LAKE,WaterCross_Data.xlsx,97,1,-308866.0642164004,1123158.815609097
2009094,2009094_2009,2009094,TRUE,121,RAF_121,Traversée à la nage,54.036714,-73.256729000000007,2009,2009-11-28,19:00:00,2009-11-28T19:00:00,332,329,2009_3291,OTHER,TRAV,LAKE,WaterCross_Data.xlsx,98,2,-309133.2963916629,1122295.7247378498
2009094,2009094_2009,2009094,TRUE,121,RAF_121,Traversée à la nage,54.036666,-73.252821,2009,2009-11-28,20:00:00,2009-11-28T20:00:00,332,329,2009_3291,OTHER,TRAV,LAKE,WaterCross_Data.xlsx,99,3,-308880.0465217482,1122273.5577234656
2009094,2009094_2009,2009094,TRUE,121,RAF_121,Traversée à la nage,54.036998,-73.252148,2009,2009-11-28,21:00:00,2009-11-28T21:00:00,332,329,2009_3291,OTHER,TRAV,LAKE,WaterCross_Data.xlsx,100,4,-308833.9392142937,1122307.2540419484
2009094,2009094_2009,2009094,TRUE,121,RAF_121,Traversée à la nage,54.036466,-73.253731,2009,2009-11-28,22:00:00,2009-11-28T22:00:00,332,329,2009_3291,WATER,TRAV,LAKE,WaterCross_Data.xlsx,101,5,-308940.5661604143,1122255.437220188
2009094,2009094_2009,2009094,TRUE,121,RAF_121,Traversée à la nage,54.036502,-73.253718,2009,2009-11-28,23:01:00,2009-11-28T23:01:00,332,329,2009_3291,WATER,TRAV,LAKE,WaterCross_Data.xlsx,102,6,-308939.4585118978,1122259.3498768273
2009094,2009094_2009,2009094,TRUE,121,RAF_121,Traversée à la nage,54.036409,-73.253682,2009,2009-11-29,00:00:00,2009-11-29T00:00:00,333,337,2009_3371,ICE,TRAV,LAKE,WaterCross_Data.xlsx,103,7,-308937.8044316818,1122248.9417749676
2009094,2009094_2009,2009094,TRUE,121,RAF_121,Traversée à la nage,54.032507,-73.256211,2009,2009-11-29,01:00:00,2009-11-29T01:00:00,333,337,2009_3371,ICE,TRAV,LAKE,WaterCross_Data.xlsx,104,8,-309130.5532758548,1121829.6924963263
2009094,2009094_2009,2009094,TRUE,121,RAF_121,Traversée à la nage,54.016999,-73.263901,2009,2009-11-29,02:00:00,2009-11-29T02:00:00,333,337,2009_3371,ICE,TRAV,LAKE,WaterCross_Data.xlsx,105,9,-309743.6104150525,1120153.3014473957
2009094,2009094_2009,2009094,TRUE,122,RAF_122,Traversée sur glace,53.969442,-73.333681,2009,2009-12-04,21:00:00,2009-12-04T21:00:00,338,337,2009_3371,ICE,TRAV,LAKE,IceCross_Data.xlsx,240,1,-314628.42469492444,1115215.1677737148
2009094,2009094_2009,2009094,TRUE,122,RAF_122,Traversée sur glace,53.967361,-73.367906,2009,2009-12-04,22:01:00,2009-12-04T22:01:00,338,337,2009_3371,WATER,TRAV,LAKE,IceCross_Data.xlsx,241,2,-316868.36220447364,1115136.7905012614
2009094,2009094_2009,2009094,TRUE,122,RAF_122,Traversée sur glace,53.95842,-73.393913,2009,2009-12-04,23:00:00,2009-12-04T23:00:00,338,337,2009_3371,OTHER,TRAV,LAKE,IceCross_Data.xlsx,242,3,-318626.1168292882,1114266.7265346586
2009094,2009094_2009,2009094,TRUE,123,RAF_123,Traversée sur glace,53.947915,-73.429693,2009,2009-12-05,13:00:00,2009-12-05T13:00:00,339,337,2009_3371,OTHER,TRAV,LAKE,IceCross_Data.xlsx,243,1,-321031.8502217478,1113268.7416018904
2009094,2009094_2009,2009094,TRUE,123,RAF_123,Traversée sur glace,53.941292,-73.458782,2009,2009-12-05,14:00:00,2009-12-05T14:00:00,339,337,2009_3371,ICE,TRAV,LAKE,IceCross_Data.xlsx,244,2,-322973.8272442912,1112669.6492093226
2009094,2009094_2009,2009094,TRUE,123,RAF_123,Traversée sur glace,53.930067,-73.461108,2009,2009-12-05,15:00:00,2009-12-05T15:00:00,339,337,2009_3371,OTHER,TRAV,LAKE,IceCross_Data.xlsx,245,3,-323210.99047498056,1111442.956857452
2009094,2009094_2009,2009094,TRUE,124,RAF_124,Contournement,53.743353,-73.893582,2009,2009-12-10,20:00:00,2009-12-10T20:00:00,344,345,2009_3451,OTHER,CONT,RIVER,Detour_Data.xlsx,500,1,-352888.2774524686,1092911.8793473782
2009094,2009094_2009,2009094,TRUE,124,RAF_124,Contournement,53.727657,-73.937785,2009,2009-12-10,21:01:00,2009-12-10T21:01:00,344,345,2009_3451,OTHER,CONT,RIVER,Detour_Data.xlsx,501,2,-355906.46012704435,1091401.7405857076
2009094,2009094_2009,2009094,TRUE,124,RAF_124,Contournement,53.717928,-73.975377,2009,2009-12-10,22:01:00,2009-12-10T22:01:00,344,345,2009_3451,OTHER,CONT,RIVER,Detour_Data.xlsx,502,3,-358444.25143179996,1090517.6889656603
2009094,2009094_2009,2009094,TRUE,124,RAF_124,Contournement,53.718001,-73.989834,2009,2009-12-10,23:00:00,2009-12-10T23:00:00,344,345,2009_3451,OTHER,CONT,RIVER,Detour_Data.xlsx,503,4,-359388.20243464416,1090598.2403959818
2009094,2009094_2009,2009094,TRUE,124,RAF_124,Contournement,53.711894,-74.013555,2009,2009-12-11,00:00:00,2009-12-11T00:00:00,345,345,2009_3451,OTHER,CONT,RIVER,Detour_Data.xlsx,504,5,-360989.9441732553,1090044.9641409537
2009094,2009094_2009,2009094,TRUE,125,RAF_125,Contournement,53.710465,-74.015794,2009,2009-12-11,13:00:00,2009-12-11T13:00:00,345,345,2009_3451,OTHER,CONT,RIVER,Detour_Data.xlsx,505,1,-361148.40449624823,1089898.8624944019
2009094,2009094_2009,2009094,TRUE,125,RAF_125,Contournement,53.707421,-74.04483,2009,2009-12-11,14:00:00,2009-12-11T14:00:00,345,345,2009_3451,OTHER,CONT,RIVER,Detour_Data.xlsx,506,2,-363071.780542565,1089710.5121115672
2009094,2009094_2009,2009094,TRUE,125,RAF_125,Contournement,53.702552,-74.061888,2009,2009-12-11,15:01:00,2009-12-11T15:01:00,345,345,2009_3451,OTHER,CONT,RIVER,Detour_Data.xlsx,507,3,-364228.24556923425,1089260.9182144369
2009094,2009094_2009,2009094,TRUE,125,RAF_125,Contournement,53.70131,-74.098184,2009,2009-12-11,16:00:00,2009-12-11T16:00:00,345,345,2009_3451,OTHER,CONT,RIVER,Detour_Data.xlsx,508,4,-366611.0292523053,1089309.4713896373
2009094,2009094_2009,2009094,TRUE,125,RAF_125,Contournement,53.702014,-74.127626,2009,2009-12-11,17:00:00,2009-12-11T17:00:00,345,345,2009_3451,OTHER,CONT,RIVER,Detour_Data.xlsx,509,5,-368529.03603159287,1089538.2353891942
2009094,2009094_2009,2009094,TRUE,126,RAF_126,Contournement,53.681287,-74.297242,2009,2009-12-15,06:00:00,2009-12-15T06:00:00,349,353,2009_3531,ICE,CONT,RIVER,Detour_Data.xlsx,510,1,-379797.8031213632,1088142.6091424872
2009094,2009094_2009,2009094,TRUE,126,RAF_126,Contournement,53.694771,-74.314365,2009,2009-12-15,07:00:00,2009-12-15T07:00:00,349,353,2009_3531,OTHER,CONT,RIVER,Detour_Data.xlsx,511,2,-380796.22435956966,1089718.3287069863
2009094,2009094_2009,2009094,TRUE,126,RAF_126,Contournement,53.699899,-74.343369,2009,2009-12-15,08:01:00,2009-12-15T08:01:00,349,353,2009_3531,OTHER,CONT,RIVER,Detour_Data.xlsx,512,3,-382645.342236185,1090437.6742314778
2009094,2009094_2009,2009094,TRUE,126,RAF_126,Contournement,53.69983,-74.354869,2009,2009-12-15,09:00:00,2009-12-15T09:00:00,349,353,2009_3531,OTHER,CONT,RIVER,Detour_Data.xlsx,513,4,-383397.3481456699,1090491.6301372657
2009094,2009094_2009,2009094,TRUE,126,RAF_126,Contournement,53.699655,-74.354814,2009,2009-12-15,10:00:00,2009-12-15T10:00:00,349,353,2009_3531,OTHER,CONT,RIVER,Detour_Data.xlsx,514,5,-383395.3345841765,1090472.0672430568
2009094,2009094_2009,2009094,TRUE,126,RAF_126,Contournement,53.699653,-74.354865,2009,2009-12-15,11:00:00,2009-12-15T11:00:00,349,353,2009_3531,OTHER,CONT,RIVER,Detour_Data.xlsx,515,6,-383398.68485867005,1090472.1202773466
2009094,2009094_2009,2009094,TRUE,126,RAF_126,Contournement,53.699626,-74.363843,2009,2009-12-15,12:00:00,2009-12-15T12:00:00,349,353,2009_3531,OTHER,CONT,RIVER,Detour_Data.xlsx,516,7,-383985.52691416634,1090517.2859048753
2009094,2009094_2009,2009094,TRUE,126,RAF_126,Contournement,53.695713,-74.389023,2009,2009-12-15,13:00:00,2009-12-15T13:00:00,349,353,2009_3531,OTHER,CONT,RIVER,Detour_Data.xlsx,517,8,-385666.2224013893,1090221.8690147346
2009094,2009094_2009,2009094,TRUE,126,RAF_126,Contournement,53.693613,-74.394492,2009,2009-12-15,14:00:00,2009-12-15T14:00:00,349,353,2009_3531,OTHER,CONT,RIVER,Detour_Data.xlsx,518,9,-386042.65977447893,1090020.1496001969
2009094,2009094_2009,2009094,TRUE,126,RAF_126,Contournement,53.693523,-74.394439,2009,2009-12-15,15:00:00,2009-12-15T15:00:00,349,353,2009_3531,OTHER,CONT,RIVER,Detour_Data.xlsx,519,10,-386040.01459944237,1090009.954783914
2009094,2009094_2009,2009094,TRUE,126,RAF_126,Contournement,53.69348,-74.39562,2009,2009-12-15,16:00:00,2009-12-15T16:00:00,349,353,2009_3531,OTHER,CONT,RIVER,Detour_Data.xlsx,520,11,-386117.57679950976,1090011.5922338213
2009094,2009094_2009,2009094,TRUE,126,RAF_126,Contournement,53.693506,-74.395621,2009,2009-12-15,17:00:00,2009-12-15T17:00:00,349,353,2009_3531,OTHER,CONT,RIVER,Detour_Data.xlsx,521,12,-386117.40577002673,1090014.4601967265
2009094,2009094_2009,2009094,TRUE,126,RAF_126,Contournement,53.686257,-74.404181,2009,2009-12-15,18:00:00,2009-12-15T18:00:00,349,353,2009_3531,OTHER,CONT,RIVER,Detour_Data.xlsx,522,13,-386742.7457124343,1089262.584006323
2009094,2009094_2009,2009094,TRUE,126,RAF_126,Contournement,53.668866,-74.429644,2009,2009-12-15,19:00:00,2009-12-15T19:00:00,349,353,2009_3531,OTHER,CONT,RIVER,Detour_Data.xlsx,523,14,-388565.85889951,1087485.8515407208
2009094,2009094_2009,2009094,TRUE,126,RAF_126,Contournement,53.658881,-74.445932,2009,2009-12-15,20:00:00,2009-12-15T20:00:00,349,353,2009_3531,OTHER,CONT,RIVER,Detour_Data.xlsx,524,15,-389722.29582843673,1086475.1538794835
2009094,2009094_2009,2009094,TRUE,127,RAF_127,Traversée sur glace,53.647477,-74.474148,2009,2009-12-15,21:01:00,2009-12-15T21:01:00,349,353,2009_3531,OTHER,TRAV,RIVER,IceCross_Data.xlsx,246,1,-391672.4605376655,1085373.748896641
2009094,2009094_2009,2009094,TRUE,127,RAF_127,Traversée sur glace,53.627617,-74.496732,2009,2009-12-15,22:01:00,2009-12-15T22:01:00,349,353,2009_3531,OTHER,TRAV,RIVER,IceCross_Data.xlsx,247,2,-393333.2733981793,1083311.3264334484
2009094,2009094_2009,2009094,TRUE,127,RAF_127,Traversée sur glace,53.624744,-74.504081,2009,2009-12-15,23:00:00,2009-12-15T23:00:00,349,353,2009_3531,OTHER,TRAV,RIVER,IceCross_Data.xlsx,248,3,-393840.7708100029,1083035.4781488634
2009094,2009094_2010,2009094,TRUE,128,RAF_128,Traversée sur glace,53.35585,-76.643846,2010,2010-01-11,13:00:00,2010-01-11T13:00:00,11,9,2010_0091,OTHER,TRAV,LAKE,IceCross_Data.xlsx,249,1,-537046.4613397251,1067391.8422152384
2009094,2009094_2010,2009094,TRUE,128,RAF_128,Traversée sur glace,53.385772,-76.772359,2010,2010-01-11,20:00:00,2010-01-11T20:00:00,11,9,2010_0091,ICE,TRAV,LAKE,IceCross_Data.xlsx,250,2,-545102.5277429413,1071647.1243830633
2009094,2009094_2010,2009094,TRUE,128,RAF_128,Traversée sur glace,53.399737,-76.782195,2010,2010-01-12,03:00:00,2010-01-12T03:00:00,12,9,2010_0091,OTHER,TRAV,LAKE,IceCross_Data.xlsx,251,3,-545569.6280846248,1073254.4074330598
2009094,2009094_2010,2009094,TRUE,129,RAF_129,Traversée sur glace,53.374669,-76.789974,2010,2010-01-13,00:00:00,2010-01-13T00:00:00,13,17,2010_0171,ICE,TRAV,LAKE,IceCross_Data.xlsx,252,1,-546399.8327846894,1070563.1862306674
2009094,2009094_2010,2009094,TRUE,129,RAF_129,Traversée sur glace,53.372981,-76.779219,2010,2010-01-13,07:00:00,2010-01-13T07:00:00,13,17,2010_0171,ICE,TRAV,LAKE,IceCross_Data.xlsx,253,2,-545715.6535452905,1070295.9025835602
2009094,2009094_2010,2009094,TRUE,129,RAF_129,Traversée sur glace,53.372667,-76.784714,2010,2010-01-13,14:00:00,2010-01-13T14:00:00,13,17,2010_0171,ICE,TRAV,LAKE,IceCross_Data.xlsx,254,3,-546080.2380188311,1070303.3677540203
2009094,2009094_2010,2009094,TRUE,129,RAF_129,Traversée sur glace,53.381262,-76.714735,2010,2010-01-13,21:01:00,2010-01-13T21:01:00,13,17,2010_0171,OTHER,TRAV,LAKE,IceCross_Data.xlsx,255,4,-541379.2434798165,1070714.7864560992
2009094,2009094_2010,2009094,TRUE,130,RAF_130,Traversée sur glace,53.382069,-76.703844,2010,2010-01-14,11:00:00,2010-01-14T11:00:00,14,17,2010_0171,OTHER,TRAV,LAKE,IceCross_Data.xlsx,256,1,-540654.4411172046,1070721.0055459714
2009094,2009094_2010,2009094,TRUE,130,RAF_130,Traversée sur glace,53.357397,-76.623285,2010,2010-01-14,18:00:00,2010-01-14T18:00:00,14,17,2010_0171,OTHER,TRAV,LAKE,IceCross_Data.xlsx,257,2,-535677.0444082147,1067407.5162876884
2009094,2009094_2010,2009094,TRUE,130,RAF_130,Traversée sur glace,53.350115,-76.61788,2010,2010-01-15,01:00:00,2010-01-15T01:00:00,15,17,2010_0171,OTHER,TRAV,LAKE,IceCross_Data.xlsx,258,3,-535413.2071894188,1066567.8456131015
2009094,2009094_2010,2009094,TRUE,132,RAF_132,Traversée sur glace,53.688208,-75.624583,2010,2010-04-06,17:00:00,2010-04-06T17:00:00,96,97,2010_0971,OTHER,TRAV,LAKE,IceCross_Data.xlsx,259,1,-466419.97564456466,1096752.428797184
2009094,2009094_2010,2009094,TRUE,132,RAF_132,Traversée sur glace,53.838636,-75.75913,2010,2010-04-07,00:00:00,2010-04-07T00:00:00,97,97,2010_0971,ICE,TRAV,LAKE,IceCross_Data.xlsx,260,2,-473515.38669684774,1114170.901205078
2009094,2009094_2010,2009094,TRUE,132,RAF_132,Traversée sur glace,53.886858,-75.792831,2010,2010-04-07,07:00:00,2010-04-07T07:00:00,97,97,2010_0971,OTHER,TRAV,LAKE,IceCross_Data.xlsx,261,3,-475164.1119477137,1119694.339040065
2009094,2009094_2010,2009094,TRUE,133,RAF_133,Contournement,54.531415,-72.206132,2010,2010-11-24,05:00:00,2010-11-24T05:00:00,328,329,2010_3291,OTHER,CONT,LAKE,Detour_Data.xlsx,525,1,-238096.3100814193,1172849.3333768863
2009094,2009094_2010,2009094,TRUE,133,RAF_133,Contournement,54.524261,-72.214047,2010,2010-11-24,06:00:00,2010-11-24T06:00:00,328,329,2010_3291,ICE,CONT,LAKE,Detour_Data.xlsx,526,2,-238645.3600613939,1172086.1377864506
2009094,2009094_2010,2009094,TRUE,133,RAF_133,Contournement,54.514152,-72.229497,2010,2010-11-24,07:00:00,2010-11-24T07:00:00,328,329,2010_3291,ICE,CONT,LAKE,Detour_Data.xlsx,527,3,-239695.39788255413,1171022.0967870262
2009094,2009094_2010,2009094,TRUE,133,RAF_133,Contournement,54.501643,-72.251214,2010,2010-11-24,08:00:00,2010-11-24T08:00:00,328,329,2010_3291,OTHER,CONT,LAKE,Detour_Data.xlsx,528,4,-241162.31180569454,1169714.5354517358
2009094,2009094_2010,2009094,TRUE,133,RAF_133,Contournement,54.498668,-72.257993,2010,2010-11-24,09:00:00,2010-11-24T09:00:00,328,329,2010_3291,OTHER,CONT,LAKE,Detour_Data.xlsx,529,5,-241614.98535783478,1169409.0785546787
2009094,2009094_2010,2009094,TRUE,133,RAF_133,Contournement,54.498631,-72.257988,2010,2010-11-24,10:01:00,2010-11-24T10:01:00,328,329,2010_3291,OTHER,CONT,LAKE,Detour_Data.xlsx,530,6,-241614.8788201561,1169404.9783285814
2009094,2009094_2010,2009094,TRUE,133,RAF_133,Contournement,54.498683,-72.258043,2010,2010-11-24,11:00:00,2010-11-24T11:00:00,328,329,2010_3291,OTHER,CONT,LAKE,Detour_Data.xlsx,531,7,-241618.1100677748,1169410.9027852982
2009094,2009094_2010,2009094,TRUE,133,RAF_133,Contournement,54.494053,-72.265595,2010,2010-11-24,12:00:00,2010-11-24T12:00:00,328,329,2010_3291,OTHER,CONT,LAKE,Detour_Data.xlsx,532,8,-242130.12017879367,1168925.460949303
2009094,2009094_2010,2009094,TRUE,133,RAF_133,Contournement,54.48427,-72.278038,2010,2010-11-24,13:00:00,2010-11-24T13:00:00,328,329,2010_3291,OTHER,CONT,LAKE,Detour_Data.xlsx,533,9,-242986.52340263387,1167887.996000167
2009094,2009094_2010,2009094,TRUE,133,RAF_133,Contournement,54.462734,-72.312425,2010,2010-11-24,14:00:00,2010-11-24T14:00:00,328,329,2010_3291,OTHER,CONT,LAKE,Detour_Data.xlsx,534,10,-245322.793497513,1165628.6925422964
2009094,2009094_2010,2009094,TRUE,133,RAF_133,Contournement,54.446017,-72.34971,2010,2010-11-24,15:00:00,2010-11-24T15:00:00,328,329,2010_3291,OTHER,CONT,LAKE,Detour_Data.xlsx,535,11,-247819.04991758187,1163912.4104708575
2009094,2009094_2010,2009094,TRUE,133,RAF_133,Contournement,54.441094,-72.354455,2010,2010-11-24,16:00:00,2010-11-24T16:00:00,328,329,2010_3291,OTHER,CONT,LAKE,Detour_Data.xlsx,536,12,-248153.4961005186,1163385.6032445189
2009094,2009094_2010,2009094,TRUE,134,RAF_134,Traversée sur glace,54.425003,-72.381085,2010,2010-11-24,17:00:00,2010-11-24T17:00:00,328,329,2010_3291,OTHER,TRAV,LAKE,IceCross_Data.xlsx,262,1,-249962.6794013302,1161702.6836081191
2009094,2009094_2010,2009094,TRUE,134,RAF_134,Traversée sur glace,54.410957,-72.410912,2010,2010-11-24,18:00:00,2010-11-24T18:00:00,328,329,2010_3291,ICE,TRAV,LAKE,IceCross_Data.xlsx,263,2,-251966.58107532925,1160257.3922556401
2009094,2009094_2010,2009094,TRUE,134,RAF_134,Traversée sur glace,54.393412,-72.481852,2010,2010-11-24,19:00:00,2010-11-24T19:00:00,328,329,2010_3291,OTHER,TRAV,LAKE,IceCross_Data.xlsx,264,3,-256640.15350210626,1158573.5924663707
2009094,2009094_2010,2009094,TRUE,135,RAF_135,Contournement,54.273529,-72.683361,2010,2010-11-24,23:00:00,2010-11-24T23:00:00,328,329,2010_3291,OTHER,CONT,LAKE,Detour_Data.xlsx,537,1,-270387.4597043971,1146089.729563857
2009094,2009094_2010,2009094,TRUE,135,RAF_135,Contournement,54.260499,-72.714381,2010,2010-11-25,00:00:00,2010-11-25T00:00:00,329,329,2010_3291,OTHER,CONT,LAKE,Detour_Data.xlsx,538,2,-272474.84262822114,1144770.0613114282
2009094,2009094_2010,2009094,TRUE,135,RAF_135,Contournement,54.253946,-72.759192,2010,2010-11-25,01:00:00,2010-11-25T01:00:00,329,329,2010_3291,OTHER,CONT,LAKE,Detour_Data.xlsx,539,3,-275411.7028377404,1144218.774916777
2009094,2009094_2010,2009094,TRUE,135,RAF_135,Contournement,54.245174,-72.783123,2010,2010-11-25,02:00:00,2010-11-25T02:00:00,329,329,2010_3291,OTHER,CONT,LAKE,Detour_Data.xlsx,540,4,-277015.2884613372,1143343.5798304228
2009094,2009094_2010,2009094,TRUE,135,RAF_135,Contournement,54.217669,-72.811528,2010,2010-11-25,03:00:00,2010-11-25T03:00:00,329,329,2010_3291,OTHER,CONT,LAKE,Detour_Data.xlsx,541,5,-279033.19865181023,1140420.1853835285
2009094,2009094_2010,2009094,TRUE,136,RAF_136,Traversée sur glace,54.037565,-73.208079,2010,2010-11-25,18:00:00,2010-11-25T18:00:00,329,329,2010_3291,ICE,TRAV,LAKE,IceCross_Data.xlsx,265,1,-305970.004795598,1122180.4556010172
2009094,2009094_2010,2009094,TRUE,136,RAF_136,Traversée sur glace,54.023743,-73.233798,2010,2010-11-25,19:00:00,2010-11-25T19:00:00,329,329,2010_3291,ICE,TRAV,LAKE,IceCross_Data.xlsx,266,2,-307739.9563389271,1120766.906923347
2009094,2009094_2010,2009094,TRUE,136,RAF_136,Traversée sur glace,54.003945,-73.27059,2010,2010-11-25,20:00:00,2010-11-25T20:00:00,329,329,2010_3291,OTHER,TRAV,LAKE,IceCross_Data.xlsx,267,3,-310273.95762601617,1118743.18922348
2009094,2009094_2010,2009094,TRUE,137,RAF_137,Contournement,54.024171,-73.341954,2010,2010-11-26,18:01:00,2010-11-26T18:01:00,330,329,2010_3291,OTHER,CONT,LAKE,Detour_Data.xlsx,542,1,-314757.27028540894,1121284.5114609695
2009094,2009094_2010,2009094,TRUE,137,RAF_137,Contournement,54.021723,-73.359967,2010,2010-11-26,19:00:00,2010-11-26T19:00:00,330,329,2010_3291,OTHER,CONT,LAKE,Detour_Data.xlsx,543,2,-315944.7852161451,1121094.0403292289
2009094,2009094_2010,2009094,TRUE,137,RAF_137,Contournement,54.013431,-73.415879,2010,2010-11-26,20:00:00,2010-11-26T20:00:00,330,329,2010_3291,OTHER,CONT,LAKE,Detour_Data.xlsx,544,3,-319636.80483447446,1120428.3202552754
2009094,2009094_2010,2009094,TRUE,137,RAF_137,Contournement,53.996197,-73.466185,2010,2010-11-26,21:01:00,2010-11-26T21:01:00,330,329,2010_3291,OTHER,CONT,LAKE,Detour_Data.xlsx,545,4,-323034.5772845053,1118754.6352454096
2009094,2009094_2010,2009094,TRUE,137,RAF_137,Contournement,53.987225,-73.52704,2010,2010-11-26,22:00:00,2010-11-26T22:00:00,330,329,2010_3291,OTHER,CONT,LAKE,Detour_Data.xlsx,546,5,-327056.1069200096,1118042.1945912496
2009094,2009094_2010,2009094,TRUE,137,RAF_137,Contournement,53.983598,-73.55003,2010,2010-11-26,23:00:00,2010-11-26T23:00:00,330,329,2010_3291,ICE,CONT,LAKE,Detour_Data.xlsx,547,6,-328577.600184411,1117747.774820065
2009094,2009094_2010,2009094,TRUE,138,RAF_138,Traversée sur glace,53.69134,-74.251117,2010,2010-12-03,14:00:00,2010-12-03T14:00:00,337,337,2010_3371,OTHER,TRAV,RIVER,IceCross_Data.xlsx,268,1,-376693.36705100583,1089005.7794391455
2009094,2009094_2010,2009094,TRUE,138,RAF_138,Traversée sur glace,53.677512,-74.270505,2010,2010-12-03,15:00:00,2010-12-03T15:00:00,337,337,2010_3371,OTHER,TRAV,RIVER,IceCross_Data.xlsx,269,2,-378083.5677304961,1087585.3514604506
2009094,2009094_2010,2009094,TRUE,138,RAF_138,Traversée sur glace,53.659021,-74.321,2010,2010-12-03,16:00:00,2010-12-03T16:00:00,337,337,2010_3371,OTHER,TRAV,RIVER,IceCross_Data.xlsx,270,3,-381550.7148810525,1085817.3100431974
2009094,2009094_2010,2009094,TRUE,139,RAF_139,Contournement,53.194423,-76.601387,2010,2010-12-27,16:00:00,2010-12-27T16:00:00,361,361,2010_3611,OTHER,CONT,LAKE,Detour_Data.xlsx,548,1,-536272.9153653581,1049356.683481746
2009094,2009094_2010,2009094,TRUE,139,RAF_139,Contournement,53.198085,-76.615319,2010,2010-12-27,23:00:00,2010-12-27T23:00:00,361,361,2010_3611,OTHER,CONT,LAKE,Detour_Data.xlsx,549,2,-537145.4184590505,1049863.085806269
2009094,2009094_2010,2009094,TRUE,139,RAF_139,Contournement,53.248093,-76.666174,2010,2010-12-28,06:00:00,2010-12-28T06:00:00,362,361,2010_3611,OTHER,CONT,LAKE,Detour_Data.xlsx,550,3,-539867.883918693,1055733.9861480074
2009094,2009094_2010,2009094,TRUE,139,RAF_139,Contournement,53.279017,-76.668534,2010,2010-12-28,13:00:00,2010-12-28T13:00:00,362,361,2010_3611,OTHER,CONT,LAKE,Detour_Data.xlsx,551,4,-539634.1486827467,1059145.46880239
2009094,2009094_2010,2009094,TRUE,139,RAF_139,Contournement,53.305187,-76.688852,2010,2010-12-28,20:00:00,2010-12-28T20:00:00,362,361,2010_3611,OTHER,CONT,LAKE,Detour_Data.xlsx,552,5,-540640.4696997756,1062170.7588397176
2009094,2009094_2010,2009094,TRUE,139,RAF_139,Contournement,53.321954,-76.709374,2010,2010-12-29,03:00:00,2010-12-29T03:00:00,363,361,2010_3611,OTHER,CONT,LAKE,Detour_Data.xlsx,553,6,-541777.4118464892,1064165.9464007702
2009094,2009094_2011,2009094,TRUE,141,RAF_141,Traversée sur glace,53.588705,-77.008834,2011,2011-01-07,18:00:00,2011-01-07T18:00:00,7,9,2011_0091,OTHER,TRAV,LAKE,IceCross_Data.xlsx,271,1,-557953.1812366779,1095733.178489429
2009094,2009094_2011,2009094,TRUE,141,RAF_141,Traversée sur glace,53.736864,-77.018856,2011,2011-01-08,01:00:00,2011-01-08T01:00:00,8,9,2011_0091,ICE,TRAV,LAKE,IceCross_Data.xlsx,272,2,-556663.3865298746,1112063.0072476668
2009094,2009094_2011,2009094,TRUE,141,RAF_141,Traversée sur glace,53.739624,-77.019398,2011,2011-01-08,08:00:00,2011-01-08T08:00:00,8,9,2011_0091,ICE,TRAV,LAKE,IceCross_Data.xlsx,273,3,-556662.4212272934,1112369.9765044316
2009094,2009094_2011,2009094,TRUE,141,RAF_141,Traversée sur glace,53.774318,-77.010642,2011,2011-01-08,15:00:00,2011-01-08T15:00:00,8,9,2011_0091,ICE,TRAV,LAKE,IceCross_Data.xlsx,274,4,-555638.2335724524,1116107.6705566396
2009094,2009094_2011,2009094,TRUE,141,RAF_141,Traversée sur glace,53.843611,-76.977872,2011,2011-01-08,22:00:00,2011-01-08T22:00:00,8,9,2011_0091,OTHER,TRAV,LAKE,IceCross_Data.xlsx,275,5,-552603.977828471,1123455.3862749105
2009094,2009094_2011,2009094,TRUE,142,RAF_142,Traversée sur glace,53.962153,-76.667006,2011,2011-01-26,10:00:00,2011-01-26T10:00:00,26,25,2011_0251,OTHER,TRAV,LAKE,IceCross_Data.xlsx,276,1,-530939.4144485,1134110.1299713864
2009094,2009094_2011,2009094,TRUE,142,RAF_142,Traversée sur glace,53.954796,-76.561805,2011,2011-01-26,17:01:00,2011-01-26T17:01:00,26,25,2011_0251,OTHER,TRAV,LAKE,IceCross_Data.xlsx,277,2,-524220.7936685673,1132526.918912857
2009094,2009094_2011,2009094,TRUE,142,RAF_142,Traversée sur glace,54.005617,-76.360666,2011,2011-01-27,00:00:00,2011-01-27T00:00:00,27,25,2011_0251,ICE,TRAV,LAKE,IceCross_Data.xlsx,278,3,-510579.46048457746,1136652.8752809046
2009094,2009094_2011,2009094,TRUE,143,RAF_143,Traversée sur glace,54.005778,-76.360942,2011,2011-01-27,07:00:00,2011-01-27T07:00:00,27,25,2011_0251,ICE,TRAV,LAKE,IceCross_Data.xlsx,279,1,-510595.36541068694,1136672.52562245
2009094,2009094_2011,2009094,TRUE,143,RAF_143,Traversée sur glace,54.04879,-76.306949,2011,2011-01-27,14:00:00,2011-01-27T14:00:00,27,25,2011_0251,ICE,TRAV,LAKE,IceCross_Data.xlsx,280,2,-506584.8779042901,1141012.6136903088
2009094,2009094_2011,2009094,TRUE,143,RAF_143,Traversée sur glace,54.201067,-76.16495,2011,2011-01-27,21:01:00,2011-01-27T21:01:00,27,25,2011_0251,OTHER,TRAV,LAKE,IceCross_Data.xlsx,281,3,-495607.54424932576,1156745.4392110743
2009094,2009094_2011,2009094,TRUE,144,RAF_144,Contournement,53.724586,-73.99648,2011,2011-11-25,19:02:00,2011-11-25T19:02:00,329,329,2011_3291,OTHER,CONT,RIVER,Detour_Data.xlsx,554,1,-359766.6009352349,1091356.9674199177
2009094,2009094_2011,2009094,TRUE,144,RAF_144,Contournement,53.729825,-73.985453,2011,2011-11-25,20:00:00,2011-11-25T20:00:00,329,329,2011_3291,OTHER,CONT,RIVER,Detour_Data.xlsx,555,2,-359001.9325143455,1091878.6620663763
2009094,2009094_2011,2009094,TRUE,144,RAF_144,Contournement,53.733476,-73.941106,2011,2011-11-25,21:00:00,2011-11-25T21:00:00,329,329,2011_3291,OTHER,CONT,RIVER,Detour_Data.xlsx,556,3,-356074.57018624985,1092059.2581305134
2009094,2009094_2011,2009094,TRUE,144,RAF_144,Contournement,53.746075,-73.878118,2011,2011-11-25,22:01:00,2011-11-25T22:01:00,329,329,2011_3291,OTHER,CONT,RIVER,Detour_Data.xlsx,557,4,-351855.8369049779,1093135.5948579486
2009094,2009094_2011,2009094,TRUE,144,RAF_144,Contournement,53.762128,-73.834072,2011,2011-11-25,23:00:00,2011-11-25T23:00:00,329,329,2011_3291,OTHER,CONT,RIVER,Detour_Data.xlsx,558,5,-348847.47869842045,1094688.4501152055
2009094,2009094_2011,2009094,TRUE,144,RAF_144,Contournement,53.766712,-73.828578,2011,2011-11-26,00:00:00,2011-11-26T00:00:00,330,329,2011_3291,OTHER,CONT,RIVER,Detour_Data.xlsx,559,6,-348451.1617348197,1095166.7000995132
2009094,2009094_2011,2009094,TRUE,144,RAF_144,Contournement,53.771477,-73.809084,2011,2011-11-26,01:00:00,2011-11-26T01:00:00,330,329,2011_3291,OTHER,CONT,RIVER,Detour_Data.xlsx,560,7,-347139.7170639757,1095596.921351143
2009094,2009094_2011,2009094,TRUE,144,RAF_144,Contournement,53.773939,-73.800498,2011,2011-11-26,02:01:00,2011-11-26T02:01:00,330,329,2011_3291,OTHER,CONT,RIVER,Detour_Data.xlsx,561,8,-346559.21260132873,1095826.5510632335
2009094,2009094_2011,2009094,TRUE,144,RAF_144,Contournement,53.777757,-73.788137,2011,2011-11-26,03:00:00,2011-11-26T03:00:00,330,329,2011_3291,OTHER,CONT,RIVER,Detour_Data.xlsx,562,9,-345721.35260999383,1096187.405507352
2009094,2009094_2011,2009094,TRUE,144,RAF_144,Contournement,53.782232,-73.766783,2011,2011-11-26,04:00:00,2011-11-26T04:00:00,330,329,2011_3291,OTHER,CONT,RIVER,Detour_Data.xlsx,563,10,-344291.4702153639,1096577.4924190333
2009094,2009094_2011,2009094,TRUE,144,RAF_144,Contournement,53.785896,-73.759797,2011,2011-11-26,05:00:00,2011-11-26T05:00:00,330,329,2011_3291,OTHER,CONT,RIVER,Detour_Data.xlsx,564,11,-343805.8903505857,1096947.597504452
2009094,2009094_2011,2009094,TRUE,145,RAF_145,Contournement,53.786549,-73.757306,2011,2011-11-26,12:01:00,2011-11-26T12:01:00,330,329,2011_3291,OTHER,CONT,RIVER,Detour_Data.xlsx,565,1,-343638.0643533201,1097007.5792789527
2009094,2009094_2011,2009094,TRUE,145,RAF_145,Contournement,53.793784,-73.740588,2011,2011-11-26,13:00:00,2011-11-26T13:00:00,330,329,2011_3291,OTHER,CONT,RIVER,Detour_Data.xlsx,566,2,-342488.7846200901,1097724.5842166701
2009094,2009094_2011,2009094,TRUE,145,RAF_145,Contournement,53.799855,-73.718805,2011,2011-11-26,14:00:00,2011-11-26T14:00:00,330,329,2011_3291,OTHER,CONT,RIVER,Detour_Data.xlsx,567,3,-341018.85688788706,1098289.4711435873
2009094,2009094_2011,2009094,TRUE,145,RAF_145,Contournement,53.816693,-73.686635,2011,2011-11-26,15:00:00,2011-11-26T15:00:00,330,329,2011_3291,OTHER,CONT,RIVER,Detour_Data.xlsx,568,4,-338785.7163013006,1099991.977152021
2009094,2009094_2011,2009094,TRUE,145,RAF_145,Contournement,53.841258,-73.648025,2011,2011-11-26,16:00:00,2011-11-26T16:00:00,330,329,2011_3291,OTHER,CONT,RIVER,Detour_Data.xlsx,569,5,-336073.04911592306,1102516.7517831668
2009094,2009094_2011,2009094,TRUE,145,RAF_145,Contournement,53.854456,-73.61939,2011,2011-11-26,17:00:00,2011-11-26T17:00:00,330,329,2011_3291,OTHER,CONT,RIVER,Detour_Data.xlsx,570,6,-334102.6762833502,1103837.0208286382
2009096,2009096_2009,2009096,TRUE,146,RAF_146,Contournement,54.289554,-72.679918,2009,2009-11-06,15:00:00,2009-11-06T15:00:00,310,313,2009_3131,OTHER,CONT,LAKE,Detour_Data.xlsx,571,1,-270061.80405668693,1147844.4707131102
2009096,2009096_2009,2009096,TRUE,146,RAF_146,Contournement,54.252828,-72.681698,2009,2009-11-06,16:00:00,2009-11-06T16:00:00,310,313,2009_3131,OTHER,CONT,LAKE,Detour_Data.xlsx,572,2,-270413.6891537557,1143799.9088498624
2009096,2009096_2009,2009096,TRUE,146,RAF_146,Contournement,54.254275,-72.699289,2009,2009-11-06,17:00:00,2009-11-06T17:00:00,310,313,2009_3131,ICE,CONT,LAKE,Detour_Data.xlsx,573,3,-271540.5481150655,1144026.138295434
2009096,2009096_2009,2009096,TRUE,146,RAF_146,Contournement,54.253664,-72.698819,2009,2009-11-06,18:00:00,2009-11-06T18:00:00,310,313,2009_3131,ICE,CONT,LAKE,Detour_Data.xlsx,574,4,-271514.15035957936,1143956.956457378
2009096,2009096_2009,2009096,TRUE,146,RAF_146,Contournement,54.253427,-72.697497,2009,2009-11-06,19:00:00,2009-11-06T19:00:00,310,313,2009_3131,ICE,CONT,LAKE,Detour_Data.xlsx,575,5,-271430.29732984636,1143925.7981611444
2009096,2009096_2009,2009096,TRUE,146,RAF_146,Contournement,54.252126,-72.688501,2009,2009-11-06,20:00:00,2009-11-06T20:00:00,310,313,2009_3131,OTHER,CONT,LAKE,Detour_Data.xlsx,576,6,-270857.6475559665,1143748.200006161
2009096,2009096_2009,2009096,TRUE,146,RAF_146,Contournement,54.25071,-72.684434,2009,2009-11-06,21:00:00,2009-11-06T21:00:00,310,313,2009_3131,ICE,CONT,LAKE,Detour_Data.xlsx,577,7,-270604.09102212446,1143576.615254704
2009096,2009096_2009,2009096,TRUE,146,RAF_146,Contournement,54.227668,-72.649681,2009,2009-11-06,22:00:00,2009-11-06T22:00:00,310,313,2009_3131,OTHER,CONT,LAKE,Detour_Data.xlsx,578,8,-268506.7338901906,1140903.9304259836
2009096,2009096_2009,2009096,TRUE,146,RAF_146,Contournement,54.236724,-72.605902,2009,2009-11-06,23:00:00,2009-11-06T23:00:00,310,313,2009_3131,OTHER,CONT,LAKE,Detour_Data.xlsx,579,9,-265619.7387325764,1141739.547264229
2009096,2009096_2009,2009096,TRUE,146,RAF_146,Contournement,54.244369,-72.590926,2009,2009-11-07,00:00:00,2009-11-07T00:00:00,311,313,2009_3131,OTHER,CONT,LAKE,Detour_Data.xlsx,580,10,-264603.6997611802,1142527.436483036
2009096,2009096_2009,2009096,TRUE,146,RAF_146,Contournement,54.246625,-72.582246,2009,2009-11-07,01:00:00,2009-11-07T01:00:00,311,313,2009_3131,OTHER,CONT,LAKE,Detour_Data.xlsx,581,11,-264028.66858234524,1142744.2533159899
2009096,2009096_2009,2009096,TRUE,146,RAF_146,Contournement,54.246783,-72.581937,2009,2009-11-07,02:00:00,2009-11-07T02:00:00,311,313,2009_3131,OTHER,CONT,LAKE,Detour_Data.xlsx,582,12,-264007.7096340962,1142760.5435966626
2009096,2009096_2009,2009096,TRUE,146,RAF_146,Contournement,54.246709,-72.578848,2009,2009-11-07,03:00:00,2009-11-07T03:00:00,311,313,2009_3131,OTHER,CONT,LAKE,Detour_Data.xlsx,583,13,-263808.60448818,1142740.9880117741
2009096,2009096_2009,2009096,TRUE,146,RAF_146,Contournement,54.24649,-72.564434,2009,2009-11-07,04:00:00,2009-11-07T04:00:00,311,313,2009_3131,OTHER,CONT,LAKE,Detour_Data.xlsx,584,14,-262878.72502725344,1142663.7839934188
2009096,2009096_2009,2009096,TRUE,146,RAF_146,Contournement,54.225105,-72.542708,2009,2009-11-07,05:00:00,2009-11-07T05:00:00,311,313,2009_3131,OTHER,CONT,LAKE,Detour_Data.xlsx,585,15,-261608.45772497973,1140224.9631348567
2009096,2009096_2009,2009096,TRUE,146,RAF_146,Contournement,54.227083,-72.536062,2009,2009-11-07,06:00:00,2009-11-07T06:00:00,311,313,2009_3131,OTHER,CONT,LAKE,Detour_Data.xlsx,586,16,-261166.5229704446,1140418.902501836
2009096,2009096_2009,2009096,TRUE,146,RAF_146,Contournement,54.230963,-72.541663,2009,2009-11-07,07:00:00,2009-11-07T07:00:00,311,313,2009_3131,OTHER,CONT,LAKE,Detour_Data.xlsx,587,17,-261504.3672282782,1140867.4040314246
2009096,2009096_2009,2009096,TRUE,146,RAF_146,Contournement,54.22559,-72.557816,2009,2009-11-07,08:00:00,2009-11-07T08:00:00,311,313,2009_3131,OTHER,CONT,LAKE,Detour_Data.xlsx,588,18,-262582.03102831304,1140333.8028496404
2009096,2009096_2009,2009096,TRUE,146,RAF_146,Contournement,54.224521,-72.558751,2009,2009-11-07,09:00:00,2009-11-07T09:00:00,311,313,2009_3131,OTHER,CONT,LAKE,Detour_Data.xlsx,589,19,-262649.166197836,1140219.3026931528
2009096,2009096_2009,2009096,TRUE,146,RAF_146,Contournement,54.224556,-72.55876,2009,2009-11-07,10:00:00,2009-11-07T10:00:00,311,313,2009_3131,OTHER,CONT,LAKE,Detour_Data.xlsx,590,20,-262649.5287451969,1140223.1969040749
2009096,2009096_2009,2009096,TRUE,146,RAF_146,Contournement,54.224419,-72.553462,2009,2009-11-07,11:00:00,2009-11-07T11:00:00,311,313,2009_3131,OTHER,CONT,LAKE,Detour_Data.xlsx,591,21,-262307.90983068297,1140188.6503161793
2009096,2009096_2009,2009096,TRUE,146,RAF_146,Contournement,54.223123,-72.537244,2009,2009-11-07,12:00:00,2009-11-07T12:00:00,311,313,2009_3131,OTHER,CONT,LAKE,Detour_Data.xlsx,592,22,-261267.6004271928,1139986.3447197399
2009096,2009096_2009,2009096,TRUE,146,RAF_146,Contournement,54.22811,-72.52023,2009,2009-11-07,13:00:00,2009-11-07T13:00:00,311,313,2009_3131,OTHER,CONT,LAKE,Detour_Data.xlsx,593,23,-260136.7700772986,1140474.536630073
2009096,2009096_2009,2009096,TRUE,146,RAF_146,Contournement,54.228328,-72.52665,2009,2009-11-07,14:00:00,2009-11-07T14:00:00,311,313,2009_3131,OTHER,CONT,LAKE,Detour_Data.xlsx,594,24,-260550.39570276433,1140521.9436566494
2009096,2009096_2009,2009096,TRUE,146,RAF_146,Contournement,54.226128,-72.54613,2009,2009-11-07,15:00:00,2009-11-07T15:00:00,311,313,2009_3131,OTHER,CONT,LAKE,Detour_Data.xlsx,595,25,-261823.27550450646,1140350.3364373946
2009096,2009096_2009,2009096,TRUE,146,RAF_146,Contournement,54.226548,-72.571204,2009,2009-11-07,16:00:00,2009-11-07T16:00:00,311,313,2009_3131,OTHER,CONT,LAKE,Detour_Data.xlsx,596,26,-263441.41850668524,1140488.6946442355
2009096,2009096_2009,2009096,TRUE,146,RAF_146,Contournement,54.225372,-72.57408,2009,2009-11-07,17:00:00,2009-11-07T17:00:00,311,313,2009_3131,OTHER,CONT,LAKE,Detour_Data.xlsx,597,27,-263634.7131043166,1140369.5520106188
2009096,2009096_2009,2009096,TRUE,146,RAF_146,Contournement,54.22219,-72.597324,2009,2009-11-07,18:00:00,2009-11-07T18:00:00,311,313,2009_3131,OTHER,CONT,LAKE,Detour_Data.xlsx,598,28,-265157.3193418259,1140104.4040541095
2009096,2009096_2009,2009096,TRUE,146,RAF_146,Contournement,54.22597,-72.601851,2009,2009-11-07,19:00:00,2009-11-07T19:00:00,311,313,2009_3131,OTHER,CONT,LAKE,Detour_Data.xlsx,599,29,-265426.03387940995,1140538.1803627375
2009096,2009096_2009,2009096,TRUE,146,RAF_146,Contournement,54.240404,-72.59876,2009,2009-11-07,20:00:00,2009-11-07T20:00:00,311,313,2009_3131,OTHER,CONT,LAKE,Detour_Data.xlsx,600,30,-265134.935004207,1142119.0254001962
2009096,2009096_2009,2009096,TRUE,146,RAF_146,Contournement,54.244004,-72.615258,2009,2009-11-07,21:00:00,2009-11-07T21:00:00,311,313,2009_3131,OTHER,CONT,LAKE,Detour_Data.xlsx,601,31,-266178.09695369634,1142577.4097353842
2009096,2009096_2009,2009096,TRUE,146,RAF_146,Contournement,54.24477,-72.620407,2009,2009-11-07,22:00:00,2009-11-07T22:00:00,311,313,2009_3131,OTHER,CONT,LAKE,Detour_Data.xlsx,602,32,-266505.8994363273,1142681.0754541839
2009096,2009096_2009,2009096,TRUE,146,RAF_146,Contournement,54.244763,-72.620438,2009,2009-11-07,23:00:00,2009-11-07T23:00:00,311,313,2009_3131,OTHER,CONT,LAKE,Detour_Data.xlsx,603,33,-266507.9467975836,1142680.4187005633
2009096,2009096_2009,2009096,TRUE,146,RAF_146,Contournement,54.244727,-72.646219,2009,2009-11-08,12:00:00,2009-11-08T12:00:00,312,313,2009_3131,OTHER,CONT,LAKE,Detour_Data.xlsx,604,34,-268173.819231301,1142772.762536362
2009096,2009096_2009,2009096,TRUE,146,RAF_146,Contournement,54.248245,-72.675975,2009,2009-11-08,13:00:00,2009-11-08T13:00:00,312,313,2009_3131,OTHER,CONT,LAKE,Detour_Data.xlsx,605,35,-270073.56178138324,1143272.7449712744
2009096,2009096_2009,2009096,TRUE,146,RAF_146,Contournement,54.24525,-72.761793,2009,2009-11-08,14:00:00,2009-11-08T14:00:00,312,313,2009_3131,OTHER,CONT,LAKE,Detour_Data.xlsx,606,36,-275636.8848960759,1143269.5978343817
2009096,2009096_2009,2009096,TRUE,146,RAF_146,Contournement,54.215764,-72.797212,2009,2009-11-08,15:00:00,2009-11-08T15:00:00,312,313,2009_3131,OTHER,CONT,LAKE,Detour_Data.xlsx,607,37,-278120.4452474352,1140154.339071208
2009096,2009096_2009,2009096,TRUE,147,RAF_147,Contournement,54.081539,-72.851293,2009,2009-11-09,06:00:00,2009-11-09T06:00:00,313,313,2009_3131,OTHER,CONT,RIVER,Detour_Data.xlsx,608,1,-282517.598101227,1125562.3183748745
2009096,2009096_2009,2009096,TRUE,147,RAF_147,Contournement,54.07488,-72.866475,2009,2009-11-09,07:00:00,2009-11-09T07:00:00,313,313,2009_3131,OTHER,CONT,RIVER,Detour_Data.xlsx,609,2,-283546.9688570028,1124887.9801081826
2009096,2009096_2009,2009096,TRUE,147,RAF_147,Contournement,54.066286,-72.915365,2009,2009-11-09,08:00:00,2009-11-09T08:00:00,313,313,2009_3131,OTHER,CONT,RIVER,Detour_Data.xlsx,610,3,-286776.29564469476,1124135.0457910155
2009096,2009096_2009,2009096,TRUE,147,RAF_147,Contournement,54.066501,-72.915537,2009,2009-11-09,09:00:00,2009-11-09T09:00:00,313,313,2009_3131,OTHER,CONT,RIVER,Detour_Data.xlsx,611,4,-286785.9879429946,1124159.4450244685
2009096,2009096_2009,2009096,TRUE,147,RAF_147,Contournement,54.06652,-72.915632,2009,2009-11-09,10:00:00,2009-11-09T10:00:00,313,313,2009_3131,OTHER,CONT,RIVER,Detour_Data.xlsx,612,5,-286792.0208372905,1124161.921049353
2009096,2009096_2009,2009096,TRUE,147,RAF_147,Contournement,54.070573,-72.927184,2009,2009-11-09,11:00:00,2009-11-09T11:00:00,313,313,2009_3131,OTHER,CONT,RIVER,Detour_Data.xlsx,613,6,-287513.6714146482,1124655.2343131856
2009096,2009096_2009,2009096,TRUE,147,RAF_147,Contournement,54.069698,-72.928452,2009,2009-11-09,12:00:00,2009-11-09T12:00:00,313,313,2009_3131,OTHER,CONT,RIVER,Detour_Data.xlsx,614,7,-287601.8927836717,1124563.836620425
2009096,2009096_2009,2009096,TRUE,147,RAF_147,Contournement,54.070122,-72.927592,2009,2009-11-09,13:00:00,2009-11-09T13:00:00,313,313,2009_3131,OTHER,CONT,RIVER,Detour_Data.xlsx,615,8,-287543.21542794775,1124607.1383654214
2009096,2009096_2009,2009096,TRUE,147,RAF_147,Contournement,54.07511,-72.917567,2009,2009-11-09,14:00:00,2009-11-09T14:00:00,313,313,2009_3131,OTHER,CONT,RIVER,Detour_Data.xlsx,616,9,-286858.9849127465,1125116.9723047498
2009096,2009096_2009,2009096,TRUE,147,RAF_147,Contournement,54.080668,-72.935275,2009,2009-11-09,15:01:00,2009-11-09T15:01:00,313,313,2009_3131,OTHER,CONT,RIVER,Detour_Data.xlsx,617,10,-287969.3636811799,1125801.0214328412
2009096,2009096_2009,2009096,TRUE,147,RAF_147,Contournement,54.07242,-72.98541,2009,2009-11-09,16:00:00,2009-11-09T16:00:00,313,313,2009_3131,OTHER,CONT,RIVER,Detour_Data.xlsx,618,11,-291277.3259503461,1125094.383825662
2009096,2009096_2009,2009096,TRUE,148,RAF_148,Traversée sur glace,54.046725,-73.026467,2009,2009-11-09,17:02:00,2009-11-09T17:02:00,313,313,2009_3131,OTHER,TRAV,LAKE,IceCross_Data.xlsx,282,1,-294119.4383980847,1122428.9363410173
2009096,2009096_2009,2009096,TRUE,148,RAF_148,Traversée sur glace,54.025825,-73.068858,2009,2009-11-09,18:01:00,2009-11-09T18:01:00,313,313,2009_3131,OTHER,TRAV,LAKE,IceCross_Data.xlsx,283,2,-297017.51551174035,1120299.4970017557
2009096,2009096_2009,2009096,TRUE,148,RAF_148,Traversée sur glace,53.98492,-73.091628,2009,2009-11-09,19:00:00,2009-11-09T19:00:00,313,313,2009_3131,OTHER,TRAV,LAKE,IceCross_Data.xlsx,284,3,-298785.53585388226,1115884.10572427
2009096,2009096_2009,2009096,TRUE,148,RAF_148,Traversée sur glace,53.954606,-73.15759,2009,2009-11-09,20:01:00,2009-11-09T20:01:00,313,313,2009_3131,OTHER,TRAV,LAKE,IceCross_Data.xlsx,285,4,-303289.6182537648,1112819.3565640368
2009096,2009096_2009,2009096,TRUE,149,RAF_149,Traversée sur glace,53.970155,-73.325594,2009,2009-11-10,11:00:00,2009-11-10T11:00:00,314,313,2009_3131,OTHER,TRAV,LAKE,IceCross_Data.xlsx,286,1,-314097.5256310339,1115258.2377472725
2009096,2009096_2009,2009096,TRUE,149,RAF_149,Traversée sur glace,53.968174,-73.360724,2009,2009-11-10,12:00:00,2009-11-10T12:00:00,314,313,2009_3131,OTHER,TRAV,LAKE,IceCross_Data.xlsx,287,2,-316395.4848233482,1115194.6286973539
2009096,2009096_2009,2009096,TRUE,149,RAF_149,Traversée sur glace,53.951232,-73.410961,2009,2009-11-10,13:00:00,2009-11-10T13:00:00,314,313,2009_3131,OTHER,TRAV,LAKE,IceCross_Data.xlsx,288,3,-319788.7724494057,1113550.4772961596
2009096,2009096_2009,2009096,TRUE,149,RAF_149,Traversée sur glace,53.928395,-73.467066,2009,2009-11-10,14:01:00,2009-11-10T14:01:00,314,313,2009_3131,OTHER,TRAV,LAKE,IceCross_Data.xlsx,289,4,-323611.3365735464,1111285.6008044523
2009096,2009096_2009,2009096,TRUE,150,RAF_150,Traversée sur glace,53.870334,-73.573991,2009,2009-11-10,19:00:00,2009-11-10T19:00:00,314,313,2009_3131,OTHER,TRAV,RIVER,IceCross_Data.xlsx,290,1,-331020.5486971982,1105375.7905632972
2009096,2009096_2009,2009096,TRUE,150,RAF_150,Traversée sur glace,53.85713,-73.587947,2009,2009-11-10,20:00:00,2009-11-10T20:00:00,314,313,2009_3131,OTHER,TRAV,RIVER,IceCross_Data.xlsx,291,2,-332033.1195724256,1103985.3446066917
2009096,2009096_2009,2009096,TRUE,150,RAF_150,Traversée sur glace,53.827617,-73.607875,2009,2009-11-10,21:00:00,2009-11-10T21:00:00,314,313,2009_3131,OTHER,TRAV,RIVER,IceCross_Data.xlsx,292,3,-333563.92932357994,1100825.7226742215
2009096,2009096_2010,2009096,TRUE,151,RAF_151,Contournement,53.474633,-77.277471,2010,2010-01-15,22:00:00,2010-01-15T22:00:00,15,17,2010_0171,OTHER,CONT,LAKE,Detour_Data.xlsx,619,1,-577023.3450201234,1085353.9924507565
2009096,2009096_2010,2009096,TRUE,151,RAF_151,Contournement,53.495616,-77.304762,2010,2010-01-16,05:01:00,2010-01-16T05:01:00,16,17,2010_0171,OTHER,CONT,LAKE,Detour_Data.xlsx,620,2,-578523.9043487639,1087874.7950372903
2009096,2009096_2010,2009096,TRUE,151,RAF_151,Contournement,53.495889,-77.305695,2010,2010-01-16,12:00:00,2010-01-16T12:00:00,16,17,2010_0171,OTHER,CONT,LAKE,Detour_Data.xlsx,621,3,-578581.1965176786,1087912.2677144103
2009096,2009096_2010,2009096,TRUE,151,RAF_151,Contournement,53.542703,-77.421128,2010,2010-01-16,19:00:00,2010-01-16T19:00:00,16,17,2010_0171,OTHER,CONT,LAKE,Detour_Data.xlsx,622,4,-585483.6487060669,1093982.9638503147
2009096,2009096_2010,2009096,TRUE,151,RAF_151,Contournement,53.618676,-77.478693,2010,2010-01-17,02:01:00,2010-01-17T02:01:00,17,17,2010_0171,OTHER,CONT,LAKE,Detour_Data.xlsx,623,5,-588191.5140774084,1102782.192321679
2009096,2009096_2010,2009096,TRUE,152,RAF_152,Traversée sur glace,53.635823,-77.391016,2010,2010-01-17,09:00:00,2010-01-17T09:00:00,17,17,2010_0171,OTHER,TRAV,LAKE,IceCross_Data.xlsx,293,1,-582242.8053034794,1103944.6744021322
2009096,2009096_2010,2009096,TRUE,152,RAF_152,Traversée sur glace,53.714814,-77.308799,2010,2010-01-17,16:00:00,2010-01-17T16:00:00,17,17,2010_0171,ICE,TRAV,LAKE,IceCross_Data.xlsx,294,2,-575814.5656367539,1111939.1271850292
2009096,2009096_2010,2009096,TRUE,152,RAF_152,Traversée sur glace,53.719227,-77.073731,2010,2010-01-17,23:00:00,2010-01-17T23:00:00,17,17,2010_0171,ICE,TRAV,LAKE,IceCross_Data.xlsx,295,3,-560464.9543930263,1110556.772344498
2009096,2009096_2010,2009096,TRUE,152,RAF_152,Traversée sur glace,53.689368,-76.934722,2010,2010-01-18,06:00:00,2010-01-18T06:00:00,18,17,2010_0171,ICE,TRAV,LAKE,IceCross_Data.xlsx,296,4,-551808.3123540672,1106201.074643911
2009096,2009096_2010,2009096,TRUE,152,RAF_152,Traversée sur glace,53.680921,-76.916863,2010,2010-01-18,13:00:00,2010-01-18T13:00:00,18,17,2010_0171,ICE,TRAV,LAKE,IceCross_Data.xlsx,297,5,-550754.8622841104,1105136.7874978902
2009096,2009096_2010,2009096,TRUE,152,RAF_152,Traversée sur glace,53.646428,-76.883584,2010,2010-01-18,20:00:00,2010-01-18T20:00:00,18,17,2010_0171,ICE,TRAV,LAKE,IceCross_Data.xlsx,298,6,-549032.6525686448,1101096.7582206968
2009096,2009096_2010,2009096,TRUE,152,RAF_152,Traversée sur glace,53.562501,-76.819763,2010,2010-01-19,03:01:00,2010-01-19T03:01:00,19,17,2010_0171,OTHER,TRAV,LAKE,IceCross_Data.xlsx,299,7,-545947.4969721971,1091400.0952904061
2009096,2009096_2010,2009096,TRUE,153,RAF_153,Traversée sur glace,53.56571,-75.381407,2010,2010-04-06,10:00:00,2010-04-06T10:00:00,96,97,2010_0971,OTHER,TRAV,LAKE,IceCross_Data.xlsx,300,1,-451849.4369045699,1081724.420382813
2009096,2009096_2010,2009096,TRUE,153,RAF_153,Traversée sur glace,53.646491,-75.397143,2010,2010-04-06,17:00:00,2010-04-06T17:00:00,96,97,2010_0971,OTHER,TRAV,LAKE,IceCross_Data.xlsx,301,2,-452020.7227450985,1090706.3942100678
2009096,2009096_2010,2009096,TRUE,153,RAF_153,Traversée sur glace,53.716565,-75.477885,2010,2010-04-07,00:02:00,2010-04-07T00:02:00,97,97,2010_0971,OTHER,TRAV,LAKE,IceCross_Data.xlsx,302,3,-456541.993356262,1098923.9034459123
2009096,2009096_2010,2009096,TRUE,154,RAF_154,Traversée sur glace,53.718932,-75.47994,2010,2010-04-07,07:00:00,2010-04-07T07:00:00,97,97,2010_0971,OTHER,TRAV,LAKE,IceCross_Data.xlsx,303,1,-456650.5537374826,1099197.2657389108
2009096,2009096_2010,2009096,TRUE,154,RAF_154,Traversée sur glace,53.860627,-75.622971,2010,2010-04-07,14:00:00,2010-04-07T14:00:00,97,97,2010_0971,ICE,TRAV,LAKE,IceCross_Data.xlsx,304,2,-464421.8909365087,1115695.8799511397
2009096,2009096_2010,2009096,TRUE,154,RAF_154,Traversée sur glace,54.02617,-75.822388,2010,2010-04-07,21:01:00,2010-04-07T21:01:00,97,97,2010_0971,OTHER,TRAV,LAKE,IceCross_Data.xlsx,305,3,-475510.9702962731,1135202.2301682204
2009096,2009096_2010,2009096,TRUE,155,RAF_155,Contournement,56.299278,-74.232836,2010,2010-11-24,13:00:00,2010-11-24T13:00:00,328,329,2010_3291,OTHER,CONT,LAKE,Detour_Data.xlsx,624,1,-352424.51406908804,1376314.5151691085
2009096,2009096_2010,2009096,TRUE,155,RAF_155,Contournement,56.279311,-74.219756,2010,2010-11-24,14:00:00,2010-11-24T14:00:00,328,329,2010_3291,OTHER,CONT,LAKE,Detour_Data.xlsx,625,2,-351798.594696379,1374047.2408933972
2009096,2009096_2010,2009096,TRUE,155,RAF_155,Contournement,56.255294,-74.208251,2010,2010-11-24,15:00:00,2010-11-24T15:00:00,328,329,2010_3291,OTHER,CONT,LAKE,Detour_Data.xlsx,626,3,-351304.28748246946,1371341.0089248167
2009096,2009096_2010,2009096,TRUE,155,RAF_155,Contournement,56.232732,-74.216166,2010,2010-11-24,16:00:00,2010-11-24T16:00:00,328,329,2010_3291,OTHER,CONT,LAKE,Detour_Data.xlsx,627,4,-351989.6192225977,1368890.777312735
2009096,2009096_2010,2009096,TRUE,155,RAF_155,Contournement,56.204733,-74.20906,2010,2010-11-24,17:00:00,2010-11-24T17:00:00,328,329,2010_3291,OTHER,CONT,LAKE,Detour_Data.xlsx,628,5,-351799.9308360135,1365766.9661226848
2009096,2009096_2010,2009096,TRUE,155,RAF_155,Contournement,56.183258,-74.207288,2010,2010-11-24,18:00:00,2010-11-24T18:00:00,328,329,2010_3291,OTHER,CONT,LAKE,Detour_Data.xlsx,629,6,-351880.31801085995,1363389.1715086768
2009096,2009096_2010,2009096,TRUE,155,RAF_155,Contournement,56.176596,-74.206273,2010,2010-11-24,19:00:00,2010-11-24T19:00:00,328,329,2010_3291,OTHER,CONT,LAKE,Detour_Data.xlsx,630,7,-351876.59992981143,1362649.2513226264
2009096,2009096_2010,2009096,TRUE,155,RAF_155,Contournement,56.176478,-74.206153,2010,2010-11-24,20:00:00,2010-11-24T20:00:00,328,329,2010_3291,OTHER,CONT,LAKE,Detour_Data.xlsx,631,8,-351870.25603381,1362635.6439432336
2009096,2009096_2010,2009096,TRUE,155,RAF_155,Contournement,56.171214,-74.199014,2010,2010-11-24,21:00:00,2010-11-24T21:00:00,328,329,2010_3291,OTHER,CONT,LAKE,Detour_Data.xlsx,632,9,-351477.3062288413,1362019.8547354103
2009096,2009096_2010,2009096,TRUE,155,RAF_155,Contournement,56.143943,-74.186321,2010,2010-11-24,22:01:00,2010-11-24T22:01:00,328,329,2010_3291,OTHER,CONT,LAKE,Detour_Data.xlsx,633,10,-350935.6982033201,1358949.1420194695
2009096,2009096_2010,2009096,TRUE,155,RAF_155,Contournement,56.14646,-74.175028,2010,2010-11-24,23:00:00,2010-11-24T23:00:00,328,329,2010_3291,OTHER,CONT,LAKE,Detour_Data.xlsx,634,11,-350218.1387147122,1359171.4812922205
2009096,2009096_2010,2009096,TRUE,155,RAF_155,Contournement,56.147643,-74.175964,2010,2010-11-25,00:00:00,2010-11-25T00:00:00,329,329,2010_3291,OTHER,CONT,LAKE,Detour_Data.xlsx,635,12,-350265.4070693597,1359306.5667915943
2009096,2009096_2010,2009096,TRUE,155,RAF_155,Contournement,56.148068,-74.176422,2010,2010-11-25,01:00:00,2010-11-25T01:00:00,329,329,2010_3291,OTHER,CONT,LAKE,Detour_Data.xlsx,636,13,-350289.88420079916,1359355.6931427384
2009096,2009096_2010,2009096,TRUE,155,RAF_155,Contournement,56.148479,-74.177787,2010,2010-11-25,02:00:00,2010-11-25T02:00:00,329,329,2010_3291,OTHER,CONT,LAKE,Detour_Data.xlsx,637,14,-350370.3360506553,1359407.715692783
2009096,2009096_2010,2009096,TRUE,155,RAF_155,Contournement,56.148318,-74.178189,2010,2010-11-25,03:01:00,2010-11-25T03:01:00,329,329,2010_3291,OTHER,CONT,LAKE,Detour_Data.xlsx,638,15,-350396.50323906576,1359391.923101814
2009096,2009096_2010,2009096,TRUE,155,RAF_155,Contournement,56.148251,-74.179561,2010,2010-11-25,04:00:00,2010-11-25T04:00:00,329,329,2010_3291,OTHER,CONT,LAKE,Detour_Data.xlsx,639,16,-350481.5782900048,1359391.2507834337
2009096,2009096_2010,2009096,TRUE,155,RAF_155,Contournement,56.130941,-74.181418,2010,2010-11-25,05:00:00,2010-11-25T05:00:00,329,329,2010_3291,ICE,CONT,LAKE,Detour_Data.xlsx,640,17,-350747.8571670896,1357490.7976796383
2009096,2009096_2010,2009096,TRUE,155,RAF_155,Contournement,56.133368,-74.174104,2010,2010-11-25,06:00:00,2010-11-25T06:00:00,329,329,2010_3291,WATER,CONT,LAKE,Detour_Data.xlsx,641,18,-350275.9939338203,1357722.7056015546
2009096,2009096_2010,2009096,TRUE,155,RAF_155,Contournement,56.144187,-74.157811,2010,2010-11-25,07:00:00,2010-11-25T07:00:00,329,329,2010_3291,OTHER,CONT,LAKE,Detour_Data.xlsx,642,19,-349177.72594125336,1358836.5943139677
2009096,2009096_2010,2009096,TRUE,155,RAF_155,Contournement,56.144238,-74.15585,2010,2010-11-25,08:00:00,2010-11-25T08:00:00,329,329,2010_3291,OTHER,CONT,LAKE,Detour_Data.xlsx,643,20,-349056.50732163445,1358832.6535000626
2009096,2009096_2010,2009096,TRUE,155,RAF_155,Contournement,56.144047,-74.155172,2010,2010-11-25,09:00:00,2010-11-25T09:00:00,329,329,2010_3291,OTHER,CONT,LAKE,Detour_Data.xlsx,644,21,-349016.4196547989,1358808.2756906208
2009096,2009096_2010,2009096,TRUE,155,RAF_155,Contournement,56.144059,-74.155172,2010,2010-11-25,10:00:00,2010-11-25T10:00:00,329,329,2010_3291,OTHER,CONT,LAKE,Detour_Data.xlsx,645,22,-349016.3148187795,1358809.5995135356
2009096,2009096_2010,2009096,TRUE,155,RAF_155,Contournement,56.144059,-74.155193,2010,2010-11-25,11:00:00,2010-11-25T11:00:00,329,329,2010_3291,OTHER,CONT,LAKE,Detour_Data.xlsx,646,23,-349017.60816198593,1358809.7019360005
2009096,2009096_2010,2009096,TRUE,155,RAF_155,Contournement,56.144084,-74.155222,2010,2010-11-25,12:00:00,2010-11-25T12:00:00,329,329,2010_3291,OTHER,CONT,LAKE,Detour_Data.xlsx,647,24,-349019.17579701217,1358812.601341481
2009096,2009096_2010,2009096,TRUE,155,RAF_155,Contournement,56.143993,-74.155033,2010,2010-11-25,13:00:00,2010-11-25T13:00:00,329,329,2010_3291,OTHER,CONT,LAKE,Detour_Data.xlsx,648,25,-349008.3307016955,1358801.640556994
2009096,2009096_2010,2009096,TRUE,155,RAF_155,Contournement,56.143958,-74.153681,2010,2010-11-25,14:00:00,2010-11-25T14:00:00,329,329,2010_3291,OTHER,CONT,LAKE,Detour_Data.xlsx,649,26,-348925.36951190856,1358791.1862945852
2009096,2009096_2010,2009096,TRUE,155,RAF_155,Contournement,56.143919,-74.152738,2010,2010-11-25,15:00:00,2010-11-25T15:00:00,329,329,2010_3291,OTHER,CONT,LAKE,Detour_Data.xlsx,650,27,-348867.6325402109,1358782.2861922937
2009096,2009096_2010,2009096,TRUE,155,RAF_155,Contournement,56.143863,-74.152775,2010,2010-11-25,16:00:00,2010-11-25T16:00:00,329,329,2010_3291,OTHER,CONT,LAKE,Detour_Data.xlsx,651,28,-348870.40032960376,1358776.2887187416
2009096,2009096_2010,2009096,TRUE,155,RAF_155,Contournement,56.143716,-74.152644,2010,2010-11-25,17:00:00,2010-11-25T17:00:00,329,329,2010_3291,OTHER,CONT,LAKE,Detour_Data.xlsx,652,29,-348863.6159378211,1358759.4332019384
2009096,2009096_2010,2009096,TRUE,155,RAF_155,Contournement,56.143771,-74.152464,2010,2010-11-25,18:00:00,2010-11-25T18:00:00,329,329,2010_3291,OTHER,CONT,LAKE,Detour_Data.xlsx,653,30,-348852.04974283505,1358764.623232577
2009096,2009096_2010,2009096,TRUE,155,RAF_155,Contournement,56.144609,-74.151354,2010,2010-11-25,19:00:00,2010-11-25T19:00:00,329,329,2010_3291,OTHER,CONT,LAKE,Detour_Data.xlsx,654,31,-348776.37045840203,1358851.6599331645
2009096,2009096_2010,2009096,TRUE,155,RAF_155,Contournement,56.14619,-74.110168,2010,2010-11-25,20:00:00,2010-11-25T20:00:00,329,329,2010_3291,OTHER,CONT,LAKE,Detour_Data.xlsx,655,32,-346226.08056824416,1358826.0760956674
2009096,2009096_2010,2009096,TRUE,155,RAF_155,Contournement,56.156165,-74.036609,2010,2010-11-25,21:00:00,2010-11-25T21:00:00,329,329,2010_3291,OTHER,CONT,LAKE,Detour_Data.xlsx,656,33,-341610.25816459925,1359573.086305837
2009096,2009096_2010,2009096,TRUE,155,RAF_155,Contournement,56.133282,-73.98389,2010,2010-11-25,22:00:00,2010-11-25T22:00:00,329,329,2010_3291,OTHER,CONT,LAKE,Detour_Data.xlsx,657,34,-338557.75326992467,1356797.7213025133
2009096,2009096_2010,2009096,TRUE,155,RAF_155,Contournement,56.12801,-73.970347,2010,2010-11-25,23:00:00,2010-11-25T23:00:00,329,329,2010_3291,OTHER,CONT,LAKE,Detour_Data.xlsx,658,35,-337767.83825491817,1356152.018933905
2009096,2009096_2010,2009096,TRUE,155,RAF_155,Contournement,56.106427,-73.917728,2010,2010-11-26,00:01:00,2010-11-26T00:01:00,330,329,2010_3291,OTHER,CONT,LAKE,Detour_Data.xlsx,659,36,-334705.7556603439,1353523.2974295123
2009096,2009096_2010,2009096,TRUE,155,RAF_155,Contournement,56.065809,-73.891795,2010,2010-11-26,01:00:00,2010-11-26T01:00:00,330,329,2010_3291,OTHER,CONT,LAKE,Detour_Data.xlsx,660,37,-333444.9990823601,1348920.3773411943
2009096,2009096_2010,2009096,TRUE,155,RAF_155,Contournement,56.026781,-73.888949,2010,2010-11-26,02:00:00,2010-11-26T02:00:00,330,329,2010_3291,OTHER,CONT,LAKE,Detour_Data.xlsx,661,38,-333594.2341539373,1344600.8210617055
2009096,2009096_2010,2009096,TRUE,155,RAF_155,Contournement,56.003021,-73.885414,2010,2010-11-26,03:00:00,2010-11-26T03:00:00,330,329,2010_3291,OTHER,CONT,LAKE,Detour_Data.xlsx,662,39,-333573.48459982895,1341962.7771764095
2009096,2009096_2010,2009096,TRUE,156,RAF_156,Contournement,53.916394,-74.625756,2010,2010-12-10,13:00:00,2010-12-10T13:00:00,344,345,2010_3451,OTHER,CONT,LAKE,Detour_Data.xlsx,663,1,-399047.9943147536,1115814.364223665
2009096,2009096_2010,2009096,TRUE,156,RAF_156,Contournement,53.915879,-74.63898,2010,2010-12-10,14:00:00,2010-12-10T14:00:00,344,345,2010_3451,OTHER,CONT,LAKE,Detour_Data.xlsx,664,2,-399912.2039106281,1115831.4969639007
2009096,2009096_2010,2009096,TRUE,156,RAF_156,Contournement,53.917375,-74.652634,2010,2010-12-10,15:00:00,2010-12-10T15:00:00,344,345,2010_3451,OTHER,CONT,LAKE,Detour_Data.xlsx,665,3,-400785.28429629677,1116072.5576219659
2009096,2009096_2010,2009096,TRUE,156,RAF_156,Contournement,53.920328,-74.671238,2010,2010-12-10,16:00:00,2010-12-10T16:00:00,344,345,2010_3451,OTHER,CONT,LAKE,Detour_Data.xlsx,666,4,-401966.0549763312,1116501.9516910897
2009096,2009096_2010,2009096,TRUE,156,RAF_156,Contournement,53.924924,-74.697631,2010,2010-12-10,17:00:00,2010-12-10T17:00:00,344,345,2010_3451,OTHER,CONT,LAKE,Detour_Data.xlsx,667,5,-403636.960009626,1117156.3965001516
2009096,2009096_2010,2009096,TRUE,156,RAF_156,Contournement,53.922683,-74.75034,2010,2010-12-10,18:00:00,2010-12-10T18:00:00,344,345,2010_3451,OTHER,CONT,LAKE,Detour_Data.xlsx,668,6,-407082.6727919696,1117208.317068453
2009096,2009096_2010,2009096,TRUE,156,RAF_156,Contournement,53.937127,-74.790675,2010,2010-12-10,19:01:00,2010-12-10T19:01:00,344,345,2010_3451,OTHER,CONT,LAKE,Detour_Data.xlsx,669,7,-409562.8263934514,1119028.1598527485
2009096,2009096_2010,2009096,TRUE,156,RAF_156,Contournement,53.934066,-74.830637,2010,2010-12-10,20:01:00,2010-12-10T20:01:00,344,345,2010_3451,OTHER,CONT,LAKE,Detour_Data.xlsx,670,8,-412187.71574185515,1118920.7347308556
2009096,2009096_2010,2009096,TRUE,156,RAF_156,Contournement,53.922799,-74.860146,2010,2010-12-10,21:00:00,2010-12-10T21:00:00,344,345,2010_3451,OTHER,CONT,LAKE,Detour_Data.xlsx,671,9,-414214.4875358311,1117851.207114301
2009096,2009096_2010,2009096,TRUE,157,RAF_157,Contournement,53.91464,-74.982049,2010,2010-12-11,12:00:00,2010-12-11T12:00:00,345,345,2010_3451,OTHER,CONT,LAKE,Detour_Data.xlsx,672,1,-422213.63233214436,1117665.8387927848
2009096,2009096_2010,2009096,TRUE,157,RAF_157,Contournement,53.917447,-75.030406,2010,2010-12-11,13:00:00,2010-12-11T13:00:00,345,345,2010_3451,OTHER,CONT,LAKE,Detour_Data.xlsx,673,2,-425326.4276194602,1118261.0457391306
2009096,2009096_2010,2009096,TRUE,157,RAF_157,Contournement,53.929859,-75.066001,2010,2010-12-11,14:00:00,2010-12-11T14:00:00,345,345,2010_3451,OTHER,CONT,LAKE,Detour_Data.xlsx,674,3,-427512.5958553591,1119838.7245779797
2009096,2009096_2010,2009096,TRUE,157,RAF_157,Contournement,53.947619,-75.108274,2010,2010-12-11,15:00:00,2010-12-11T15:00:00,345,345,2010_3451,OTHER,CONT,LAKE,Detour_Data.xlsx,675,4,-430076.2475294138,1122045.9021296361
2009096,2009096_2011,2009096,TRUE,158,RAF_158,Contournement,55.049074,-73.397667,2011,2011-11-14,23:01:00,2011-11-14T23:01:00,318,321,2011_3211,OTHER,CONT,LAKE,Detour_Data.xlsx,676,1,-310627.09587228,1234534.9225082851
2009096,2009096_2011,2009096,TRUE,158,RAF_158,Contournement,55.038189,-73.416778,2011,2011-11-15,00:01:00,2011-11-15T00:01:00,319,321,2011_3211,ICE,CONT,LAKE,Detour_Data.xlsx,677,2,-311919.8939599508,1233417.5169242152
2009096,2009096_2011,2009096,TRUE,158,RAF_158,Contournement,55.038069,-73.417004,2011,2011-11-15,01:00:00,2011-11-15T01:00:00,319,321,2011_3211,ICE,CONT,LAKE,Detour_Data.xlsx,678,3,-311935.11963380716,1233405.2671135238
2009096,2009096_2011,2009096,TRUE,158,RAF_158,Contournement,55.041035,-73.419812,2011,2011-11-15,02:00:00,2011-11-15T02:00:00,319,321,2011_3211,OTHER,CONT,LAKE,Detour_Data.xlsx,679,4,-312090.45322434435,1233744.6337949072
2009096,2009096_2011,2009096,TRUE,158,RAF_158,Contournement,55.04485,-73.423548,2011,2011-11-15,03:01:00,2011-11-15T03:01:00,319,321,2011_3211,OTHER,CONT,LAKE,Detour_Data.xlsx,680,5,-312298.07880147913,1234181.6930385998
2009096,2009096_2011,2009096,TRUE,158,RAF_158,Contournement,55.044993,-73.425159,2011,2011-11-15,04:00:00,2011-11-15T04:00:00,319,321,2011_3211,OTHER,CONT,LAKE,Detour_Data.xlsx,681,6,-312399.01511214767,1234204.4964030068
2009096,2009096_2011,2009096,TRUE,158,RAF_158,Contournement,55.051308,-73.429486,2011,2011-11-15,05:00:00,2011-11-15T05:00:00,319,321,2011_3211,OTHER,CONT,LAKE,Detour_Data.xlsx,682,7,-312624.9851689687,1234919.879657744
2009096,2009096_2011,2009096,TRUE,158,RAF_158,Contournement,55.051552,-73.427755,2011,2011-11-15,06:00:00,2011-11-15T06:00:00,319,321,2011_3211,OTHER,CONT,LAKE,Detour_Data.xlsx,683,8,-312513.52373933455,1234939.229769139
2009096,2009096_2011,2009096,TRUE,158,RAF_158,Contournement,55.057067,-73.464761,2011,2011-11-15,07:00:00,2011-11-15T07:00:00,319,321,2011_3211,OTHER,CONT,LAKE,Detour_Data.xlsx,684,9,-314814.38977816567,1235709.6811801512
2009096,2009096_2011,2009096,TRUE,158,RAF_158,Contournement,55.058321,-73.515709,2011,2011-11-15,08:00:00,2011-11-15T08:00:00,319,321,2011_3211,OTHER,CONT,LAKE,Detour_Data.xlsx,685,10,-318030.0169129802,1236073.2589003248
2009096,2009096_2011,2009096,TRUE,158,RAF_158,Contournement,55.04868,-73.530793,2011,2011-11-15,09:00:00,2011-11-15T09:00:00,319,321,2011_3211,OTHER,CONT,LAKE,Detour_Data.xlsx,686,11,-319059.7400853648,1235077.1853375686
2009096,2009096_2012,2009096,TRUE,159,RAF_159,Contournement,56.362239,-74.518113,2012,2012-10-19,14:00:00,2012-10-19T14:00:00,293,297,2012_2971,OTHER,CONT,LAKE,Detour_Data.xlsx,687,1,-369336.0663173481,1384698.694357495
2009096,2009096_2012,2009096,TRUE,159,RAF_159,Contournement,56.346537,-74.594728,2012,2012-10-19,18:00:00,2012-10-19T18:00:00,293,297,2012_2971,OTHER,CONT,LAKE,Detour_Data.xlsx,688,2,-374174.533537686,1383364.8732413447
2009096,2009096_2012,2009096,TRUE,159,RAF_159,Contournement,56.336675,-74.636528,2012,2012-10-19,20:01:00,2012-10-19T20:01:00,293,297,2012_2971,WATER,CONT,LAKE,Detour_Data.xlsx,689,3,-376827.98991435877,1382496.5860121837
2009096,2009096_2012,2009096,TRUE,159,RAF_159,Contournement,56.339215,-74.64836,2012,2012-10-19,22:01:00,2012-10-19T22:01:00,293,297,2012_2971,OTHER,CONT,LAKE,Detour_Data.xlsx,690,4,-377528.6485917429,1382839.0627629366
2009096,2009096_2012,2009096,TRUE,160,RAF_160,Contournement,56.291992,-74.840768,2012,2012-11-08,18:00:00,2012-11-08T18:00:00,313,313,2012_3131,OTHER,CONT,LAKE,Detour_Data.xlsx,691,1,-389775.17700259987,1378663.6061514674
2009096,2009096_2012,2009096,TRUE,160,RAF_160,Contournement,56.273105,-74.832272,2012,2012-11-08,20:00:00,2012-11-08T20:00:00,313,313,2012_3131,OTHER,CONT,LAKE,Detour_Data.xlsx,692,2,-389439.020623128,1376535.1064684014
2009096,2009096_2012,2009096,TRUE,160,RAF_160,Contournement,56.2404,-74.867327,2012,2012-11-08,22:00:00,2012-11-08T22:00:00,313,313,2012_3131,OTHER,CONT,LAKE,Detour_Data.xlsx,693,3,-391910.90339461993,1373121.0081142138
2009096,2009096_2012,2009096,TRUE,160,RAF_160,Contournement,56.194204,-74.872013,2012,2012-11-09,00:00:00,2012-11-09T00:00:00,314,313,2012_3131,OTHER,CONT,LAKE,Detour_Data.xlsx,694,4,-392653.216273461,1368054.2901670819
2009096,2009096_2012,2009096,TRUE,160,RAF_160,Contournement,56.185456,-74.868143,2012,2012-11-09,02:00:00,2012-11-09T02:00:00,314,313,2012_3131,OTHER,CONT,LAKE,Detour_Data.xlsx,695,5,-392501.4120282014,1367068.7555502993
2009097,2009097_2009,2009097,TRUE,161,RAF_161,Traversée sur glace,53.713145,-74.012532,2009,2009-10-28,20:01:00,2009-10-28T20:01:00,301,305,2009_3051,OTHER,TRAV,RIVER,IceCross_Data.xlsx,306,1,-360912.4619030488,1090177.5973005898
2009097,2009097_2009,2009097,TRUE,161,RAF_161,Traversée sur glace,53.702416,-74.053388,2009,2009-10-28,21:01:00,2009-10-28T21:01:00,301,305,2009_3051,OTHER,TRAV,RIVER,IceCross_Data.xlsx,307,2,-363673.894369036,1089202.708464047
2009097,2009097_2009,2009097,TRUE,161,RAF_161,Traversée sur glace,53.679843,-74.049783,2009,2009-10-28,22:00:00,2009-10-28T22:00:00,301,305,2009_3051,OTHER,TRAV,RIVER,IceCross_Data.xlsx,308,3,-363631.4922496351,1086698.1737946928
2009097,2009097_2009,2009097,TRUE,162,RAF_162,Contournement,52.742572,-76.301208,2009,2009-12-27,09:02:00,2009-12-27T09:02:00,361,361,2009_3611,OTHER,CONT,LAKE,Detour_Data.xlsx,696,1,-521913.0465128935,997534.874394945
2009097,2009097_2009,2009097,TRUE,162,RAF_162,Contournement,52.728066,-76.364465,2009,2009-12-27,16:00:00,2009-12-27T16:00:00,361,361,2009_3611,OTHER,CONT,LAKE,Detour_Data.xlsx,697,2,-526303.7904687851,996405.501024481
2009097,2009097_2009,2009097,TRUE,162,RAF_162,Contournement,52.713218,-76.404462,2009,2009-12-27,23:00:00,2009-12-27T23:00:00,361,361,2009_3611,OTHER,CONT,LAKE,Detour_Data.xlsx,698,3,-529150.3810528382,995070.3740644355
2009097,2009097_2009,2009097,TRUE,162,RAF_162,Contournement,52.701459,-76.417336,2009,2009-12-28,06:00:00,2009-12-28T06:00:00,362,361,2009_3611,OTHER,CONT,LAKE,Detour_Data.xlsx,699,4,-530152.1011532278,993874.75131017
2009097,2009097_2009,2009097,TRUE,162,RAF_162,Contournement,52.701373,-76.41665,2009,2009-12-28,13:01:00,2009-12-28T13:01:00,362,361,2009_3611,OTHER,CONT,LAKE,Detour_Data.xlsx,700,5,-530107.4022614248,993860.2282606366
2009097,2009097_2009,2009097,TRUE,162,RAF_162,Contournement,52.680602,-76.562991,2009,2009-12-28,20:00:00,2009-12-28T20:00:00,362,361,2009_3611,OTHER,CONT,LAKE,Detour_Data.xlsx,701,6,-540123.3857695647,992674.5730375821
2009097,2009097_2009,2009097,TRUE,162,RAF_162,Contournement,52.679572,-76.576123,2009,2009-12-29,03:00:00,2009-12-29T03:00:00,363,361,2009_3611,OTHER,CONT,LAKE,Detour_Data.xlsx,702,7,-541012.149253606,992660.7269392424
2009098,2009098_2009,2009098,TRUE,163,RAF_163,Contournement,53.750573,-73.911135,2009,2009-10-28,11:00:00,2009-10-28T11:00:00,301,305,2009_3051,OTHER,CONT,RIVER,Detour_Data.xlsx,703,1,-353974.28231215116,1093793.9331313316
2009098,2009098_2009,2009098,TRUE,163,RAF_163,Contournement,53.733272,-73.920793,2009,2009-10-28,12:00:00,2009-10-28T12:00:00,301,305,2009_3051,OTHER,CONT,RIVER,Detour_Data.xlsx,704,2,-354749.50938620564,1091935.8990336384
2009098,2009098_2009,2009098,TRUE,163,RAF_163,Contournement,53.719364,-73.967902,2009,2009-10-28,13:01:00,2009-10-28T13:01:00,301,305,2009_3051,OTHER,CONT,RIVER,Detour_Data.xlsx,705,3,-357943.74573562865,1090638.4504860607
2009098,2009098_2009,2009098,TRUE,163,RAF_163,Contournement,53.719578,-74.007119,2009,2009-10-28,14:00:00,2009-10-28T14:00:00,301,305,2009_3051,OTHER,CONT,RIVER,Detour_Data.xlsx,706,4,-360504.1275620886,1090858.8877692008
2009098,2009098_2009,2009098,TRUE,163,RAF_163,Contournement,53.718712,-74.019661,2009,2009-10-28,15:00:00,2009-10-28T15:00:00,301,305,2009_3051,OTHER,CONT,RIVER,Detour_Data.xlsx,707,5,-361330.8904403542,1090826.7571268776
2009098,2009098_2009,2009098,TRUE,163,RAF_163,Contournement,53.717901,-74.023699,2009,2009-10-28,16:00:00,2009-10-28T16:00:00,301,305,2009_3051,OTHER,CONT,RIVER,Detour_Data.xlsx,708,6,-361601.611985172,1090757.8258891383
2009098,2009098_2009,2009098,TRUE,163,RAF_163,Contournement,53.717068,-74.029041,2009,2009-10-28,17:00:00,2009-10-28T17:00:00,301,305,2009_3051,OTHER,CONT,RIVER,Detour_Data.xlsx,709,7,-361957.7262707081,1090693.0821382839
2009098,2009098_2009,2009098,TRUE,163,RAF_163,Contournement,53.716727,-74.031137,2009,2009-10-28,18:01:00,2009-10-28T18:01:00,301,305,2009_3051,OTHER,CONT,RIVER,Detour_Data.xlsx,710,8,-362097.5761301534,1090666.1266595055
2009098,2009098_2009,2009098,TRUE,163,RAF_163,Contournement,53.713612,-74.03914,2009,2009-10-28,19:00:00,2009-10-28T19:00:00,301,305,2009_3051,OTHER,CONT,RIVER,Detour_Data.xlsx,711,9,-362647.05968418444,1090363.5546991806
2009098,2009098_2009,2009098,TRUE,163,RAF_163,Contournement,53.702642,-74.069018,2009,2009-10-28,20:01:00,2009-10-28T20:01:00,301,305,2009_3051,OTHER,CONT,RIVER,Detour_Data.xlsx,712,10,-364693.4485087051,1089307.1444415124
2009098,2009098_2009,2009098,TRUE,164,RAF_164,Traversée sur glace,53.700369,-74.101671,2009,2009-10-28,21:01:00,2009-10-28T21:01:00,301,305,2009_3051,WATER,TRAV,RIVER,IceCross_Data.xlsx,309,1,-366847.046942628,1089223.7038528963
2009098,2009098_2009,2009098,TRUE,164,RAF_164,Traversée sur glace,53.683658,-74.148469,2009,2009-10-28,22:00:00,2009-10-28T22:00:00,301,305,2009_3051,OTHER,TRAV,RIVER,IceCross_Data.xlsx,310,2,-370051.0225953067,1087624.2373635154
2009098,2009098_2009,2009098,TRUE,164,RAF_164,Traversée sur glace,53.655861,-74.15815,2009,2009-10-28,23:00:00,2009-10-28T23:00:00,301,305,2009_3051,OTHER,TRAV,RIVER,IceCross_Data.xlsx,311,3,-370926.4891631458,1084613.1291466095
2009098,2009098_2009,2009098,TRUE,165,RAF_165,Traversée sur glace,53.204828,-76.564816,2009,2009-12-29,17:01:00,2009-12-29T17:01:00,363,361,2009_3611,OTHER,TRAV,LAKE,IceCross_Data.xlsx,312,1,-533733.1158396355,1050225.2809660358
2009098,2009098_2009,2009098,TRUE,165,RAF_165,Traversée sur glace,53.200559,-76.762582,2009,2009-12-30,00:00:00,2009-12-30T00:00:00,364,361,2009_3611,OTHER,TRAV,LAKE,IceCross_Data.xlsx,313,2,-546818.1699715272,1051249.9183179154
2009098,2009098_2009,2009098,TRUE,165,RAF_165,Traversée sur glace,53.219161,-76.924551,2009,2009-12-30,07:00:00,2009-12-30T07:00:00,364,361,2009_3611,OTHER,TRAV,LAKE,IceCross_Data.xlsx,314,3,-557246.8557429087,1054540.2211154331
2009098,2009098_2010,2009098,TRUE,166,RAF_166,Traversée sur glace,53.641162,-77.558001,2010,2010-01-05,17:00:00,2010-01-05T17:00:00,5,9,2010_0091,OTHER,TRAV,LAKE,IceCross_Data.xlsx,315,1,-593045.7123338211,1105901.1156961003
2009098,2009098_2010,2009098,TRUE,166,RAF_166,Traversée sur glace,53.745137,-77.479602,2010,2010-01-06,00:00:00,2010-01-06T00:00:00,6,9,2010_0091,OTHER,TRAV,LAKE,IceCross_Data.xlsx,316,2,-586502.2755846219,1116650.3522825064
2009098,2009098_2010,2009098,TRUE,166,RAF_166,Traversée sur glace,53.750241,-77.420287,2010,2010-01-06,07:00:00,2010-01-06T07:00:00,6,9,2010_0091,ICE,TRAV,LAKE,IceCross_Data.xlsx,317,3,-582578.1671632166,1116725.2982981582
2009098,2009098_2010,2009098,TRUE,166,RAF_166,Traversée sur glace,53.74715,-77.416828,2010,2010-01-06,14:00:00,2010-01-06T14:00:00,6,9,2010_0091,OTHER,TRAV,LAKE,IceCross_Data.xlsx,318,4,-582395.8732097674,1116358.3115858636
2009098,2009098_2010,2009098,TRUE,166,RAF_166,Traversée sur glace,53.729776,-77.41607,2010,2010-01-06,21:00:00,2010-01-06T21:00:00,6,9,2010_0091,OTHER,TRAV,LAKE,IceCross_Data.xlsx,319,5,-582585.1513412987,1114447.6279178837
2009098,2009098_2010,2009098,TRUE,167,RAF_167,Traversée sur glace,53.698838,-77.367259,2010,2010-01-07,11:00:00,2010-01-07T11:00:00,7,9,2010_0091,ICE,TRAV,LAKE,IceCross_Data.xlsx,320,1,-579834.6113820932,1110659.6850802272
2009098,2009098_2010,2009098,TRUE,167,RAF_167,Traversée sur glace,53.68424,-77.370988,2010,2010-01-07,18:00:00,2010-01-07T18:00:00,7,9,2010_0091,ICE,TRAV,LAKE,IceCross_Data.xlsx,321,2,-580276.6090966761,1109089.591817424
2009098,2009098_2010,2009098,TRUE,167,RAF_167,Traversée sur glace,53.638823,-77.384111,2010,2010-01-08,01:00:00,2010-01-08T01:00:00,8,9,2010_0091,OTHER,TRAV,LAKE,IceCross_Data.xlsx,322,3,-581751.9073122587,1104217.3778855617
2009098,2009098_2010,2009098,TRUE,168,RAF_168,Traversée sur glace,53.667776,-77.507183,2010,2010-01-10,09:00:00,2010-01-10T09:00:00,10,9,2010_0091,OTHER,TRAV,LAKE,IceCross_Data.xlsx,323,1,-589367.1027166614,1108397.9875190265
2009098,2009098_2010,2009098,TRUE,168,RAF_168,Traversée sur glace,53.702671,-77.533035,2010,2010-01-10,16:00:00,2010-01-10T16:00:00,10,9,2010_0091,OTHER,TRAV,LAKE,IceCross_Data.xlsx,324,2,-590564.3747376007,1112435.4971898263
2009098,2009098_2010,2009098,TRUE,168,RAF_168,Traversée sur glace,53.753028,-77.499805,2010,2010-01-10,23:00:00,2010-01-10T23:00:00,10,9,2010_0091,OTHER,TRAV,LAKE,IceCross_Data.xlsx,325,3,-587705.5278983717,1117680.9969784734
2009098,2009098_2010,2009098,TRUE,169,RAF_169,Traversée sur glace,53.70607,-77.545999,2010,2010-01-11,20:00:00,2010-01-11T20:00:00,11,9,2010_0091,OTHER,TRAV,LAKE,IceCross_Data.xlsx,326,1,-591360.0814832234,1112915.06605951
2009098,2009098_2010,2009098,TRUE,169,RAF_169,Traversée sur glace,53.688332,-77.487282,2010,2010-01-12,03:00:00,2010-01-12T03:00:00,12,9,2010_0091,OTHER,TRAV,LAKE,IceCross_Data.xlsx,327,2,-587787.329103468,1110487.258703335
2009098,2009098_2010,2009098,TRUE,169,RAF_169,Traversée sur glace,53.74329,-77.425806,2010,2010-01-12,10:00:00,2010-01-12T10:00:00,12,9,2010_0091,ICE,TRAV,LAKE,IceCross_Data.xlsx,328,3,-583032.2739645588,1116008.2943529824
2009098,2009098_2010,2009098,TRUE,169,RAF_169,Traversée sur glace,53.830789,-77.35889,2010,2010-01-12,17:01:00,2010-01-12T17:01:00,12,9,2010_0091,OTHER,TRAV,LAKE,IceCross_Data.xlsx,329,4,-577490.1277389516,1125057.7740245038
2009099,2009099_2009,2009099,TRUE,170,RAF_170,Contournement,53.724817,-73.998069,2009,2009-10-31,14:00:00,2009-10-31T14:00:00,304,305,2009_3051,OTHER,CONT,RIVER,Detour_Data.xlsx,713,1,-359868.4438531423,1091390.4015775041
2009099,2009099_2009,2009099,TRUE,170,RAF_170,Contournement,53.720574,-74.007066,2009,2009-10-31,15:01:00,2009-10-31T15:01:00,304,305,2009_3051,OTHER,CONT,RIVER,Detour_Data.xlsx,714,2,-360492.2055097975,1090968.327607629
2009099,2009099_2009,2009099,TRUE,170,RAF_170,Contournement,53.714975,-74.021216,2009,2009-10-31,16:00:00,2009-10-31T16:00:00,304,305,2009_3051,OTHER,CONT,RIVER,Detour_Data.xlsx,715,3,-361464.3038768703,1090422.99572912
2009099,2009099_2009,2009099,TRUE,170,RAF_170,Contournement,53.712926,-74.029772,2009,2009-10-31,17:00:00,2009-10-31T17:00:00,304,305,2009_3051,OTHER,CONT,RIVER,Detour_Data.xlsx,716,4,-362040.8102227888,1090240.5611446388
2009099,2009099_2009,2009099,TRUE,170,RAF_170,Contournement,53.712924,-74.03041,2009,2009-10-31,18:00:00,2009-10-31T18:00:00,304,305,2009_3051,OTHER,CONT,RIVER,Detour_Data.xlsx,717,5,-362082.51471725764,1090243.568849011
2009099,2009099_2009,2009099,TRUE,170,RAF_170,Contournement,53.712856,-74.038737,2009,2009-10-31,19:00:00,2009-10-31T19:00:00,304,305,2009_3051,OTHER,CONT,RIVER,Detour_Data.xlsx,718,6,-362627.1858806538,1090278.244057763
2009099,2009099_2009,2009099,TRUE,170,RAF_170,Contournement,53.712946,-74.041744,2009,2009-10-31,20:00:00,2009-10-31T20:00:00,304,305,2009_3051,OTHER,CONT,RIVER,Detour_Data.xlsx,719,7,-362822.89464602876,1090303.398891686
2009099,2009099_2009,2009099,TRUE,170,RAF_170,Contournement,53.712494,-74.045825,2009,2009-10-31,21:00:00,2009-10-31T21:00:00,304,305,2009_3051,OTHER,CONT,RIVER,Detour_Data.xlsx,720,8,-363093.41238546773,1090274.3135017084
2009099,2009099_2009,2009099,TRUE,171,RAF_171,Contournement,53.71445,-74.051031,2009,2009-11-01,12:00:00,2009-11-01T12:00:00,305,305,2009_3051,OTHER,CONT,RIVER,Detour_Data.xlsx,721,1,-363416.82787847135,1090516.1786132585
2009099,2009099_2009,2009099,TRUE,171,RAF_171,Contournement,53.715529,-74.059638,2009,2009-11-01,13:01:00,2009-11-01T13:01:00,305,305,2009_3051,OTHER,CONT,RIVER,Detour_Data.xlsx,722,2,-363969.92893556255,1090678.7650917103
2009099,2009099_2009,2009099,TRUE,171,RAF_171,Contournement,53.715003,-74.059683,2009,2009-11-01,14:00:00,2009-11-01T14:00:00,305,305,2009_3051,OTHER,CONT,RIVER,Detour_Data.xlsx,723,3,-363977.37912838825,1090621.0598165141
2009099,2009099_2009,2009099,TRUE,171,RAF_171,Contournement,53.713966,-74.066543,2009,2009-11-01,15:00:00,2009-11-01T15:00:00,305,305,2009_3051,OTHER,CONT,RIVER,Detour_Data.xlsx,724,4,-364434.4816732196,1090541.7581486348
2009099,2009099_2009,2009099,TRUE,171,RAF_171,Contournement,53.713343,-74.071805,2009,2009-11-01,16:00:00,2009-11-01T16:00:00,305,305,2009_3051,OTHER,CONT,RIVER,Detour_Data.xlsx,725,5,-364783.6354606474,1090499.9517345184
2009099,2009099_2009,2009099,TRUE,171,RAF_171,Contournement,53.711484,-74.084938,2009,2009-11-01,17:00:00,2009-11-01T17:00:00,305,305,2009_3051,OTHER,CONT,RIVER,Detour_Data.xlsx,726,6,-365657.714885156,1090362.2308436781
2009099,2009099_2009,2009099,TRUE,171,RAF_171,Contournement,53.71194,-74.105071,2009,2009-11-01,18:00:00,2009-11-01T18:00:00,305,305,2009_3051,OTHER,CONT,RIVER,Detour_Data.xlsx,727,7,-366969.2313424433,1090515.513290604
2009099,2009099_2009,2009099,TRUE,172,RAF_172,Contournement,53.714667,-74.116191,2009,2009-11-02,12:00:00,2009-11-02T12:00:00,306,305,2009_3051,OTHER,CONT,RIVER,Detour_Data.xlsx,728,1,-367672.1546974869,1090872.9302535842
2009099,2009099_2009,2009099,TRUE,172,RAF_172,Contournement,53.713197,-74.119678,2009,2009-11-02,13:00:00,2009-11-02T13:00:00,306,305,2009_3051,OTHER,CONT,RIVER,Detour_Data.xlsx,729,2,-367912.70701396867,1090728.9552996622
2009099,2009099_2009,2009099,TRUE,172,RAF_172,Contournement,53.702571,-74.141284,2009,2009-11-02,14:00:00,2009-11-02T14:00:00,306,305,2009_3051,OTHER,CONT,RIVER,Detour_Data.xlsx,730,3,-369416.74256002356,1089670.0010559403
2009099,2009099_2009,2009099,TRUE,172,RAF_172,Contournement,53.705305,-74.142636,2009,2009-11-02,15:00:00,2009-11-02T15:00:00,306,305,2009_3051,OTHER,CONT,RIVER,Detour_Data.xlsx,731,4,-369481.3027215691,1089978.078317921
2009099,2009099_2009,2009099,TRUE,172,RAF_172,Contournement,53.705656,-74.142385,2009,2009-11-02,16:00:00,2009-11-02T16:00:00,306,305,2009_3051,OTHER,CONT,RIVER,Detour_Data.xlsx,732,5,-369461.8469708295,1090015.4382317485
2009099,2009099_2009,2009099,TRUE,172,RAF_172,Contournement,53.705564,-74.142365,2009,2009-11-02,17:00:00,2009-11-02T17:00:00,306,305,2009_3051,OTHER,CONT,RIVER,Detour_Data.xlsx,733,6,-369461.34064029244,1090005.202952539
2009099,2009099_2009,2009099,TRUE,172,RAF_172,Contournement,53.705916,-74.142285,2009,2009-11-02,18:01:00,2009-11-02T18:01:00,306,305,2009_3051,OTHER,CONT,RIVER,Detour_Data.xlsx,734,7,-369453.0501835184,1090043.5559141536
2009099,2009099_2009,2009099,TRUE,172,RAF_172,Contournement,53.707013,-74.139656,2009,2009-11-02,19:00:00,2009-11-02T19:00:00,306,305,2009_3051,OTHER,CONT,RIVER,Detour_Data.xlsx,735,8,-369271.72054584447,1090150.7996856864
2009099,2009099_2009,2009099,TRUE,172,RAF_172,Contournement,53.706056,-74.144614,2009,2009-11-02,20:00:00,2009-11-02T20:00:00,306,305,2009_3051,OTHER,CONT,RIVER,Detour_Data.xlsx,736,9,-369604.0164835494,1090071.0008997587
2009099,2009099_2009,2009099,TRUE,172,RAF_172,Contournement,53.708272,-74.162576,2009,2009-11-02,21:00:00,2009-11-02T21:00:00,306,305,2009_3051,OTHER,CONT,RIVER,Detour_Data.xlsx,737,10,-370758.3476691986,1090407.9652194527
2009099,2009099_2009,2009099,TRUE,172,RAF_172,Contournement,53.707643,-74.172234,2009,2009-11-02,22:00:00,2009-11-02T22:00:00,306,305,2009_3051,OTHER,CONT,RIVER,Detour_Data.xlsx,738,11,-371394.8856797659,1090388.7767343773
2009099,2009099_2009,2009099,TRUE,173,RAF_173,Traversée sur glace,53.694753,-74.230911,2009,2009-11-03,14:00:00,2009-11-03T14:00:00,307,305,2009_3051,OTHER,TRAV,RIVER,IceCross_Data.xlsx,330,1,-375342.5629823687,1089275.4385030481
2009099,2009099_2009,2009099,TRUE,173,RAF_173,Traversée sur glace,53.68048,-74.269086,2009,2009-11-03,15:01:00,2009-11-03T15:01:00,307,305,2009_3051,OTHER,TRAV,RIVER,IceCross_Data.xlsx,331,2,-377964.3913951831,1087904.6739185695
2009099,2009099_2009,2009099,TRUE,173,RAF_173,Traversée sur glace,53.648307,-74.270784,2009,2009-11-03,16:01:00,2009-11-03T16:01:00,307,305,2009_3051,OTHER,TRAV,RIVER,IceCross_Data.xlsx,332,3,-378361.70700976567,1084370.9646878485
2009099,2009099_2010,2009099,TRUE,174,RAF_174,Traversée sur glace,53.635581,-74.654174,2010,2010-04-07,14:02:00,2010-04-07T14:02:00,97,97,2010_0971,OTHER,TRAV,LAKE,IceCross_Data.xlsx,333,1,-403559.3803498523,1085064.5891113568
2009099,2009099_2010,2009099,TRUE,174,RAF_174,Traversée sur glace,53.702427,-74.768386,2010,2010-04-07,21:02:00,2010-04-07T21:02:00,97,97,2010_0971,OTHER,TRAV,LAKE,IceCross_Data.xlsx,334,2,-410383.79090829915,1093070.9818372515
2009099,2009099_2010,2009099,TRUE,174,RAF_174,Traversée sur glace,53.761237,-74.87772,2010,2010-04-08,04:00:00,2010-04-08T04:00:00,98,97,2010_0971,ICE,TRAV,LAKE,IceCross_Data.xlsx,335,3,-416944.68419641425,1100174.6855226075
2009099,2009099_2010,2009099,TRUE,174,RAF_174,Traversée sur glace,53.792421,-74.890608,2010,2010-04-08,11:00:00,2010-04-08T11:00:00,98,97,2010_0971,ICE,TRAV,LAKE,IceCross_Data.xlsx,336,4,-417477.7480288275,1103681.2244538902
2009099,2009099_2010,2009099,TRUE,174,RAF_174,Traversée sur glace,53.881881,-74.981507,2010,2010-04-08,18:00:00,2010-04-08T18:00:00,98,97,2010_0971,OTHER,TRAV,LAKE,IceCross_Data.xlsx,337,5,-422505.7895982271,1114058.2158225088
2009099,2009099_2010,2009099,TRUE,175,RAF_175,Traversée sur glace,53.936629,-74.4089,2010,2010-11-16,17:00:00,2010-11-16T17:00:00,320,321,2010_3211,OTHER,TRAV,LAKE,IceCross_Data.xlsx,338,1,-384769.7403882166,1116854.4397079938
2009099,2009099_2010,2009099,TRUE,175,RAF_175,Traversée sur glace,53.93486,-74.459345,2010,2010-11-16,18:01:00,2010-11-16T18:01:00,320,321,2010_3211,ICE,TRAV,LAKE,IceCross_Data.xlsx,339,2,-388063.2590790009,1116932.0643802588
2009099,2009099_2010,2009099,TRUE,175,RAF_175,Traversée sur glace,53.936956,-74.512577,2010,2010-11-16,19:01:00,2010-11-16T19:01:00,320,321,2010_3211,OTHER,TRAV,LAKE,IceCross_Data.xlsx,340,3,-391502.0851036328,1117452.7782068166
2009099,2009099_2010,2009099,TRUE,175,RAF_175,Traversée sur glace,53.936525,-74.528255,2010,2010-11-16,20:00:00,2010-11-16T20:00:00,320,321,2010_3211,OTHER,TRAV,LAKE,IceCross_Data.xlsx,341,4,-392524.53399723256,1117491.2141264433
2009099,2009099_2010,2009099,TRUE,176,RAF_176,Contournement,53.911343,-74.569322,2010,2010-11-20,20:01:00,2010-11-20T20:01:00,324,321,2010_3211,OTHER,CONT,LAKE,Detour_Data.xlsx,739,1,-395427.8677982746,1114945.0722508891
2009099,2009099_2010,2009099,TRUE,176,RAF_176,Contournement,53.910046,-74.616488,2010,2010-11-20,21:00:00,2010-11-20T21:00:00,324,321,2010_3211,OTHER,CONT,LAKE,Detour_Data.xlsx,740,2,-398505.59733511903,1115063.9413326294
2009099,2009099_2010,2009099,TRUE,176,RAF_176,Contournement,53.921306,-74.667577,2010,2010-11-20,22:00:00,2010-11-20T22:00:00,324,321,2010_3211,OTHER,CONT,LAKE,Detour_Data.xlsx,741,3,-401718.8840164171,1116589.043957246
2009099,2009099_2010,2009099,TRUE,176,RAF_176,Contournement,53.903132,-74.709557,2010,2010-11-20,23:00:00,2010-11-20T23:00:00,324,321,2010_3211,OTHER,CONT,LAKE,Detour_Data.xlsx,742,4,-404620.38084966934,1114825.163095961
2009099,2009099_2010,2009099,TRUE,176,RAF_176,Contournement,53.881785,-74.750944,2010,2010-11-21,00:00:00,2010-11-21T00:00:00,325,329,2010_3291,OTHER,CONT,LAKE,Detour_Data.xlsx,743,5,-407516.10912371153,1112710.5052579609
2009099,2009099_2010,2009099,TRUE,176,RAF_176,Contournement,53.882003,-74.775829,2010,2010-11-21,01:00:00,2010-11-21T01:00:00,325,329,2010_3291,OTHER,CONT,LAKE,Detour_Data.xlsx,744,6,-409132.16757477814,1112876.4925496015
2009099,2009099_2010,2009099,TRUE,177,RAF_177,Contournement,53.826169,-74.941032,2010,2010-11-28,20:00:00,2010-11-28T20:00:00,332,329,2010_3291,OTHER,CONT,LAKE,Detour_Data.xlsx,745,1,-420427.7832126346,1107689.8644612401
2009099,2009099_2010,2009099,TRUE,177,RAF_177,Contournement,53.819256,-74.945535,2010,2010-11-28,21:00:00,2010-11-28T21:00:00,332,329,2010_3291,OTHER,CONT,LAKE,Detour_Data.xlsx,746,2,-420789.61219919036,1106955.6889882246
2009099,2009099_2010,2009099,TRUE,177,RAF_177,Contournement,53.815319,-74.965724,2010,2010-11-28,22:01:00,2010-11-28T22:01:00,332,329,2010_3291,OTHER,CONT,LAKE,Detour_Data.xlsx,747,3,-422143.29184097616,1106641.4123533084
2009099,2009099_2010,2009099,TRUE,177,RAF_177,Contournement,53.833723,-74.941118,2010,2010-11-28,23:00:00,2010-11-28T23:00:00,332,329,2010_3291,OTHER,CONT,LAKE,Detour_Data.xlsx,748,4,-420358.3646357288,1108521.5466716283
2009099,2009099_2010,2009099,TRUE,177,RAF_177,Contournement,53.836424,-74.936967,2010,2010-11-29,00:00:00,2010-11-29T00:00:00,333,337,2010_3371,OTHER,CONT,LAKE,Detour_Data.xlsx,749,5,-420061.3887907139,1108794.3675126121
2009099,2009099_2010,2009099,TRUE,177,RAF_177,Contournement,53.844688,-74.914608,2010,2010-11-29,01:00:00,2010-11-29T01:00:00,333,337,2010_3371,OTHER,CONT,LAKE,Detour_Data.xlsx,750,6,-418524.47861639666,1109572.6793565378
2009099,2009099_2010,2009099,TRUE,177,RAF_177,Contournement,53.848874,-74.914046,2010,2010-11-29,02:01:00,2010-11-29T02:01:00,333,337,2010_3371,OTHER,CONT,LAKE,Detour_Data.xlsx,751,7,-418446.51274038356,1110030.0024236315
2009099,2009099_2010,2009099,TRUE,178,RAF_178,Contournement,53.849147,-74.914479,2010,2010-11-29,06:00:00,2010-11-29T06:00:00,333,337,2010_3371,OTHER,CONT,LAKE,Detour_Data.xlsx,752,1,-418471.9856370124,1110062.5742506722
2009099,2009099_2010,2009099,TRUE,178,RAF_178,Contournement,53.849929,-74.902912,2010,2010-11-29,07:00:00,2010-11-29T07:00:00,333,337,2010_3371,OTHER,CONT,LAKE,Detour_Data.xlsx,753,2,-417711.66685595695,1110081.0423416528
2009099,2009099_2010,2009099,TRUE,178,RAF_178,Contournement,53.852169,-74.900467,2010,2010-11-29,08:00:00,2010-11-29T08:00:00,333,337,2010_3371,OTHER,CONT,LAKE,Detour_Data.xlsx,754,3,-417530.4811276388,1110313.2578182835
2009099,2009099_2010,2009099,TRUE,178,RAF_178,Contournement,53.854441,-74.891273,2010,2010-11-29,09:00:00,2010-11-29T09:00:00,333,337,2010_3371,OTHER,CONT,LAKE,Detour_Data.xlsx,755,4,-416909.9242843438,1110509.6611873875
2009099,2009099_2010,2009099,TRUE,178,RAF_178,Contournement,53.858476,-74.892664,2010,2010-11-29,10:00:00,2010-11-29T10:00:00,333,337,2010_3371,OTHER,CONT,LAKE,Detour_Data.xlsx,756,5,-416960.648956327,1110961.7739632307
2009099,2009099_2010,2009099,TRUE,178,RAF_178,Contournement,53.858598,-74.892666,2010,2010-11-29,11:00:00,2010-11-29T11:00:00,333,337,2010_3371,OTHER,CONT,LAKE,Detour_Data.xlsx,757,6,-416959.57658353366,1110975.2104014384
2009099,2009099_2010,2009099,TRUE,178,RAF_178,Contournement,53.858701,-74.892651,2010,2010-11-29,12:00:00,2010-11-29T12:00:00,333,337,2010_3371,OTHER,CONT,LAKE,Detour_Data.xlsx,758,7,-416957.5856150882,1110986.4570411793
2009099,2009099_2010,2009099,TRUE,178,RAF_178,Contournement,53.863571,-74.878982,2010,2010-11-29,13:00:00,2010-11-29T13:00:00,333,337,2010_3371,OTHER,CONT,LAKE,Detour_Data.xlsx,759,8,-416020.49893994,1111442.7977411128
2009099,2009099_2010,2009099,TRUE,178,RAF_178,Contournement,53.865177,-74.875572,2010,2010-11-29,14:00:00,2010-11-29T14:00:00,333,337,2010_3371,OTHER,CONT,LAKE,Detour_Data.xlsx,760,9,-415782.9094437389,1111599.7058427525
2009099,2009099_2010,2009099,TRUE,178,RAF_178,Contournement,53.865511,-74.868801,2010,2010-11-29,15:00:00,2010-11-29T15:00:00,333,337,2010_3371,OTHER,CONT,LAKE,Detour_Data.xlsx,761,10,-415339.2260414079,1111597.1396539805
2009099,2009099_2010,2009099,TRUE,178,RAF_178,Contournement,53.866037,-74.865637,2010,2010-11-29,16:00:00,2010-11-29T16:00:00,333,337,2010_3371,OTHER,CONT,LAKE,Detour_Data.xlsx,762,11,-415128.26892486174,1111636.662878026
2009099,2009099_2010,2009099,TRUE,178,RAF_178,Contournement,53.866213,-74.865407,2010,2010-11-29,17:00:00,2010-11-29T17:00:00,333,337,2010_3371,OTHER,CONT,LAKE,Detour_Data.xlsx,763,12,-415111.5819545238,1111654.69626164
2009099,2009099_2010,2009099,TRUE,178,RAF_178,Contournement,53.866151,-74.864886,2010,2010-11-29,18:00:00,2010-11-29T18:00:00,333,337,2010_3371,OTHER,CONT,LAKE,Detour_Data.xlsx,764,13,-415078.30372549046,1111644.8514362336
2009099,2009099_2010,2009099,TRUE,178,RAF_178,Contournement,53.865634,-74.81143,2010,2010-11-29,19:01:00,2010-11-29T19:01:00,333,337,2010_3371,OTHER,CONT,LAKE,Detour_Data.xlsx,765,14,-411606.3491356836,1111279.1866682596
2009099,2009099_2010,2009099,TRUE,178,RAF_178,Contournement,53.885148,-74.761922,2010,2010-11-29,20:00:00,2010-11-29T20:00:00,333,337,2010_3371,OTHER,CONT,LAKE,Detour_Data.xlsx,766,15,-408197.4978144279,1113143.2022093653
2009099,2009099_2010,2009099,TRUE,178,RAF_178,Contournement,53.897688,-74.701375,2010,2010-11-29,21:00:00,2010-11-29T21:00:00,333,337,2010_3371,OTHER,CONT,LAKE,Detour_Data.xlsx,767,16,-404140.62773846183,1114179.7259144
2009099,2009099_2010,2009099,TRUE,178,RAF_178,Contournement,53.917792,-74.701074,2010,2010-11-29,22:00:00,2010-11-29T22:00:00,333,337,2010_3371,OTHER,CONT,LAKE,Detour_Data.xlsx,768,17,-403928.8287261815,1116390.8183530758
2009099,2009099_2010,2009099,TRUE,179,RAF_179,Contournement,53.867651,-75.010744,2010,2010-12-04,21:01:00,2010-12-04T21:01:00,338,337,2010_3371,OTHER,CONT,LAKE,Detour_Data.xlsx,769,1,-424549.2334351554,1112665.5915484037
2009099,2009099_2010,2009099,TRUE,179,RAF_179,Contournement,53.884241,-75.027795,2010,2010-12-04,22:00:00,2010-12-04T22:00:00,338,337,2010_3371,OTHER,CONT,LAKE,Detour_Data.xlsx,770,2,-425491.03958052763,1114592.1338029355
2009099,2009099_2010,2009099,TRUE,179,RAF_179,Contournement,53.922228,-75.055088,2010,2010-12-04,23:00:00,2010-12-04T23:00:00,338,337,2010_3371,OTHER,CONT,LAKE,Detour_Data.xlsx,771,3,-426881.1617075849,1118934.0243432652
2009099,2009099_2010,2009099,TRUE,179,RAF_179,Contournement,53.955546,-75.054856,2010,2010-12-05,00:01:00,2010-12-05T00:01:00,339,337,2010_3371,OTHER,CONT,LAKE,Detour_Data.xlsx,772,4,-426529.3824884818,1122598.28643588
2009099,2009099_2010,2009099,TRUE,180,RAF_180,Contournement,53.960877,-75.613075,2010,2010-12-09,21:00:00,2010-12-09T21:00:00,343,345,2010_3451,OTHER,CONT,LAKE,Detour_Data.xlsx,773,1,-462679.66868419974,1126652.8449624975
2009099,2009099_2010,2009099,TRUE,180,RAF_180,Contournement,53.944205,-75.68315,2010,2010-12-09,22:00:00,2010-12-09T22:00:00,343,345,2010_3451,OTHER,CONT,LAKE,Detour_Data.xlsx,774,2,-467407.13513944304,1125275.4340219402
2009099,2009099_2010,2009099,TRUE,180,RAF_180,Contournement,53.923753,-75.738758,2010,2010-12-09,23:00:00,2010-12-09T23:00:00,343,345,2010_3451,OTHER,CONT,LAKE,Detour_Data.xlsx,775,3,-471241.42478954623,1123392.0022871708
2009099,2009099_2010,2009099,TRUE,180,RAF_180,Contournement,53.898424,-75.78012,2010,2010-12-10,00:00:00,2010-12-10T00:00:00,344,345,2010_3451,OTHER,CONT,LAKE,Detour_Data.xlsx,776,4,-474209.01424600877,1120881.2286840165
2009099,2009099_2010,2009099,TRUE,180,RAF_180,Contournement,53.874606,-75.814757,2010,2010-12-10,01:00:00,2010-12-10T01:00:00,344,345,2010_3451,OTHER,CONT,LAKE,Detour_Data.xlsx,777,5,-476725.8510637168,1118493.6036644564
2009099,2009099_2010,2009099,TRUE,180,RAF_180,Contournement,53.87444,-75.818133,2010,2010-12-10,02:00:00,2010-12-10T02:00:00,344,345,2010_3451,OTHER,CONT,LAKE,Detour_Data.xlsx,778,6,-476946.98053887003,1118497.8554778246
2009099,2009099_2010,2009099,TRUE,180,RAF_180,Contournement,53.874436,-75.818131,2010,2010-12-10,03:00:00,2010-12-10T03:00:00,344,345,2010_3451,OTHER,CONT,LAKE,Detour_Data.xlsx,779,7,-476946.89576161024,1118497.4025350288
2009099,2009099_2010,2009099,TRUE,180,RAF_180,Contournement,53.869811,-75.833131,2010,2010-12-10,04:00:00,2010-12-10T04:00:00,344,345,2010_3451,OTHER,CONT,LAKE,Detour_Data.xlsx,780,8,-477973.3450247738,1118089.1885347443
2009099,2009099_2010,2009099,TRUE,180,RAF_180,Contournement,53.868296,-75.838491,2010,2010-12-10,05:00:00,2010-12-10T05:00:00,344,345,2010_3451,OTHER,CONT,LAKE,Detour_Data.xlsx,781,9,-478338.6191285422,1117958.5046461108
2009099,2009099_2010,2009099,TRUE,180,RAF_180,Contournement,53.866694,-75.841968,2010,2010-12-10,06:00:00,2010-12-10T06:00:00,344,345,2010_3451,OTHER,CONT,LAKE,Detour_Data.xlsx,782,10,-478582.58887629403,1117805.6934740269
2009099,2009099_2010,2009099,TRUE,180,RAF_180,Contournement,53.866527,-75.844993,2010,2010-12-10,07:00:00,2010-12-10T07:00:00,344,345,2010_3451,OTHER,CONT,LAKE,Detour_Data.xlsx,783,11,-478780.9696445712,1117807.5752895204
2009099,2009099_2010,2009099,TRUE,180,RAF_180,Contournement,53.866449,-75.84503,2010,2010-12-10,08:00:00,2010-12-10T08:00:00,344,345,2010_3451,OTHER,CONT,LAKE,Detour_Data.xlsx,784,12,-478784.255957137,1117799.2507499296
2009099,2009099_2010,2009099,TRUE,180,RAF_180,Contournement,53.866443,-75.845038,2010,2010-12-10,09:00:00,2010-12-10T09:00:00,344,345,2010_3451,OTHER,CONT,LAKE,Detour_Data.xlsx,785,13,-478784.84352259594,1117798.644883515
2009099,2009099_2010,2009099,TRUE,180,RAF_180,Contournement,53.865669,-75.84814,2010,2010-12-10,10:00:00,2010-12-10T10:00:00,344,345,2010_3451,OTHER,CONT,LAKE,Detour_Data.xlsx,786,14,-478995.10106619616,1117734.342572964
2009099,2009099_2010,2009099,TRUE,180,RAF_180,Contournement,53.865652,-75.848121,2010,2010-12-10,11:00:00,2010-12-10T11:00:00,344,345,2010_3451,OTHER,CONT,LAKE,Detour_Data.xlsx,787,15,-478994.0594099278,1117732.347126708
2009099,2009099_2010,2009099,TRUE,180,RAF_180,Contournement,53.865654,-75.848133,2010,2010-12-10,12:00:00,2010-12-10T12:00:00,344,345,2010_3451,OTHER,CONT,LAKE,Detour_Data.xlsx,788,16,-478994.8162403547,1117732.6472461387
2009099,2009099_2010,2009099,TRUE,180,RAF_180,Contournement,53.864428,-75.851648,2010,2010-12-10,13:00:00,2010-12-10T13:00:00,344,345,2010_3451,OTHER,CONT,LAKE,Detour_Data.xlsx,789,17,-479237.0289836101,1117621.446519329
2009099,2009099_2010,2009099,TRUE,180,RAF_180,Contournement,53.864462,-75.856301,2010,2010-12-10,14:00:00,2010-12-10T14:00:00,344,345,2010_3451,OTHER,CONT,LAKE,Detour_Data.xlsx,790,18,-479538.89302223787,1117656.353938291
2009099,2009099_2010,2009099,TRUE,180,RAF_180,Contournement,53.858525,-75.880542,2010,2010-12-10,15:00:00,2010-12-10T15:00:00,344,345,2010_3451,OTHER,CONT,LAKE,Detour_Data.xlsx,791,19,-481181.0355930097,1117166.6311569156
2009099,2009099_2010,2009099,TRUE,180,RAF_180,Contournement,53.845452,-75.937101,2010,2010-12-10,16:00:00,2010-12-10T16:00:00,344,345,2010_3451,OTHER,CONT,LAKE,Detour_Data.xlsx,792,20,-485005.0485420591,1116111.8893443642
2009099,2009099_2010,2009099,TRUE,181,RAF_181,Traversée sur glace,53.823959,-76.464878,2010,2010-12-13,16:00:00,2010-12-13T16:00:00,347,345,2010_3451,ICE,TRAV,LAKE,IceCross_Data.xlsx,342,1,-519549.8725705803,1117455.5543282728
2009099,2009099_2010,2009099,TRUE,181,RAF_181,Traversée sur glace,53.843007,-76.52168,2010,2010-12-13,17:00:00,2010-12-13T17:00:00,347,345,2010_3451,OTHER,TRAV,LAKE,IceCross_Data.xlsx,343,2,-523004.1925276719,1119960.6115193928
2009099,2009099_2010,2009099,TRUE,181,RAF_181,Traversée sur glace,53.863151,-76.524275,2010,2010-12-13,18:00:00,2010-12-13T18:00:00,347,345,2010_3451,ICE,TRAV,LAKE,IceCross_Data.xlsx,344,3,-522923.64356094407,1122191.1032550677
2009099,2009099_2010,2009099,TRUE,181,RAF_181,Traversée sur glace,53.890695,-76.523907,2010,2010-12-13,19:00:00,2010-12-13T19:00:00,347,345,2010_3451,OTHER,TRAV,LAKE,IceCross_Data.xlsx,345,4,-522559.26207098505,1125212.379761379
2009099,2009099_2010,2009099,TRUE,181,RAF_181,Traversée sur glace,53.933789,-76.533781,2010,2010-12-13,20:01:00,2010-12-13T20:01:00,347,345,2010_3451,ICE,TRAV,LAKE,IceCross_Data.xlsx,346,5,-522666.2166840338,1130015.6673256508
2009099,2009099_2010,2009099,TRUE,182,RAF_182,Traversée sur glace,53.987652,-76.407801,2010,2010-12-19,12:00:00,2010-12-19T12:00:00,353,353,2010_3531,ICE,TRAV,LAKE,IceCross_Data.xlsx,347,1,-513847.5130740115,1135017.4171380724
2009099,2009099_2010,2009099,TRUE,182,RAF_182,Traversée sur glace,54.021832,-76.361021,2010,2010-12-19,19:00:00,2010-12-19T19:00:00,353,353,2010_3531,OTHER,TRAV,LAKE,IceCross_Data.xlsx,348,2,-510406.01747541275,1138436.1486137626
2009099,2009099_2010,2009099,TRUE,182,RAF_182,Traversée sur glace,54.209069,-76.289659,2010,2010-12-20,02:03:00,2010-12-20T02:03:00,354,353,2010_3531,OTHER,TRAV,LAKE,IceCross_Data.xlsx,349,3,-503543.41969390784,1158495.0982298844
2009100,2009100_2009,2009100,TRUE,183,RAF_183,Traversée sur glace,53.72464,-73.954643,2009,2009-10-29,20:01:00,2009-10-29T20:01:00,302,305,2009_3051,ICE,TRAV,RIVER,IceCross_Data.xlsx,350,1,-357033.0736680293,1091153.3800265028
2009100,2009100_2009,2009100,TRUE,183,RAF_183,Traversée sur glace,53.704389,-73.962744,2009,2009-10-29,21:02:00,2009-10-29T21:02:00,302,305,2009_3051,ICE,TRAV,RIVER,IceCross_Data.xlsx,351,2,-357732.91245629033,1088963.1304958356
2009100,2009100_2009,2009100,TRUE,183,RAF_183,Traversée sur glace,53.674669,-73.983688,2009,2009-10-29,22:01:00,2009-10-29T22:01:00,302,305,2009_3051,OTHER,TRAV,RIVER,IceCross_Data.xlsx,352,3,-359353.1218426047,1085794.399599598
2010012,2010012_2010,2010012,TRUE,184,RAF_184,Contournement,53.343974,-76.946185,2010,2010-03-12,07:00:00,2010-03-12T07:00:00,71,73,2010_0731,OTHER,CONT,LAKE,Detour_Data.xlsx,793,1,-557047.7046242912,1068400.041862532
2010012,2010012_2010,2010012,TRUE,184,RAF_184,Contournement,53.35271,-76.920562,2010,2010-03-12,14:01:00,2010-03-12T14:01:00,71,73,2010_0731,OTHER,CONT,LAKE,Detour_Data.xlsx,794,2,-555252.3288475,1069159.218354466
2010012,2010012_2010,2010012,TRUE,184,RAF_184,Contournement,53.371387,-76.877883,2010,2010-03-12,21:00:00,2010-03-12T21:00:00,71,73,2010_0731,OTHER,CONT,LAKE,Detour_Data.xlsx,795,3,-552209.9868153128,1070877.9015567666
2010012,2010012_2010,2010012,TRUE,184,RAF_184,Contournement,53.379563,-76.865028,2010,2010-03-13,04:00:00,2010-03-13T04:00:00,72,73,2010_0731,OTHER,CONT,LAKE,Detour_Data.xlsx,796,4,-551261.2092533305,1071675.767885407
2010012,2010012_2010,2010012,TRUE,184,RAF_184,Contournement,53.379399,-76.865141,2010,2010-03-13,11:00:00,2010-03-13T11:00:00,72,73,2010_0731,OTHER,CONT,LAKE,Detour_Data.xlsx,797,5,-551270.7349759557,1071658.645926303
2010012,2010012_2010,2010012,TRUE,184,RAF_184,Contournement,53.383711,-76.854773,2010,2010-03-13,18:00:00,2010-03-13T18:00:00,72,73,2010_0731,OTHER,CONT,LAKE,Detour_Data.xlsx,798,6,-550535.098076594,1072051.9024180141
2010012,2010012_2010,2010012,TRUE,184,RAF_184,Contournement,53.38195,-76.845743,2010,2010-03-14,01:01:00,2010-03-14T01:01:00,73,73,2010_0731,OTHER,CONT,LAKE,Detour_Data.xlsx,799,7,-549965.4062922747,1071789.2632212674
2010012,2010012_2010,2010012,TRUE,184,RAF_184,Contournement,53.382857,-76.842223,2010,2010-03-14,08:01:00,2010-03-14T08:01:00,73,73,2010_0731,OTHER,CONT,LAKE,Detour_Data.xlsx,800,8,-549722.8448199778,1071861.727270776
2010012,2010012_2010,2010012,TRUE,184,RAF_184,Contournement,53.381997,-76.842228,2010,2010-03-14,15:01:00,2010-03-14T15:01:00,73,73,2010_0731,OTHER,CONT,LAKE,Detour_Data.xlsx,801,9,-549734.2224139407,1071767.4113811057
2010012,2010012_2010,2010012,TRUE,184,RAF_184,Contournement,53.391201,-76.831384,2010,2010-03-14,22:00:00,2010-03-14T22:00:00,73,73,2010_0731,OTHER,CONT,LAKE,Detour_Data.xlsx,802,10,-548904.7572020377,1072693.9894612187
2010012,2010012_2010,2010012,TRUE,184,RAF_184,Contournement,53.404401,-76.834795,2010,2010-03-15,05:00:00,2010-03-15T05:00:00,74,73,2010_0731,OTHER,CONT,LAKE,Detour_Data.xlsx,803,11,-548959.0217686214,1074168.4105113545
2010012,2010012_2010,2010012,TRUE,185,RAF_185,Contournement,53.404848,-76.835297,2010,2010-03-15,12:00:00,2010-03-15T12:00:00,74,73,2010_0731,OTHER,CONT,LAKE,Detour_Data.xlsx,804,1,-548986.1970954143,1074221.304721177
2010012,2010012_2010,2010012,TRUE,185,RAF_185,Contournement,53.418508,-76.764687,2010,2010-03-15,19:01:00,2010-03-15T19:01:00,74,73,2010_0731,OTHER,CONT,LAKE,Detour_Data.xlsx,805,2,-544182.5219687156,1075180.7878536717
2010012,2010012_2010,2010012,TRUE,185,RAF_185,Contournement,53.41772,-76.773202,2010,2010-03-16,02:01:00,2010-03-16T02:01:00,75,73,2010_0731,OTHER,CONT,LAKE,Detour_Data.xlsx,806,3,-544750.7284755305,1075159.1085651445
2010012,2010012_2010,2010012,TRUE,185,RAF_185,Contournement,53.416811,-76.774137,2010,2010-03-16,09:01:00,2010-03-16T09:01:00,75,73,2010_0731,OTHER,CONT,LAKE,Detour_Data.xlsx,807,4,-544823.6035281812,1075066.4844797906
2010012,2010012_2010,2010012,TRUE,185,RAF_185,Contournement,53.409081,-76.790624,2010,2010-03-16,16:01:00,2010-03-16T16:01:00,75,73,2010_0731,OTHER,CONT,LAKE,Detour_Data.xlsx,808,5,-546003.0664078598,1074343.9641082722
2010012,2010012_2010,2010012,TRUE,185,RAF_185,Contournement,53.372471,-76.919565,2010,2010-03-16,23:01:00,2010-03-16T23:01:00,75,73,2010_0731,OTHER,CONT,LAKE,Detour_Data.xlsx,809,6,-554930.6516526864,1071319.2619196263
2010012,2010012_2010,2010012,TRUE,186,RAF_186,Traversée sur glace,53.503646,-76.705318,2010,2010-04-04,15:01:00,2010-04-04T15:01:00,94,97,2010_0971,OTHER,TRAV,LAKE,IceCross_Data.xlsx,353,1,-539214.5887570276,1084074.034905444
2010012,2010012_2010,2010012,TRUE,186,RAF_186,Traversée sur glace,53.621221,-76.642202,2010,2010-04-04,22:00:00,2010-04-04T22:00:00,94,97,2010_0971,ICE,TRAV,LAKE,IceCross_Data.xlsx,354,2,-533610.2363925453,1096504.6904160911
2010012,2010012_2010,2010012,TRUE,186,RAF_186,Traversée sur glace,53.726129,-76.634026,2010,2010-04-05,05:00:00,2010-04-05T05:00:00,95,97,2010_0971,OTHER,TRAV,LAKE,IceCross_Data.xlsx,355,3,-531762.2140388842,1107958.442815453
2010012,2010012_2010,2010012,TRUE,187,RAF_187,Traversée sur glace,53.741552,-76.607614,2010,2010-04-06,09:01:00,2010-04-06T09:01:00,96,97,2010_0971,OTHER,TRAV,LAKE,IceCross_Data.xlsx,356,1,-529850.3046243167,1109455.4232044783
2010012,2010012_2010,2010012,TRUE,187,RAF_187,Traversée sur glace,53.818695,-76.627725,2010,2010-04-06,16:00:00,2010-04-06T16:00:00,96,97,2010_0971,ICE,TRAV,LAKE,IceCross_Data.xlsx,357,2,-530193.054991226,1118072.1032734457
2010012,2010012_2010,2010012,TRUE,187,RAF_187,Traversée sur glace,54.045224,-76.643283,2010,2010-04-06,23:00:00,2010-04-06T23:00:00,96,97,2010_0971,ICE,TRAV,LAKE,IceCross_Data.xlsx,358,3,-528361.6549188412,1143053.1981076438
2010012,2010012_2010,2010012,TRUE,188,RAF_188,Traversée sur glace,53.719741,-74.186106,2010,2010-11-17,00:00:00,2010-11-17T00:00:00,321,321,2010_3211,OTHER,TRAV,RIVER,IceCross_Data.xlsx,359,1,-372195.17111261253,1091793.1594873872
2010012,2010012_2010,2010012,TRUE,188,RAF_188,Traversée sur glace,53.689969,-74.189954,2010,2010-11-17,02:00:00,2010-11-17T02:00:00,321,321,2010_3211,OTHER,TRAV,RIVER,IceCross_Data.xlsx,360,2,-372707.76358966524,1088534.5442585298
2010012,2010012_2010,2010012,TRUE,188,RAF_188,Traversée sur glace,53.664252,-74.175348,2010,2010-11-17,04:00:00,2010-11-17T04:00:00,321,321,2010_3211,OTHER,TRAV,RIVER,IceCross_Data.xlsx,361,3,-371978.1223361722,1085626.4681724755
2010012,2010012_2010,2010012,TRUE,189,RAF_189,Traversée sur glace,52.378651,-76.497008,2010,2010-12-12,12:00:00,2010-12-12T12:00:00,346,345,2010_3451,OTHER,TRAV,LAKE,IceCross_Data.xlsx,362,1,-539441.2243164022,959034.615638142
2010012,2010012_2010,2010012,TRUE,189,RAF_189,Traversée sur glace,52.408324,-76.554968,2010,2010-12-12,14:01:00,2010-12-12T14:01:00,346,345,2010_3451,OTHER,TRAV,LAKE,IceCross_Data.xlsx,363,2,-542966.3214068189,962729.9209286103
2010012,2010012_2010,2010012,TRUE,189,RAF_189,Traversée sur glace,52.415505,-76.624659,2010,2010-12-12,16:00:00,2010-12-12T16:00:00,346,345,2010_3451,OTHER,TRAV,LAKE,IceCross_Data.xlsx,364,3,-547554.0498369446,964049.0577625933
2010012,2010012_2010,2010012,TRUE,190,RAF_190,Traversée sur glace,53.493271,-77.299295,2010,2010-12-24,11:01:00,2010-12-24T11:01:00,358,361,2010_3611,OTHER,TRAV,LAKE,IceCross_Data.xlsx,365,1,-578198.276580577,1087573.5216322495
2010012,2010012_2010,2010012,TRUE,190,RAF_190,Traversée sur glace,53.53404,-77.323773,2010,2010-12-24,18:01:00,2010-12-24T18:01:00,358,361,2010_3611,OTHER,TRAV,LAKE,IceCross_Data.xlsx,366,2,-579244.6470093593,1092241.035778466
2010012,2010012_2010,2010012,TRUE,190,RAF_190,Traversée sur glace,53.689978,-77.424581,2010,2010-12-25,01:00:00,2010-12-25T01:00:00,359,361,2010_3611,OTHER,TRAV,LAKE,IceCross_Data.xlsx,367,3,-583685.289491405,1110154.4526247366
2010012,2010012_2010,2010012,TRUE,190,RAF_190,Traversée sur glace,53.840444,-77.375631,2010,2010-12-25,08:01:00,2010-12-25T08:01:00,359,361,2010_3611,OTHER,TRAV,LAKE,IceCross_Data.xlsx,368,4,-578443.8764278045,1126251.4800145628
2010012,2010012_2011,2010012,TRUE,191,RAF_191,Contournement,54.631454,-71.383522,2011,2011-11-25,16:00:00,2011-11-25T16:00:00,329,329,2011_3291,OTHER,CONT,RIVER,Detour_Data.xlsx,810,1,-184835.9516185304,1181463.0330484807
2010012,2010012_2011,2010012,TRUE,191,RAF_191,Contournement,54.595358,-71.443522,2011,2011-11-25,18:00:00,2011-11-25T18:00:00,329,329,2011_3291,OTHER,CONT,RIVER,Detour_Data.xlsx,811,2,-188843.89985728596,1177633.6495772095
2010012,2010012_2011,2010012,TRUE,191,RAF_191,Contournement,54.588948,-71.558221,2011,2011-11-25,20:01:00,2011-11-25T20:01:00,329,329,2011_3291,OTHER,CONT,RIVER,Detour_Data.xlsx,812,3,-196228.37176889175,1177234.448986855
2010012,2010012_2011,2010012,TRUE,191,RAF_191,Contournement,54.549839,-71.621157,2011,2011-11-25,22:01:00,2011-11-25T22:01:00,329,329,2011_3291,OTHER,CONT,RIVER,Detour_Data.xlsx,813,4,-200452.53435386415,1173090.6834728105
2010012,2010012_2011,2010012,TRUE,191,RAF_191,Contournement,54.527299,-71.661627,2011,2011-11-26,00:00:00,2011-11-26T00:00:00,330,329,2011_3291,ICE,CONT,RIVER,Detour_Data.xlsx,814,5,-203160.0117191007,1170716.192133696
2010012,2010012_2011,2010012,TRUE,191,RAF_191,Contournement,54.510808,-71.682181,2011,2011-11-26,02:00:00,2011-11-26T02:00:00,330,329,2011_3291,OTHER,CONT,RIVER,Detour_Data.xlsx,815,6,-204560.92104228275,1168954.0451763293
2010012,2010012_2011,2010012,TRUE,191,RAF_191,Contournement,54.508727,-71.685891,2011,2011-11-26,04:00:00,2011-11-26T04:00:00,330,329,2011_3291,OTHER,CONT,RIVER,Detour_Data.xlsx,816,7,-204809.48978907266,1168734.9055830871
2010012,2010012_2011,2010012,TRUE,191,RAF_191,Contournement,54.501412,-71.716749,2011,2011-11-26,06:01:00,2011-11-26T06:01:00,330,329,2011_3291,OTHER,CONT,RIVER,Detour_Data.xlsx,817,8,-206828.23685922276,1168016.0616293796
2010012,2010012_2011,2010012,TRUE,191,RAF_191,Contournement,54.502035,-71.769241,2011,2011-11-26,08:01:00,2011-11-26T08:01:00,330,329,2011_3291,OTHER,CONT,RIVER,Detour_Data.xlsx,818,9,-210197.85621711222,1168237.7928834157
2010012,2010012_2011,2010012,TRUE,191,RAF_191,Contournement,54.491763,-71.812008,2011,2011-11-26,10:01:00,2011-11-26T10:01:00,330,329,2011_3291,OTHER,CONT,RIVER,Detour_Data.xlsx,819,10,-212998.15681252175,1167230.26335958
2010012,2010012_2011,2010012,TRUE,191,RAF_191,Contournement,54.491733,-71.81195,2011,2011-11-26,12:00:00,2011-11-26T12:00:00,330,329,2011_3291,OTHER,CONT,RIVER,Detour_Data.xlsx,820,11,-212994.58283291655,1167226.7788973607
2010012,2010012_2011,2010012,TRUE,191,RAF_191,Contournement,54.463321,-71.852548,2011,2011-11-26,14:01:00,2011-11-26T14:01:00,330,329,2011_3291,OTHER,CONT,RIVER,Detour_Data.xlsx,821,12,-215750.6258387535,1164211.9438584028
2010012,2010012_2011,2010012,TRUE,192,RAF_192,Traversée sur glace,54.429659,-71.910304,2011,2011-11-26,16:00:00,2011-11-26T16:00:00,330,329,2011_3291,OTHER,TRAV,LAKE,IceCross_Data.xlsx,369,1,-219641.89228406778,1160671.8181972592
2010012,2010012_2011,2010012,TRUE,192,RAF_192,Traversée sur glace,54.405777,-71.959562,2011,2011-11-26,18:00:00,2011-11-26T18:00:00,330,329,2011_3291,ICE,TRAV,LAKE,IceCross_Data.xlsx,370,2,-222939.45748323848,1158188.029469193
2010012,2010012_2011,2010012,TRUE,192,RAF_192,Traversée sur glace,54.378979,-72.020098,2011,2011-11-26,20:00:00,2011-11-26T20:00:00,330,329,2011_3291,ICE,TRAV,LAKE,IceCross_Data.xlsx,371,3,-226982.98254367654,1155420.501668276
2010012,2010012_2011,2010012,TRUE,192,RAF_192,Traversée sur glace,54.321055,-72.154814,2011,2011-11-26,22:01:00,2011-11-26T22:01:00,330,329,2011_3291,OTHER,TRAV,LAKE,IceCross_Data.xlsx,372,4,-235989.09579577847,1149463.490753768
2010012,2010012_2011,2010012,TRUE,192,RAF_192,Traversée sur glace,54.281593,-72.179722,2011,2011-11-27,00:01:00,2011-11-27T00:01:00,331,329,2011_3291,ICE,TRAV,LAKE,IceCross_Data.xlsx,373,5,-237820.10674449374,1145191.0743837054
2010019,2010019_2010,2010019,TRUE,193,RAF_193,Contournement,54.531463,-72.163696,2010,2010-11-24,20:00:00,2010-11-24T20:00:00,328,329,2010_3291,OTHER,CONT,LAKE,Detour_Data.xlsx,822,1,-235372.18143399444,1172714.2447022372
2010019,2010019_2010,2010019,TRUE,193,RAF_193,Contournement,54.504405,-72.206864,2010,2010-11-24,22:00:00,2010-11-24T22:00:00,328,329,2010_3291,OTHER,CONT,LAKE,Detour_Data.xlsx,823,2,-238297.85007698418,1169870.7838636392
2010019,2010019_2010,2010019,TRUE,193,RAF_193,Contournement,54.461647,-72.312944,2010,2010-11-25,00:00:00,2010-11-25T00:00:00,329,329,2010_3291,OTHER,CONT,LAKE,Detour_Data.xlsx,824,3,-245362.55623673953,1165510.5172177071
2010019,2010019_2010,2010019,TRUE,193,RAF_193,Contournement,54.431667,-72.354335,2010,2010-11-25,02:00:00,2010-11-25T02:00:00,329,329,2010_3291,OTHER,CONT,LAKE,Detour_Data.xlsx,825,4,-248201.86206938207,1162344.9280689827
2010019,2010019_2010,2010019,TRUE,193,RAF_193,Contournement,54.425318,-72.360356,2010,2010-11-25,04:00:00,2010-11-25T04:00:00,329,329,2010_3291,OTHER,CONT,LAKE,Detour_Data.xlsx,826,5,-248627.04253301508,1161665.2289211343
2010019,2010019_2010,2010019,TRUE,194,RAF_194,Traversée sur glace,54.4091,-72.37719,2010,2010-11-25,06:00:00,2010-11-25T06:00:00,329,329,2010_3291,OTHER,TRAV,LAKE,IceCross_Data.xlsx,374,1,-249807.23761829798,1159934.255353852
2010019,2010019_2010,2010019,TRUE,194,RAF_194,Traversée sur glace,54.356267,-72.42308,2010,2010-11-25,08:00:00,2010-11-25T08:00:00,329,329,2010_3291,OTHER,TRAV,LAKE,IceCross_Data.xlsx,375,2,-253080.89518345296,1154265.809445307
2010019,2010019_2010,2010019,TRUE,194,RAF_194,Traversée sur glace,54.351805,-72.432981,2010,2010-11-25,10:00:00,2010-11-25T10:00:00,329,329,2010_3291,OTHER,TRAV,LAKE,IceCross_Data.xlsx,376,3,-253746.05960708362,1153808.5441602136
2010019,2010019_2010,2010019,TRUE,194,RAF_194,Traversée sur glace,54.327241,-72.453148,2010,2010-11-25,12:00:00,2010-11-25T12:00:00,329,329,2010_3291,OTHER,TRAV,LAKE,IceCross_Data.xlsx,377,4,-255195.73740819655,1151169.9723097945
2010019,2010019_2010,2010019,TRUE,195,RAF_195,Traversée sur glace,54.23024,-72.55009,2010,2010-11-25,20:00:00,2010-11-25T20:00:00,329,329,2010_3291,OTHER,TRAV,RIVER,IceCross_Data.xlsx,378,1,-262053.54982204133,1140818.469495566
2010019,2010019_2010,2010019,TRUE,195,RAF_195,Traversée sur glace,54.203812,-72.553663,2010,2010-11-25,22:00:00,2010-11-25T22:00:00,329,329,2010_3291,OTHER,TRAV,RIVER,IceCross_Data.xlsx,379,2,-262449.81939971016,1137916.0381213888
2010019,2010019_2010,2010019,TRUE,195,RAF_195,Traversée sur glace,54.203958,-72.553854,2010,2010-11-26,00:00:00,2010-11-26T00:00:00,330,329,2010_3291,OTHER,TRAV,RIVER,IceCross_Data.xlsx,380,3,-262461.2588403108,1137932.8451697866
2010019,2010019_2010,2010019,TRUE,195,RAF_195,Traversée sur glace,54.179154,-72.565948,2010,2010-11-26,02:00:00,2010-11-26T02:00:00,330,329,2010_3291,OTHER,TRAV,RIVER,IceCross_Data.xlsx,381,4,-263399.067531672,1135240.9657273397
2010019,2010019_2010,2010019,TRUE,196,RAF_196,Traversée sur glace,53.040246,-76.744243,2010,2010-12-24,18:01:00,2010-12-24T18:01:00,358,361,2010_3611,OTHER,TRAV,LAKE,IceCross_Data.xlsx,382,1,-547645.4521538891,1033519.3579113546
2010019,2010019_2010,2010019,TRUE,196,RAF_196,Traversée sur glace,53.150741,-76.916289,2010,2010-12-25,01:00:00,2010-12-25T01:00:00,359,361,2010_3611,OTHER,TRAV,LAKE,IceCross_Data.xlsx,383,2,-557589.7046019211,1046970.4667384913
2010019,2010019_2010,2010019,TRUE,196,RAF_196,Traversée sur glace,53.17846,-76.953164,2010,2010-12-25,08:00:00,2010-12-25T08:00:00,359,361,2010_3611,OTHER,TRAV,LAKE,IceCross_Data.xlsx,384,3,-559660.5275631783,1050298.9072792777
2010019,2010019_2010,2010019,TRUE,197,RAF_197,Traversée sur glace,53.531422,-77.328204,2010,2010-12-28,13:00:00,2010-12-28T13:00:00,362,361,2010_3611,OTHER,TRAV,LAKE,IceCross_Data.xlsx,385,1,-579569.6354869908,1091989.9038648976
2010019,2010019_2010,2010019,TRUE,197,RAF_197,Traversée sur glace,53.645953,-77.365234,2010,2010-12-28,20:00:00,2010-12-28T20:00:00,362,361,2010_3611,ICE,TRAV,LAKE,IceCross_Data.xlsx,386,2,-580424.8047654905,1104845.704816775
2010019,2010019_2010,2010019,TRUE,197,RAF_197,Traversée sur glace,53.846766,-77.364547,2010,2010-12-29,03:00:00,2010-12-29T03:00:00,363,361,2010_3611,OTHER,TRAV,LAKE,IceCross_Data.xlsx,387,3,-577638.9097464907,1126855.0371126872
2010022,2010022_2010,2010022,TRUE,198,RAF_198,Traversée sur glace,53.686617,-74.382721,2010,2010-11-21,18:00:00,2010-11-21T18:00:00,325,329,2010_3291,OTHER,TRAV,RIVER,IceCross_Data.xlsx,388,1,-385336.9551139768,1089186.4508358084
2010022,2010022_2010,2010022,TRUE,198,RAF_198,Traversée sur glace,53.652768,-74.409826,2010,2010-11-21,20:00:00,2010-11-21T20:00:00,325,329,2010_3291,OTHER,TRAV,RIVER,IceCross_Data.xlsx,389,2,-387416.85840830277,1085606.0985327058
2010022,2010022_2010,2010022,TRUE,198,RAF_198,Traversée sur glace,53.586688,-74.397939,2010,2010-11-21,22:00:00,2010-11-21T22:00:00,325,329,2010_3291,OTHER,TRAV,RIVER,IceCross_Data.xlsx,390,3,-387240.35112406895,1078266.6689370752
2010022,2010022_2010,2010022,TRUE,199,RAF_199,Traversée sur glace,53.068382,-76.759751,2010,2010-12-23,14:00:00,2010-12-23T14:00:00,357,361,2010_3611,OTHER,TRAV,LAKE,IceCross_Data.xlsx,391,1,-548313.1139327161,1036725.3086307802
2010022,2010022_2010,2010022,TRUE,199,RAF_199,Traversée sur glace,53.14123,-76.873504,2010,2010-12-23,21:00:00,2010-12-23T21:00:00,357,361,2010_3611,ICE,TRAV,LAKE,IceCross_Data.xlsx,392,2,-554890.7783896296,1045594.540884747
2010022,2010022_2010,2010022,TRUE,199,RAF_199,Traversée sur glace,53.155091,-76.905546,2010,2010-12-24,04:00:00,2010-12-24T04:00:00,358,361,2010_3611,OTHER,TRAV,LAKE,IceCross_Data.xlsx,393,3,-556824.9355788297,1047363.9980191193
2010022,2010022_2010,2010022,TRUE,200,RAF_200,Traversée sur glace,53.471008,-77.241561,2010,2010-12-29,10:00:00,2010-12-29T10:00:00,363,361,2010_3611,OTHER,TRAV,LAKE,IceCross_Data.xlsx,394,1,-574723.226158163,1084667.5652056406
2010022,2010022_2010,2010022,TRUE,200,RAF_200,Traversée sur glace,53.542525,-77.249819,2010,2010-12-29,17:00:00,2010-12-29T17:00:00,363,361,2010_3611,OTHER,TRAV,LAKE,IceCross_Data.xlsx,395,2,-574299.8666227211,1092575.2351777498
2010022,2010022_2010,2010022,TRUE,200,RAF_200,Traversée sur glace,53.58435,-77.271901,2010,2010-12-30,00:01:00,2010-12-30T00:01:00,364,361,2010_3611,OTHER,TRAV,LAKE,IceCross_Data.xlsx,396,3,-575177.022678055,1097338.3769666268
2010022,2010022_2010,2010022,TRUE,201,RAF_201,Traversée sur glace,53.607052,-77.297929,2010,2010-12-30,14:01:00,2010-12-30T14:01:00,364,361,2010_3611,OTHER,TRAV,LAKE,IceCross_Data.xlsx,397,1,-576567.5380623598,1100036.8539105519
2010022,2010022_2010,2010022,TRUE,201,RAF_201,Traversée sur glace,53.805635,-77.271767,2010,2010-12-30,21:01:00,2010-12-30T21:01:00,364,361,2010_3611,OTHER,TRAV,LAKE,IceCross_Data.xlsx,398,2,-572179.1921108114,1121600.0152036508
2010022,2010022_2010,2010022,TRUE,201,RAF_201,Traversée sur glace,53.833061,-77.2672,2010,2010-12-31,04:00:00,2010-12-31T04:00:00,365,361,2010_3611,OTHER,TRAV,LAKE,IceCross_Data.xlsx,399,3,-571512.4904858684,1124570.7709312157
2010022,2010022_2011,2010022,TRUE,202,RAF_202,Traversée sur glace,56.122899,-74.260634,2011,2011-11-06,20:00:00,2011-11-06T20:00:00,310,313,2011_3131,WATER,TRAV,LAKE,IceCross_Data.xlsx,400,1,-355699.4018241635,1356994.710976764
2010022,2010022_2011,2010022,TRUE,202,RAF_202,Traversée sur glace,56.101652,-74.320366,2011,2011-11-06,22:01:00,2011-11-06T22:01:00,310,313,2011_3131,ICE,TRAV,LAKE,IceCross_Data.xlsx,401,2,-359570.5779227302,1354949.7303507822
2010022,2010022_2011,2010022,TRUE,202,RAF_202,Traversée sur glace,56.072925,-74.343529,2011,2011-11-07,00:01:00,2011-11-07T00:01:00,311,313,2011_3131,ICE,TRAV,LAKE,IceCross_Data.xlsx,402,3,-361257.6594906585,1351898.0943031516
2010022,2010022_2011,2010022,TRUE,202,RAF_202,Traversée sur glace,56.044372,-74.347623,2011,2011-11-07,02:01:00,2011-11-07T02:01:00,311,313,2011_3131,OTHER,TRAV,LAKE,IceCross_Data.xlsx,403,4,-361768.08982768573,1348769.8156505914
2010022,2010022_2011,2010022,TRUE,203,RAF_203,Contournement,55.095627,-73.298313,2011,2011-11-16,22:01:00,2011-11-16T22:01:00,320,321,2011_3211,OTHER,CONT,LAKE,Detour_Data.xlsx,827,1,-303990.42380320694,1239243.1079438285
2010022,2010022_2011,2010022,TRUE,203,RAF_203,Contournement,55.086589,-73.315506,2011,2011-11-17,00:00:00,2011-11-17T00:00:00,321,321,2011_3211,OTHER,CONT,LAKE,Detour_Data.xlsx,828,2,-305145.2098294241,1238319.3283491181
2010022,2010022_2011,2010022,TRUE,203,RAF_203,Contournement,55.086592,-73.317748,2011,2011-11-17,02:00:00,2011-11-17T02:00:00,321,321,2011_3211,OTHER,CONT,LAKE,Detour_Data.xlsx,829,3,-305287.04215324513,1238329.2217887947
2010022,2010022_2011,2010022,TRUE,203,RAF_203,Contournement,55.078306,-73.336223,2011,2011-11-17,04:00:00,2011-11-17T04:00:00,321,321,2011_3211,OTHER,CONT,LAKE,Detour_Data.xlsx,830,4,-306517.8340514321,1237494.2172445662
2010022,2010022_2011,2010022,TRUE,203,RAF_203,Contournement,55.078068,-73.336545,2011,2011-11-17,06:00:00,2011-11-17T06:00:00,321,321,2011_3211,OTHER,CONT,LAKE,Detour_Data.xlsx,831,5,-306539.98820831295,1237469.3444490912
2010022,2010022_2011,2010022,TRUE,203,RAF_203,Contournement,55.064641,-73.350274,2011,2011-11-17,08:00:00,2011-11-17T08:00:00,321,321,2011_3211,OTHER,CONT,LAKE,Detour_Data.xlsx,832,6,-307509.3360549536,1236047.2284702503
2010022,2010022_2011,2010022,TRUE,203,RAF_203,Contournement,55.064673,-73.350533,2011,2011-11-17,10:00:00,2011-11-17T10:00:00,321,321,2011_3211,OTHER,CONT,LAKE,Detour_Data.xlsx,833,7,-307525.4919909989,1236051.871089747
2010022,2010022_2011,2010022,TRUE,203,RAF_203,Contournement,55.059508,-73.35356,2011,2011-11-17,12:00:00,2011-11-17T12:00:00,321,321,2011_3211,OTHER,CONT,LAKE,Detour_Data.xlsx,834,8,-307755.8097200699,1235495.1852000281
2010022,2010022_2011,2010022,TRUE,203,RAF_203,Contournement,55.031584,-73.396404,2011,2011-11-17,14:00:00,2011-11-17T14:00:00,321,321,2011_3211,ICE,CONT,LAKE,Detour_Data.xlsx,835,9,-310679.3150539277,1232600.4077935512
2010022,2010022_2011,2010022,TRUE,203,RAF_203,Contournement,55.050482,-73.444218,2011,2011-11-17,16:00:00,2011-11-17T16:00:00,321,321,2011_3211,OTHER,CONT,LAKE,Detour_Data.xlsx,836,10,-313564.09889467986,1234893.2365544892
2010022,2010022_2011,2010022,TRUE,203,RAF_203,Contournement,55.041408,-73.512315,2011,2011-11-17,18:00:00,2011-11-17T18:00:00,321,321,2011_3211,OTHER,CONT,LAKE,Detour_Data.xlsx,837,11,-317946.0254254284,1234192.9829168622
2010022,2010022_2011,2010022,TRUE,203,RAF_203,Contournement,55.015515,-73.540119,2011,2011-11-17,20:00:00,2011-11-17T20:00:00,321,321,2011_3211,OTHER,CONT,LAKE,Detour_Data.xlsx,838,12,-319908.25165016466,1231461.4546569649
2010022,2010022_2012,2010022,TRUE,204,RAF_204,Contournement,54.933193,-73.231625,2012,2012-01-18,13:00:00,2012-01-18T13:00:00,18,17,2012_0171,OTHER,CONT,LAKE,Detour_Data.xlsx,839,1,-300958.177987602,1221043.9241523824
2010022,2010022_2012,2010022,TRUE,204,RAF_204,Contournement,54.963199,-73.12439,2012,2012-01-18,20:00:00,2012-01-18T20:00:00,18,17,2012_0171,OTHER,CONT,LAKE,Detour_Data.xlsx,840,2,-293932.82742965745,1223908.115428481
2010022,2010022_2012,2010022,TRUE,204,RAF_204,Contournement,54.970812,-73.034439,2012,2012-01-19,03:00:00,2012-01-19T03:00:00,19,17,2012_0171,OTHER,CONT,LAKE,Detour_Data.xlsx,841,3,-288169.85176176653,1224382.1300294022
2010022,2010022_2012,2010022,TRUE,204,RAF_204,Contournement,54.977655,-72.972384,2012,2012-01-19,17:00:00,2012-01-19T17:00:00,19,17,2012_0171,ICE,CONT,LAKE,Detour_Data.xlsx,842,4,-284184.09522112727,1224888.9394820835
2010022,2010022_2012,2010022,TRUE,204,RAF_204,Contournement,54.985173,-72.796369,2012,2012-01-20,00:00:00,2012-01-20T00:00:00,20,17,2012_0171,OTHER,CONT,LAKE,Detour_Data.xlsx,843,5,-272963.60484289,1225033.272578347
2010022,2010022_2012,2010022,TRUE,204,RAF_204,Contournement,54.974019,-72.759945,2012,2012-01-20,07:00:00,2012-01-20T07:00:00,20,17,2012_0171,OTHER,CONT,LAKE,Detour_Data.xlsx,844,6,-270725.5638838492,1223664.0624829812
2010022,2010022_2012,2010022,TRUE,204,RAF_204,Contournement,54.96621,-72.674452,2012,2012-01-20,14:00:00,2012-01-20T14:00:00,20,17,2012_0171,OTHER,CONT,LAKE,Detour_Data.xlsx,845,7,-265348.91930648155,1222482.0782455755
2010022,2010022_2012,2010022,TRUE,205,RAF_205,Traversée sur glace,55.199061,-72.693244000000007,2012,2012-11-09,14:00:00,2012-11-09T14:00:00,314,313,2012_3131,ICE,TRAV,LAKE,IceCross_Data.xlsx,404,1,-265034.45306856744,1248250.7478053377
2010022,2010022_2012,2010022,TRUE,205,RAF_205,Traversée sur glace,55.155405,-72.749333,2012,2012-11-09,16:01:00,2012-11-09T16:01:00,314,313,2012_3131,OTHER,TRAV,LAKE,IceCross_Data.xlsx,405,2,-268861.87594684097,1243641.6091864163
2010022,2010022_2012,2010022,TRUE,205,RAF_205,Traversée sur glace,55.096857,-72.823139,2012,2012-11-09,18:00:00,2012-11-09T18:00:00,314,313,2012_3131,WATER,TRAV,LAKE,IceCross_Data.xlsx,406,3,-273916.87739118934,1237460.0963887176
2010022,2010022_2012,2010022,TRUE,205,RAF_205,Traversée sur glace,55.058784,-72.852834,2012,2012-11-09,20:00:00,2012-11-09T20:00:00,314,313,2012_3131,ICE,TRAV,LAKE,IceCross_Data.xlsx,407,4,-276051.93496745924,1233372.766555313
2010022,2010022_2012,2010022,TRUE,205,RAF_205,Traversée sur glace,55.025945,-72.917918,2012,2012-11-09,22:00:00,2012-11-09T22:00:00,314,313,2012_3131,OTHER,TRAV,LAKE,IceCross_Data.xlsx,408,5,-280398.27403957356,1230002.1991348292
2010022,2010022_2012,2010022,TRUE,206,RAF_206,Traversée à la nage,55.020882,-72.979287,2012,2012-11-10,12:01:00,2012-11-10T12:01:00,315,313,2012_3131,WATER,TRAV,LAKE,WaterCross_Data.xlsx,106,1,-284323.2266843544,1229685.7106736929
2010022,2010022_2012,2010022,TRUE,206,RAF_206,Traversée à la nage,55.007949000000004,-73.024391,2012,2012-11-10,14:00:00,2012-11-10T14:00:00,315,313,2012_3131,OTHER,TRAV,LAKE,WaterCross_Data.xlsx,107,2,-287272.7466555494,1228438.9321773553
2010022,2010022_2012,2010022,TRUE,206,RAF_206,Traversée à la nage,54.996712,-73.030929,2012,2012-11-10,16:00:00,2012-11-10T16:00:00,315,313,2012_3131,ICE,TRAV,LAKE,WaterCross_Data.xlsx,108,3,-287765.9191865474,1227225.4465316539
2010022,2010022_2012,2010022,TRUE,206,RAF_206,Traversée à la nage,54.995673,-73.040724,2012,2012-11-10,18:00:00,2012-11-10T18:00:00,315,313,2012_3131,WATER,TRAV,LAKE,WaterCross_Data.xlsx,109,4,-288394.46306428814,1227150.2490506656
2010022,2010022_2012,2010022,TRUE,206,RAF_206,Traversée à la nage,54.993821,-73.042552,2012,2012-11-10,20:00:00,2012-11-10T20:00:00,315,313,2012_3131,WATER,TRAV,LAKE,WaterCross_Data.xlsx,110,5,-288523.3963274517,1226953.294132279
2010022,2010022_2012,2010022,TRUE,206,RAF_206,Traversée à la nage,54.978789,-73.05115,2012,2012-11-10,22:00:00,2012-11-10T22:00:00,315,313,2012_3131,WATER,TRAV,LAKE,WaterCross_Data.xlsx,111,6,-289174.38332221477,1225329.5982086933
2010022,2010022_2013,2010022,TRUE,207,RAF_207,Contournement,54.979509,-73.329956,2013,2013-01-12,10:00:00,2013-01-12T10:00:00,12,9,2013_0091,OTHER,CONT,LAKE,Detour_Data.xlsx,846,1,-306857.8692672139,1226570.1273328885
2010022,2010022_2013,2010022,TRUE,207,RAF_207,Contournement,55.003512,-73.313691,2013,2013-01-12,17:01:00,2013-01-12T17:01:00,12,9,2013_0091,OTHER,CONT,LAKE,Detour_Data.xlsx,847,2,-305647.71936083806,1229147.9861884497
2010022,2010022_2013,2010022,TRUE,207,RAF_207,Contournement,55.090546,-73.235247,2013,2013-01-13,00:01:00,2013-01-13T00:01:00,13,17,2013_0171,OTHER,CONT,LAKE,Detour_Data.xlsx,848,3,-300037.9816358524,1238416.4502574007
2010022,2010022_2013,2010022,TRUE,207,RAF_207,Contournement,55.125558,-73.241694,2013,2013-01-13,07:00:00,2013-01-13T07:00:00,13,17,2013_0171,OTHER,CONT,LAKE,Detour_Data.xlsx,849,4,-300189.5816532315,1242305.8544673424
2010026,2010026_2010,2010026,TRUE,208,RAF_208,Contournement,55.195341,-73.095582,2010,2010-10-27,12:00:00,2010-10-27T12:00:00,300,297,2010_2971,OTHER,CONT,LAKE,Detour_Data.xlsx,850,1,-290457.2313960047,1249401.815765112
2010026,2010026_2010,2010026,TRUE,208,RAF_208,Contournement,55.170976,-73.170515,2010,2010-10-27,14:01:00,2010-10-27T14:01:00,300,297,2010_2971,OTHER,CONT,LAKE,Detour_Data.xlsx,851,2,-295362.29049816704,1247020.2785438036
2010026,2010026_2010,2010026,TRUE,208,RAF_208,Contournement,55.162637,-73.186754,2010,2010-10-27,16:00:00,2010-10-27T16:00:00,300,297,2010_2971,OTHER,CONT,LAKE,Detour_Data.xlsx,852,3,-296448.1160909633,1246167.4145442147
2010026,2010026_2010,2010026,TRUE,208,RAF_208,Contournement,55.150311,-73.232207,2010,2010-10-27,18:01:00,2010-10-27T18:01:00,300,297,2010_2971,OTHER,CONT,LAKE,Detour_Data.xlsx,853,4,-299409.0066327219,1244996.8147653253
2010026,2010026_2010,2010026,TRUE,208,RAF_208,Contournement,55.140026,-73.249828,2010,2010-10-27,20:00:00,2010-10-27T20:00:00,300,297,2010_2971,OTHER,CONT,LAKE,Detour_Data.xlsx,854,5,-300597.6823861296,1243936.0632935076
2010026,2010026_2010,2010026,TRUE,208,RAF_208,Contournement,55.118827,-73.289671,2010,2010-10-27,22:00:00,2010-10-27T22:00:00,300,297,2010_2971,OTHER,CONT,LAKE,Detour_Data.xlsx,855,6,-303272.1916703586,1241765.6252284395
2010026,2010026_2010,2010026,TRUE,209,RAF_209,Contournement,55.05902,-73.374981,2010,2010-10-29,12:01:00,2010-10-29T12:01:00,302,305,2010_3051,OTHER,CONT,LAKE,Detour_Data.xlsx,856,1,-309115.6533758217,1235533.6876572263
2010026,2010026_2010,2010026,TRUE,209,RAF_209,Contournement,55.039396000000004,-73.43061,2010,2010-10-29,14:01:00,2010-10-29T14:01:00,302,305,2010_3051,OTHER,CONT,LAKE,Detour_Data.xlsx,857,2,-312786.8207917356,1233611.0129916735
2010026,2010026_2010,2010026,TRUE,209,RAF_209,Contournement,55.007306,-73.390302,2010,2010-10-29,20:00:00,2010-10-29T20:00:00,302,305,2010_3051,OTHER,CONT,LAKE,Detour_Data.xlsx,858,3,-310476.01719735924,1229896.2526801361
2010026,2010026_2010,2010026,TRUE,210,RAF_210,Traversée sur glace,53.72877,-76.226374,2010,2010-11-26,18:00:00,2010-11-26T18:00:00,330,329,2010_3291,OTHER,TRAV,LAKE,IceCross_Data.xlsx,409,1,-505186.9005743527,1105294.8456528054
2010026,2010026_2010,2010026,TRUE,210,RAF_210,Traversée sur glace,53.720525,-76.249829,2010,2010-11-26,20:01:00,2010-11-26T20:01:00,330,329,2010_3291,ICE,TRAV,LAKE,IceCross_Data.xlsx,410,2,-506812.9604662313,1104555.152913527
2010026,2010026_2010,2010026,TRUE,210,RAF_210,Traversée sur glace,53.705147,-76.307524,2010,2010-11-26,22:00:00,2010-11-26T22:00:00,330,329,2010_3291,OTHER,TRAV,LAKE,IceCross_Data.xlsx,411,3,-510756.08052165055,1103276.513940182
2010026,2010026_2010,2010026,TRUE,211,RAF_211,Contournement,53.619306,-76.380283,2010,2010-11-28,12:02:00,2010-11-28T12:02:00,332,329,2010_3291,OTHER,CONT,LAKE,Detour_Data.xlsx,859,1,-516538.87199403293,1094372.6197303787
2010026,2010026_2010,2010026,TRUE,211,RAF_211,Contournement,53.614024,-76.368592,2010,2010-11-28,14:01:00,2010-11-28T14:01:00,332,329,2010_3291,OTHER,CONT,LAKE,Detour_Data.xlsx,860,2,-515839.67249583744,1093708.310459406
2010026,2010026_2010,2010026,TRUE,211,RAF_211,Contournement,53.619862,-76.337356,2010,2010-11-28,16:01:00,2010-11-28T16:01:00,332,329,2010_3291,OTHER,CONT,LAKE,Detour_Data.xlsx,861,3,-513729.6585198267,1094124.655956725
2010026,2010026_2010,2010026,TRUE,211,RAF_211,Contournement,53.624199,-76.326101,2010,2010-11-28,18:00:00,2010-11-28T18:00:00,332,329,2010_3291,OTHER,CONT,LAKE,Detour_Data.xlsx,862,4,-512942.5586534048,1094520.1644753504
2010026,2010026_2010,2010026,TRUE,211,RAF_211,Contournement,53.625955,-76.313201,2010,2010-11-28,20:01:00,2010-11-28T20:01:00,332,329,2010_3291,OTHER,CONT,LAKE,Detour_Data.xlsx,863,5,-512079.2868607861,1094620.6052922192
2010026,2010026_2010,2010026,TRUE,211,RAF_211,Contournement,53.626262,-76.309845,2010,2010-11-28,22:01:00,2010-11-28T22:01:00,332,329,2010_3291,OTHER,CONT,LAKE,Detour_Data.xlsx,864,6,-511856.5138856349,1094630.307963735
2010026,2010026_2010,2010026,TRUE,211,RAF_211,Contournement,53.63055,-76.30471,2010,2010-11-29,00:00:00,2010-11-29T00:00:00,333,337,2010_3371,OTHER,CONT,LAKE,Detour_Data.xlsx,865,7,-511469.74052045913,1095064.47621977
2010026,2010026_2010,2010026,TRUE,211,RAF_211,Contournement,53.633113,-76.296743,2010,2010-11-29,02:00:00,2010-11-29T02:00:00,333,337,2010_3371,OTHER,CONT,LAKE,Detour_Data.xlsx,866,8,-510918.91603024845,1095289.0207956114
2010026,2010026_2010,2010026,TRUE,211,RAF_211,Contournement,53.633147,-76.296952,2010,2010-11-29,04:00:00,2010-11-29T04:00:00,333,337,2010_3371,OTHER,CONT,LAKE,Detour_Data.xlsx,867,9,-510932.1490817721,1095294.246771509
2010026,2010026_2010,2010026,TRUE,211,RAF_211,Contournement,53.638893,-76.283126,2010,2010-11-29,06:00:00,2010-11-29T06:00:00,333,337,2010_3371,OTHER,CONT,LAKE,Detour_Data.xlsx,868,10,-509960.8099214199,1095826.6358513988
2010026,2010026_2010,2010026,TRUE,211,RAF_211,Contournement,53.63889,-76.283197,2010,2010-11-29,08:00:00,2010-11-29T08:00:00,333,337,2010_3371,OTHER,CONT,LAKE,Detour_Data.xlsx,869,11,-509965.47955296416,1095826.812367077
2010026,2010026_2010,2010026,TRUE,211,RAF_211,Contournement,53.638108,-76.282965,2010,2010-11-29,10:00:00,2010-11-29T10:00:00,333,337,2010_3371,OTHER,CONT,LAKE,Detour_Data.xlsx,870,12,-509959.71583068825,1095739.2807548956
2010026,2010026_2010,2010026,TRUE,211,RAF_211,Contournement,53.642336,-76.272024,2010,2010-11-29,12:00:00,2010-11-29T12:00:00,333,337,2010_3371,OTHER,CONT,LAKE,Detour_Data.xlsx,871,13,-509195.02805441484,1096125.6882165973
2010026,2010026_2010,2010026,TRUE,211,RAF_211,Contournement,53.643588,-76.25129,2010,2010-11-29,14:01:00,2010-11-29T14:01:00,333,337,2010_3371,OTHER,CONT,LAKE,Detour_Data.xlsx,872,14,-507826.98274127586,1096115.8486749479
2010026,2010026_2010,2010026,TRUE,212,RAF_212,Contournement,53.69258,-76.065892,2010,2010-12-02,12:00:00,2010-12-02T12:00:00,336,337,2010_3371,OTHER,CONT,LAKE,Detour_Data.xlsx,873,1,-495155.2917147615,1100197.893077361
2010026,2010026_2010,2010026,TRUE,212,RAF_212,Contournement,53.70135,-76.054191,2010,2010-12-02,14:00:00,2010-12-02T14:00:00,336,337,2010_3371,OTHER,CONT,LAKE,Detour_Data.xlsx,874,2,-494290.2736580132,1101080.451006507
2010026,2010026_2010,2010026,TRUE,212,RAF_212,Contournement,53.697651,-76.038523,2010,2010-12-02,16:00:00,2010-12-02T16:00:00,336,337,2010_3371,OTHER,CONT,LAKE,Detour_Data.xlsx,875,3,-493311.84405469167,1100565.9617628604
2010026,2010026_2010,2010026,TRUE,212,RAF_212,Contournement,53.672833,-76.025915,2010,2010-12-02,18:00:00,2010-12-02T18:00:00,336,337,2010_3371,OTHER,CONT,LAKE,Detour_Data.xlsx,876,4,-492777.65206127806,1097752.5442969324
2010026,2010026_2010,2010026,TRUE,212,RAF_212,Contournement,53.631023,-75.961588,2010,2010-12-02,20:00:00,2010-12-02T20:00:00,336,337,2010_3371,OTHER,CONT,LAKE,Detour_Data.xlsx,877,5,-489061.7616987291,1092717.712260788
2010026,2010026_2010,2010026,TRUE,213,RAF_213,Traversée sur glace,53.57412,-75.900263,2010,2010-12-06,14:01:00,2010-12-06T14:01:00,340,337,2010_3371,OTHER,TRAV,LAKE,IceCross_Data.xlsx,412,1,-485705.5870788587,1086047.80287588
2010026,2010026_2010,2010026,TRUE,213,RAF_213,Traversée sur glace,53.540301,-75.92655,2010,2010-12-06,16:00:00,2010-12-06T16:00:00,340,337,2010_3371,ICE,TRAV,LAKE,IceCross_Data.xlsx,413,2,-487811.7325871737,1082510.6904235363
2010026,2010026_2010,2010026,TRUE,213,RAF_213,Traversée sur glace,53.475226,-75.92541,2010,2010-12-06,18:00:00,2010-12-06T18:00:00,340,337,2010_3371,OTHER,TRAV,LAKE,IceCross_Data.xlsx,414,3,-488481.7134909066,1075352.915852617
2010026,2010026_2010,2010026,TRUE,213,RAF_213,Traversée sur glace,53.420979,-75.93037,2010,2010-12-06,20:00:00,2010-12-06T20:00:00,340,337,2010_3371,OTHER,TRAV,LAKE,IceCross_Data.xlsx,415,4,-489427.93632954854,1069426.6227071246
2010026,2010026_2010,2010026,TRUE,214,RAF_214,Traversée sur glace,53.230585,-76.666596,2010,2010-12-12,02:00:00,2010-12-12T02:00:00,346,345,2010_3451,OTHER,TRAV,LAKE,IceCross_Data.xlsx,416,1,-540115.8890653545,1053815.8017528492
2010026,2010026_2010,2010026,TRUE,214,RAF_214,Traversée sur glace,53.235345,-76.679341,2010,2010-12-12,04:00:00,2010-12-12T04:00:00,346,345,2010_3451,OTHER,TRAV,LAKE,IceCross_Data.xlsx,417,2,-540895.1691499487,1054434.4343670886
2010026,2010026_2010,2010026,TRUE,214,RAF_214,Traversée sur glace,53.24758,-76.713972,2010,2010-12-12,06:00:00,2010-12-12T06:00:00,346,345,2010_3451,OTHER,TRAV,LAKE,IceCross_Data.xlsx,418,3,-543020.4628583413,1056039.3440026892
2010026,2010026_2010,2010026,TRUE,215,RAF_215,Traversée sur glace,53.278577,-76.773115,2010,2010-12-13,12:00:00,2010-12-13T12:00:00,347,345,2010_3451,OTHER,TRAV,LAKE,IceCross_Data.xlsx,419,1,-546518.029678706,1059890.8614751738
2010026,2010026_2010,2010026,TRUE,215,RAF_215,Traversée sur glace,53.315963000000004,-76.781581,2010,2010-12-13,14:00:00,2010-12-13T14:00:00,347,345,2010_3451,OTHER,TRAV,LAKE,IceCross_Data.xlsx,420,2,-546597.9274674798,1064057.6610621298
2010026,2010026_2010,2010026,TRUE,215,RAF_215,Traversée sur glace,53.371688,-76.77077,2010,2010-12-13,16:00:00,2010-12-13T16:00:00,347,345,2010_3451,ICE,TRAV,LAKE,IceCross_Data.xlsx,421,3,-545177.7014717875,1070089.6265973926
2010026,2010026_2010,2010026,TRUE,215,RAF_215,Traversée sur glace,53.406447,-76.82346,2010,2010-12-13,18:00:00,2010-12-13T18:00:00,347,345,2010_3451,OTHER,TRAV,LAKE,IceCross_Data.xlsx,422,4,-548189.6017143818,1074305.9986473827
2010026,2010026_2010,2010026,TRUE,216,RAF_216,Traversée sur glace,53.466598,-77.110288,2010,2010-12-20,16:02:00,2010-12-20T16:02:00,354,353,2010_3531,OTHER,TRAV,LAKE,IceCross_Data.xlsx,423,1,-566193.0282740516,1083137.5098047105
2010026,2010026_2010,2010026,TRUE,216,RAF_216,Traversée sur glace,53.515406,-77.093134,2010,2010-12-20,23:01:00,2010-12-20T23:01:00,354,353,2010_3531,OTHER,TRAV,LAKE,IceCross_Data.xlsx,424,2,-564424.560262589,1088354.764553384
2010026,2010026_2010,2010026,TRUE,216,RAF_216,Traversée sur glace,53.54828,-77.124827,2010,2010-12-21,06:02:00,2010-12-21T06:02:00,355,353,2010_3531,OTHER,TRAV,LAKE,IceCross_Data.xlsx,425,3,-566059.5530228792,1092210.3853150543
2010026,2010026_2010,2010026,TRUE,217,RAF_217,Traversée sur glace,53.556552,-77.161524,2010,2010-12-22,10:00:00,2010-12-22T10:00:00,356,353,2010_3531,OTHER,TRAV,LAKE,IceCross_Data.xlsx,426,1,-568345.9459145626,1093408.3954566463
2010026,2010026_2010,2010026,TRUE,217,RAF_217,Traversée sur glace,53.623794,-77.2345,2010,2010-12-22,17:00:00,2010-12-22T17:00:00,356,353,2010_3531,OTHER,TRAV,LAKE,IceCross_Data.xlsx,427,2,-572206.3047140447,1101363.3740423075
2010026,2010026_2010,2010026,TRUE,217,RAF_217,Traversée sur glace,53.689588,-77.378558,2010,2010-12-23,00:00:00,2010-12-23T00:00:00,357,361,2010_3611,ICE,TRAV,LAKE,IceCross_Data.xlsx,428,3,-580696.1271660827,1109737.271824834
2010026,2010026_2010,2010026,TRUE,217,RAF_217,Traversée sur glace,53.715311,-77.414553,2010,2010-12-23,07:01:00,2010-12-23T07:01:00,357,361,2010_3611,OTHER,TRAV,LAKE,IceCross_Data.xlsx,429,4,-582685.0995009843,1112849.648758971
2010026,2010026_2010,2010026,TRUE,218,RAF_218,Traversée sur glace,53.715466,-77.416946,2010,2010-12-23,14:01:00,2010-12-23T14:01:00,357,361,2010_3611,OTHER,TRAV,LAKE,IceCross_Data.xlsx,430,1,-582838.57551927,1112886.127350949
2010026,2010026_2010,2010026,TRUE,218,RAF_218,Traversée sur glace,53.742141,-77.447355,2010,2010-12-23,21:00:00,2010-12-23T21:00:00,357,361,2010_3611,ICE,TRAV,LAKE,IceCross_Data.xlsx,431,2,-584448.3474471892,1116058.1295691968
2010026,2010026_2010,2010026,TRUE,218,RAF_218,Traversée sur glace,53.748925,-77.425254,2010,2010-12-24,04:00:00,2010-12-24T04:00:00,358,361,2010_3611,ICE,TRAV,LAKE,IceCross_Data.xlsx,432,3,-582918.961468581,1116621.4899911429
2010026,2010026_2010,2010026,TRUE,218,RAF_218,Traversée sur glace,53.799119,-77.422865,2010,2010-12-24,11:00:00,2010-12-24T11:00:00,358,361,2010_3611,OTHER,TRAV,LAKE,IceCross_Data.xlsx,433,4,-582074.0919716429,1122104.2331811176
2010026,2010026_2011,2010026,TRUE,219,RAF_219,Contournement,55.175809,-73.106085,2011,2011-11-12,00:00:00,2011-11-12T00:00:00,316,313,2011_3131,OTHER,CONT,LAKE,Detour_Data.xlsx,878,1,-291259.0494227972,1247289.423216379
2010026,2010026_2011,2010026,TRUE,219,RAF_219,Contournement,55.145947,-73.147948,2011,2011-11-12,02:00:00,2011-11-12T02:00:00,316,313,2011_3131,OTHER,CONT,LAKE,Detour_Data.xlsx,879,2,-294116.78279475874,1244165.9354595763
2010026,2010026_2011,2010026,TRUE,219,RAF_219,Contournement,55.116051,-73.184591,2011,2011-11-12,04:00:00,2011-11-12T04:00:00,316,313,2011_3131,OTHER,CONT,LAKE,Detour_Data.xlsx,880,3,-296648.4317593239,1241018.9197922212
2010026,2010026_2011,2010026,TRUE,219,RAF_219,Contournement,55.109148,-73.184832,2011,2011-11-12,06:00:00,2011-11-12T06:00:00,316,313,2011_3131,OTHER,CONT,LAKE,Detour_Data.xlsx,881,4,-296713.598841843,1240258.3707078176
2010026,2010026_2011,2010026,TRUE,219,RAF_219,Contournement,55.099179,-73.183946,2011,2011-11-12,08:00:00,2011-11-12T08:00:00,316,313,2011_3131,OTHER,CONT,LAKE,Detour_Data.xlsx,882,5,-296729.6535400181,1239154.9101771181
2010026,2010026_2011,2010026,TRUE,219,RAF_219,Contournement,55.097162,-73.195708,2011,2011-11-12,10:00:00,2011-11-12T10:00:00,316,313,2011_3131,OTHER,CONT,LAKE,Detour_Data.xlsx,883,6,-297488.33414047677,1238981.229964309
2010026,2010026_2011,2010026,TRUE,219,RAF_219,Contournement,55.096933,-73.197239,2011,2011-11-12,12:00:00,2011-11-12T12:00:00,316,313,2011_3131,OTHER,CONT,LAKE,Detour_Data.xlsx,884,7,-297586.8492968616,1238962.3326511905
2010026,2010026_2011,2010026,TRUE,219,RAF_219,Contournement,55.093614,-73.181305,2011,2011-11-12,14:00:00,2011-11-12T14:00:00,316,313,2011_3131,OTHER,CONT,LAKE,Detour_Data.xlsx,885,8,-296602.8035959742,1238530.029490043
2010026,2010026_2011,2010026,TRUE,219,RAF_219,Contournement,55.084194,-73.18955,2011,2011-11-12,16:00:00,2011-11-12T16:00:00,316,313,2011_3131,OTHER,CONT,LAKE,Detour_Data.xlsx,886,9,-297192.6510536529,1237525.029715486
2010026,2010026_2011,2010026,TRUE,219,RAF_219,Contournement,55.081674,-73.18172,2011,2011-11-12,18:00:00,2011-11-12T18:00:00,316,313,2011_3131,OTHER,CONT,LAKE,Detour_Data.xlsx,887,10,-296715.36028242466,1237214.5341161618
2010026,2010026_2011,2010026,TRUE,219,RAF_219,Contournement,55.081396,-73.198501,2011,2011-11-12,20:00:00,2011-11-12T20:00:00,316,313,2011_3131,OTHER,CONT,LAKE,Detour_Data.xlsx,888,11,-297779.3873727729,1237253.5708688488
2010026,2010026_2011,2010026,TRUE,219,RAF_219,Contournement,55.074262,-73.234525,2011,2011-11-12,22:00:00,2011-11-12T22:00:00,316,313,2011_3131,OTHER,CONT,LAKE,Detour_Data.xlsx,889,12,-300111.32356118754,1236617.0739910018
2010026,2010026_2011,2010026,TRUE,219,RAF_219,Contournement,55.074213,-73.230554,2011,2011-11-13,00:00:00,2011-11-13T00:00:00,317,321,2011_3211,OTHER,CONT,LAKE,Detour_Data.xlsx,890,13,-299860.3352128639,1236595.021868255
2010026,2010026_2011,2010026,TRUE,219,RAF_219,Contournement,55.074144,-73.231159,2011,2011-11-13,02:00:00,2011-11-13T02:00:00,317,321,2011_3211,OTHER,CONT,LAKE,Detour_Data.xlsx,891,14,-299899.1330337661,1236589.9455547486
2010026,2010026_2011,2010026,TRUE,219,RAF_219,Contournement,55.066717,-73.227924,2011,2011-11-13,04:00:00,2011-11-13T04:00:00,317,321,2011_3211,OTHER,CONT,LAKE,Detour_Data.xlsx,892,15,-299748.58048897906,1235757.09476607
2010026,2010026_2011,2010026,TRUE,219,RAF_219,Contournement,55.061042,-73.225395,2011,2011-11-13,06:00:00,2011-11-13T06:00:00,317,321,2011_3211,WATER,CONT,LAKE,Detour_Data.xlsx,893,16,-299629.8752942587,1235120.4770115886
2010026,2010026_2011,2010026,TRUE,219,RAF_219,Contournement,55.054265,-73.251403,2011,2011-11-13,08:00:00,2011-11-13T08:00:00,317,321,2011_3211,OTHER,CONT,LAKE,Detour_Data.xlsx,894,17,-301326.2940566411,1234482.1038495963
2010026,2010026_2011,2010026,TRUE,219,RAF_219,Contournement,55.054542,-73.252004,2011,2011-11-13,10:00:00,2011-11-13T10:00:00,317,321,2011_3211,OTHER,CONT,LAKE,Detour_Data.xlsx,895,18,-301362.32039745245,1234515.1904868057
2010026,2010026_2011,2010026,TRUE,219,RAF_219,Contournement,55.052517,-73.262034,2011,2011-11-13,12:00:00,2011-11-13T12:00:00,317,321,2011_3211,OTHER,CONT,LAKE,Detour_Data.xlsx,896,19,-302012.3508281782,1234334.0997146652
2010026,2010026_2011,2010026,TRUE,219,RAF_219,Contournement,55.047591,-73.359335,2011,2011-11-13,14:00:00,2011-11-13T14:00:00,317,321,2011_3211,OTHER,CONT,LAKE,Detour_Data.xlsx,897,20,-308210.824276475,1234205.6095029428
2010026,2010026_2011,2010026,TRUE,219,RAF_219,Contournement,55.010396,-73.35426,2011,2011-11-13,16:00:00,2011-11-13T16:00:00,317,321,2011_3211,OTHER,CONT,LAKE,Detour_Data.xlsx,898,21,-308168.1483203959,1230081.2660676308
2010026,2010026_2011,2010026,TRUE,219,RAF_219,Contournement,54.969269,-73.332824,2011,2011-11-13,18:00:00,2011-11-13T18:00:00,317,321,2011_3211,OTHER,CONT,LAKE,Detour_Data.xlsx,899,22,-307116.1944425711,1225453.0100146404
2010026,2010026_2011,2010026,TRUE,220,RAF_220,Contournement,53.942,-75.013586,2011,2011-11-24,12:00:00,2011-11-24T12:00:00,328,329,2011_3291,OTHER,CONT,LAKE,Detour_Data.xlsx,900,1,-423987.3943847739,1120862.655958903
2010026,2010026_2011,2010026,TRUE,220,RAF_220,Contournement,53.922108,-75.037318,2011,2011-11-24,14:00:00,2011-11-24T14:00:00,328,329,2011_3291,OTHER,CONT,LAKE,Detour_Data.xlsx,901,2,-425728.3767168997,1118814.9606348574
2010026,2010026_2011,2010026,TRUE,220,RAF_220,Contournement,53.922304,-75.04046,2011,2011-11-24,16:00:00,2011-11-24T16:00:00,328,329,2011_3291,OTHER,CONT,LAKE,Detour_Data.xlsx,902,3,-425930.44614269247,1118855.2218225463
2010026,2010026_2011,2010026,TRUE,220,RAF_220,Contournement,53.895563,-75.069019,2011,2011-11-24,18:01:00,2011-11-24T18:01:00,328,329,2011_3291,OTHER,CONT,LAKE,Detour_Data.xlsx,903,4,-428055.885921352,1116083.6205830907
2010026,2010026_2011,2010026,TRUE,220,RAF_220,Contournement,53.916891,-75.064602,2011,2011-11-24,20:00:00,2011-11-24T20:00:00,328,329,2011_3291,OTHER,CONT,LAKE,Detour_Data.xlsx,904,5,-427553.0112805993,1118403.6549456923
2010026,2010026_2011,2010026,TRUE,220,RAF_220,Contournement,53.916995,-75.058368,2011,2011-11-24,22:01:00,2011-11-24T22:01:00,328,329,2011_3291,OTHER,CONT,LAKE,Detour_Data.xlsx,905,6,-427147.07678337285,1118377.8679505354
2010026,2010026_2011,2010026,TRUE,221,RAF_221,Contournement,53.913577,-75.048042,2011,2011-11-25,10:00:00,2011-11-25T10:00:00,329,329,2011_3291,OTHER,CONT,LAKE,Detour_Data.xlsx,906,1,-426510.9294160003,1117940.2315712424
2010026,2010026_2011,2010026,TRUE,221,RAF_221,Contournement,53.913158,-75.060542,2011,2011-11-25,12:00:00,2011-11-25T12:00:00,329,329,2011_3291,OTHER,CONT,LAKE,Detour_Data.xlsx,907,2,-427327.08280912,1117968.707187841
2010026,2010026_2011,2010026,TRUE,221,RAF_221,Contournement,53.917442,-75.065022,2011,2011-11-25,14:00:00,2011-11-25T14:00:00,329,329,2011_3291,OTHER,CONT,LAKE,Detour_Data.xlsx,908,3,-427574.7121330785,1118466.784123644
2010026,2010026_2011,2010026,TRUE,221,RAF_221,Contournement,53.936947,-75.075649,2011,2011-11-25,16:00:00,2011-11-25T16:00:00,329,329,2011_3291,OTHER,CONT,LAKE,Detour_Data.xlsx,909,4,-428067.1516978864,1120676.2048384498
2010026,2010026_2011,2010026,TRUE,221,RAF_221,Contournement,53.951585,-75.147954,2011,2011-11-25,18:01:00,2011-11-25T18:01:00,329,329,2011_3291,OTHER,CONT,LAKE,Detour_Data.xlsx,910,5,-432610.6210372595,1122721.3816899103
2010026,2010026_2012,2010026,TRUE,222,RAF_222,Contournement,56.176674,-74.912453,2012,2012-04-06,14:00:00,2012-04-06T14:00:00,97,97,2012_0971,OTHER,CONT,LAKE,Detour_Data.xlsx,911,1,-395312.1507534562,1366344.6448278201
2010026,2010026_2012,2010026,TRUE,222,RAF_222,Contournement,56.216453,-74.819616,2012,2012-04-06,21:00:00,2012-04-06T21:00:00,97,97,2012_0971,OTHER,CONT,LAKE,Detour_Data.xlsx,912,2,-389215.69501258683,1370220.6977463702
2010026,2010026_2012,2010026,TRUE,222,RAF_222,Contournement,56.243458,-74.791846,2012,2012-04-07,04:00:00,2012-04-07T04:00:00,98,97,2012_0971,ICE,CONT,LAKE,Detour_Data.xlsx,913,3,-387247.3558456698,1373047.207032081
2010026,2010026_2012,2010026,TRUE,222,RAF_222,Contournement,56.246933,-74.792163,2012,2012-04-07,11:00:00,2012-04-07T11:00:00,98,97,2012_0971,ICE,CONT,LAKE,Detour_Data.xlsx,914,4,-387233.0423380267,1373432.0371697873
2010026,2010026_2012,2010026,TRUE,222,RAF_222,Contournement,56.31742,-74.747068,2012,2012-04-07,18:00:00,2012-04-07T18:00:00,98,97,2012_0971,OTHER,CONT,LAKE,Detour_Data.xlsx,915,5,-383784.68050705496,1380960.7515043712
2010026,2010026_2012,2010026,TRUE,222,RAF_222,Contournement,56.348502,-74.793624,2012,2012-04-08,01:00:00,2012-04-08T01:00:00,99,97,2012_0971,OTHER,CONT,LAKE,Detour_Data.xlsx,916,6,-386335.279914825,1384638.455538803
2010026,2010026_2012,2010026,TRUE,223,RAF_223,Contournement,55.259399,-72.530529,2012,2012-11-02,12:00:00,2012-11-02T12:00:00,307,305,2012_3051,OTHER,CONT,LAKE,Detour_Data.xlsx,917,1,-254385.56763713335,1254320.6729482196
2010026,2010026_2012,2010026,TRUE,223,RAF_223,Contournement,55.249945,-72.582128,2012,2012-11-02,14:00:00,2012-11-02T14:00:00,307,305,2012_3051,OTHER,CONT,LAKE,Detour_Data.xlsx,918,2,-257698.30985484523,1253461.6396084055
2010026,2010026_2012,2010026,TRUE,223,RAF_223,Contournement,55.243713,-72.64456,2012,2012-11-02,16:01:00,2012-11-02T16:01:00,307,305,2012_3051,OTHER,CONT,LAKE,Detour_Data.xlsx,919,3,-261675.0558731706,1253000.2682238794
2010026,2010026_2012,2010026,TRUE,223,RAF_223,Contournement,55.232549,-72.70629,2012,2012-11-02,18:01:00,2012-11-02T18:01:00,307,305,2012_3051,OTHER,CONT,LAKE,Detour_Data.xlsx,920,4,-265640.56142361666,1251995.415894017
2010026,2010026_2012,2010026,TRUE,223,RAF_223,Contournement,55.228143,-72.715301,2012,2012-11-02,20:00:00,2012-11-02T20:00:00,307,305,2012_3051,OTHER,CONT,LAKE,Detour_Data.xlsx,921,5,-266237.657206832,1251542.5825913888
2010026,2010026_2012,2010026,TRUE,223,RAF_223,Contournement,55.225703,-72.784271,2012,2012-11-03,00:00:00,2012-11-03T00:00:00,308,305,2012_3051,OTHER,CONT,LAKE,Detour_Data.xlsx,922,6,-270604.7684692314,1251531.978159418
2010026,2010026_2012,2010026,TRUE,223,RAF_223,Contournement,55.224431,-72.793177,2012,2012-11-03,02:00:00,2012-11-03T02:00:00,308,305,2012_3051,OTHER,CONT,LAKE,Detour_Data.xlsx,923,7,-271175.05094468413,1251425.3019145266
2010026,2010026_2012,2010026,TRUE,224,RAF_224,Contournement,55.224353,-72.815193,2012,2012-11-03,10:00:00,2012-11-03T10:00:00,308,305,2012_3051,OTHER,CONT,LAKE,Detour_Data.xlsx,924,1,-272564.5118397637,1251500.3360575666
2010026,2010026_2012,2010026,TRUE,224,RAF_224,Contournement,55.217532,-72.82491,2012,2012-11-03,12:00:00,2012-11-03T12:00:00,308,305,2012_3051,OTHER,CONT,LAKE,Detour_Data.xlsx,925,2,-273223.08209433546,1250784.5846835042
2010026,2010026_2012,2010026,TRUE,224,RAF_224,Contournement,55.207963,-72.862652,2012,2012-11-03,14:00:00,2012-11-03T14:00:00,308,305,2012_3051,OTHER,CONT,LAKE,Detour_Data.xlsx,926,3,-275668.92570449563,1249873.2672017359
2010026,2010026_2012,2010026,TRUE,224,RAF_224,Contournement,55.207582,-72.877406,2012,2012-11-03,16:00:00,2012-11-03T16:00:00,308,305,2012_3051,OTHER,CONT,LAKE,Detour_Data.xlsx,927,4,-276602.6212192614,1249888.1526560981
2010026,2010026_2012,2010026,TRUE,224,RAF_224,Contournement,55.198537,-72.936222,2012,2012-11-03,18:00:00,2012-11-03T18:00:00,308,305,2012_3051,OTHER,CONT,LAKE,Detour_Data.xlsx,928,5,-280376.35512441,1249118.8729900767
2010026,2010026_2012,2010026,TRUE,224,RAF_224,Contournement,55.186502,-73.019488,2012,2012-11-03,20:00:00,2012-11-03T20:00:00,308,305,2012_3051,OTHER,CONT,LAKE,Detour_Data.xlsx,929,6,-285715.9492343742,1248120.1745788215
2010026,2010026_2012,2010026,TRUE,224,RAF_224,Contournement,55.186133,-73.121311,2012,2012-11-03,22:01:00,2012-11-03T22:01:00,308,305,2012_3051,OTHER,CONT,LAKE,Detour_Data.xlsx,930,7,-292146.84279651503,1248490.5808677305
2010026,2010026_2012,2010026,TRUE,224,RAF_224,Contournement,55.178057,-73.152245,2012,2012-11-04,00:00:00,2012-11-04T00:00:00,309,313,2012_3131,OTHER,CONT,LAKE,Detour_Data.xlsx,931,8,-294157.6694853825,1247726.2628088098
2010026,2010026_2012,2010026,TRUE,224,RAF_224,Contournement,55.175621,-73.159374,2012,2012-11-04,02:00:00,2012-11-04T02:00:00,309,313,2012_3131,OTHER,CONT,LAKE,Detour_Data.xlsx,932,9,-294625.3179314719,1247486.8276362997
2010026,2010026_2012,2010026,TRUE,224,RAF_224,Contournement,55.173626,-73.210494,2012,2012-11-04,04:00:00,2012-11-04T04:00:00,309,313,2012_3131,OTHER,CONT,LAKE,Detour_Data.xlsx,933,10,-297867.6434891913,1247478.3542047276
2010031,2010031_2014,2010031,TRUE,225,RAF_225,Traversée sur glace,53.480436,-77.133113,2014,2014-04-23,14:01:00,2014-04-23T14:01:00,113,113,2014_1131,OTHER,TRAV,LAKE,IceCross_Data.xlsx,434,1,-567502.69967722,1084835.8669840726
2010031,2010031_2014,2010031,TRUE,225,RAF_225,Traversée sur glace,53.518844,-77.091967,2014,2014-04-23,16:00:00,2014-04-23T16:00:00,113,113,2014_1131,OTHER,TRAV,LAKE,IceCross_Data.xlsx,435,2,-564302.7863291224,1088722.6143783166
2010031,2010031_2014,2010031,TRUE,225,RAF_225,Traversée sur glace,53.538123,-77.082388,2014,2014-04-23,18:00:00,2014-04-23T18:00:00,113,113,2014_1131,OTHER,TRAV,LAKE,IceCross_Data.xlsx,436,3,-563421.8678589592,1090761.534379973
2010031,2010031_2014,2010031,TRUE,226,RAF_226,Traversée sur glace,53.584756,-77.05313,2014,2014-04-24,12:00:00,2014-04-24T12:00:00,114,113,2014_1131,OTHER,TRAV,LAKE,IceCross_Data.xlsx,437,1,-560896.0293200794,1095646.3157254802
2010031,2010031_2014,2010031,TRUE,226,RAF_226,Traversée sur glace,53.636333,-77.043327,2014,2014-04-24,14:00:00,2014-04-24T14:00:00,114,113,2014_1131,ICE,TRAV,LAKE,IceCross_Data.xlsx,438,2,-559577.607614537,1101226.708956253
2010031,2010031_2014,2010031,TRUE,226,RAF_226,Traversée sur glace,53.695255,-77.046952,2014,2014-04-24,16:00:00,2014-04-24T16:00:00,114,113,2014_1131,ICE,TRAV,LAKE,IceCross_Data.xlsx,439,3,-559038.3083336827,1107717.948159975
2010031,2010031_2014,2010031,TRUE,226,RAF_226,Traversée sur glace,53.753323,-77.038361,2014,2014-04-24,18:00:00,2014-04-24T18:00:00,114,113,2014_1131,ICE,TRAV,LAKE,IceCross_Data.xlsx,440,4,-557715.4485707761,1114020.294312246
2010031,2010031_2014,2010031,TRUE,226,RAF_226,Traversée sur glace,53.812051,-77.048823,2014,2014-04-24,20:00:00,2014-04-24T20:00:00,114,113,2014_1131,ICE,TRAV,LAKE,IceCross_Data.xlsx,441,5,-557622.3146614629,1120543.7176314942
2010031,2010031_2014,2010031,TRUE,226,RAF_226,Traversée sur glace,53.86795,-77.026763,2014,2014-04-24,22:00:00,2014-04-24T22:00:00,114,113,2014_1131,OTHER,TRAV,LAKE,IceCross_Data.xlsx,442,6,-555456.087411353,1126503.9157031546
2010065,2010065_2012,2010065,TRUE,227,RAF_227,Traversée sur glace,54.978807,-72.916633,2012,2012-12-09,14:00:00,2012-12-09T14:00:00,344,345,2012_3451,OTHER,TRAV,LAKE,IceCross_Data.xlsx,443,1,-280638.23954354477,1224796.023371807
2010065,2010065_2012,2010065,TRUE,227,RAF_227,Traversée sur glace,55.020962,-72.986219,2012,2012-12-09,16:00:00,2012-12-09T16:00:00,344,345,2012_3451,OTHER,TRAV,LAKE,IceCross_Data.xlsx,444,2,-284762.10589564726,1229722.1009364713
2010065,2010065_2012,2010065,TRUE,227,RAF_227,Traversée sur glace,55.030472,-73.039823,2012,2012-12-09,18:00:00,2012-12-09T18:00:00,344,345,2012_3451,ICE,TRAV,LAKE,IceCross_Data.xlsx,445,3,-288093.4200884542,1230985.9072953528
2010065,2010065_2012,2010065,TRUE,227,RAF_227,Traversée sur glace,55.044858,-73.151115,2012,2012-12-09,20:00:00,2012-12-09T20:00:00,344,345,2012_3451,ICE,TRAV,LAKE,IceCross_Data.xlsx,446,4,-295042.79299958004,1233026.484145914
2010065,2010065_2012,2010065,TRUE,227,RAF_227,Traversée sur glace,55.041728,-73.235934,2012,2012-12-09,22:00:00,2012-12-09T22:00:00,344,345,2012_3451,OTHER,TRAV,LAKE,IceCross_Data.xlsx,447,5,-300438.37044392375,1233034.1063331873
2010065,2010065_2012,2010065,TRUE,228,RAF_228,Contournement,55.041619,-73.235745,2012,2012-12-10,00:00:00,2012-12-10T00:00:00,345,345,2012_3451,OTHER,CONT,LAKE,Detour_Data.xlsx,934,1,-300427.19504691724,1233021.2890287621
2010065,2010065_2012,2010065,TRUE,228,RAF_228,Contournement,55.035257,-73.254619,2012,2012-12-10,02:01:00,2012-12-10T02:01:00,345,345,2012_3451,OTHER,CONT,LAKE,Detour_Data.xlsx,935,2,-301669.4656009288,1232398.9044788799
2010065,2010065_2012,2010065,TRUE,228,RAF_228,Contournement,55.024886,-73.329009,2012,2012-12-10,04:01:00,2012-12-10T04:01:00,345,345,2012_3451,OTHER,CONT,LAKE,Detour_Data.xlsx,936,3,-306459.5371446346,1231571.0351734366
2010065,2010065_2012,2010065,TRUE,228,RAF_228,Contournement,55.018224,-73.361629,2012,2012-12-10,06:01:00,2012-12-10T06:01:00,345,345,2012_3451,OTHER,CONT,LAKE,Detour_Data.xlsx,937,4,-308576.495810367,1230976.4136906331
2010065,2010065_2012,2010065,TRUE,229,RAF_229,Traversée sur glace,55.01612,-73.37369,2012,2012-12-10,12:01:00,2012-12-10T12:01:00,345,345,2012_3451,OTHER,TRAV,LAKE,IceCross_Data.xlsx,448,1,-309356.67616791907,1230796.4281832587
2010065,2010065_2012,2010065,TRUE,229,RAF_229,Traversée sur glace,55.016807,-73.44454,2012,2012-12-10,14:00:00,2012-12-10T14:00:00,345,345,2012_3451,ICE,TRAV,LAKE,IceCross_Data.xlsx,449,2,-313841.51691017667,1231180.7048829382
2010065,2010065_2012,2010065,TRUE,229,RAF_229,Traversée sur glace,55.007335,-73.546766,2012,2012-12-10,16:00:00,2012-12-10T16:00:00,345,345,2012_3451,OTHER,TRAV,LAKE,IceCross_Data.xlsx,450,3,-320393.1758377405,1230589.139929981
2010065,2010065_2013,2010065,TRUE,230,RAF_230,Contournement,55.002859,-73.342828,2013,2013-01-11,20:00:00,2013-01-11T20:00:00,11,9,2013_0091,OTHER,CONT,LAKE,Detour_Data.xlsx,938,1,-307499.8526692234,1229200.7890453998
2010065,2010065_2013,2010065,TRUE,230,RAF_230,Contournement,55.003147,-73.307941,2013,2013-01-12,03:01:00,2013-01-12T03:01:00,12,9,2013_0091,OTHER,CONT,LAKE,Detour_Data.xlsx,939,2,-305285.87910644646,1229083.1819900672
2010065,2010065_2013,2010065,TRUE,230,RAF_230,Contournement,55.016152,-73.261201,2013,2013-01-12,10:00:00,2013-01-12T10:00:00,12,9,2013_0091,OTHER,CONT,LAKE,Detour_Data.xlsx,940,3,-302226.884112105,1230319.2674881853
2010065,2010065_2013,2010065,TRUE,230,RAF_230,Contournement,55.078881,-73.229361,2013,2013-01-12,17:01:00,2013-01-12T17:01:00,12,9,2013_0091,OTHER,CONT,LAKE,Detour_Data.xlsx,941,4,-299750.7414463781,1237104.9682600794
2010065,2010065_2013,2010065,TRUE,230,RAF_230,Contournement,55.1231,-73.236421000000007,2013,2013-01-13,00:00:00,2013-01-13T00:00:00,13,17,2013_0171,OTHER,CONT,LAKE,Detour_Data.xlsx,942,5,-299874.2175457709,1242012.587487541
2010080,2010080_2010,2010080,TRUE,231,RAF_231,Traversée sur glace,53.724699,-74.093548,2010,2010-11-18,14:00:00,2010-11-18T14:00:00,322,321,2010_3211,OTHER,TRAV,RIVER,IceCross_Data.xlsx,451,1,-366106.28264233266,1091861.7207156846
2010080,2010080_2010,2010080,TRUE,231,RAF_231,Traversée sur glace,53.702296,-74.101971,2010,2010-11-18,15:01:00,2010-11-18T15:01:00,322,321,2010_3211,OTHER,TRAV,RIVER,IceCross_Data.xlsx,452,2,-366850.00525042636,1089437.472727899
2010080,2010080_2010,2010080,TRUE,231,RAF_231,Traversée sur glace,53.676646,-74.113839,2010,2010-11-18,16:00:00,2010-11-18T16:00:00,322,321,2010_3211,OTHER,TRAV,RIVER,IceCross_Data.xlsx,453,3,-367847.6676797563,1086673.4525593114
2010080,2010080_2010,2010080,TRUE,232,RAF_232,Traversée sur glace,52.42696,-76.277624,2010,2010-12-17,04:00:00,2010-12-17T04:00:00,351,353,2010_3531,OTHER,TRAV,LAKE,IceCross_Data.xlsx,454,1,-524122.92622986424,962707.9382437012
2010080,2010080_2010,2010080,TRUE,232,RAF_232,Traversée sur glace,52.455304,-76.36807,2010,2010-12-17,11:00:00,2010-12-17T11:00:00,351,353,2010_3531,ICE,TRAV,LAKE,IceCross_Data.xlsx,455,2,-529849.9793123384,966486.0633286827
2010080,2010080_2010,2010080,TRUE,232,RAF_232,Traversée sur glace,52.509345,-76.443414,2010,2010-12-17,18:00:00,2010-12-17T18:00:00,351,353,2010_3531,OTHER,TRAV,LAKE,IceCross_Data.xlsx,456,3,-534241.7913022118,972978.9569825666
2010080,2010080_2010,2010080,TRUE,232,RAF_232,Traversée sur glace,52.619395,-76.561573,2010,2010-12-18,01:00:00,2010-12-18T01:00:00,352,353,2010_3531,ICE,TRAV,LAKE,IceCross_Data.xlsx,457,4,-540788.8025334292,985946.122995166
2010080,2010080_2010,2010080,TRUE,232,RAF_232,Traversée sur glace,52.656096,-76.568842,2010,2010-12-18,08:00:00,2010-12-18T08:00:00,352,353,2010_3531,OTHER,TRAV,LAKE,IceCross_Data.xlsx,458,5,-540818.2332162844,990029.1364277301
2010080,2010080_2010,2010080,TRUE,233,RAF_233,Traversée sur glace,53.493261,-77.280137,2010,2010-12-24,18:00:00,2010-12-24T18:00:00,358,361,2010_3611,OTHER,TRAV,LAKE,IceCross_Data.xlsx,459,1,-576945.8774151027,1087417.7981326615
2010080,2010080_2010,2010080,TRUE,233,RAF_233,Traversée sur glace,53.534196,-77.323918,2010,2010-12-25,01:00:00,2010-12-25T01:00:00,359,361,2010_3611,OTHER,TRAV,LAKE,IceCross_Data.xlsx,460,2,-579251.9977857192,1092259.3116919645
2010080,2010080_2010,2010080,TRUE,233,RAF_233,Traversée sur glace,53.640333,-77.359411,2010,2010-12-25,08:00:00,2010-12-25T08:00:00,359,361,2010_3611,OTHER,TRAV,LAKE,IceCross_Data.xlsx,461,3,-580122.1791981529,1104182.390716223
2010080,2010080_2010,2010080,TRUE,233,RAF_233,Traversée sur glace,53.748005,-77.411577,2010,2010-12-25,15:00:00,2010-12-25T15:00:00,359,361,2010_3611,ICE,TRAV,LAKE,IceCross_Data.xlsx,462,4,-582042.9508758695,1116409.3135064095
2010080,2010080_2010,2010080,TRUE,233,RAF_233,Traversée sur glace,53.877303,-77.294409,2010,2010-12-25,22:00:00,2010-12-25T22:00:00,359,361,2010_3611,OTHER,TRAV,LAKE,IceCross_Data.xlsx,463,5,-572678.0718972982,1129639.3852030854
2010081,2010081_2010,2010081,TRUE,234,RAF_234,Traversée sur glace,53.733738,-74.211798,2010,2010-11-26,15:00:00,2010-11-26T15:00:00,330,329,2010_3291,OTHER,TRAV,RIVER,IceCross_Data.xlsx,464,1,-373750.03324681293,1093468.4794501814
2010081,2010081_2010,2010081,TRUE,234,RAF_234,Traversée sur glace,53.681605,-74.215541,2010,2010-11-26,16:00:00,2010-11-26T16:00:00,330,329,2010_3291,OTHER,TRAV,RIVER,IceCross_Data.xlsx,465,2,-374453.9473489469,1087747.056585849
2010081,2010081_2010,2010081,TRUE,234,RAF_234,Traversée sur glace,53.640364,-74.235641,2010,2010-11-26,17:01:00,2010-11-26T17:01:00,330,329,2010_3291,OTHER,TRAV,RIVER,IceCross_Data.xlsx,466,3,-376132.7618832454,1083311.0564833202
2010081,2010081_2010,2010081,TRUE,235,RAF_235,Traversée sur glace,53.024388,-76.791797,2010,2010-12-20,23:01:00,2010-12-20T23:01:00,354,353,2010_3531,OTHER,TRAV,LAKE,IceCross_Data.xlsx,467,1,-550992.7531204036,1032144.4440357685
2010081,2010081_2010,2010081,TRUE,235,RAF_235,Traversée sur glace,53.049797,-76.848194,2010,2010-12-21,06:00:00,2010-12-21T06:00:00,355,353,2010_3531,ICE,TRAV,LAKE,IceCross_Data.xlsx,468,2,-554396.7171730901,1035367.6918648853
2010081,2010081_2010,2010081,TRUE,235,RAF_235,Traversée sur glace,53.052345,-76.855903,2010,2010-12-21,13:00:00,2010-12-21T13:00:00,355,353,2010_3531,OTHER,TRAV,LAKE,IceCross_Data.xlsx,469,3,-554873.5485703537,1035706.9727007374
2010081,2010081_2010,2010081,TRUE,235,RAF_235,Traversée sur glace,53.153687,-76.984235,2010,2010-12-21,20:00:00,2010-12-21T20:00:00,355,353,2010_3531,OTHER,TRAV,LAKE,IceCross_Data.xlsx,470,4,-562031.6945194973,1047825.1516250152
2010081,2010081_2010,2010081,TRUE,236,RAF_236,Traversée sur glace,53.457703,-77.229572,2010,2010-12-23,14:00:00,2010-12-23T14:00:00,357,361,2010_3611,OTHER,TRAV,LAKE,IceCross_Data.xlsx,471,1,-574117.7632207762,1083112.5125530271
2010081,2010081_2010,2010081,TRUE,236,RAF_236,Traversée sur glace,53.560034,-77.323877,2010,2010-12-23,21:00:00,2010-12-23T21:00:00,357,361,2010_3611,ICE,TRAV,LAKE,IceCross_Data.xlsx,472,2,-578898.2565419103,1095091.596424229
2010081,2010081_2010,2010081,TRUE,236,RAF_236,Traversée sur glace,53.592592,-77.34017,2010,2010-12-24,04:01:00,2010-12-24T04:01:00,358,361,2010_3611,OTHER,TRAV,LAKE,IceCross_Data.xlsx,473,3,-579518.5501724374,1098792.7805211209
2010081,2010081_2010,2010081,TRUE,236,RAF_236,Traversée sur glace,53.687122,-77.444379,2010,2010-12-24,11:00:00,2010-12-24T11:00:00,358,361,2010_3611,OTHER,TRAV,LAKE,IceCross_Data.xlsx,474,4,-585012.7090705476,1110003.0644977288
2010081,2010081_2010,2010081,TRUE,236,RAF_236,Traversée sur glace,53.795727,-77.434406,2010,2010-12-24,18:00:00,2010-12-24T18:00:00,358,361,2010_3611,OTHER,TRAV,LAKE,IceCross_Data.xlsx,475,5,-582869.7094651118,1121826.3466882743
2010081,2010081_2011,2010081,TRUE,237,RAF_237,Contournement,54.999417,-72.664732,2011,2011-11-12,12:00:00,2011-11-12T12:00:00,316,313,2011_3131,OTHER,CONT,LAKE,Detour_Data.xlsx,943,1,-264518.24074839137,1226110.8144121666
2010081,2010081_2011,2010081,TRUE,237,RAF_237,Contournement,55.011448,-72.678274,2011,2011-11-12,13:00:00,2011-11-12T13:00:00,316,313,2011_3131,OTHER,CONT,LAKE,Detour_Data.xlsx,944,2,-265299.75597278745,1227488.7056715942
2010081,2010081_2011,2010081,TRUE,237,RAF_237,Contournement,55.020843,-72.691897,2011,2011-11-12,14:00:00,2011-11-12T14:00:00,316,313,2011_3131,OTHER,CONT,LAKE,Detour_Data.xlsx,945,3,-266102.95494291146,1228576.1311527812
2010081,2010081_2011,2010081,TRUE,237,RAF_237,Contournement,55.021166,-72.727089,2011,2011-11-12,15:00:00,2011-11-12T15:00:00,316,313,2011_3131,OTHER,CONT,LAKE,Detour_Data.xlsx,946,4,-268332.2580899627,1228743.1902631533
2010081,2010081_2011,2010081,TRUE,237,RAF_237,Contournement,55.023652,-72.733165,2011,2011-11-12,16:00:00,2011-11-12T16:00:00,316,313,2011_3131,WATER,CONT,LAKE,Detour_Data.xlsx,947,5,-268701.2599186509,1229040.338448015
2010081,2010081_2011,2010081,TRUE,237,RAF_237,Contournement,55.023482,-72.726208,2011,2011-11-12,17:00:00,2011-11-12T17:00:00,316,313,2011_3131,OTHER,CONT,LAKE,Detour_Data.xlsx,948,6,-268261.2857448339,1228995.4761341435
2010081,2010081_2011,2010081,TRUE,237,RAF_237,Contournement,55.015411,-72.715771,2011,2011-11-12,18:01:00,2011-11-12T18:01:00,316,313,2011_3131,OTHER,CONT,LAKE,Detour_Data.xlsx,949,7,-267652.0923021224,1228065.693641576
2010081,2010081_2011,2010081,TRUE,237,RAF_237,Contournement,55.013917,-72.712875,2011,2011-11-12,19:00:00,2011-11-12T19:00:00,316,313,2011_3131,ICE,CONT,LAKE,Detour_Data.xlsx,950,8,-267478.1605251017,1227889.9899141353
2010081,2010081_2011,2010081,TRUE,237,RAF_237,Contournement,55.020374,-72.696782,2011,2011-11-12,20:00:00,2011-11-12T20:00:00,316,313,2011_3131,OTHER,CONT,LAKE,Detour_Data.xlsx,951,9,-266415.7398939119,1228542.5479941003
2010081,2010081_2011,2010081,TRUE,237,RAF_237,Contournement,55.017796,-72.682499000000007,2011,2011-11-12,21:00:00,2011-11-12T21:00:00,316,313,2011_3131,OTHER,CONT,LAKE,Detour_Data.xlsx,952,10,-265526.72380886023,1228204.9508375807
2010081,2010081_2011,2010081,TRUE,238,RAF_238,Contournement,55.001732,-72.671849,2011,2011-11-13,13:00:00,2011-11-13T13:00:00,317,321,2011_3211,OTHER,CONT,LAKE,Detour_Data.xlsx,953,1,-264954.8457953864,1226392.6305525547
2010081,2010081_2011,2010081,TRUE,238,RAF_238,Contournement,54.992402,-72.672833,2011,2011-11-13,14:00:00,2011-11-13T14:00:00,317,321,2011_3211,OTHER,CONT,LAKE,Detour_Data.xlsx,954,2,-265077.37933451845,1225366.608295484
2010081,2010081_2011,2010081,TRUE,238,RAF_238,Contournement,54.981144,-72.701537,2011,2011-11-13,15:00:00,2011-11-13T15:00:00,317,321,2011_3211,OTHER,CONT,LAKE,Detour_Data.xlsx,955,3,-266971.72943446285,1224230.8976937323
2010081,2010081_2011,2010081,TRUE,238,RAF_238,Contournement,54.970504,-72.731442,2011,2011-11-13,16:00:00,2011-11-13T16:00:00,317,321,2011_3211,OTHER,CONT,LAKE,Detour_Data.xlsx,956,4,-268939.2398890189,1223168.6979293628
2010081,2010081_2011,2010081,TRUE,238,RAF_238,Contournement,54.970413,-72.791144,2011,2011-11-13,17:00:00,2011-11-13T17:00:00,317,321,2011_3211,OTHER,CONT,LAKE,Detour_Data.xlsx,957,5,-272729.82609211607,1223384.6112234667
2010081,2010081_2011,2010081,TRUE,238,RAF_238,Contournement,54.966651,-72.845814,2011,2011-11-13,18:01:00,2011-11-13T18:01:00,317,321,2011_3211,OTHER,CONT,LAKE,Detour_Data.xlsx,958,6,-276225.4512691748,1223179.1864421456
2010081,2010081_2011,2010081,TRUE,238,RAF_238,Contournement,54.964659,-72.853796,2011,2011-11-13,19:00:00,2011-11-13T19:00:00,317,321,2011_3211,OTHER,CONT,LAKE,Detour_Data.xlsx,959,7,-276745.56117436127,1222990.2251104005
2010081,2010081_2011,2010081,TRUE,238,RAF_238,Contournement,54.961558,-72.866309,2011,2011-11-13,20:00:00,2011-11-13T20:00:00,317,321,2011_3211,OTHER,CONT,LAKE,Detour_Data.xlsx,960,8,-277560.85763244843,1222696.5212195797
2010081,2010081_2011,2010081,TRUE,238,RAF_238,Contournement,54.952416,-72.898853,2011,2011-11-13,21:00:00,2011-11-13T21:00:00,317,321,2011_3211,OTHER,CONT,LAKE,Detour_Data.xlsx,961,9,-279689.126373482,1221814.5218530134
2010081,2010081_2011,2010081,TRUE,238,RAF_238,Contournement,54.947032,-72.915917,2011,2011-11-13,22:00:00,2011-11-13T22:00:00,317,321,2011_3211,OTHER,CONT,LAKE,Detour_Data.xlsx,962,10,-280809.4240337602,1221287.3039693702
2010081,2010081_2011,2010081,TRUE,239,RAF_239,Contournement,54.938505,-72.922344,2011,2011-11-14,12:00:00,2011-11-14T12:00:00,318,321,2011_3211,OTHER,CONT,LAKE,Detour_Data.xlsx,963,1,-281275.81421896035,1220371.7301568957
2010081,2010081_2011,2010081,TRUE,239,RAF_239,Contournement,54.933055,-72.953129,2011,2011-11-14,13:00:00,2011-11-14T13:00:00,318,321,2011_3211,OTHER,CONT,LAKE,Detour_Data.xlsx,964,2,-283268.7901111751,1219891.85745844
2010081,2010081_2011,2010081,TRUE,239,RAF_239,Contournement,54.931555,-72.970443,2011,2011-11-14,14:00:00,2011-11-14T14:00:00,318,321,2011_3211,OTHER,CONT,LAKE,Detour_Data.xlsx,965,3,-284379.0756891571,1219795.0357289033
2010081,2010081_2011,2010081,TRUE,239,RAF_239,Contournement,54.924917,-72.987707,2011,2011-11-14,15:00:00,2011-11-14T15:00:00,318,321,2011_3211,OTHER,CONT,LAKE,Detour_Data.xlsx,966,4,-285521.8436113756,1219131.4315399297
2010081,2010081_2011,2010081,TRUE,239,RAF_239,Contournement,54.92036,-73.008021,2011,2011-11-14,16:00:00,2011-11-14T16:00:00,318,321,2011_3211,OTHER,CONT,LAKE,Detour_Data.xlsx,967,5,-286844.2900423219,1218709.922544323
2010081,2010081_2011,2010081,TRUE,239,RAF_239,Contournement,54.920606,-73.014262,2011,2011-11-14,17:01:00,2011-11-14T17:01:00,318,321,2011_3211,OTHER,CONT,LAKE,Detour_Data.xlsx,968,6,-287239.16249402013,1218762.095920335
2010081,2010081_2011,2010081,TRUE,239,RAF_239,Contournement,54.916289,-73.040538,2011,2011-11-14,18:00:00,2011-11-14T18:00:00,318,321,2011_3211,OTHER,CONT,LAKE,Detour_Data.xlsx,969,7,-288939.10631735815,1218391.6217442574
2010081,2010081_2011,2010081,TRUE,239,RAF_239,Contournement,54.916022,-73.050429,2011,2011-11-14,19:00:00,2011-11-14T19:00:00,318,321,2011_3211,OTHER,CONT,LAKE,Detour_Data.xlsx,970,8,-289569.5522784505,1218402.1470896073
2010081,2010081_2011,2010081,TRUE,239,RAF_239,Contournement,54.915789,-73.074358,2011,2011-11-14,20:00:00,2011-11-14T20:00:00,318,321,2011_3211,OTHER,CONT,LAKE,Detour_Data.xlsx,971,9,-291091.86609919753,1218473.526905172
2010081,2010081_2011,2010081,TRUE,239,RAF_239,Contournement,54.913853,-73.082458,2011,2011-11-14,21:00:00,2011-11-14T21:00:00,318,321,2011_3211,OTHER,CONT,LAKE,Detour_Data.xlsx,972,10,-291620.30513874727,1218292.9341733071
2010081,2010081_2011,2010081,TRUE,240,RAF_240,Contournement,54.913727,-73.087412,2011,2011-11-15,01:00:00,2011-11-15T01:00:00,319,321,2011_3211,OTHER,CONT,LAKE,Detour_Data.xlsx,973,1,-291936.03030652506,1218299.2338335023
2010081,2010081_2011,2010081,TRUE,240,RAF_240,Contournement,54.91326,-73.1065,2011,2011-11-15,02:00:00,2011-11-15T02:00:00,319,321,2011_3211,OTHER,CONT,LAKE,Detour_Data.xlsx,974,2,-293152.40800451103,1218325.7507046345
2010081,2010081_2011,2010081,TRUE,240,RAF_240,Contournement,54.91233,-73.110848,2011,2011-11-15,03:00:00,2011-11-15T03:00:00,319,321,2011_3211,OTHER,CONT,LAKE,Detour_Data.xlsx,975,3,-293435.3463411487,1218240.9803269007
2010081,2010081_2011,2010081,TRUE,240,RAF_240,Contournement,54.912293,-73.110839,2011,2011-11-15,04:00:00,2011-11-15T04:00:00,319,321,2011_3211,OTHER,CONT,LAKE,Detour_Data.xlsx,976,4,-293435.03772482125,1218236.8618554692
2010081,2010081_2011,2010081,TRUE,240,RAF_240,Contournement,54.909893,-73.139009,2011,2011-11-15,05:00:00,2011-11-15T05:00:00,319,321,2011_3211,OTHER,CONT,LAKE,Detour_Data.xlsx,977,5,-295242.46625795297,1218087.9832295182
2010081,2010081_2011,2010081,TRUE,240,RAF_240,Contournement,54.905111,-73.168406,2011,2011-11-15,06:00:00,2011-11-15T06:00:00,319,321,2011_3211,OTHER,CONT,LAKE,Detour_Data.xlsx,978,6,-297145.20654079376,1217682.1675591886
2010081,2010081_2011,2010081,TRUE,240,RAF_240,Contournement,54.902821,-73.187094,2011,2011-11-15,07:00:00,2011-11-15T07:00:00,319,321,2011_3211,OTHER,CONT,LAKE,Detour_Data.xlsx,979,7,-298349.5727841155,1217507.3256270376
2010081,2010081_2012,2010081,TRUE,241,RAF_241,Contournement,55.001766,-73.534914,2012,2012-01-10,16:00:00,2012-01-10T16:00:00,10,9,2012_0091,OTHER,CONT,LAKE,Detour_Data.xlsx,980,1,-319685.2777797483,1229922.0119570834
2010081,2010081_2012,2010081,TRUE,241,RAF_241,Contournement,55.023898,-73.317657,2012,2012-01-10,23:00:00,2012-01-10T23:00:00,10,9,2012_0091,OTHER,CONT,LAKE,Detour_Data.xlsx,981,2,-305747.5520626069,1231413.4998791325
2010081,2010081_2012,2010081,TRUE,241,RAF_241,Contournement,55.036356,-73.257468,2012,2012-01-11,06:00:00,2012-01-11T06:00:00,11,9,2012_0091,OTHER,CONT,LAKE,Detour_Data.xlsx,982,3,-301841.8902799373,1232532.1463845891
2010081,2010081_2012,2010081,TRUE,242,RAF_242,Traversée sur glace,55.031935,-73.183457,2012,2012-01-12,03:01:00,2012-01-12T03:01:00,12,9,2012_0091,OTHER,TRAV,LAKE,IceCross_Data.xlsx,476,1,-297184.91932919115,1231734.6885128878
2010081,2010081_2012,2010081,TRUE,242,RAF_242,Traversée sur glace,55.027633,-73.091332,2012,2012-01-12,10:00:00,2012-01-12T10:00:00,12,9,2012_0091,OTHER,TRAV,LAKE,IceCross_Data.xlsx,477,2,-291377.80067979323,1230881.2428523144
2010081,2010081_2012,2010081,TRUE,242,RAF_242,Traversée sur glace,55.043721,-73.027416,2012,2012-01-12,17:00:00,2012-01-12T17:00:00,12,9,2012_0091,ICE,TRAV,LAKE,IceCross_Data.xlsx,478,3,-287214.5282882363,1232397.7979366144
2010081,2010081_2012,2010081,TRUE,242,RAF_242,Traversée sur glace,55.046065,-72.946474,2012,2012-01-13,00:01:00,2012-01-13T00:01:00,13,17,2012_0171,ICE,TRAV,LAKE,IceCross_Data.xlsx,479,4,-282070.2316843249,1232334.4631614399
2010081,2010081_2012,2010081,TRUE,242,RAF_242,Traversée sur glace,55.049048,-72.907669,2012,2012-01-13,07:01:00,2012-01-13T07:01:00,13,17,2012_0171,ICE,TRAV,LAKE,IceCross_Data.xlsx,480,5,-279591.39335324796,1232511.324534021
2010081,2010081_2012,2010081,TRUE,242,RAF_242,Traversée sur glace,55.017793,-72.853371,2012,2012-01-13,14:00:00,2012-01-13T14:00:00,13,17,2012_0171,ICE,TRAV,LAKE,IceCross_Data.xlsx,481,6,-276361.4620317842,1228851.583891081
2010081,2010081_2012,2010081,TRUE,242,RAF_242,Traversée sur glace,55.018851,-72.851985,2012,2012-01-13,21:01:00,2012-01-13T21:01:00,13,17,2012_0171,ICE,TRAV,LAKE,IceCross_Data.xlsx,482,7,-276266.4754768681,1228962.9781510502
2010081,2010081_2012,2010081,TRUE,242,RAF_242,Traversée sur glace,55.018301,-72.852742,2012,2012-01-14,04:00:00,2012-01-14T04:00:00,14,17,2012_0171,ICE,TRAV,LAKE,IceCross_Data.xlsx,483,8,-276318.1671236647,1228905.210622228
2010081,2010081_2012,2010081,TRUE,242,RAF_242,Traversée sur glace,55.013909,-72.851931,2012,2012-01-14,11:00:00,2012-01-14T11:00:00,14,17,2012_0171,OTHER,TRAV,LAKE,IceCross_Data.xlsx,484,9,-276296.2569481297,1228417.4404664105
2010081,2010081_2012,2010081,TRUE,242,RAF_242,Traversée sur glace,55.027149,-72.815035,2012,2012-01-14,18:01:00,2012-01-14T18:01:00,14,17,2012_0171,ICE,TRAV,LAKE,IceCross_Data.xlsx,485,10,-273868.4420644635,1229736.6158723605
2010081,2010081_2012,2010081,TRUE,242,RAF_242,Traversée sur glace,55.076429,-72.708404,2012,2012-01-15,01:01:00,2012-01-15T01:01:00,15,17,2012_0171,OTHER,TRAV,LAKE,IceCross_Data.xlsx,486,11,-266788.43183049164,1234772.2022266828
2010081,2010081_2012,2010081,TRUE,242,RAF_242,Traversée sur glace,55.086419,-72.67615,2012,2012-01-15,08:00:00,2012-01-15T08:00:00,15,17,2012_0171,ICE,TRAV,LAKE,IceCross_Data.xlsx,487,12,-264681.6281876486,1235754.9837802246
2010081,2010081_2012,2010081,TRUE,242,RAF_242,Traversée sur glace,55.109528,-72.596556,2012,2012-01-15,15:01:00,2012-01-15T15:01:00,15,17,2012_0171,ICE,TRAV,LAKE,IceCross_Data.xlsx,488,13,-259496.40181185398,1238014.0642621377
2010081,2010081_2012,2010081,TRUE,242,RAF_242,Traversée sur glace,55.142474,-72.437516,2012,2012-01-15,22:00:00,2012-01-15T22:00:00,15,17,2012_0171,ICE,TRAV,LAKE,IceCross_Data.xlsx,489,14,-249232.06264409111,1241085.4989607555
2010081,2010081_2012,2010081,TRUE,242,RAF_242,Traversée sur glace,55.14518,-72.426194,2012,2012-01-16,05:00:00,2012-01-16T05:00:00,16,17,2012_0171,OTHER,TRAV,LAKE,IceCross_Data.xlsx,490,15,-248499.7304775032,1241344.850295743
2010081,2010081_2012,2010081,TRUE,243,RAF_243,Contournement,55.146527,-72.418928,2012,2012-01-16,12:00:00,2012-01-16T12:00:00,16,17,2012_0171,OTHER,CONT,LAKE,Detour_Data.xlsx,983,1,-248032.15369439448,1241468.3440677165
2010081,2010081_2012,2010081,TRUE,243,RAF_243,Contournement,55.156366,-72.36834,2012,2012-01-16,19:00:00,2012-01-16T19:00:00,16,17,2012_0171,OTHER,CONT,LAKE,Detour_Data.xlsx,984,2,-244774.76197451644,1242380.3584050096
2010081,2010081_2012,2010081,TRUE,243,RAF_243,Contournement,55.158665,-72.347085,2012,2012-01-17,02:00:00,2012-01-17T02:00:00,17,17,2012_0171,OTHER,CONT,LAKE,Detour_Data.xlsx,985,3,-243417.46259224703,1242561.6689411027
2010081,2010081_2012,2010081,TRUE,244,RAF_244,Traversée sur glace,55.162566,-72.350235,2012,2012-01-17,09:00:00,2012-01-17T09:00:00,17,17,2012_0171,OTHER,TRAV,LAKE,IceCross_Data.xlsx,491,1,-243593.38619229977,1243003.067544332
2010081,2010081_2012,2010081,TRUE,244,RAF_244,Traversée sur glace,55.224792,-72.32535,2012,2012-01-17,16:01:00,2012-01-17T16:01:00,17,17,2012_0171,OTHER,TRAV,LAKE,IceCross_Data.xlsx,492,2,-241652.88107230037,1249788.8291481477
2010081,2010081_2012,2010081,TRUE,244,RAF_244,Traversée sur glace,55.229996,-72.325735,2012,2012-01-17,23:00:00,2012-01-17T23:00:00,17,17,2012_0171,ICE,TRAV,LAKE,IceCross_Data.xlsx,493,3,-241646.431784682,1250364.70351119
2011002,2011002_2011,2011002,TRUE,245,RAF_245,Contournement,55.157789,-73.182658,2011,2011-11-13,02:00:00,2011-11-13T02:00:00,317,321,2011_3211,OTHER,CONT,LAKE,Detour_Data.xlsx,986,1,-296224.45405534306,1245615.5951671824
2011002,2011002_2011,2011002,TRUE,245,RAF_245,Contournement,55.1458,-73.187193,2011,2011-11-13,03:00:00,2011-11-13T03:00:00,317,321,2011_3211,OTHER,CONT,LAKE,Detour_Data.xlsx,987,2,-296597.6872915056,1244311.6975378136
2011002,2011002_2011,2011002,TRUE,245,RAF_245,Contournement,55.130626,-73.205422,2011,2011-11-13,04:00:00,2011-11-13T04:00:00,317,321,2011_3211,OTHER,CONT,LAKE,Detour_Data.xlsx,988,3,-297859.7617363301,1242713.3815636463
2011002,2011002_2011,2011002,TRUE,245,RAF_245,Contournement,55.112278,-73.239281,2011,2011-11-13,05:01:00,2011-11-13T05:01:00,317,321,2011_3211,OTHER,CONT,LAKE,Detour_Data.xlsx,989,4,-300134.20791800506,1240830.7338015118
2011002,2011002_2011,2011002,TRUE,245,RAF_245,Contournement,55.103401,-73.252709,2011,2011-11-13,06:00:00,2011-11-13T06:00:00,317,321,2011_3211,OTHER,CONT,LAKE,Detour_Data.xlsx,990,5,-301048.47542765347,1239907.8750534921
2011002,2011002_2011,2011002,TRUE,245,RAF_245,Contournement,55.110477,-73.259526,2011,2011-11-13,07:00:00,2011-11-13T07:00:00,317,321,2011_3211,OTHER,CONT,LAKE,Detour_Data.xlsx,991,6,-301427.6512280435,1240717.150812205
2011002,2011002_2011,2011002,TRUE,245,RAF_245,Contournement,55.109447,-73.295336,2011,2011-11-13,08:00:00,2011-11-13T08:00:00,317,321,2011_3211,OTHER,CONT,LAKE,Detour_Data.xlsx,992,7,-303699.7924071662,1240754.9384116794
2011002,2011002_2011,2011002,TRUE,246,RAF_246,Contournement,55.069746,-73.429447,2011,2011-11-13,15:00:00,2011-11-13T15:00:00,317,321,2011_3211,OTHER,CONT,LAKE,Detour_Data.xlsx,993,1,-312482.2111997505,1236953.2664372548
2011002,2011002_2011,2011002,TRUE,246,RAF_246,Contournement,55.058023,-73.48733,2011,2011-11-13,16:01:00,2011-11-13T16:01:00,317,321,2011_3211,OTHER,CONT,LAKE,Detour_Data.xlsx,994,2,-316235.81248363835,1235914.6270302103
2011002,2011002_2011,2011002,TRUE,246,RAF_246,Contournement,55.05749,-73.528486,2011,2011-11-13,17:01:00,2011-11-13T17:01:00,317,321,2011_3211,OTHER,CONT,LAKE,Detour_Data.xlsx,995,3,-318845.28365085716,1236038.4718330698
2011002,2011002_2012,2011002,TRUE,247,RAF_247,Traversée sur glace,55.009064,-72.63425,2012,2012-02-17,21:00:00,2012-02-17T21:00:00,48,49,2012_0491,OTHER,TRAV,LAKE,IceCross_Data.xlsx,494,1,-262522.7944371772,1227063.2403226837
2011002,2011002_2012,2011002,TRUE,247,RAF_247,Traversée sur glace,55.213284,-72.46667,2012,2012-02-18,04:00:00,2012-02-18T04:00:00,49,49,2012_0491,OTHER,TRAV,LAKE,IceCross_Data.xlsx,495,2,-250641.78241891062,1249004.4078966808
2011002,2011002_2012,2011002,TRUE,247,RAF_247,Traversée sur glace,55.232952,-72.46441,2012,2012-02-18,11:00:00,2012-02-18T11:00:00,49,49,2012_0491,OTHER,TRAV,LAKE,IceCross_Data.xlsx,496,3,-250378.7128287328,1251167.8036711167
2011002,2011002_2012,2011002,TRUE,248,RAF_248,Contournement,56.177356,-74.884732,2012,2012-04-06,07:00:00,2012-04-06T07:00:00,97,97,2012_0971,OTHER,CONT,LAKE,Detour_Data.xlsx,996,1,-393601.04027687095,1366267.0138816827
2011002,2011002_2012,2011002,TRUE,248,RAF_248,Contournement,56.183149,-74.86534,2012,2012-04-06,14:00:00,2012-04-06T14:00:00,97,97,2012_0971,OTHER,CONT,LAKE,Detour_Data.xlsx,997,2,-392351.7851353821,1366799.0810119743
2011002,2011002_2012,2011002,TRUE,248,RAF_248,Contournement,56.212494,-74.829406,2012,2012-04-06,21:00:00,2012-04-06T21:00:00,97,97,2012_0971,OTHER,CONT,LAKE,Detour_Data.xlsx,998,3,-389855.7781366311,1369837.5468252848
2011002,2011002_2012,2011002,TRUE,248,RAF_248,Contournement,56.263492,-74.800628,2012,2012-04-07,04:00:00,2012-04-07T04:00:00,98,97,2012_0971,ICE,CONT,LAKE,Detour_Data.xlsx,999,4,-387591.4945956337,1375303.4863732937
2011002,2011002_2012,2011002,TRUE,248,RAF_248,Contournement,56.267183,-74.802938,2012,2012-04-07,11:00:00,2012-04-07T11:00:00,98,97,2012_0971,OTHER,CONT,LAKE,Detour_Data.xlsx,1000,5,-387697.294550151,1375722.9325900394
2011002,2011002_2012,2011002,TRUE,248,RAF_248,Contournement,56.283555,-74.789924,2012,2012-04-07,18:00:00,2012-04-07T18:00:00,98,97,2012_0971,OTHER,CONT,LAKE,Detour_Data.xlsx,1001,6,-386739.7912332553,1377457.5583687816
2011002,2011002_2012,2011002,TRUE,248,RAF_248,Contournement,56.282322,-74.786432,2012,2012-04-08,01:00:00,2012-04-08T01:00:00,99,97,2012_0971,OTHER,CONT,LAKE,Detour_Data.xlsx,1002,7,-386537.60949251417,1377302.7478289914
2011002,2011002_2012,2011002,TRUE,248,RAF_248,Contournement,56.297294,-74.749767,2012,2012-04-08,08:00:00,2012-04-08T08:00:00,99,97,2012_0971,OTHER,CONT,LAKE,Detour_Data.xlsx,1003,8,-384144.3752280717,1378756.089586674
2011002,2011002_2012,2011002,TRUE,248,RAF_248,Contournement,56.38273,-74.645516,2012,2012-04-08,15:00:00,2012-04-08T15:00:00,99,97,2012_0971,OTHER,CONT,LAKE,Detour_Data.xlsx,1004,9,-376941.29994937713,1387623.0328128813
2011002,2011002_2012,2011002,TRUE,249,RAF_249,Traversée à la nage,55.175473,-72.625895,2012,2012-11-09,18:00:00,2012-11-09T18:00:00,314,313,2012_3131,ICE,TRAV,LAKE,WaterCross_Data.xlsx,112,1,-260932.692990336,1245399.647261312
2011002,2011002_2012,2011002,TRUE,249,RAF_249,Traversée à la nage,55.09966,-72.710583,2012,2012-11-09,20:00:00,2012-11-09T20:00:00,314,313,2012_3131,ICE,TRAV,LAKE,WaterCross_Data.xlsx,113,2,-266775.37545760616,1237344.2124393065
2011002,2011002_2012,2011002,TRUE,249,RAF_249,Traversée à la nage,55.054112,-72.745692,2012,2012-11-09,22:01:00,2012-11-09T22:01:00,314,313,2012_3131,ICE,TRAV,LAKE,WaterCross_Data.xlsx,114,3,-269295.809482593,1232448.9362008995
2011002,2011002_2012,2011002,TRUE,249,RAF_249,Traversée à la nage,55.041937,-72.761606,2012,2012-11-10,00:00:00,2012-11-10T00:00:00,315,313,2012_3131,WATER,TRAV,LAKE,WaterCross_Data.xlsx,115,4,-270384.12117511913,1231165.3418131503
2011002,2011002_2012,2011002,TRUE,249,RAF_249,Traversée à la nage,55.040878,-72.764016,2012,2012-11-10,02:00:00,2012-11-10T02:00:00,315,313,2012_3131,ICE,TRAV,LAKE,WaterCross_Data.xlsx,116,5,-270543.81831648626,1231057.5833191525
2011002,2011002_2012,2011002,TRUE,249,RAF_249,Traversée à la nage,55.041217,-72.766215,2012,2012-11-10,04:00:00,2012-11-10T04:00:00,315,313,2012_3131,ICE,TRAV,LAKE,WaterCross_Data.xlsx,117,6,-270680.94248242106,1231103.309745024
2011002,2011002_2012,2011002,TRUE,249,RAF_249,Traversée à la nage,55.039068,-72.772215,2012,2012-11-10,06:00:00,2012-11-10T06:00:00,315,313,2012_3131,ICE,TRAV,LAKE,WaterCross_Data.xlsx,118,7,-271075.3509497448,1230888.8677870026
2011002,2011002_2012,2011002,TRUE,249,RAF_249,Traversée à la nage,55.036841,-72.778231,2012,2012-11-10,08:00:00,2012-11-10T08:00:00,315,313,2012_3131,WATER,TRAV,LAKE,WaterCross_Data.xlsx,119,8,-271471.3265347834,1230665.9135212589
2011002,2011002_2012,2011002,TRUE,249,RAF_249,Traversée à la nage,55.036823,-72.778267,2012,2012-11-10,10:00:00,2012-11-10T10:00:00,315,313,2012_3131,WATER,TRAV,LAKE,WaterCross_Data.xlsx,120,9,-271473.7270590432,1230664.0637133212
2011002,2011002_2012,2011002,TRUE,249,RAF_249,Traversée à la nage,55.035282,-72.782975,2012,2012-11-10,12:01:00,2012-11-10T12:01:00,315,313,2012_3131,WATER,TRAV,LAKE,WaterCross_Data.xlsx,121,10,-271782.30274885794,1230511.8787122208
2011002,2011002_2012,2011002,TRUE,249,RAF_249,Traversée à la nage,55.016545,-72.85455,2012,2012-11-10,14:00:00,2012-11-10T14:00:00,315,313,2012_3131,WATER,TRAV,LAKE,WaterCross_Data.xlsx,122,11,-276444.60545479006,1228718.4263496224
2011002,2011002_2012,2011002,TRUE,249,RAF_249,Traversée à la nage,54.984122,-72.89077,2012,2012-11-10,16:00:00,2012-11-10T16:00:00,315,313,2012_3131,WATER,TRAV,LAKE,WaterCross_Data.xlsx,123,12,-278960.91316804074,1225281.3464765144
2011002,2011002_2012,2011002,TRUE,249,RAF_249,Traversée à la nage,54.980752,-72.904041,2012,2012-11-10,18:00:00,2012-11-10T18:00:00,315,313,2012_3131,WATER,TRAV,LAKE,WaterCross_Data.xlsx,124,13,-279825.9160439372,1224961.3188286913
2011002,2011002_2012,2011002,TRUE,249,RAF_249,Traversée à la nage,54.972018,-72.932155,2012,2012-11-10,20:01:00,2012-11-10T20:01:00,315,313,2012_3131,OTHER,TRAV,LAKE,WaterCross_Data.xlsx,125,14,-281669.72063361655,1224107.938955952
2011002,2011002_2012,2011002,TRUE,249,RAF_249,Traversée à la nage,54.952363,-72.963331,2012,2012-11-10,22:00:00,2012-11-10T22:00:00,315,313,2012_3131,WATER,TRAV,LAKE,WaterCross_Data.xlsx,126,15,-283783.8710301414,1222062.5282398332
2011002,2011002_2012,2011002,TRUE,249,RAF_249,Traversée à la nage,54.942949,-73.0048,2012,2012-11-11,00:00:00,2012-11-11T00:00:00,316,313,2012_3131,OTHER,TRAV,LAKE,WaterCross_Data.xlsx,127,16,-286482.5195996816,1221189.1368602838
2012030,2012030_2012,2012030,TRUE,250,RAF_250,Contournement,55.244531,-72.479131,2012,2012-11-02,12:00:00,2012-11-02T12:00:00,307,305,2012_3051,OTHER,CONT,LAKE,Detour_Data.xlsx,1005,1,-251236.33081660283,1252497.7065703354
2012030,2012030_2012,2012030,TRUE,250,RAF_250,Contournement,55.234652,-72.53361,2012,2012-11-02,14:01:00,2012-11-02T14:01:00,307,305,2012_3051,OTHER,CONT,LAKE,Detour_Data.xlsx,1006,2,-254733.97124320242,1251599.7040328125
2012030,2012030_2012,2012030,TRUE,250,RAF_250,Contournement,55.22372,-72.583864,2012,2012-11-02,16:00:00,2012-11-02T16:00:00,307,305,2012_3051,OTHER,CONT,LAKE,Detour_Data.xlsx,1007,3,-257973.17342208826,1250572.9434144185
2012030,2012030_2012,2012030,TRUE,250,RAF_250,Contournement,55.216031,-72.636621,2012,2012-11-02,18:01:00,2012-11-02T18:01:00,307,305,2012_3051,OTHER,CONT,LAKE,Detour_Data.xlsx,1008,4,-261351.20244823123,1249915.6261055174
2012030,2012030_2012,2012030,TRUE,250,RAF_250,Contournement,55.218051,-72.695878,2012,2012-11-02,20:00:00,2012-11-02T20:00:00,307,305,2012_3051,OTHER,CONT,LAKE,Detour_Data.xlsx,1009,5,-265077.70306819223,1250356.5543897434
2012030,2012030_2012,2012030,TRUE,250,RAF_250,Contournement,55.221754,-72.761438,2012,2012-11-02,22:00:00,2012-11-02T22:00:00,307,305,2012_3051,OTHER,CONT,LAKE,Detour_Data.xlsx,1010,6,-269190.27783646685,1251010.006748346
2012030,2012030_2012,2012030,TRUE,250,RAF_250,Contournement,55.226064,-72.780251,2012,2012-11-03,00:00:00,2012-11-03T00:00:00,308,305,2012_3051,OTHER,CONT,LAKE,Detour_Data.xlsx,1011,7,-270348.77267404064,1251556.6272754055
2012030,2012030_2012,2012030,TRUE,251,RAF_251,Contournement,54.983188,-73.307817,2012,2012-12-02,12:00:00,2012-12-02T12:00:00,337,337,2012_3371,OTHER,CONT,LAKE,Detour_Data.xlsx,1012,1,-305426.14695153537,1226881.1963079944
2012030,2012030_2012,2012030,TRUE,251,RAF_251,Contournement,54.984817,-73.302633,2012,2012-12-02,14:00:00,2012-12-02T14:00:00,337,337,2012_3371,OTHER,CONT,LAKE,Detour_Data.xlsx,1013,2,-305085.241056025,1227038.7590047123
2012030,2012030_2012,2012030,TRUE,251,RAF_251,Contournement,54.989607,-73.295586,2012,2012-12-02,16:00:00,2012-12-02T16:00:00,337,337,2012_3371,OTHER,CONT,LAKE,Detour_Data.xlsx,1014,3,-304602.7947400997,1227537.0729593234
2012030,2012030_2012,2012030,TRUE,251,RAF_251,Contournement,54.99795,-73.267576,2012,2012-12-02,18:00:00,2012-12-02T18:00:00,337,337,2012_3371,OTHER,CONT,LAKE,Detour_Data.xlsx,1015,4,-302764.9136091736,1228338.452339194
2012030,2012030_2012,2012030,TRUE,251,RAF_251,Contournement,55.032091,-73.254476,2012,2012-12-02,20:00:00,2012-12-02T20:00:00,337,337,2012_3371,OTHER,CONT,LAKE,Detour_Data.xlsx,1016,5,-301683.6433938717,1232049.0674332106
2012030,2012030_2012,2012030,TRUE,251,RAF_251,Contournement,55.052657,-73.320613,2012,2012-12-02,22:00:00,2012-12-02T22:00:00,337,337,2012_3371,OTHER,CONT,LAKE,Detour_Data.xlsx,1017,6,-305720.853056659,1234598.2874716157
2012030,2012030_2012,2012030,TRUE,252,RAF_252,Traversée sur glace,55.041529,-73.410231,2012,2012-12-03,00:00:00,2012-12-03T00:00:00,338,337,2012_3371,OTHER,TRAV,LAKE,IceCross_Data.xlsx,497,1,-311479.88891352265,1233757.3736833457
2012030,2012030_2012,2012030,TRUE,252,RAF_252,Traversée sur glace,55.032677,-73.511906,2012,2012-12-03,02:00:00,2012-12-03T02:00:00,338,337,2012_3371,OTHER,TRAV,LAKE,IceCross_Data.xlsx,498,2,-317987.6709873976,1233228.3034960062
2012030,2012030_2012,2012030,TRUE,252,RAF_252,Traversée sur glace,55.024587,-73.519816,2012,2012-12-03,04:00:00,2012-12-03T04:00:00,338,337,2012_3371,OTHER,TRAV,LAKE,IceCross_Data.xlsx,499,3,-318551.3960009933,1232371.3206571264
2012030,2012030_2013,2012030,TRUE,253,RAF_253,Traversée sur glace,56.012596,-74.476234,2013,2013-05-04,00:00:00,2013-05-04T00:00:00,124,121,2013_1211,OTHER,TRAV,LAKE,IceCross_Data.xlsx,500,1,-369999.70448170777,1345923.3685648257
2012030,2012030_2013,2012030,TRUE,253,RAF_253,Traversée sur glace,56.108599,-74.444261,2013,2013-05-04,02:00:00,2013-05-04T02:00:00,124,121,2013_1211,ICE,TRAV,LAKE,IceCross_Data.xlsx,501,2,-367143.3508629042,1356344.980635336
2012030,2012030_2013,2012030,TRUE,253,RAF_253,Traversée sur glace,56.208647,-74.371172,2013,2013-05-04,04:00:00,2013-05-04T04:00:00,124,121,2013_1211,ICE,TRAV,LAKE,IceCross_Data.xlsx,502,3,-361731.8757142318,1367006.9351096533
2012030,2012030_2013,2012030,TRUE,254,RAF_254,Traversée sur glace,56.2361,-74.378946,2013,2013-05-04,10:01:00,2013-05-04T10:01:00,124,121,2013_1211,WATER,TRAV,LAKE,IceCross_Data.xlsx,503,1,-361960.43677165214,1370074.3316995618
2012030,2012030_2013,2012030,TRUE,254,RAF_254,Traversée sur glace,56.261531,-74.394186,2013,2013-05-04,12:00:00,2013-05-04T12:00:00,124,121,2013_1211,OTHER,TRAV,LAKE,IceCross_Data.xlsx,504,2,-362665.05721020274,1372956.5978167937
2012030,2012030_2013,2012030,TRUE,254,RAF_254,Traversée sur glace,56.326534,-74.388668,2013,2013-05-04,14:00:00,2013-05-04T14:00:00,124,121,2013_1211,OTHER,TRAV,LAKE,IceCross_Data.xlsx,505,3,-361734.92290249147,1380098.9958556525
2012030,2012030_2013,2012030,TRUE,255,RAF_255,Traversée à la nage,54.435374,-71.857958,2013,2013-10-25,12:00:00,2013-10-25T12:00:00,298,297,2013_2971,WATER,TRAV,LAKE,WaterCross_Data.xlsx,128,1,-216243.3979418064,1161143.2461119294
2012030,2012030_2013,2012030,TRUE,255,RAF_255,Traversée à la nage,54.417466,-71.907919,2013,2013-10-25,14:00:00,2013-10-25T14:00:00,298,297,2013_2971,WATER,TRAV,LAKE,WaterCross_Data.xlsx,129,2,-219552.54628403074,1159318.5993935827
2012030,2012030_2013,2012030,TRUE,255,RAF_255,Traversée à la nage,54.416133,-71.908205,2013,2013-10-25,16:00:00,2013-10-25T16:00:00,298,297,2013_2971,WATER,TRAV,LAKE,WaterCross_Data.xlsx,130,3,-219577.97085442164,1159172.3368177835
2012030,2012030_2013,2012030,TRUE,255,RAF_255,Traversée à la nage,54.417669,-71.904262,2013,2013-10-25,18:00:00,2013-10-25T18:00:00,298,297,2013_2971,WATER,TRAV,LAKE,WaterCross_Data.xlsx,131,4,-219316.05794943805,1159329.7931578017
2012030,2012030_2013,2012030,TRUE,255,RAF_255,Traversée à la nage,54.418774,-71.905401,2013,2013-10-25,20:00:00,2013-10-25T20:00:00,298,297,2013_2971,WATER,TRAV,LAKE,WaterCross_Data.xlsx,132,5,-219383.57260826512,1159455.2576914106
2012030,2012030_2013,2012030,TRUE,255,RAF_255,Traversée à la nage,54.423135,-71.894978,2013,2013-10-25,22:00:00,2013-10-25T22:00:00,298,297,2013_2971,WATER,TRAV,LAKE,WaterCross_Data.xlsx,133,6,-218689.74904085213,1159904.7365841975
2012030,2012030_2013,2012030,TRUE,255,RAF_255,Traversée à la nage,54.424826,-71.891795,2013,2013-10-26,00:00:00,2013-10-26T00:00:00,299,297,2013_2971,WATER,TRAV,LAKE,WaterCross_Data.xlsx,134,7,-218476.01371723192,1160081.6736364702
2012030,2012030_2013,2012030,TRUE,256,RAF_256,Contournement,54.429967,-71.869222,2013,2013-10-27,12:00:00,2013-10-27T12:00:00,300,297,2013_2971,OTHER,CONT,LAKE,Detour_Data.xlsx,1018,1,-216996.35624798853,1160580.4815999924
2012030,2012030_2013,2012030,TRUE,256,RAF_256,Contournement,54.423405,-71.878879,2013,2013-10-27,14:00:00,2013-10-27T14:00:00,300,297,2013_2971,WATER,CONT,LAKE,Detour_Data.xlsx,1019,2,-217652.0856451689,1159885.4581003783
2012030,2012030_2013,2012030,TRUE,256,RAF_256,Contournement,54.423424,-71.872094,2013,2013-10-27,16:00:00,2013-10-27T16:00:00,300,297,2013_2971,OTHER,CONT,LAKE,Detour_Data.xlsx,1020,3,-217215.25163856577,1159866.939346272
2012030,2012030_2013,2012030,TRUE,256,RAF_256,Contournement,54.403377,-71.827332,2013,2013-10-27,18:00:00,2013-10-27T18:00:00,300,297,2013_2971,OTHER,CONT,LAKE,Detour_Data.xlsx,1021,4,-214436.94563540266,1157519.0138309875
2012030,2012030_2013,2012030,TRUE,256,RAF_256,Contournement,54.368924,-71.786293,2013,2013-10-27,20:00:00,2013-10-27T20:00:00,300,297,2013_2971,OTHER,CONT,LAKE,Detour_Data.xlsx,1022,5,-211968.7536176796,1153593.5398541058
2012030,2012030_2013,2012030,TRUE,257,RAF_257,Contournement,53.799738,-72.936114,2013,2013-11-08,14:00:00,2013-11-08T14:00:00,312,313,2013_3131,OTHER,CONT,LAKE,Detour_Data.xlsx,1023,1,-289946.6326897059,1094825.9343023426
2012030,2012030_2013,2012030,TRUE,257,RAF_257,Contournement,53.80696,-72.994467,2013,2013-11-08,16:00:00,2013-11-08T16:00:00,312,313,2013_3131,OTHER,CONT,LAKE,Detour_Data.xlsx,1024,2,-293705.55152268347,1095860.2174095397
2012030,2012030_2013,2012030,TRUE,257,RAF_257,Contournement,53.801162,-73.014168,2013,2013-11-08,18:00:00,2013-11-08T18:00:00,312,313,2013_3131,OTHER,CONT,LAKE,Detour_Data.xlsx,1025,3,-295031.6534276101,1095301.9787445022
2012030,2012030_2013,2012030,TRUE,257,RAF_257,Contournement,53.782627,-73.075295,2013,2013-11-08,20:01:00,2013-11-08T20:01:00,312,313,2013_3131,OTHER,CONT,LAKE,Detour_Data.xlsx,1026,4,-299152.1438318329,1093512.191304359
2012030,2012030_2013,2012030,TRUE,258,RAF_258,Traversée sur glace,52.360322,-76.499448,2013,2013-12-17,11:00:00,2013-12-17T11:00:00,351,353,2013_3531,OTHER,TRAV,LAKE,IceCross_Data.xlsx,506,1,-539830.9751841787,957041.1031267967
2012030,2012030_2013,2012030,TRUE,258,RAF_258,Traversée sur glace,52.363521,-76.606831,2013,2013-12-17,18:00:00,2013-12-17T18:00:00,351,353,2013_3531,ICE,TRAV,LAKE,IceCross_Data.xlsx,507,2,-547006.7939805309,958207.6710538839
2012030,2012030_2013,2012030,TRUE,258,RAF_258,Traversée sur glace,52.334133,-76.752693,2013,2013-12-18,01:00:00,2013-12-18T01:00:00,352,353,2013_3531,OTHER,TRAV,LAKE,IceCross_Data.xlsx,508,3,-557179.0464555668,956108.1113489361
2012030,2012030_2014,2012030,TRUE,259,RAF_259,Traversée sur glace,53.164309,-76.985226,2014,2014-01-15,15:00:00,2014-01-15T15:00:00,15,17,2014_0171,OTHER,TRAV,LAKE,IceCross_Data.xlsx,509,1,-561958.2365907305,1048997.9956384907
2012030,2012030_2014,2012030,TRUE,259,RAF_259,Traversée sur glace,53.264269,-76.773391,2014,2014-01-15,22:00:00,2014-01-15T22:00:00,15,17,2014_0171,OTHER,TRAV,LAKE,IceCross_Data.xlsx,510,2,-546718.5010272241,1058323.0374747226
2012030,2012030_2014,2012030,TRUE,259,RAF_259,Traversée sur glace,53.3132,-76.735775,2014,2014-01-16,05:00:00,2014-01-16T05:00:00,16,17,2014_0171,OTHER,TRAV,LAKE,IceCross_Data.xlsx,511,3,-543623.1023255707,1063405.5552090465
2012030,2012030_2014,2012030,TRUE,260,RAF_260,Contournement,53.330386,-76.720715,2014,2014-01-16,12:00:00,2014-01-16T12:00:00,16,17,2014_0171,OTHER,CONT,LAKE,Detour_Data.xlsx,1027,1,-542415.8025921057,1065177.1498797282
2012030,2012030_2014,2012030,TRUE,260,RAF_260,Contournement,53.438482,-76.604103,2014,2014-01-16,19:00:00,2014-01-16T19:00:00,16,17,2014_0171,OTHER,CONT,LAKE,Detour_Data.xlsx,1028,2,-533405.331280002,1076163.7283141895
2012030,2012030_2014,2012030,TRUE,260,RAF_260,Contournement,53.516794,-76.506411,2014,2014-01-17,02:00:00,2014-01-17T02:00:00,17,17,2014_0171,OTHER,CONT,LAKE,Detour_Data.xlsx,1029,3,-526036.4692111983,1084036.6781097262
2012030,2012030_2014,2012030,TRUE,261,RAF_261,Traversée sur glace,53.578584,-76.374254,2014,2014-01-19,17:00:00,2014-01-19T17:00:00,19,17,2014_0171,OTHER,TRAV,LAKE,IceCross_Data.xlsx,512,1,-516639.289289216,1089857.7548838553
2012030,2012030_2014,2012030,TRUE,261,RAF_261,Traversée sur glace,53.601732,-76.378645,2014,2014-01-20,00:00:00,2014-01-20T00:00:00,20,17,2014_0171,OTHER,TRAV,LAKE,IceCross_Data.xlsx,513,2,-516645.2527831085,1092431.1412850409
2012030,2012030_2014,2012030,TRUE,261,RAF_261,Traversée sur glace,53.602176,-76.379948,2014,2014-01-20,07:00:00,2014-01-20T07:00:00,20,17,2014_0171,OTHER,TRAV,LAKE,IceCross_Data.xlsx,514,3,-516724.961731381,1092489.3011482581
2012030,2012030_2014,2012030,TRUE,261,RAF_261,Traversée sur glace,53.612376,-76.406315,2014,2014-01-20,14:01:00,2014-01-20T14:01:00,20,17,2014_0171,OTHER,TRAV,LAKE,IceCross_Data.xlsx,515,4,-518322.6983871228,1093799.939708125
2012030,2012030_2014,2012030,TRUE,262,RAF_262,Traversée sur glace,53.626637,-76.42495,2014,2014-01-23,12:00:00,2014-01-23T12:00:00,23,25,2014_0251,ICE,TRAV,LAKE,IceCross_Data.xlsx,516,1,-519365.2654436572,1095500.849655671
2012030,2012030_2014,2012030,TRUE,262,RAF_262,Traversée sur glace,53.635363,-76.498994,2014,2014-01-23,19:00:00,2014-01-23T19:00:00,23,25,2014_0251,ICE,TRAV,LAKE,IceCross_Data.xlsx,517,2,-524090.11140003626,1096998.699506813
2012030,2012030_2014,2012030,TRUE,262,RAF_262,Traversée sur glace,53.708154,-76.790403,2014,2014-01-24,02:00:00,2014-01-24T02:00:00,24,25,2014_0251,ICE,TRAV,LAKE,IceCross_Data.xlsx,518,3,-542169.5638760508,1107159.1361568728
2012030,2012030_2014,2012030,TRUE,262,RAF_262,Traversée sur glace,53.696482,-76.825938,2014,2014-01-24,09:00:00,2014-01-24T09:00:00,24,25,2014_0251,ICE,TRAV,LAKE,IceCross_Data.xlsx,519,4,-544632.6699154074,1106148.206995719
2012030,2012030_2014,2012030,TRUE,262,RAF_262,Traversée sur glace,53.677484,-76.87185,2014,2014-01-24,16:00:00,2014-01-24T16:00:00,24,25,2014_0251,ICE,TRAV,LAKE,IceCross_Data.xlsx,520,5,-547867.256311861,1104414.1713926492
2012030,2012030_2014,2012030,TRUE,262,RAF_262,Traversée sur glace,53.677082,-76.871675,2014,2014-01-25,06:01:00,2014-01-25T06:01:00,25,25,2014_0251,ICE,TRAV,LAKE,IceCross_Data.xlsx,521,6,-547861.0399373183,1104368.7250559162
2012030,2012030_2014,2012030,TRUE,262,RAF_262,Traversée sur glace,53.677089,-76.871589,2014,2014-01-25,13:01:00,2014-01-25T13:01:00,25,25,2014_0251,ICE,TRAV,LAKE,IceCross_Data.xlsx,522,7,-547855.3473435577,1104368.8346709074
2012030,2012030_2014,2012030,TRUE,262,RAF_262,Traversée sur glace,53.677278,-76.872445,2014,2014-01-25,20:01:00,2014-01-25T20:01:00,25,25,2014_0251,ICE,TRAV,LAKE,IceCross_Data.xlsx,523,8,-547908.6727596716,1104396.125071397
2012030,2012030_2014,2012030,TRUE,262,RAF_262,Traversée sur glace,53.67798,-76.870507,2014,2014-01-26,10:02:00,2014-01-26T10:02:00,26,25,2014_0251,ICE,TRAV,LAKE,IceCross_Data.xlsx,524,9,-547773.3746701385,1104458.3102630088
2012030,2012030_2014,2012030,TRUE,262,RAF_262,Traversée sur glace,53.678619,-76.870305,2014,2014-01-26,17:01:00,2014-01-26T17:01:00,26,25,2014_0251,ICE,TRAV,LAKE,IceCross_Data.xlsx,525,10,-547751.9776731624,1104526.873857359
2012030,2012030_2014,2012030,TRUE,262,RAF_262,Traversée sur glace,53.677824,-76.878,2014,2014-01-27,00:01:00,2014-01-27T00:01:00,27,25,2014_0251,ICE,TRAV,LAKE,IceCross_Data.xlsx,526,11,-548263.4948468544,1104498.5769705388
2012030,2012030_2014,2012030,TRUE,262,RAF_262,Traversée sur glace,53.677507,-76.879817,2014,2014-01-27,07:01:00,2014-01-27T07:01:00,27,25,2014_0251,ICE,TRAV,LAKE,IceCross_Data.xlsx,527,12,-548385.9484626121,1104477.7195056882
2012030,2012030_2014,2012030,TRUE,262,RAF_262,Traversée sur glace,53.586477,-77.087418,2014,2014-01-27,21:00:00,2014-01-27T21:00:00,27,25,2014_0251,OTHER,TRAV,LAKE,IceCross_Data.xlsx,528,13,-563111.021019763,1096104.3565001553
2012030,2012030_2014,2012030,TRUE,263,RAF_263,Traversée sur glace,53.551355,-77.14252,2014,2014-01-29,15:01:00,2014-01-29T15:01:00,29,33,2014_0331,OTHER,TRAV,LAKE,IceCross_Data.xlsx,529,1,-567174.198131475,1092687.7015527163
2012030,2012030_2014,2012030,TRUE,263,RAF_263,Traversée sur glace,53.526272,-77.147226,2014,2014-01-29,22:00:00,2014-01-29T22:00:00,29,33,2014_0331,OTHER,TRAV,LAKE,IceCross_Data.xlsx,530,2,-567815.5451102089,1089974.3380047048
2012030,2012030_2014,2012030,TRUE,263,RAF_263,Traversée sur glace,53.524069,-77.148427,2014,2014-01-30,05:00:00,2014-01-30T05:00:00,30,33,2014_0331,OTHER,TRAV,LAKE,IceCross_Data.xlsx,531,3,-567923.363804621,1089742.2825529338
2012030,2012030_2014,2012030,TRUE,264,RAF_264,Traversée sur glace,53.493284,-77.064722,2014,2014-03-04,18:00:00,2014-03-04T18:00:00,63,65,2014_0651,OTHER,TRAV,LAKE,IceCross_Data.xlsx,532,1,-562859.0888691255,1085704.7590443366
2012030,2012030_2014,2012030,TRUE,264,RAF_264,Traversée sur glace,53.530402,-77.04215,2014,2014-03-05,01:00:00,2014-03-05T01:00:00,64,65,2014_0651,OTHER,TRAV,LAKE,IceCross_Data.xlsx,533,2,-560894.4599021738,1089598.6073753035
2012030,2012030_2014,2012030,TRUE,264,RAF_264,Traversée sur glace,53.531024,-77.041378,2014,2014-03-05,08:00:00,2014-03-05T08:00:00,64,65,2014_0651,OTHER,TRAV,LAKE,IceCross_Data.xlsx,534,3,-560835.8279438943,1089660.7789423899
2012030,2012030_2014,2012030,TRUE,265,RAF_265,Traversée sur glace,53.528746,-77.033451,2014,2014-03-05,15:00:00,2014-03-05T15:00:00,64,65,2014_0651,OTHER,TRAV,LAKE,IceCross_Data.xlsx,535,1,-560347.7409709084,1089348.822320274
2012030,2012030_2014,2012030,TRUE,265,RAF_265,Traversée sur glace,53.515079,-77.015442,2014,2014-03-05,22:01:00,2014-03-05T22:01:00,64,65,2014_0651,ICE,TRAV,LAKE,IceCross_Data.xlsx,536,2,-559350.0097648668,1087708.8641368786
2012030,2012030_2014,2012030,TRUE,265,RAF_265,Traversée sur glace,53.515398,-77.014886,2014,2014-03-06,05:00:00,2014-03-06T05:00:00,65,65,2014_0651,ICE,TRAV,LAKE,IceCross_Data.xlsx,537,3,-559309.4773736392,1087739.5083121208
2012030,2012030_2014,2012030,TRUE,265,RAF_265,Traversée sur glace,53.516119,-77.014828,2014,2014-03-06,12:00:00,2014-03-06T12:00:00,65,65,2014_0651,ICE,TRAV,LAKE,IceCross_Data.xlsx,538,4,-559296.2308181105,1087818.139022877
2012030,2012030_2014,2012030,TRUE,265,RAF_265,Traversée sur glace,53.51688,-77.0136,2014,2014-03-06,19:01:00,2014-03-06T19:01:00,65,65,2014_0651,ICE,TRAV,LAKE,IceCross_Data.xlsx,539,5,-559205.9727599875,1087892.013642373
2012030,2012030_2014,2012030,TRUE,265,RAF_265,Traversée sur glace,53.516271,-77.012176,2014,2014-03-07,02:00:00,2014-03-07T02:00:00,66,65,2014_0651,ICE,TRAV,LAKE,IceCross_Data.xlsx,540,6,-559120.8641568783,1087814.0872744778
2012030,2012030_2014,2012030,TRUE,265,RAF_265,Traversée sur glace,53.516983,-77.014004,2014,2014-03-07,09:01:00,2014-03-07T09:01:00,66,65,2014_0651,ICE,TRAV,LAKE,IceCross_Data.xlsx,541,7,-559231.0331554553,1087906.468513188
2012030,2012030_2014,2012030,TRUE,265,RAF_265,Traversée sur glace,53.51516,-77.007601,2014,2014-03-07,16:01:00,2014-03-07T16:01:00,66,65,2014_0651,ICE,TRAV,LAKE,IceCross_Data.xlsx,542,8,-558836.330260316,1087656.4876637298
2012030,2012030_2014,2012030,TRUE,265,RAF_265,Traversée sur glace,53.515336,-77.015086,2014,2014-03-07,23:00:00,2014-03-07T23:00:00,66,65,2014_0651,ICE,TRAV,LAKE,IceCross_Data.xlsx,543,9,-559323.3655828572,1087734.2709545074
2012030,2012030_2014,2012030,TRUE,265,RAF_265,Traversée sur glace,53.498116,-77.01671,2014,2014-03-08,06:00:00,2014-03-08T06:00:00,67,65,2014_0651,OTHER,TRAV,LAKE,IceCross_Data.xlsx,544,10,-559655.3976764556,1085858.17288203
2013002,2013002_2013,2013002,TRUE,266,RAF_266,Contournement,54.19787,-73.088278,2013,2013-12-02,08:00:00,2013-12-02T08:00:00,336,337,2013_3371,OTHER,CONT,LAKE,Detour_Data.xlsx,1030,1,-297060.2540414103,1139350.6842417
2013002,2013002_2013,2013002,TRUE,266,RAF_266,Contournement,54.169155,-73.205359,2013,2013-12-02,10:00:00,2013-12-02T10:00:00,336,337,2013_3371,OTHER,CONT,LAKE,Detour_Data.xlsx,1031,2,-304838.15069485275,1136676.8994503922
2013002,2013002_2013,2013002,TRUE,266,RAF_266,Contournement,54.139854,-73.317048,2013,2013-12-02,12:00:00,2013-12-02T12:00:00,336,337,2013_3371,OTHER,CONT,LAKE,Detour_Data.xlsx,1032,3,-312280.92347124615,1133928.0865755253
2013005,2013005_2013,2013005,TRUE,267,RAF_267,Contournement,55.234472,-72.300211,2013,2013-10-16,16:00:00,2013-10-16T16:00:00,289,289,2013_2891,OTHER,CONT,LAKE,Detour_Data.xlsx,1033,1,-240009.50041193608,1250773.0073695923
2013005,2013005_2013,2013005,TRUE,267,RAF_267,Contournement,55.227667,-72.301407,2013,2013-10-16,18:00:00,2013-10-16T18:00:00,289,289,2013_2891,OTHER,CONT,LAKE,Detour_Data.xlsx,1034,2,-240124.91608739278,1250025.662744653
2013005,2013005_2013,2013005,TRUE,267,RAF_267,Contournement,55.214793,-72.292069,2013,2013-10-16,20:00:00,2013-10-16T20:00:00,289,289,2013_2891,OTHER,CONT,LAKE,Detour_Data.xlsx,1035,3,-239611.00717466272,1248572.9185377934
2013005,2013005_2013,2013005,TRUE,267,RAF_267,Contournement,55.175004,-72.26612,2013,2013-10-16,22:00:00,2013-10-16T22:00:00,289,289,2013_2891,OTHER,CONT,LAKE,Detour_Data.xlsx,1036,4,-238204.2984827027,1244093.1393921445
2013005,2013005_2013,2013005,TRUE,267,RAF_267,Contournement,55.168466,-72.267138,2013,2013-10-17,00:00:00,2013-10-17T00:00:00,290,289,2013_2891,OTHER,CONT,LAKE,Detour_Data.xlsx,1037,5,-238306.66283893972,1243374.667586468
2013005,2013005_2013,2013005,TRUE,267,RAF_267,Contournement,55.168631,-72.263845,2013,2013-10-17,02:00:00,2013-10-17T02:00:00,290,289,2013_2891,OTHER,CONT,LAKE,Detour_Data.xlsx,1038,6,-238097.58296910545,1243381.9238032608
2013005,2013005_2013,2013005,TRUE,267,RAF_267,Contournement,55.171477,-72.249066,2013,2013-10-17,04:00:00,2013-10-17T04:00:00,290,289,2013_2891,OTHER,CONT,LAKE,Detour_Data.xlsx,1039,7,-237147.05562513214,1243647.0777110509
2013005,2013005_2013,2013005,TRUE,267,RAF_267,Contournement,55.162383,-72.236358,2013,2013-10-17,06:00:00,2013-10-17T06:00:00,290,289,2013_2891,OTHER,CONT,LAKE,Detour_Data.xlsx,1040,8,-236396.41736799487,1242600.9473265395
2013005,2013005_2013,2013005,TRUE,267,RAF_267,Contournement,55.162787,-72.23562,2013,2013-10-17,08:00:00,2013-10-17T08:00:00,290,289,2013_2891,OTHER,CONT,LAKE,Detour_Data.xlsx,1041,9,-236347.4364315416,1242643.1159799506
2013005,2013005_2013,2013005,TRUE,267,RAF_267,Contournement,55.164064,-72.233935,2013,2013-10-17,10:00:00,2013-10-17T10:00:00,290,289,2013_2891,OTHER,CONT,LAKE,Detour_Data.xlsx,1042,10,-236233.56190758987,1242778.5481948017
2013005,2013005_2013,2013005,TRUE,267,RAF_267,Contournement,55.149927,-72.234641,2013,2013-10-17,12:00:00,2013-10-17T12:00:00,290,289,2013_2891,OTHER,CONT,LAKE,Detour_Data.xlsx,1043,11,-236359.72259938382,1241219.9928900746
2013005,2013005_2013,2013005,TRUE,267,RAF_267,Contournement,55.129786,-72.227413,2013,2013-10-17,14:00:00,2013-10-17T14:00:00,290,289,2013_2891,OTHER,CONT,LAKE,Detour_Data.xlsx,1044,12,-236018.6245507338,1238972.3636592727
2013008,2013008_2013,2013008,TRUE,268,RAF_268,Contournement,54.226322,-72.809517,2013,2013-11-18,12:00:00,2013-11-18T12:00:00,322,321,2013_3211,OTHER,CONT,LAKE,Detour_Data.xlsx,1045,1,-278845.66266637406,1141366.7422752404
2013008,2013008_2013,2013008,TRUE,268,RAF_268,Contournement,54.228957,-72.790679,2013,2013-11-18,14:00:00,2013-11-18T14:00:00,322,321,2013_3211,OTHER,CONT,LAKE,Detour_Data.xlsx,1046,2,-277610.7740248875,1141584.1340607763
2013008,2013008_2013,2013008,TRUE,268,RAF_268,Contournement,54.230874,-72.784703,2013,2013-11-18,16:00:00,2013-11-18T16:00:00,322,321,2013_3211,OTHER,CONT,LAKE,Detour_Data.xlsx,1047,3,-277211.9084842622,1141772.4106434842
2013008,2013008_2013,2013008,TRUE,268,RAF_268,Contournement,54.226418,-72.781288,2013,2013-11-18,18:00:00,2013-11-18T18:00:00,322,321,2013_3211,OTHER,CONT,LAKE,Detour_Data.xlsx,1048,4,-277020.6686901734,1141267.691846244
2013008,2013008_2013,2013008,TRUE,268,RAF_268,Contournement,54.211131,-72.757402,2013,2013-11-18,20:01:00,2013-11-18T20:01:00,322,321,2013_3211,OTHER,CONT,LAKE,Detour_Data.xlsx,1049,5,-275577.39056233474,1139489.307669674
2013008,2013008_2013,2013008,TRUE,269,RAF_269,Contournement,54.178751,-72.688571,2013,2013-11-20,18:00:00,2013-11-20T18:00:00,324,321,2013_3211,OTHER,CONT,RIVER,Detour_Data.xlsx,1050,1,-271336.45932354766,1135654.663354371
2013008,2013008_2013,2013008,TRUE,269,RAF_269,Contournement,54.170997,-72.691618,2013,2013-11-20,20:00:00,2013-11-20T20:00:00,324,321,2013_3211,OTHER,CONT,RIVER,Detour_Data.xlsx,1051,2,-271583.7755719298,1134810.9164610608
2013008,2013008_2013,2013008,TRUE,269,RAF_269,Contournement,54.149094,-72.744727,2013,2013-11-20,22:00:00,2013-11-20T22:00:00,324,321,2013_3211,OTHER,CONT,RIVER,Detour_Data.xlsx,1052,3,-275164.2797691754,1132597.8639239694
2013008,2013008_2013,2013008,TRUE,270,RAF_270,Contournement,54.147929,-72.746117,2013,2013-11-21,02:00:00,2013-11-21T02:00:00,325,329,2013_3291,OTHER,CONT,RIVER,Detour_Data.xlsx,1053,1,-275261.9142803333,1132474.7117538888
2013008,2013008_2013,2013008,TRUE,270,RAF_270,Contournement,54.125999,-72.770504,2013,2013-11-21,04:00:00,2013-11-21T04:00:00,325,329,2013_3291,OTHER,CONT,RIVER,Detour_Data.xlsx,1054,2,-276985.4901738967,1130150.0004970867
2013008,2013008_2013,2013008,TRUE,270,RAF_270,Contournement,54.117619,-72.789773,2013,2013-11-21,12:00:00,2013-11-21T12:00:00,325,329,2013_3291,OTHER,CONT,RIVER,Detour_Data.xlsx,1055,3,-278289.25861590024,1129300.494969665
2013008,2013008_2013,2013008,TRUE,270,RAF_270,Contournement,54.110705,-72.805534,2013,2013-11-21,14:00:00,2013-11-21T14:00:00,325,329,2013_3291,OTHER,CONT,RIVER,Detour_Data.xlsx,1056,4,-279356.4216800103,1128599.345333417
2013008,2013008_2013,2013008,TRUE,270,RAF_270,Contournement,54.099,-72.806569,2013,2013-11-21,16:00:00,2013-11-21T16:00:00,325,329,2013_3291,OTHER,CONT,RIVER,Detour_Data.xlsx,1057,5,-279501.2797347321,1127312.431628994
2013008,2013008_2013,2013008,TRUE,271,RAF_271,Traversée sur glace,54.098997,-72.806821,2013,2013-11-21,18:00:00,2013-11-21T18:00:00,325,329,2013_3291,OTHER,TRAV,RIVER,IceCross_Data.xlsx,545,1,-279517.63501064753,1127313.085054927
2013008,2013008_2013,2013008,TRUE,271,RAF_271,Traversée sur glace,54.07816,-72.826434,2013,2013-11-21,20:00:00,2013-11-21T20:00:00,325,329,2013_3291,OTHER,TRAV,RIVER,IceCross_Data.xlsx,546,2,-280928.1018888049,1125091.7930822575
2013008,2013008_2013,2013008,TRUE,271,RAF_271,Traversée sur glace,54.035986,-72.819195,2013,2013-11-21,22:00:00,2013-11-21T22:00:00,325,329,2013_3291,OTHER,TRAV,RIVER,IceCross_Data.xlsx,547,3,-280739.70418058545,1120412.1382175605
2013008,2013008_2014,2013008,TRUE,272,RAF_272,Traversée sur glace,53.637832,-74.310395,2014,2014-05-07,16:01:00,2014-05-07T16:01:00,127,129,2014_1291,OTHER,TRAV,RIVER,IceCross_Data.xlsx,548,1,-381046.9697725809,1083427.7397356506
2013008,2013008_2014,2013008,TRUE,272,RAF_272,Traversée sur glace,53.671623,-74.299045,2014,2014-05-07,18:00:00,2014-05-07T18:00:00,127,129,2014_1291,ICE,TRAV,RIVER,IceCross_Data.xlsx,549,2,-380002.0871021002,1087088.0738288977
2013008,2013008_2014,2013008,TRUE,272,RAF_272,Traversée sur glace,53.738121,-74.301271,2014,2014-05-07,20:00:00,2014-05-07T20:00:00,127,129,2014_1291,OTHER,TRAV,RIVER,IceCross_Data.xlsx,550,3,-379552.7324406129,1094422.0606061984
2013008,2013008_2014,2013008,TRUE,273,RAF_273,Contournement,55.910424,-74.02656,2014,2014-05-17,00:00:00,2014-05-17T00:00:00,137,137,2014_1371,OTHER,CONT,LAKE,Detour_Data.xlsx,1058,1,-343089.3671387829,1332414.754271985
2013008,2013008_2014,2013008,TRUE,273,RAF_273,Contournement,55.938814,-74.029797,2014,2014-05-17,02:00:00,2014-05-17T02:00:00,137,137,2014_1371,OTHER,CONT,LAKE,Detour_Data.xlsx,1059,2,-343047.4397457691,1335561.9253587208
2013008,2013008_2014,2013008,TRUE,273,RAF_273,Contournement,55.976154,-74.008507,2014,2014-05-17,04:00:00,2014-05-17T04:00:00,137,137,2014_1371,ICE,CONT,LAKE,Detour_Data.xlsx,1060,3,-341411.5960507444,1339579.1989367553
2013008,2013008_2014,2013008,TRUE,273,RAF_273,Contournement,55.999145,-73.999506,2014,2014-05-17,06:00:00,2014-05-17T06:00:00,137,137,2014_1371,OTHER,CONT,LAKE,Detour_Data.xlsx,1061,4,-340659.5163305887,1342072.631873491
2013008,2013008_2014,2013008,TRUE,273,RAF_273,Contournement,55.999169,-73.999498,2014,2014-05-17,08:00:00,2014-05-17T08:00:00,137,137,2014_1371,OTHER,CONT,LAKE,Detour_Data.xlsx,1062,5,-340658.8178771527,1342075.2414748613
2013008,2013008_2014,2013008,TRUE,273,RAF_273,Contournement,56.029637,-73.962388,2014,2014-05-17,10:00:00,2014-05-17T10:00:00,137,137,2014_1371,ICE,CONT,LAKE,Detour_Data.xlsx,1063,6,-338107.4848890007,1345260.5994593627
2013008,2013008_2014,2013008,TRUE,273,RAF_273,Contournement,56.088963,-73.924964,2014,2014-05-17,12:00:00,2014-05-17T12:00:00,137,137,2014_1371,ICE,CONT,LAKE,Detour_Data.xlsx,1064,7,-335298.30294901965,1351630.1772823855
2013008,2013008_2014,2013008,TRUE,273,RAF_273,Contournement,56.159426,-73.939246,2014,2014-05-17,14:00:00,2014-05-17T14:00:00,137,137,2014_1371,OTHER,CONT,LAKE,Detour_Data.xlsx,1065,8,-335587.20835379825,1359472.216334386
2013010,2013010_2013,2013010,TRUE,274,RAF_274,Contournement,54.196325,-73.172747,2013,2013-11-12,12:00:00,2013-11-12T12:00:00,316,313,2013_3131,OTHER,CONT,LAKE,Detour_Data.xlsx,1066,1,-302532.49073520675,1139534.2034746313
2013010,2013010_2013,2013010,TRUE,274,RAF_274,Contournement,54.188155,-73.19314,2013,2013-11-12,14:00:00,2013-11-12T14:00:00,316,313,2013_3131,OTHER,CONT,LAKE,Detour_Data.xlsx,1067,2,-303910.08906533197,1138719.8000602666
2013010,2013010_2013,2013010,TRUE,274,RAF_274,Contournement,54.196087,-73.22509,2013,2013-11-12,16:00:00,2013-11-12T16:00:00,316,313,2013_3131,OTHER,CONT,LAKE,Detour_Data.xlsx,1068,3,-305918.22369072353,1139730.4895768592
2013010,2013010_2013,2013010,TRUE,275,RAF_275,Traversée sur glace,54.154569,-73.258262,2013,2013-11-16,16:00:00,2013-11-16T16:00:00,320,321,2013_3211,OTHER,TRAV,LAKE,IceCross_Data.xlsx,551,1,-308367.5492950716,1135295.4250763557
2013010,2013010_2013,2013010,TRUE,275,RAF_275,Traversée sur glace,54.119299,-73.230538,2013,2013-11-16,18:00:00,2013-11-16T18:00:00,320,321,2013_3211,OTHER,TRAV,LAKE,IceCross_Data.xlsx,552,2,-306830.90387139533,1131287.7454596544
2013010,2013010_2013,2013010,TRUE,275,RAF_275,Traversée sur glace,54.091153,-73.219119,2013,2013-11-16,20:00:00,2013-11-16T20:00:00,320,321,2013_3211,OTHER,TRAV,LAKE,IceCross_Data.xlsx,553,3,-306296.2592445035,1128135.7253033675
2013010,2013010_2013,2013010,TRUE,276,RAF_276,Contournement,54.0705,-73.25512,2013,2013-11-17,20:00:00,2013-11-17T20:00:00,321,321,2013_3211,OTHER,CONT,LAKE,Detour_Data.xlsx,1069,1,-308781.01323012373,1126013.498152643
2013010,2013010_2013,2013010,TRUE,276,RAF_276,Contournement,54.072017,-73.279895,2013,2013-11-17,22:00:00,2013-11-17T22:00:00,321,321,2013_3211,OTHER,CONT,LAKE,Detour_Data.xlsx,1070,2,-310376.24130257376,1126287.9185843503
2013010,2013010_2013,2013010,TRUE,276,RAF_276,Contournement,54.075132,-73.288184,2013,2013-11-18,00:00:00,2013-11-18T00:00:00,322,321,2013_3211,OTHER,CONT,LAKE,Detour_Data.xlsx,1071,3,-310890.6618863167,1126667.3056658863
2013010,2013010_2013,2013010,TRUE,276,RAF_276,Contournement,54.073947,-73.295345,2013,2013-11-18,02:00:00,2013-11-18T02:00:00,322,321,2013_3211,OTHER,CONT,LAKE,Detour_Data.xlsx,1072,4,-311363.68804846396,1126567.8035719735
2013010,2013010_2013,2013010,TRUE,276,RAF_276,Contournement,54.07181,-73.29948,2013,2013-11-18,04:00:00,2013-11-18T04:00:00,322,321,2013_3211,OTHER,CONT,LAKE,Detour_Data.xlsx,1073,5,-311647.5969826632,1126350.2181988037
2013010,2013010_2013,2013010,TRUE,276,RAF_276,Contournement,54.070462,-73.293071,2013,2013-11-18,06:00:00,2013-11-18T06:00:00,322,321,2013_3211,OTHER,CONT,LAKE,Detour_Data.xlsx,1074,6,-311242.0288372348,1126173.7197484933
2013010,2013010_2013,2013010,TRUE,277,RAF_277,Contournement,54.071377,-73.291061,2013,2013-11-18,12:00:00,2013-11-18T12:00:00,322,321,2013_3211,OTHER,CONT,LAKE,Detour_Data.xlsx,1075,1,-311104.93934929365,1126265.850471427
2013010,2013010_2013,2013010,TRUE,277,RAF_277,Contournement,54.065553,-73.295548,2013,2013-11-18,14:00:00,2013-11-18T14:00:00,322,321,2013_3211,ICE,CONT,LAKE,Detour_Data.xlsx,1076,2,-311438.9548536308,1125643.3224259962
2013010,2013010_2013,2013010,TRUE,277,RAF_277,Contournement,54.073028,-73.297779,2013,2013-11-18,16:00:00,2013-11-18T16:00:00,322,321,2013_3211,OTHER,CONT,LAKE,Detour_Data.xlsx,1077,3,-311528.2945207243,1126477.085197131
2013010,2013010_2013,2013010,TRUE,277,RAF_277,Contournement,54.073582,-73.296989,2013,2013-11-18,18:00:00,2013-11-18T18:00:00,322,321,2013_3211,OTHER,CONT,LAKE,Detour_Data.xlsx,1078,4,-311472.97510403564,1126534.719931094
2013010,2013010_2013,2013010,TRUE,277,RAF_277,Contournement,54.079542000000004,-73.27467,2013,2013-11-18,20:01:00,2013-11-18T20:01:00,322,321,2013_3211,OTHER,CONT,LAKE,Detour_Data.xlsx,1079,5,-309982.0324408963,1127094.8518904715
2013010,2013010_2013,2013010,TRUE,277,RAF_277,Contournement,54.079551,-73.262477,2013,2013-11-18,22:00:00,2013-11-18T22:00:00,322,321,2013_3211,OTHER,CONT,LAKE,Detour_Data.xlsx,1080,6,-309191.5406040241,1127043.0940996357
2013010,2013010_2013,2013010,TRUE,278,RAF_278,Traversée sur glace,54.072726,-73.297361,2013,2013-11-20,14:00:00,2013-11-20T14:00:00,324,321,2013_3211,OTHER,TRAV,LAKE,IceCross_Data.xlsx,554,1,-311503.42900385574,1126441.9727380355
2013010,2013010_2013,2013010,TRUE,278,RAF_278,Traversée sur glace,54.080628,-73.291466,2013,2013-11-20,16:00:00,2013-11-20T16:00:00,324,321,2013_3211,ICE,TRAV,LAKE,IceCross_Data.xlsx,555,2,-311062.81002445717,1127287.4590835513
2013010,2013010_2013,2013010,TRUE,278,RAF_278,Traversée sur glace,54.106098,-73.334621,2013,2013-11-20,18:00:00,2013-11-20T18:00:00,324,321,2013_3211,OTHER,TRAV,LAKE,IceCross_Data.xlsx,556,3,-313670.2124059472,1130283.6607555212
2013010,2013010_2013,2013010,TRUE,279,RAF_279,Contournement,54.185768,-75.924385,2013,2013-12-21,13:00:00,2013-12-21T13:00:00,355,353,2013_3531,OTHER,CONT,LAKE,Detour_Data.xlsx,1081,1,-480284.6992982089,1153424.0134402185
2013010,2013010_2013,2013010,TRUE,279,RAF_279,Contournement,54.201237,-76.117044,2013,2013-12-21,20:00:00,2013-12-21T20:00:00,355,353,2013_3531,OTHER,CONT,LAKE,Detour_Data.xlsx,1082,2,-492519.74170439184,1156433.3647159378
2013010,2013010_2013,2013010,TRUE,279,RAF_279,Contournement,54.179699,-76.297393,2013,2013-12-22,03:00:00,2013-12-22T03:00:00,356,353,2013_3531,OTHER,CONT,LAKE,Detour_Data.xlsx,1083,3,-504394.29882657155,1155323.541330842
2013010,2013010_2013,2013010,TRUE,279,RAF_279,Contournement,54.180092,-76.331563,2013,2013-12-22,10:00:00,2013-12-22T10:00:00,356,353,2013_3531,OTHER,CONT,LAKE,Detour_Data.xlsx,1084,4,-506591.11733539746,1155608.0804157231
2013010,2013010_2013,2013010,TRUE,279,RAF_279,Contournement,54.186894,-76.424749,2013,2013-12-22,17:00:00,2013-12-22T17:00:00,356,353,2013_3531,OTHER,CONT,LAKE,Detour_Data.xlsx,1085,5,-512511.3521182563,1157018.6580609926
2013102,2013102_2013,2013102,TRUE,280,RAF_280,Contournement,55.225316,-72.742265,2013,2013-09-17,21:00:00,2013-09-17T21:00:00,260,257,2013_2571,OTHER,CONT,LAKE,Detour_Data.xlsx,1086,1,-267957.2288890336,1251331.1953850216
2013102,2013102_2013,2013102,TRUE,280,RAF_280,Contournement,55.222852,-72.767361,2013,2013-09-18,10:01:00,2013-09-18T10:01:00,261,265,2013_2651,OTHER,CONT,LAKE,Detour_Data.xlsx,1087,2,-269556.74843942135,1251153.4904570894
2013102,2013102_2013,2013102,TRUE,280,RAF_280,Contournement,55.190657,-72.934251,2013,2013-09-18,23:00:00,2013-09-18T23:00:00,261,265,2013_2651,OTHER,CONT,LAKE,Detour_Data.xlsx,1088,3,-280305.8973707864,1248241.5705824285
2013102,2013102_2013,2013102,TRUE,280,RAF_280,Contournement,55.182329,-72.997286,2013,2013-09-19,12:00:00,2013-09-19T12:00:00,262,265,2013_2651,OTHER,CONT,LAKE,Detour_Data.xlsx,1089,4,-284343.19888131076,1247571.2726433778
2013103,2013103_2013,2013103,TRUE,281,RAF_281,Traversée sur glace,54.262277,-72.509331,2013,2013-11-17,00:02:00,2013-11-17T00:02:00,321,321,2013_3211,OTHER,TRAV,LAKE,IceCross_Data.xlsx,557,1,-259220.85317008616,1144204.4367636961
2013103,2013103_2013,2013103,TRUE,281,RAF_281,Traversée sur glace,54.349308,-72.372092,2013,2013-11-17,13:00:00,2013-11-17T13:00:00,321,321,2013_3211,ICE,TRAV,LAKE,IceCross_Data.xlsx,558,2,-249836.44221025487,1153318.7815826477
2013103,2013103_2013,2013103,TRUE,281,RAF_281,Traversée sur glace,54.47185,-72.311108,2013,2013-11-18,02:00:00,2013-11-18T02:00:00,322,321,2013_3211,ICE,TRAV,LAKE,IceCross_Data.xlsx,559,3,-245184.49980557497,1166630.1687402618
2013104,2013104_2013,2013104,TRUE,283,RAF_283,Traversée sur glace,54.06603,-73.065793,2013,2013-11-15,09:01:00,2013-11-15T09:01:00,319,321,2013_3211,OTHER,TRAV,LAKE,IceCross_Data.xlsx,560,1,-296535.29847342067,1124719.9127822975
2013104,2013104_2013,2013104,TRUE,283,RAF_283,Traversée sur glace,54.094434,-73.250256,2013,2013-11-15,22:00:00,2013-11-15T22:00:00,319,321,2013_3211,ICE,TRAV,LAKE,IceCross_Data.xlsx,561,2,-308290.2119786454,1128631.1593397881
2013104,2013104_2013,2013104,TRUE,283,RAF_283,Traversée sur glace,54.108023,-73.312253,2013,2013-11-16,11:00:00,2013-11-16T11:00:00,320,321,2013_3211,OTHER,TRAV,LAKE,IceCross_Data.xlsx,562,3,-312206.8774387069,1130398.0556684993
2013104,2013104_2013,2013104,TRUE,284,RAF_284,Traversée sur glace,54.035093,-76.234486,2013,2013-11-27,20:02:00,2013-11-27T20:02:00,331,329,2013_3291,OTHER,TRAV,LAKE,IceCross_Data.xlsx,563,1,-502064.4897023259,1138997.486798372
2013104,2013104_2013,2013104,TRUE,284,RAF_284,Traversée sur glace,54.094798,-76.220109,2013,2013-11-28,09:00:00,2013-11-28T09:00:00,332,329,2013_3291,OTHER,TRAV,LAKE,IceCross_Data.xlsx,564,2,-500424.5736779797,1145455.1028017432
2013104,2013104_2013,2013104,TRUE,284,RAF_284,Traversée sur glace,54.192045,-76.548961,2013,2013-11-28,22:00:00,2013-11-28T22:00:00,332,329,2013_3291,OTHER,TRAV,LAKE,IceCross_Data.xlsx,565,3,-520446.8963022082,1158480.7685151775
2013105,2013105_2013,2013105,TRUE,285,RAF_285,Contournement,54.069992,-72.906003,2013,2013-11-14,20:01:00,2013-11-14T20:01:00,318,321,2013_3211,OTHER,CONT,RIVER,Detour_Data.xlsx,1090,1,-286143.81105735915,1124506.2640993984
2013105,2013105_2013,2013105,TRUE,285,RAF_285,Contournement,54.119813,-72.76869,2013,2013-11-15,09:00:00,2013-11-15T09:00:00,319,321,2013_3211,OTHER,CONT,RIVER,Detour_Data.xlsx,1091,2,-276908.72150109365,1129460.6940629403
2013105,2013105_2013,2013105,TRUE,285,RAF_285,Contournement,54.193515,-72.621662,2013,2013-11-15,22:01:00,2013-11-15T22:01:00,319,321,2013_3211,ICE,CONT,RIVER,Detour_Data.xlsx,1092,3,-266913.0048472173,1137031.6297918593
2013105,2013105_2013,2013105,TRUE,286,RAF_286,Traversée sur glace,54.273,-72.501305,2013,2013-11-16,11:00:00,2013-11-16T11:00:00,320,321,2013_3211,OTHER,TRAV,LAKE,IceCross_Data.xlsx,566,1,-258636.25974756267,1145358.4254154114
2013105,2013105_2013,2013105,TRUE,286,RAF_286,Traversée sur glace,54.399784,-72.362324,2013,2013-11-17,00:00:00,2013-11-17T00:00:00,321,321,2013_3211,ICE,TRAV,LAKE,IceCross_Data.xlsx,567,2,-248905.891359523,1158854.4731474721
2013105,2013105_2013,2013105,TRUE,286,RAF_286,Traversée sur glace,54.426067,-72.291542,2013,2013-11-17,13:01:00,2013-11-17T13:01:00,321,321,2013_3211,OTHER,TRAV,LAKE,IceCross_Data.xlsx,568,3,-244194.86464579424,1161510.9263318381
2013105,2013105_2013,2013105,TRUE,287,RAF_287,Traversée sur glace,54.733363,-70.834982,2013,2013-11-28,09:00:00,2013-11-28T09:00:00,332,329,2013_3291,OTHER,TRAV,RIVER,IceCross_Data.xlsx,569,1,-149320.6077345282,1191438.4016131463
2013105,2013105_2013,2013105,TRUE,287,RAF_287,Traversée sur glace,54.610988999999996,-70.875526,2013,2013-11-28,22:00:00,2013-11-28T22:00:00,332,329,2013_3291,OTHER,TRAV,RIVER,IceCross_Data.xlsx,570,2,-152361.33394214857,1178005.8676731342
2013105,2013105_2013,2013105,TRUE,287,RAF_287,Traversée sur glace,54.597033,-70.895623,2013,2013-11-29,11:00:00,2013-11-29T11:00:00,333,337,2013_3371,OTHER,TRAV,RIVER,IceCross_Data.xlsx,571,3,-153701.4604265505,1176507.287446986
2013105,2013105_2013,2013105,TRUE,288,RAF_288,Traversée sur glace,54.385061,-71.779365,2013,2013-12-08,03:01:00,2013-12-08T03:01:00,342,345,2013_3451,OTHER,TRAV,LAKE,IceCross_Data.xlsx,572,1,-211440.51378375152,1155354.3968084273
2013105,2013105_2013,2013105,TRUE,288,RAF_288,Traversée sur glace,54.483644,-71.893035,2013,2013-12-08,16:00:00,2013-12-08T16:00:00,342,345,2013_3451,OTHER,TRAV,LAKE,IceCross_Data.xlsx,573,2,-218247.74304720524,1166578.1467419202
2013105,2013105_2013,2013105,TRUE,288,RAF_288,Traversée sur glace,54.553761,-72.098595,2013,2013-12-09,05:01:00,2013-12-09T05:01:00,343,345,2013_3451,OTHER,TRAV,LAKE,IceCross_Data.xlsx,574,3,-231069.4897463413,1174963.1843215541
2013108,2013108_2013,2013108,TRUE,289,RAF_289,Traversée à la nage,55.162055,-72.392853,2013,2013-09-16,06:01:00,2013-09-16T06:01:00,259,257,2013_2571,OTHER,TRAV,LAKE,WaterCross_Data.xlsx,135,1,-246290.13170443385,1243092.5293081685
2013108,2013108_2013,2013108,TRUE,289,RAF_289,Traversée à la nage,55.142507,-72.43286,2013,2013-09-16,19:02:00,2013-09-16T19:02:00,259,257,2013_2571,WATER,TRAV,LAKE,WaterCross_Data.xlsx,136,2,-248937.44940215308,1241072.9354382227
2013108,2013108_2013,2013108,TRUE,289,RAF_289,Traversée à la nage,55.132869,-72.470633,2013,2013-09-17,08:01:00,2013-09-17T08:01:00,260,257,2013_2571,WATER,TRAV,LAKE,WaterCross_Data.xlsx,137,3,-251385.01211376715,1240141.02733194
2013108,2013108_2013,2013108,TRUE,289,RAF_289,Traversée à la nage,55.150229,-72.45221,2013,2013-09-17,21:00:00,2013-09-17T21:00:00,260,257,2013_2571,WATER,TRAV,LAKE,WaterCross_Data.xlsx,138,4,-250113.87178513932,1241992.8646959753
2013108,2013108_2013,2013108,TRUE,289,RAF_289,Traversée à la nage,55.145819,-72.444515,2013,2013-09-18,10:00:00,2013-09-18T10:00:00,261,265,2013_2651,WATER,TRAV,LAKE,WaterCross_Data.xlsx,139,5,-249654.2532541491,1241479.1613261062
2013108,2013108_2013,2013108,TRUE,289,RAF_289,Traversée à la nage,55.15041,-72.394756,2013,2013-09-18,23:00:00,2013-09-18T23:00:00,261,265,2013_2651,OTHER,TRAV,LAKE,WaterCross_Data.xlsx,140,6,-246480.44945035136,1241813.4938474454
2013108,2013108_2013,2013108,TRUE,290,RAF_290,Contournement,55.15735,-72.379157,2013,2013-09-19,12:00:00,2013-09-19T12:00:00,262,265,2013_2651,OTHER,CONT,LAKE,Detour_Data.xlsx,1093,1,-245452.65892191336,1242526.0433203734
2013108,2013108_2013,2013108,TRUE,290,RAF_290,Contournement,55.185841,-72.28086,2013,2013-09-20,01:00:00,2013-09-20T01:00:00,263,265,2013_2651,OTHER,CONT,LAKE,Detour_Data.xlsx,1094,2,-239072.45035285453,1245338.8105939333
2013108,2013108_2013,2013108,TRUE,290,RAF_290,Contournement,55.222043,-72.263969,2013,2013-09-20,14:00:00,2013-09-20T14:00:00,263,265,2013_2651,OTHER,CONT,LAKE,Detour_Data.xlsx,1095,3,-237794.94051158143,1249279.6812408762
2013108,2013108_2013,2013108,TRUE,290,RAF_290,Contournement,55.248257,-72.243857,2013,2013-09-21,03:00:00,2013-09-21T03:00:00,264,265,2013_2651,OTHER,CONT,LAKE,Detour_Data.xlsx,1096,4,-236373.9233463913,1252107.5109689697
2013108,2013108_2013,2013108,TRUE,291,RAF_291,Traversée sur glace,54.048774,-73.05661,2013,2013-11-15,09:00:00,2013-11-15T09:00:00,319,321,2013_3211,ICE,TRAV,LAKE,IceCross_Data.xlsx,575,1,-296061.0165827676,1122779.17063225
2013108,2013108_2013,2013108,TRUE,291,RAF_291,Traversée sur glace,54.080359,-73.26472,2013,2013-11-15,22:01:00,2013-11-15T22:01:00,319,321,2013_3211,OTHER,TRAV,LAKE,IceCross_Data.xlsx,576,2,-309331.00648945867,1127141.8656085809
2013108,2013108_2013,2013108,TRUE,291,RAF_291,Traversée sur glace,54.114264,-73.435284,2013,2013-11-16,11:00:00,2013-11-16T11:00:00,320,321,2013_3211,OTHER,TRAV,LAKE,IceCross_Data.xlsx,577,3,-320128.7980232888,1131629.6106687554
2013108,2013108_2013,2013108,TRUE,292,RAF_292,Traversée sur glace,54.07542,-75.741104000000007,2013,2013-11-27,07:00:00,2013-11-27T07:00:00,331,329,2013_3291,OTHER,TRAV,LAKE,IceCross_Data.xlsx,578,1,-469700.885156911,1140078.804586404
2013108,2013108_2013,2013108,TRUE,292,RAF_292,Traversée sur glace,54.106143,-76.137857,2013,2013-11-27,20:01:00,2013-11-27T20:01:00,331,329,2013_3291,OTHER,TRAV,LAKE,IceCross_Data.xlsx,579,2,-494979.7561233055,1146129.344446513
2013108,2013108_2013,2013108,TRUE,292,RAF_292,Traversée sur glace,54.231775,-76.198876,2013,2013-11-28,09:00:00,2013-11-28T09:00:00,332,329,2013_3291,OTHER,TRAV,LAKE,IceCross_Data.xlsx,580,3,-497428.3618277052,1160354.4322407963
2013109,2013109_2014,2013109,TRUE,293,RAF_293,Traversée sur glace,53.807962,-77.502446,2014,2014-01-27,12:00:00,2014-01-27T12:00:00,27,25,2014_0251,OTHER,TRAV,LAKE,IceCross_Data.xlsx,581,1,-587115.6050778218,1123723.654211934
2013109,2013109_2014,2013109,TRUE,293,RAF_293,Traversée sur glace,53.69982,-77.353572,2014,2014-01-28,01:00:00,2014-01-28T01:00:00,28,25,2014_0251,ICE,TRAV,LAKE,IceCross_Data.xlsx,582,2,-578930.7984983023,1110656.5235060381
2013109,2013109_2014,2013109,TRUE,293,RAF_293,Traversée sur glace,53.680147,-77.343831,2014,2014-01-28,14:00:00,2014-01-28T14:00:00,28,25,2014_0251,ICE,TRAV,LAKE,IceCross_Data.xlsx,583,3,-578564.9989446208,1108420.9949813872
2013109,2013109_2014,2013109,TRUE,293,RAF_293,Traversée sur glace,53.680691,-77.368173,2014,2014-01-29,03:00:00,2014-01-29T03:00:00,29,33,2014_0331,OTHER,TRAV,LAKE,IceCross_Data.xlsx,584,4,-580141.879069628,1108677.7066256274
2013109,2013109_2014,2013109,TRUE,293,RAF_293,Traversée sur glace,53.62112,-77.276756,2014,2014-01-29,16:00:00,2014-01-29T16:00:00,29,33,2014_0331,OTHER,TRAV,LAKE,IceCross_Data.xlsx,585,5,-574996.818599864,1101408.8929649082
2013109,2013109_2014,2013109,TRUE,293,RAF_293,Traversée sur glace,53.606236,-77.251278,2014,2014-01-30,05:00:00,2014-01-30T05:00:00,30,33,2014_0331,OTHER,TRAV,LAKE,IceCross_Data.xlsx,586,6,-573536.5834880716,1099572.5022579066
2013109,2013109_2014,2013109,TRUE,293,RAF_293,Traversée sur glace,53.461871,-77.17441,2014,2014-01-30,18:01:00,2014-01-30T18:01:00,30,33,2014_0331,OTHER,TRAV,LAKE,IceCross_Data.xlsx,587,7,-570452.0922143871,1083128.3898201068
2013109,2013109_2014,2013109,TRUE,294,RAF_294,Contournement,53.501508,-77.227127,2014,2014-03-03,17:00:00,2014-03-03T17:00:00,62,65,2014_0651,OTHER,CONT,LAKE,Detour_Data.xlsx,1097,1,-573369.0821098173,1087895.9500526548
2013109,2013109_2014,2013109,TRUE,294,RAF_294,Contournement,53.502072,-77.283363,2014,2014-03-04,06:00:00,2014-03-04T06:00:00,63,65,2014_0651,OTHER,CONT,LAKE,Detour_Data.xlsx,1098,2,-577037.6261642847,1088409.81578114
2013109,2013109_2014,2013109,TRUE,294,RAF_294,Contournement,53.502108,-77.286379,2014,2014-03-04,19:00:00,2014-03-04T19:00:00,63,65,2014_0651,OTHER,CONT,LAKE,Detour_Data.xlsx,1099,3,-577234.2836960217,1088438.086891423
2013109,2013109_2014,2013109,TRUE,294,RAF_294,Contournement,53.496869,-77.325578,2014,2014-03-05,08:01:00,2014-03-05T08:01:00,64,65,2014_0651,OTHER,CONT,LAKE,Detour_Data.xlsx,1100,4,-579867.675100444,1088180.64290522
2013109,2013109_2014,2013109,TRUE,294,RAF_294,Contournement,53.494166,-77.330799,2014,2014-03-05,21:01:00,2014-03-05T21:01:00,64,65,2014_0651,OTHER,CONT,LAKE,Detour_Data.xlsx,1101,5,-580245.7224061325,1087926.6404471153
2013109,2013109_2014,2013109,TRUE,294,RAF_294,Contournement,53.505012,-77.404937,2014,2014-03-06,10:00:00,2014-03-06T10:00:00,65,65,2014_0651,OTHER,CONT,LAKE,Detour_Data.xlsx,1102,6,-584943.3353852689,1089719.1627635902
2013109,2013109_2014,2013109,TRUE,294,RAF_294,Contournement,53.503348,-77.4102,2014,2014-03-06,23:00:00,2014-03-06T23:00:00,65,65,2014_0651,OTHER,CONT,LAKE,Detour_Data.xlsx,1103,7,-585310.0896516892,1089579.8014332058
2013109,2013109_2014,2013109,TRUE,295,RAF_295,Traversée sur glace,53.502711,-77.421677,2014,2014-03-07,12:00:00,2014-03-07T12:00:00,66,65,2014_0651,OTHER,TRAV,LAKE,IceCross_Data.xlsx,588,1,-586068.8551231958,1089603.9137418976
2013109,2013109_2014,2013109,TRUE,295,RAF_295,Traversée sur glace,53.563383,-77.44844,2014,2014-03-08,01:00:00,2014-03-08T01:00:00,67,65,2014_0651,OTHER,TRAV,LAKE,IceCross_Data.xlsx,589,2,-586981.8388632733,1096473.4199555528
2013109,2013109_2014,2013109,TRUE,295,RAF_295,Traversée sur glace,53.669235,-77.462133,2014,2014-03-08,14:01:00,2014-03-08T14:01:00,67,65,2014_0651,OTHER,TRAV,LAKE,IceCross_Data.xlsx,590,3,-586414.6792462133,1108187.7967037514
2013109,2013109_2014,2013109,TRUE,296,RAF_296,Traversée sur glace,53.68817,-77.472774,2014,2014-03-09,03:00:00,2014-03-09T03:00:00,68,65,2014_0651,ICE,TRAV,LAKE,IceCross_Data.xlsx,591,1,-586845.6951981245,1110350.430898939
2013109,2013109_2014,2013109,TRUE,296,RAF_296,Traversée sur glace,53.69302,-77.474474,2014,2014-03-09,16:00:00,2014-03-09T16:00:00,68,65,2014_0651,ICE,TRAV,LAKE,IceCross_Data.xlsx,592,2,-586889.2776045272,1110895.961215905
2013109,2013109_2014,2013109,TRUE,296,RAF_296,Traversée sur glace,53.745105,-77.538284,2014,2014-03-10,05:00:00,2014-03-10T05:00:00,69,73,2014_0731,OTHER,TRAV,LAKE,IceCross_Data.xlsx,593,3,-590315.1968776672,1117129.3629619475
2013109,2013109_2014,2013109,TRUE,297,RAF_297,Traversée sur glace,53.755898,-77.525064,2014,2014-03-11,20:01:00,2014-03-11T20:01:00,70,73,2014_0731,OTHER,TRAV,LAKE,IceCross_Data.xlsx,594,1,-589306.3675351331,1118203.2795913632
2013109,2013109_2014,2013109,TRUE,297,RAF_297,Traversée sur glace,53.793627,-77.362727,2014,2014-03-12,09:00:00,2014-03-12T09:00:00,71,73,2014_0731,ICE,TRAV,LAKE,IceCross_Data.xlsx,595,2,-578246.1508173906,1121014.612905056
2013109,2013109_2014,2013109,TRUE,297,RAF_297,Traversée sur glace,53.812635,-77.309323,2014,2014-03-12,22:00:00,2014-03-12T22:00:00,71,73,2014_0731,OTHER,TRAV,LAKE,IceCross_Data.xlsx,596,3,-574521.6339775256,1122668.4367222842
2013110,2013110_2013,2013110,TRUE,298,RAF_298,Traversée sur glace,55.006954,-73.364556,2013,2013-11-07,06:01:00,2013-11-07T06:01:00,311,313,2013_3131,OTHER,TRAV,LAKE,IceCross_Data.xlsx,597,1,-308846.6209202669,1229746.0191155456
2013110,2013110_2013,2013110,TRUE,298,RAF_298,Traversée sur glace,55.023559,-73.090816,2013,2013-11-07,19:01:00,2013-11-07T19:01:00,311,313,2013_3131,OTHER,TRAV,LAKE,IceCross_Data.xlsx,598,2,-291373.9727907533,1230429.6837590924
2013110,2013110_2013,2013110,TRUE,298,RAF_298,Traversée sur glace,55.018249,-72.964567,2013,2013-11-08,08:02:00,2013-11-08T08:02:00,312,313,2013_3131,OTHER,TRAV,LAKE,IceCross_Data.xlsx,599,3,-283408.23610786285,1229336.8078608306
2013110,2013110_2013,2013110,TRUE,298,RAF_298,Traversée sur glace,54.95313,-72.813745,2013,2013-11-08,21:01:00,2013-11-08T21:01:00,312,313,2013_3131,OTHER,TRAV,LAKE,IceCross_Data.xlsx,600,4,-274279.631226923,1221563.8809932868
2013110,2013110_2013,2013110,TRUE,299,RAF_299,Traversée sur glace,54.140297,-72.627936,2013,2013-11-15,22:00:00,2013-11-15T22:00:00,319,321,2013_3211,OTHER,TRAV,LAKE,IceCross_Data.xlsx,601,1,-267657.8647434862,1131184.5584840332
2013110,2013110_2013,2013110,TRUE,299,RAF_299,Traversée sur glace,54.243265,-72.48428,2013,2013-11-16,11:00:00,2013-11-16T11:00:00,320,321,2013_3211,ICE,TRAV,LAKE,IceCross_Data.xlsx,602,2,-257719.7819582526,1142016.4310309526
2013110,2013110_2013,2013110,TRUE,299,RAF_299,Traversée sur glace,54.322519,-72.346205,2013,2013-11-17,00:00:00,2013-11-17T00:00:00,321,321,2013_3211,OTHER,TRAV,LAKE,IceCross_Data.xlsx,603,3,-248326.79835485623,1150272.708500872
2013110,2013110_2013,2013110,TRUE,299,RAF_299,Traversée sur glace,54.447942,-72.265107,2013,2013-11-17,13:01:00,2013-11-17T13:01:00,321,321,2013_3211,OTHER,TRAV,LAKE,IceCross_Data.xlsx,604,4,-242366.7597535592,1163835.0758254002
2013110,2013110_2013,2013110,TRUE,300,RAF_300,Traversée sur glace,54.823099,-70.713315,2013,2013-11-27,20:00:00,2013-11-27T20:00:00,331,329,2013_3291,OTHER,TRAV,LAKE,IceCross_Data.xlsx,605,1,-141235.89900538413,1201105.0894922398
2013110,2013110_2013,2013110,TRUE,300,RAF_300,Traversée sur glace,54.791663,-70.717827,2013,2013-11-28,09:00:00,2013-11-28T09:00:00,332,329,2013_3291,OTHER,TRAV,LAKE,IceCross_Data.xlsx,606,2,-141631.40037191613,1197640.9230962836
2013110,2013110_2013,2013110,TRUE,300,RAF_300,Traversée sur glace,54.759511,-70.685337,2013,2013-11-28,22:00:00,2013-11-28T22:00:00,332,329,2013_3291,OTHER,TRAV,LAKE,IceCross_Data.xlsx,607,3,-139665.73602342367,1194024.9298091657
2013110,2013110_2013,2013110,TRUE,301,RAF_301,Contournement,54.609897,-70.511661,2013,2013-12-08,16:00:00,2013-12-08T16:00:00,342,345,2013_3451,OTHER,CONT,LAKE,Detour_Data.xlsx,1104,1,-129033.88036179428,1177169.822041003
2013110,2013110_2013,2013110,TRUE,301,RAF_301,Contournement,54.631815,-70.587982,2013,2013-12-09,05:00:00,2013-12-09T05:00:00,343,345,2013_3451,OTHER,CONT,LAKE,Detour_Data.xlsx,1105,2,-133857.30005776155,1179731.417689455
2013110,2013110_2013,2013110,TRUE,301,RAF_301,Contournement,54.674803,-70.590021,2013,2013-12-09,18:00:00,2013-12-09T18:00:00,343,345,2013_3451,OTHER,CONT,LAKE,Detour_Data.xlsx,1106,3,-133849.23457791266,1184484.3766138973
2013114,2013114_2013,2013114,TRUE,302,RAF_302,Traversée sur glace,54.103185,-72.75319,2013,2013-11-15,09:00:00,2013-11-15T09:00:00,319,321,2013_3211,OTHER,TRAV,LAKE,IceCross_Data.xlsx,608,1,-276013.5603066032,1127566.820075156
2013114,2013114_2013,2013114,TRUE,302,RAF_302,Traversée sur glace,54.232941,-72.529707,2013,2013-11-16,11:00:00,2013-11-16T11:00:00,320,321,2013_3211,OTHER,TRAV,LAKE,IceCross_Data.xlsx,609,2,-260719.3058366669,1141041.9948664969
2013114,2013114_2013,2013114,TRUE,302,RAF_302,Traversée sur glace,54.419417,-72.381608,2013,2013-11-17,00:01:00,2013-11-17T00:01:00,321,321,2013_3211,OTHER,TRAV,LAKE,IceCross_Data.xlsx,610,3,-250029.79791340834,1161088.1191526519
2013120,2013120_2013,2013120,TRUE,303,RAF_303,Traversée sur glace,54.339895,-72.396634,2013,2013-11-17,00:00:00,2013-11-17T00:00:00,321,321,2013_3211,OTHER,TRAV,LAKE,IceCross_Data.xlsx,611,1,-251475.0011699336,1152366.1061236048
2013120,2013120_2013,2013120,TRUE,303,RAF_303,Traversée sur glace,54.451804,-72.315313,2013,2013-11-17,13:02:00,2013-11-17T13:02:00,321,321,2013_3211,OTHER,TRAV,LAKE,IceCross_Data.xlsx,612,2,-245572.8241945802,1164432.4342977484
2013120,2013120_2013,2013120,TRUE,303,RAF_303,Traversée sur glace,54.570743,-72.185017,2013,2013-11-18,02:00:00,2013-11-18T02:00:00,322,321,2013_3211,OTHER,TRAV,LAKE,IceCross_Data.xlsx,613,3,-236517.28292803434,1177119.9046113216
2013120,2013120_2013,2013120,TRUE,304,RAF_304,Contournement,55.076373,-72.440222,2013,2013-12-11,22:00:00,2013-12-11T22:00:00,345,345,2013_3451,OTHER,CONT,LAKE,Detour_Data.xlsx,1107,1,-249805.35805225378,1233798.0136749765
2013120,2013120_2013,2013120,TRUE,304,RAF_304,Contournement,55.020411,-72.631463,2013,2013-12-12,11:00:00,2013-12-12T11:00:00,346,345,2013_3451,OTHER,CONT,LAKE,Detour_Data.xlsx,1108,2,-262273.63582198654,1228305.3413204942
2013120,2013120_2013,2013120,TRUE,304,RAF_304,Contournement,54.960527,-72.90316,2013,2013-12-13,00:00:00,2013-12-13T00:00:00,347,345,2013_3451,OTHER,CONT,LAKE,Detour_Data.xlsx,1109,3,-279907.4937849796,1222726.3010451198
2013120,2013120_2014,2013120,TRUE,305,RAF_305,Traversée sur glace,56.063344,-74.489019,2014,2014-04-29,14:00:00,2014-04-29T14:00:00,119,121,2014_1211,OTHER,TRAV,LAKE,IceCross_Data.xlsx,614,1,-370319.9892233075,1351585.222684237
2013120,2013120_2014,2013120,TRUE,305,RAF_305,Traversée sur glace,56.233614,-74.551949,2014,2014-04-30,03:00:00,2014-04-30T03:00:00,120,121,2014_1211,ICE,TRAV,LAKE,IceCross_Data.xlsx,615,2,-372610.24567173276,1370688.0952445464
2013120,2013120_2014,2013120,TRUE,305,RAF_305,Traversée sur glace,56.327513,-74.586063,2014,2014-04-30,16:01:00,2014-04-30T16:01:00,120,121,2014_1211,ICE,TRAV,LAKE,IceCross_Data.xlsx,616,3,-373822.7189555791,1381221.4803062482
2013124,2013124_2013,2013124,TRUE,306,RAF_306,Traversée sur glace,53.743864,-76.23346,2013,2013-11-22,23:00:00,2013-11-22T23:00:00,326,329,2013_3291,OTHER,TRAV,LAKE,IceCross_Data.xlsx,617,1,-505468.55611670954,1107002.6746831283
2013124,2013124_2013,2013124,TRUE,306,RAF_306,Traversée sur glace,53.721589,-76.267034,2013,2013-11-23,12:02:00,2013-11-23T12:02:00,327,329,2013_3291,OTHER,TRAV,LAKE,IceCross_Data.xlsx,618,2,-507920.960059105,1104793.9925041832
2013124,2013124_2013,2013124,TRUE,306,RAF_306,Traversée sur glace,53.638053,-76.319882,2013,2013-11-24,01:00:00,2013-11-24T01:00:00,328,329,2013_3291,OTHER,TRAV,LAKE,IceCross_Data.xlsx,619,3,-512369.66123689996,1095996.9448516124
2013124,2013124_2013,2013124,TRUE,307,RAF_307,Contournement,53.615717,-76.348742,2013,2013-11-24,14:01:00,2013-11-24T14:01:00,328,329,2013_3291,OTHER,CONT,LAKE,Detour_Data.xlsx,1110,1,-514523.12697372434,1093751.304937022
2013124,2013124_2013,2013124,TRUE,307,RAF_307,Contournement,53.616529,-76.418541,2013,2013-11-25,03:00:00,2013-11-25T03:00:00,329,329,2013_3291,OTHER,CONT,LAKE,Detour_Data.xlsx,1111,2,-519070.2759700736,1094344.5421582288
2013124,2013124_2013,2013124,TRUE,307,RAF_307,Contournement,53.600179,-76.424759,2013,2013-11-25,16:02:00,2013-11-25T16:02:00,329,329,2013_3291,ICE,CONT,LAKE,Detour_Data.xlsx,1112,3,-519675.8210206011,1092594.5334845097
2013124,2013124_2013,2013124,TRUE,307,RAF_307,Contournement,53.630141,-76.329612,2013,2013-11-26,05:01:00,2013-11-26T05:01:00,330,329,2013_3291,OTHER,CONT,LAKE,Detour_Data.xlsx,1113,4,-513100.0819627384,1095197.8315236948
2013124,2013124_2013,2013124,TRUE,307,RAF_307,Contournement,53.6403,-76.274328,2013,2013-11-26,18:00:00,2013-11-26T18:00:00,330,329,2013_3291,OTHER,CONT,LAKE,Detour_Data.xlsx,1114,5,-509369.7710235145,1095918.4908150793
2013124,2013124_2013,2013124,TRUE,307,RAF_307,Contournement,53.66272,-76.259092,2013,2013-11-27,07:00:00,2013-11-27T07:00:00,331,329,2013_3291,OTHER,CONT,LAKE,Detour_Data.xlsx,1115,6,-508107.4095605217,1098272.382838018
2013124,2013124_2013,2013124,TRUE,307,RAF_307,Contournement,53.695734,-76.231783,2013,2013-11-27,20:00:00,2013-11-27T20:00:00,331,329,2013_3291,OTHER,CONT,LAKE,Detour_Data.xlsx,1116,7,-505932.7505121812,1101704.7033478313
2013124,2013124_2013,2013124,TRUE,307,RAF_307,Contournement,53.701756,-76.221215,2013,2013-11-28,09:00:00,2013-11-28T09:00:00,332,329,2013_3291,OTHER,CONT,LAKE,Detour_Data.xlsx,1117,8,-505172.2735043975,1102291.4414106747
2013124,2013124_2013,2013124,TRUE,307,RAF_307,Contournement,53.693897,-76.215767,2013,2013-11-28,22:01:00,2013-11-28T22:01:00,332,329,2013_3291,OTHER,CONT,LAKE,Detour_Data.xlsx,1118,9,-504910.6439731128,1101389.8250199566
2013124,2013124_2013,2013124,TRUE,307,RAF_307,Contournement,53.695954,-76.214145,2013,2013-11-29,11:00:00,2013-11-29T11:00:00,333,337,2013_3371,OTHER,CONT,LAKE,Detour_Data.xlsx,1119,10,-504780.4643311374,1101604.3066727133
2013124,2013124_2013,2013124,TRUE,307,RAF_307,Contournement,53.652301,-76.108068,2013,2013-11-30,00:00:00,2013-11-30T00:00:00,334,337,2013_3371,OTHER,CONT,LAKE,Detour_Data.xlsx,1120,11,-498377.3442308628,1096065.931897355
2013124,2013124_2014,2013124,TRUE,308,RAF_308,Traversée sur glace,53.380543,-76.956741,2014,2014-01-16,16:01:00,2014-01-16T16:01:00,16,17,2014_0171,OTHER,TRAV,LAKE,IceCross_Data.xlsx,620,1,-557264.3881238515,1072493.6317894724
2013124,2013124_2014,2013124,TRUE,308,RAF_308,Traversée sur glace,53.661518,-76.950698,2014,2014-01-17,05:00:00,2014-01-17T05:00:00,17,17,2014_0171,OTHER,TRAV,LAKE,IceCross_Data.xlsx,621,2,-553211.1077084847,1103269.144057544
2013124,2013124_2014,2013124,TRUE,308,RAF_308,Traversée sur glace,53.889617,-76.93225,2014,2014-01-17,18:01:00,2014-01-17T18:01:00,17,17,2014_0171,OTHER,TRAV,LAKE,IceCross_Data.xlsx,622,3,-549046.5234291768,1128151.5268180086
2014021,2014021_2014,2014021,TRUE,309,RAF_309,Traversée sur glace,53.68695,-73.905696,2014,2014-05-18,00:00:00,2014-05-18T00:00:00,138,137,2014_1371,OTHER,TRAV,RIVER,IceCross_Data.xlsx,623,1,-354149.6114808524,1086758.3767310956
2014021,2014021_2014,2014021,TRUE,309,RAF_309,Traversée sur glace,53.742142,-73.802391,2014,2014-05-18,13:00:00,2014-05-18T13:00:00,138,137,2014_1371,OTHER,TRAV,RIVER,IceCross_Data.xlsx,624,2,-346942.80499741883,1092332.5598576986
2014021,2014021_2014,2014021,TRUE,309,RAF_309,Traversée sur glace,53.829685,-73.673054,2014,2014-05-19,02:00:00,2014-05-19T02:00:00,139,137,2014_1371,OTHER,TRAV,RIVER,IceCross_Data.xlsx,625,3,-337796.4974999065,1101359.350585243
2014024,2014024_2014,2014024,TRUE,310,RAF_310,Traversée sur glace,53.689784,-77.750707,2014,2014-04-04,03:00:00,2014-04-04T03:00:00,94,97,2014_0971,OTHER,TRAV,LAKE,IceCross_Data.xlsx,626,1,-604900.50617607,1112841.613954112
2014024,2014024_2014,2014024,TRUE,310,RAF_310,Traversée sur glace,53.742534,-77.510839,2014,2014-04-04,16:00:00,2014-04-04T16:00:00,94,97,2014_0971,ICE,TRAV,LAKE,IceCross_Data.xlsx,627,2,-588567.8577564918,1116621.5216512643
2014024,2014024_2014,2014024,TRUE,310,RAF_310,Traversée sur glace,53.808901,-77.289489,2014,2014-04-05,05:00:00,2014-04-05T05:00:00,95,97,2014_0971,OTHER,TRAV,LAKE,IceCross_Data.xlsx,628,3,-573285.171497768,1122099.960897422
2014024,2014024_2014,2014024,TRUE,311,RAF_311,Traversée sur glace,53.817877,-77.433182,2014,2014-04-10,02:02:00,2014-04-10T02:02:00,100,97,2014_0971,OTHER,TRAV,LAKE,IceCross_Data.xlsx,629,1,-582485.5844978801,1124244.415816398
2014024,2014024_2014,2014024,TRUE,311,RAF_311,Traversée sur glace,53.783312,-77.308297,2014,2014-04-10,15:00:00,2014-04-10T15:00:00,100,97,2014_0971,ICE,TRAV,LAKE,IceCross_Data.xlsx,630,2,-574852.8050821571,1119445.183041045
2014024,2014024_2014,2014024,TRUE,311,RAF_311,Traversée sur glace,53.78402,-77.229957,2014,2014-04-11,04:01:00,2014-04-11T04:01:00,101,105,2014_1051,ICE,TRAV,LAKE,IceCross_Data.xlsx,631,3,-569756.1140492596,1118896.2865715346
2014025,2014025_2014,2014025,TRUE,312,RAF_312,Traversée sur glace,53.478076,-76.9913,2014,2014-05-02,07:01:00,2014-05-02T07:01:00,122,121,2014_1211,OTHER,TRAV,LAKE,IceCross_Data.xlsx,632,1,-558255.5636567104,1083461.5522231676
2014025,2014025_2014,2014025,TRUE,312,RAF_312,Traversée sur glace,53.679103,-76.852128,2014,2014-05-02,20:01:00,2014-05-02T20:01:00,122,121,2014_1211,ICE,TRAV,LAKE,IceCross_Data.xlsx,633,2,-546561.662140509,1104440.994637524
2014025,2014025_2014,2014025,TRUE,312,RAF_312,Traversée sur glace,53.76934,-76.886854,2014,2014-05-03,09:00:00,2014-05-03T09:00:00,123,121,2014_1211,OTHER,TRAV,LAKE,IceCross_Data.xlsx,634,3,-547658.0485734729,1114607.2800442148
2014025,2014025_2014,2014025,TRUE,312,RAF_312,Traversée sur glace,53.844642,-76.819185,2014,2014-05-03,22:00:00,2014-05-03T22:00:00,123,121,2014_1211,ICE,TRAV,LAKE,IceCross_Data.xlsx,635,4,-542294.3301286808,1122354.517913311
2014025,2014025_2014,2014025,TRUE,312,RAF_312,Traversée sur glace,53.926156,-76.786499,2014,2014-05-04,11:00:00,2014-05-04T11:00:00,124,121,2014_1211,OTHER,TRAV,LAKE,IceCross_Data.xlsx,636,5,-539132.6956043373,1131052.728825965
2014030,2014030_2014,2014030,TRUE,313,RAF_313,Traversée sur glace,53.571994,-76.735985,2014,2014-04-29,01:01:00,2014-04-29T01:01:00,119,121,2014_1211,OTHER,TRAV,LAKE,IceCross_Data.xlsx,637,1,-540353.9285757127,1091805.8847451147
2014030,2014030_2014,2014030,TRUE,313,RAF_313,Traversée sur glace,53.587357,-76.733663,2014,2014-04-30,03:00:00,2014-04-30T03:00:00,120,121,2014_1211,ICE,TRAV,LAKE,IceCross_Data.xlsx,638,2,-540007.4155851114,1093474.2771115773
2014030,2014030_2014,2014030,TRUE,313,RAF_313,Traversée sur glace,53.617269,-76.716195,2014,2014-04-30,16:02:00,2014-04-30T16:02:00,120,121,2014_1211,OTHER,TRAV,LAKE,IceCross_Data.xlsx,639,3,-538488.2534524997,1096625.232296555
2014030,2014030_2014,2014030,TRUE,313,RAF_313,Traversée sur glace,53.649147,-76.661256,2014,2014-05-01,05:00:00,2014-05-01T05:00:00,121,121,2014_1211,OTHER,TRAV,LAKE,IceCross_Data.xlsx,640,4,-534502.4759972494,1099711.9221985196
2014030,2014030_2014,2014030,TRUE,313,RAF_313,Traversée sur glace,53.750751,-76.614103,2014,2014-05-01,18:02:00,2014-05-01T18:02:00,121,121,2014_1211,OTHER,TRAV,LAKE,IceCross_Data.xlsx,641,5,-530157.5707142687,1110513.2255251901
2014030,2014030_2014,2014030,TRUE,314,RAF_314,Traversée sur glace,53.775729,-76.601792,2014,2014-05-02,07:00:00,2014-05-02T07:00:00,122,121,2014_1211,OTHER,TRAV,LAKE,IceCross_Data.xlsx,642,1,-529044.88851218,1113163.8906254019
2014030,2014030_2014,2014030,TRUE,314,RAF_314,Traversée sur glace,53.834075,-76.539589,2014,2014-05-02,20:00:00,2014-05-02T20:00:00,122,121,2014_1211,OTHER,TRAV,LAKE,IceCross_Data.xlsx,643,2,-524277.55834792356,1119111.0699978261
2014030,2014030_2014,2014030,TRUE,314,RAF_314,Traversée sur glace,54.000005,-76.414967,2014,2014-05-03,22:01:00,2014-05-03T22:01:00,123,121,2014_1211,ICE,TRAV,LAKE,IceCross_Data.xlsx,644,3,-514160.60835951124,1136425.3858322322
2014030,2014030_2014,2014030,TRUE,314,RAF_314,Traversée sur glace,54.173321,-76.248509,2014,2014-05-04,11:01:00,2014-05-04T11:01:00,124,121,2014_1211,OTHER,TRAV,LAKE,IceCross_Data.xlsx,645,4,-501320.67905054614,1154279.4492397641
2014031,2014031_2014,2014031,TRUE,315,RAF_315,Traversée sur glace,53.570008,-76.753835,2014,2014-04-30,16:00:00,2014-04-30T16:00:00,120,121,2014_1211,OTHER,TRAV,LAKE,IceCross_Data.xlsx,646,1,-541545.1040569576,1091722.882095698
2014031,2014031_2014,2014031,TRUE,315,RAF_315,Traversée sur glace,53.628817,-76.645521,2014,2014-05-01,05:00:00,2014-05-01T05:00:00,121,121,2014_1211,OTHER,TRAV,LAKE,IceCross_Data.xlsx,647,2,-533731.5003605407,1097363.1527422345
2014031,2014031_2014,2014031,TRUE,315,RAF_315,Traversée sur glace,53.723415,-76.581163,2014,2014-05-01,18:00:00,2014-05-01T18:00:00,121,121,2014_1211,OTHER,TRAV,LAKE,IceCross_Data.xlsx,648,3,-528354.8326839899,1107268.971026727
2014032,2014032_2014,2014032,TRUE,316,RAF_316,Traversée sur glace,53.507716,-77.253669,2014,2014-04-25,06:00:00,2014-04-25T06:00:00,115,113,2014_1131,ICE,TRAV,LAKE,IceCross_Data.xlsx,649,1,-575020.5086182375,1088789.5943311134
2014032,2014032_2014,2014032,TRUE,316,RAF_316,Traversée sur glace,53.733677,-77.168873,2014,2014-04-26,08:00:00,2014-04-26T08:00:00,116,113,2014_1131,ICE,TRAV,LAKE,IceCross_Data.xlsx,650,2,-566461.1911072844,1112890.7072535586
2014032,2014032_2014,2014032,TRUE,316,RAF_316,Traversée sur glace,53.938155,-77.01597,2014,2014-04-26,21:00:00,2014-04-26T21:00:00,116,113,2014_1131,OTHER,TRAV,LAKE,IceCross_Data.xlsx,651,3,-553835.4617173783,1134121.6964664648
2014039,2014039_2014,2014039,TRUE,317,RAF_317,Traversée sur glace,53.606435,-74.51714,2014,2014-05-01,18:02:00,2014-05-01T18:02:00,121,121,2014_1211,OTHER,TRAV,RIVER,IceCross_Data.xlsx,652,1,-394865.2362061031,1081091.9644201214
2014039,2014039_2014,2014039,TRUE,317,RAF_317,Traversée sur glace,53.668593,-74.472354,2014,2014-05-02,07:01:00,2014-05-02T07:01:00,122,121,2014_1211,OTHER,TRAV,RIVER,IceCross_Data.xlsx,653,2,-391360.6546747589,1087688.5429871604
2014039,2014039_2014,2014039,TRUE,317,RAF_317,Traversée sur glace,53.693409,-74.486434,2014,2014-05-02,20:00:00,2014-05-02T20:00:00,122,121,2014_1211,OTHER,TRAV,RIVER,IceCross_Data.xlsx,654,3,-392052.0724881957,1090497.5477390133
2007020,2007020_2007,2007020,TRUE,319,RAF_319,Traversée sur glace,53.8208,-73.223,2007,2007-12-19,10:00:00,2007-12-19T10:00:00,353,353,2007_3531,OTHER,TRAV,LAKE,IceCross_Data.xlsx,89,1,-308517.7751852634,1098347.690553017
2007020,2007020_2007,2007020,TRUE,319,RAF_319,Traversée sur glace,53.841,-73.2116,2007,2007-12-19,17:00:00,2007-12-19T17:00:00,353,353,2007_3531,ICE,TRAV,LAKE,IceCross_Data.xlsx,90,2,-307627.3477011105,1100525.4338845431
2007020,2007020_2007,2007020,TRUE,319,RAF_319,Traversée sur glace,53.8528,-73.1839,2007,2007-12-20,00:00:00,2007-12-20T00:00:00,354,353,2007_3531,ICE,TRAV,LAKE,IceCross_Data.xlsx,91,3,-305736.09610868554,1101707.5686958688
2007020,2007020_2007,2007020,TRUE,319,RAF_319,Traversée sur glace,53.8526,-73.1828,2007,2007-12-20,07:00:00,2007-12-20T07:00:00,354,353,2007_3531,ICE,TRAV,LAKE,IceCross_Data.xlsx,92,4,-305665.8423225667,1101680.8209500408
2007020,2007020_2007,2007020,TRUE,319,RAF_319,Traversée sur glace,53.8599,-73.1682,2007,2007-12-20,14:01:00,2007-12-20T14:01:00,354,353,2007_3531,OTHER,TRAV,LAKE,IceCross_Data.xlsx,93,5,-304661.6193250515,1102423.3408353238
2004007,2004007_2008,2004007,TRUE,320,RAF_320,Traversée sur glace,53.702133,-74.65959,2008,2008-12-25,15:00:00,2008-12-25T15:00:00,360,361,2008_3611,OTHER,TRAV,LAKE,IceCross_Data.xlsx,17,1,-403281.59375021624,1092420.0985016194
2004007,2004007_2008,2004007,TRUE,320,RAF_320,Traversée sur glace,53.66074,-74.668305,2008,2008-12-25,22:00:00,2008-12-25T22:00:00,360,361,2008_3611,OTHER,TRAV,LAKE,IceCross_Data.xlsx,18,2,-404244.44805009064,1087913.414555982
2004007,2004007_2008,2004007,TRUE,320,RAF_320,Traversée sur glace,53.608382,-74.689204,2008,2008-12-26,05:00:00,2008-12-26T05:00:00,361,361,2008_3611,OTHER,TRAV,LAKE,IceCross_Data.xlsx,19,3,-406110.3066373634,1082269.2303063138
2004007,2004007_2009,2004007,TRUE,321,RAF_321,Contournement,53.651104,-74.034334,2009,2009-01-03,01:00:00,2009-01-03T01:00:00,3,1,2009_0011,OTHER,CONT,RIVER,Detour_Data.xlsx,39,1,-362866.5628330095,1083454.4005650112
2004007,2004007_2009,2004007,TRUE,321,RAF_321,Contournement,53.679387,-73.981409,2009,2009-01-03,08:00:00,2009-01-03T08:00:00,3,1,2009_0011,OTHER,CONT,RIVER,Detour_Data.xlsx,40,2,-359164.18323271413,1086302.640214124
2004007,2004007_2009,2004007,TRUE,321,RAF_321,Contournement,53.681807,-73.960117,2009,2009-01-03,15:00:00,2009-01-03T15:00:00,3,1,2009_0011,OTHER,CONT,RIVER,Detour_Data.xlsx,41,3,-357751.3797606663,1086462.5483414882
2004007,2004007_2009,2004007,TRUE,321,RAF_321,Contournement,53.683212,-73.935499,2009,2009-01-03,22:01:00,2009-01-03T22:01:00,3,1,2009_0011,OTHER,CONT,RIVER,Detour_Data.xlsx,42,4,-356129.7200033654,1086494.5191751795
2004007,2004007_2009,2004007,TRUE,321,RAF_321,Contournement,53.682717,-73.933887,2009,2009-01-04,05:01:00,2009-01-04T05:01:00,4,1,2009_0011,OTHER,CONT,RIVER,Detour_Data.xlsx,43,5,-356028.45454240625,1086431.9713986784
2004007,2004007_2009,2004007,TRUE,321,RAF_321,Contournement,53.682489,-73.933443,2009,2009-01-04,12:00:00,2009-01-04T12:00:00,4,1,2009_0011,OTHER,CONT,RIVER,Detour_Data.xlsx,44,6,-356001.3302138373,1086404.6471929855
2004007,2004007_2009,2004007,TRUE,321,RAF_321,Contournement,53.70519,-73.8805,2009,2009-01-04,19:00:00,2009-01-04T19:00:00,4,1,2009_0011,OTHER,CONT,RIVER,Detour_Data.xlsx,45,7,-352350.6707784884,1088643.3164441392
2004007,2004007_2009,2004007,TRUE,321,RAF_321,Contournement,53.703846,-73.877077,2009,2009-01-05,02:00:00,2009-01-05T02:00:00,5,9,2009_0091,OTHER,CONT,RIVER,Detour_Data.xlsx,46,8,-352138.0784775602,1088478.409584357
2004007,2004007_2009,2004007,TRUE,321,RAF_321,Contournement,53.703415,-73.875801,2009,2009-01-05,09:01:00,2009-01-05T09:01:00,5,9,2009_0091,OTHER,CONT,RIVER,Detour_Data.xlsx,47,9,-352058.24565627286,1088424.6513684061
2004007,2004007_2009,2004007,TRUE,321,RAF_321,Contournement,53.715461,-73.830119,2009,2009-01-05,16:00:00,2009-01-05T16:00:00,5,9,2009_0091,OTHER,CONT,RIVER,Detour_Data.xlsx,48,10,-348973.08484833513,1089527.9402658711
2004007,2004007_2009,2004007,TRUE,321,RAF_321,Contournement,53.717962,-73.821452,2009,2009-01-05,23:00:00,2009-01-05T23:00:00,5,9,2009_0091,OTHER,CONT,RIVER,Detour_Data.xlsx,49,11,-348386.1595917189,1089761.2412531308
2004007,2004007_2009,2004007,TRUE,321,RAF_321,Contournement,53.717515,-73.805366,2009,2009-01-06,06:00:00,2009-01-06T06:00:00,6,9,2009_0091,OTHER,CONT,RIVER,Detour_Data.xlsx,50,12,-347338.62820819014,1089633.799222558
2004007,2004007_2009,2004007,TRUE,321,RAF_321,Contournement,53.717421,-73.804347,2009,2009-01-06,13:00:00,2009-01-06T13:00:00,6,9,2009_0091,OTHER,CONT,RIVER,Detour_Data.xlsx,51,13,-347272.80627268855,1089618.4975979554
2004007,2004007_2009,2004007,TRUE,321,RAF_321,Contournement,53.726976,-73.78104,2009,2009-01-06,20:00:00,2009-01-06T20:00:00,6,9,2009_0091,OTHER,CONT,RIVER,Detour_Data.xlsx,52,14,-345671.85648895276,1090558.3499060874
2004007,2004007_2009,2004007,TRUE,321,RAF_321,Contournement,53.726981,-73.777092,2009,2009-01-07,03:00:00,2009-01-07T03:00:00,7,9,2009_0091,OTHER,CONT,RIVER,Detour_Data.xlsx,53,15,-345413.86719760543,1090539.8370211958
2004007,2004007_2009,2004007,TRUE,321,RAF_321,Contournement,53.727068,-73.775676,2009,2009-01-07,10:00:00,2009-01-07T10:00:00,7,9,2009_0091,OTHER,CONT,RIVER,Detour_Data.xlsx,54,16,-345320.64249601436,1090542.5882201055
2004007,2004007_2009,2004007,TRUE,321,RAF_321,Contournement,53.733612,-73.743135,2009,2009-01-07,17:00:00,2009-01-07T17:00:00,7,9,2009_0091,OTHER,CONT,RIVER,Detour_Data.xlsx,55,17,-343141.565984352,1091107.0488824544
2004007,2004007_2009,2004007,TRUE,321,RAF_321,Contournement,53.746068,-73.725728,2009,2009-01-08,00:01:00,2009-01-08T00:01:00,8,9,2009_0091,OTHER,CONT,RIVER,Detour_Data.xlsx,56,18,-341903.97887720785,1092396.1286255033
2004007,2004007_2009,2004007,TRUE,321,RAF_321,Contournement,53.748249,-73.734545,2009,2009-01-08,07:01:00,2009-01-08T07:01:00,8,9,2009_0091,OTHER,CONT,RIVER,Detour_Data.xlsx,57,19,-342462.2114924038,1092678.5930188028
2004010,2004010_2014,2004010,TRUE,322,RAF_322,Traversée sur glace,53.521901,-76.555719,2014,2014-01-23,19:02:00,2014-01-23T19:02:00,23,25,2014_0251,OTHER,TRAV,LAKE,IceCross_Data.xlsx,50,1,-529199.0695801731,1084960.8397743863
2004010,2004010_2014,2004010,TRUE,322,RAF_322,Traversée sur glace,53.587942,-76.495275,2014,2014-01-24,02:00:00,2014-01-24T02:00:00,24,25,2014_0251,OTHER,TRAV,LAKE,IceCross_Data.xlsx,51,2,-524431.545038237,1091765.5024890155
2004010,2004010_2014,2004010,TRUE,322,RAF_322,Traversée sur glace,53.587825,-76.495731,2014,2014-01-24,09:00:00,2014-01-24T09:00:00,24,25,2014_0251,OTHER,TRAV,LAKE,IceCross_Data.xlsx,52,3,-524462.771893001,1091756.0000234887
2004011,2004011_2007,2004011,TRUE,323,RAF_323,Traversée sur glace,56.277364,-74.495923,2007,2007-05-12,15:01:00,2007-05-12T15:01:00,132,129,2007_1291,OTHER,TRAV,LAKE,IceCross_Data.xlsx,71,1,-368763.6724893684,1375222.8782250267
2004011,2004011_2007,2004011,TRUE,323,RAF_323,Traversée sur glace,56.376886,-74.521619,2007,2007-05-12,22:01:00,2007-05-12T22:01:00,132,129,2007_1291,OTHER,TRAV,LAKE,IceCross_Data.xlsx,72,2,-369414.45564986276,1386332.3663858732
2004011,2004011_2007,2004011,TRUE,323,RAF_323,Traversée sur glace,56.436001,-74.620055,2007,2007-05-13,05:01:00,2007-05-13T05:01:00,133,137,2007_1371,OTHER,TRAV,LAKE,IceCross_Data.xlsx,73,3,-374879.7285272732,1393364.6005557508
2008035,2008035_2010,2008035,TRUE,324,RAF_324,Traversée sur glace,53.604409,-77.34534,2010,2010-12-24,11:00:00,2010-12-24T11:00:00,358,361,2010_3611,OTHER,TRAV,LAKE,IceCross_Data.xlsx,151,1,-579694.7932545501,1100130.1280513064
2008035,2008035_2010,2008035,TRUE,324,RAF_324,Traversée sur glace,53.717602,-77.435249,2010,2010-12-24,18:00:00,2010-12-24T18:00:00,358,361,2010_3611,ICE,TRAV,LAKE,IceCross_Data.xlsx,152,2,-583999.3096323078,1113269.488810791
2008035,2008035_2010,2008035,TRUE,324,RAF_324,Traversée sur glace,53.85788,-77.342545,2010,2010-12-25,01:00:00,2010-12-25T01:00:00,359,361,2010_3611,OTHER,TRAV,LAKE,IceCross_Data.xlsx,153,3,-576061.1713130941,1127896.1612658296
2009009,2009009_2013,2009009,TRUE,325,RAF_325,Traversée sur glace,56.259365,-74.411466,2013,2013-05-04,16:00:00,2013-05-04T16:00:00,124,121,2013_1211,OTHER,TRAV,LAKE,IceCross_Data.xlsx,174,1,-363745.6483259764,1372805.3889634795
2009009,2009009_2013,2009009,TRUE,325,RAF_325,Traversée sur glace,56.325082,-74.415578,2013,2013-05-04,18:00:00,2013-05-04T18:00:00,124,121,2013_1211,OTHER,TRAV,LAKE,IceCross_Data.xlsx,175,2,-363397.4890971413,1380075.1675475547
2009009,2009009_2013,2009009,TRUE,325,RAF_325,Traversée sur glace,56.392398,-74.454353,2013,2013-05-04,20:01:00,2013-05-04T20:01:00,124,121,2013_1211,OTHER,TRAV,LAKE,IceCross_Data.xlsx,176,3,-365154.69094955956,1387698.20067357
2009068,2009068_2013,2009068,TRUE,326,RAF_326,Traversée sur glace,53.682637,-74.860334,2013,2013-01-09,12:01:00,2013-01-09T12:01:00,9,9,2013_0091,OTHER,TRAV,LAKE,IceCross_Data.xlsx,183,1,-416581.83458945726,1091424.5051334144
2009068,2009068_2013,2009068,TRUE,326,RAF_326,Traversée sur glace,53.723797,-74.880294,2013,2013-01-09,19:00:00,2013-01-09T19:00:00,9,9,2013_0091,OTHER,TRAV,LAKE,IceCross_Data.xlsx,184,2,-417480.8084473018,1096069.9227324491
2009068,2009068_2013,2009068,TRUE,326,RAF_326,Traversée sur glace,53.860678,-74.9588,2013,2013-01-10,02:00:00,2013-01-10T02:00:00,10,9,2013_0091,OTHER,TRAV,LAKE,IceCross_Data.xlsx,185,3,-421240.7732395913,1111591.4045039662
