x_m,y_m,ecart_c
-211672.5,320167.5,16.126869201660156
-211612.5,320167.5,12.991524696350098
-211552.5,320167.5,13.808764457702637
-211492.5,320167.5,16.266334533691406
-211432.5,320167.5,15.326166152954102
-211372.5,320167.5,14.637192726135254
-211312.5,320167.5,10.609816551208496
-211252.5,320167.5,15.243600845336914
-211192.5,320167.5,16.36075210571289
-211132.5,320167.5,16.156314849853516
-211072.5,320167.5,11.063679695129395
-211012.5,320167.5,11.568592071533203
-210952.5,320167.5,13.175885200500488
-210892.5,320167.5,16.34136962890625
-210832.5,320167.5,14.381280899047852
-210772.5,320167.5,11.887104034423828
-210712.5,320167.5,13.987910270690918
-210652.5,320167.5,10.266786575317383
-210592.5,320167.5,13.916712760925293
-210532.5,320167.5,13.435789108276367
-210472.5,320167.5,13.302785873413086
-210412.5,320167.5,13.677841186523438
-210352.5,320167.5,14.133054733276367
-210292.5,320167.5,13.599869728088379
-210232.5,320167.5,14.691060066223145
-210172.5,320167.5,12.724592208862305
-210112.5,320167.5,10.87964916229248
-210052.5,320167.5,11.29345703125
-209992.5,320167.5,8.002341270446777
-209932.5,320167.5,6.100310802459717
-209872.5,320167.5,8.507426261901855
-209812.5,320167.5,11.944284439086914
-209752.5,320167.5,13.193841934204102
-209692.5,320167.5,13.789565086364746
-209632.5,320167.5,14.800801277160645
-209572.5,320167.5,8.880149841308594
-209512.5,320167.5,6.7098612785339355
-209452.5,320167.5,9.58273983001709
-209392.5,320167.5,12.151256561279297
-209332.5,320167.5,8.637965202331543
-209272.5,320167.5,13.073648452758789
-209212.5,320167.5,14.735922813415527
-209152.5,320167.5,15.026625633239746
-209092.5,320167.5,14.275690078735352
-209032.5,320167.5,10.797836303710938
-208972.5,320167.5,11.69082260131836
-208912.5,320167.5,8.69766616821289
-208852.5,320167.5,8.219147682189941
-208792.5,320167.5,13.536256790161133
-208732.5,320167.5,11.175887107849121
-208672.5,320167.5,11.608121871948242
-208612.5,320167.5,13.093382835388184
-208552.5,320167.5,14.92895221710205
-208492.5,320167.5,13.876703262329102
-208432.5,320167.5,7.6063690185546875
-208372.5,320167.5,12.723831176757812
-208312.5,320167.5,15.186461448669434
-208252.5,320167.5,12.185826301574707
-208192.5,320167.5,14.963652610778809
-208132.5,320167.5,16.583412170410156
-208072.5,320167.5,16.136531829833984
-208012.5,320167.5,15.296022415161133
-207952.5,320167.5,14.784370422363281
-207892.5,320167.5,11.852509498596191
-207832.5,320167.5,13.36885929107666
-207772.5,320167.5,13.521734237670898
-207712.5,320167.5,13.034817695617676
-207652.5,320167.5,11.957385063171387
-207592.5,320167.5,6.51841926574707
-207532.5,320167.5,6.848030090332031
-207472.5,320167.5,12.285077095031738
-207412.5,320167.5,10.254984855651855
-207352.5,320167.5,11.95461368560791
-207292.5,320167.5,12.886585235595703
-207232.5,320167.5,13.03882884979248
-207172.5,320167.5,11.491536140441895
-207112.5,320167.5,15.678160667419434
-207052.5,320167.5,14.991898536682129
-206992.5,320167.5,13.634782791137695
-206932.5,320167.5,14.710244178771973
-206872.5,320167.5,13.676592826843262
-206812.5,320167.5,14.567829132080078
-206752.5,320167.5,12.91411304473877
-206692.5,320167.5,13.127158164978027
-206632.5,320167.5,13.60840129852295
-206572.5,320167.5,15.243827819824219
-206512.5,320167.5,15.963104248046875
-206452.5,320167.5,11.925104141235352
-206392.5,320167.5,12.760603904724121
-206332.5,320167.5,10.395151138305664
-206272.5,320167.5,10.25989818572998
-206212.5,320167.5,12.171714782714844
-206152.5,320167.5,11.402715682983398
-206092.5,320167.5,7.854137420654297
-206032.5,320167.5,12.164976119995117
-205972.5,320167.5,10.782655715942383
-205912.5,320167.5,6.991242408752441
-205852.5,320167.5,9.315756797790527
-211672.5,320107.5,16.541772842407227
-211612.5,320107.5,15.167236328125
-211552.5,320107.5,14.663612365722656
-211492.5,320107.5,18.16666603088379
-211432.5,320107.5,15.274727821350098
-211372.5,320107.5,13.683959007263184
-211312.5,320107.5,15.016597747802734
-211252.5,320107.5,14.532894134521484
-211192.5,320107.5,14.386263847351074
-211132.5,320107.5,15.23320484161377
-211072.5,320107.5,13.31981372833252
-211012.5,320107.5,14.339133262634277
-210952.5,320107.5,16.17683982849121
-210892.5,320107.5,17.362548828125
-210832.5,320107.5,16.043514251708984
-210772.5,320107.5,11.718605041503906
-210712.5,320107.5,10.18103313446045
-210652.5,320107.5,14.395702362060547
-210592.5,320107.5,11.486064910888672
-210532.5,320107.5,11.275293350219727
-210472.5,320107.5,10.591903686523438
-210412.5,320107.5,12.55489730834961
-210352.5,320107.5,11.367620468139648
-210292.5,320107.5,13.690067291259766
-210232.5,320107.5,9.373382568359375
-210172.5,320107.5,12.734272003173828
-210112.5,320107.5,11.440966606140137
-210052.5,320107.5,7.65755558013916
-209992.5,320107.5,11.29277229309082
-209932.5,320107.5,11.72425365447998
-209872.5,320107.5,12.217988014221191
-209812.5,320107.5,12.534977912902832
-209752.5,320107.5,7.725972652435303
-209692.5,320107.5,12.556471824645996
-209632.5,320107.5,13.521553039550781
-209572.5,320107.5,13.337498664855957
-209512.5,320107.5,10.851551055908203
-209452.5,320107.5,8.977230072021484
-209392.5,320107.5,7.4899163246154785
-209332.5,320107.5,9.799395561218262
-209272.5,320107.5,12.141741752624512
-209212.5,320107.5,15.331494331359863
-209152.5,320107.5,15.245096206665039
-209092.5,320107.5,9.94083023071289
-209032.5,320107.5,8.92782211303711
-208972.5,320107.5,9.454509735107422
-208912.5,320107.5,14.760289192199707
-208852.5,320107.5,11.703094482421875
-208792.5,320107.5,11.5514554977417
-208732.5,320107.5,9.611336708068848
-208672.5,320107.5,13.958212852478027
-208612.5,320107.5,13.921773910522461
-208552.5,320107.5,12.001626968383789
-208492.5,320107.5,13.488357543945312
-208432.5,320107.5,11.563759803771973
-208372.5,320107.5,12.575501441955566
-208312.5,320107.5,15.135363578796387
-208252.5,320107.5,9.610530853271484
-208192.5,320107.5,12.91641902923584
-208132.5,320107.5,16.0595703125
-208072.5,320107.5,16.501205444335938
-208012.5,320107.5,16.126203536987305
-207952.5,320107.5,16.809228897094727
-207892.5,320107.5,18.589975357055664
-207832.5,320107.5,9.811982154846191
-207772.5,320107.5,12.619514465332031
-207712.5,320107.5,9.697677612304688
-207652.5,320107.5,12.162636756896973
-207592.5,320107.5,7.831392765045166
-207532.5,320107.5,6.329997539520264
-207472.5,320107.5,12.926203727722168
-207412.5,320107.5,13.978052139282227
-207352.5,320107.5,14.90014934539795
-207292.5,320107.5,14.131832122802734
-207232.5,320107.5,13.940781593322754
-207172.5,320107.5,14.981420516967773
-207112.5,320107.5,13.295378684997559
-207052.5,320107.5,14.063558578491211
-206992.5,320107.5,13.746576309204102
-206932.5,320107.5,13.71827507019043
-206872.5,320107.5,9.964130401611328
-206812.5,320107.5,13.448046684265137
-206752.5,320107.5,11.306839942932129
-206692.5,320107.5,13.21319580078125
-206632.5,320107.5,13.544781684875488
-206572.5,320107.5,14.541980743408203
-206512.5,320107.5,13.168159484863281
-206452.5,320107.5,9.57843017578125
-206392.5,320107.5,9.57147216796875
-206332.5,320107.5,11.306798934936523
-206272.5,320107.5,7.830246925354004
-206212.5,320107.5,8.207603454589844
-206152.5,320107.5,8.374734878540039
-206092.5,320107.5,7.8133087158203125
-206032.5,320107.5,13.439608573913574
-205972.5,320107.5,8.225434303283691
-205912.5,320107.5,7.215555667877197
-211672.5,320047.5,15.571871757507324
-211612.5,320047.5,16.88652992248535
-211552.5,320047.5,14.031939506530762
-211492.5,320047.5,14.587903022766113
-211432.5,320047.5,15.59519100189209
-211372.5,320047.5,13.139927864074707
-211312.5,320047.5,14.235478401184082
-211252.5,320047.5,10.616657257080078
-211192.5,320047.5,14.476250648498535
-211132.5,320047.5,14.55854606628418
-211072.5,320047.5,17.271347045898438
-211012.5,320047.5,15.348891258239746
-210952.5,320047.5,16.037382125854492
-210892.5,320047.5,16.418498992919922
-210832.5,320047.5,16.353357315063477
-210772.5,320047.5,12.470210075378418
-210712.5,320047.5,8.83631420135498
-210652.5,320047.5,11.060789108276367
-210592.5,320047.5,12.123907089233398
-210532.5,320047.5,9.714573860168457
-210472.5,320047.5,11.222212791442871
-210412.5,320047.5,11.624822616577148
-210352.5,320047.5,9.655808448791504
-210292.5,320047.5,12.755640983581543
-210232.5,320047.5,10.711788177490234
-210172.5,320047.5,8.324045181274414
-210112.5,320047.5,9.845562934875488
-210052.5,320047.5,13.803821563720703
-209992.5,320047.5,12.703326225280762
-209932.5,320047.5,13.829949378967285
-209872.5,320047.5,13.403990745544434
-209812.5,320047.5,7.861462116241455
-209752.5,320047.5,7.820037364959717
-209692.5,320047.5,8.788286209106445
-209632.5,320047.5,11.692072868347168
-209572.5,320047.5,11.736767768859863
-209512.5,320047.5,9.43500804901123
-209452.5,320047.5,9.1782865524292
-209392.5,320047.5,10.63411808013916
-209332.5,320047.5,14.168478965759277
-209272.5,320047.5,14.060503959655762
-209212.5,320047.5,14.047955513000488
-209152.5,320047.5,15.25308609008789
-209092.5,320047.5,14.32904052734375
-209032.5,320047.5,13.981525421142578
-208972.5,320047.5,13.66376781463623
-208912.5,320047.5,13.83901596069336
-208852.5,320047.5,13.133901596069336
-208792.5,320047.5,15.541797637939453
-208732.5,320047.5,13.72420597076416
-208672.5,320047.5,11.591005325317383
-208612.5,320047.5,16.492130279541016
-208552.5,320047.5,14.526389122009277
-208492.5,320047.5,11.657411575317383
-208432.5,320047.5,14.00921630859375
-208372.5,320047.5,12.906105041503906
-208312.5,320047.5,12.250055313110352
-208252.5,320047.5,7.844581127166748
-208192.5,320047.5,11.293706893920898
-208132.5,320047.5,13.143245697021484
-208072.5,320047.5,16.198379516601562
-208012.5,320047.5,15.04688835144043
-207952.5,320047.5,18.871755599975586
-207892.5,320047.5,15.704850196838379
-207832.5,320047.5,16.482492446899414
-207772.5,320047.5,12.688528060913086
-207712.5,320047.5,13.933183670043945
-207652.5,320047.5,11.770777702331543
-207592.5,320047.5,13.182790756225586
-207532.5,320047.5,13.719443321228027
-207472.5,320047.5,11.729461669921875
-207412.5,320047.5,15.167631149291992
-207352.5,320047.5,14.08426570892334
-207292.5,320047.5,12.951655387878418
-207232.5,320047.5,14.423969268798828
-207172.5,320047.5,13.573034286499023
-207112.5,320047.5,14.262114524841309
-207052.5,320047.5,15.234323501586914
-206992.5,320047.5,13.45391845703125
-206932.5,320047.5,10.33461856842041
-206872.5,320047.5,11.261612892150879
-206812.5,320047.5,11.866119384765625
-206752.5,320047.5,12.314432144165039
-206692.5,320047.5,12.073007583618164
-206632.5,320047.5,11.346433639526367
-206572.5,320047.5,13.771577835083008
-206512.5,320047.5,8.153645515441895
-206452.5,320047.5,7.286360740661621
-206392.5,320047.5,6.755526065826416
-206332.5,320047.5,7.611445426940918
-206272.5,320047.5,11.651662826538086
-206212.5,320047.5,7.498458385467529
-206152.5,320047.5,7.936002254486084
-206092.5,320047.5,8.18624496459961
-206032.5,320047.5,11.462034225463867
-205972.5,320047.5,7.100398540496826
-211672.5,319987.5,15.644713401794434
-211612.5,319987.5,14.935873985290527
-211552.5,319987.5,11.380287170410156
-211492.5,319987.5,15.492242813110352
-211432.5,319987.5,17.40546989440918
-211372.5,319987.5,16.883432388305664
-211312.5,319987.5,11.668187141418457
-211252.5,319987.5,13.58895492553711
-211192.5,319987.5,12.202312469482422
-211132.5,319987.5,15.71535587310791
-211072.5,319987.5,15.34335994720459
-211012.5,319987.5,12.748276710510254
-210952.5,319987.5,14.121445655822754
-210892.5,319987.5,15.682328224182129
-210832.5,319987.5,15.105480194091797
-210772.5,319987.5,12.268716812133789
-210712.5,319987.5,8.508295059204102
-210652.5,319987.5,10.554157257080078
-210592.5,319987.5,14.156001091003418
-210532.5,319987.5,10.628094673156738
-210472.5,319987.5,8.5708589553833
-210412.5,319987.5,7.999881267547607
-210352.5,319987.5,9.025673866271973
-210292.5,319987.5,9.716177940368652
-210232.5,319987.5,11.889200210571289
-210172.5,319987.5,10.843674659729004
-210112.5,319987.5,12.84299087524414
-210052.5,319987.5,13.072161674499512
-209992.5,319987.5,11.951788902282715
-209932.5,319987.5,14.723363876342773
-209872.5,319987.5,13.71656322479248
-209812.5,319987.5,9.665748596191406
-209752.5,319987.5,10.758047103881836
-209692.5,319987.5,10.117677688598633
-209632.5,319987.5,7.144914627075195
-209572.5,319987.5,7.584817409515381
-209512.5,319987.5,13.991959571838379
-209452.5,319987.5,12.788850784301758
-209392.5,319987.5,13.076212882995605
-209332.5,319987.5,13.934332847595215
-209272.5,319987.5,14.516599655151367
-209212.5,319987.5,14.653480529785156
-209152.5,319987.5,16.798906326293945
-209092.5,319987.5,15.421618461608887
-209032.5,319987.5,14.983075141906738
-208972.5,319987.5,13.954679489135742
-208912.5,319987.5,15.631989479064941
-208852.5,319987.5,10.746631622314453
-208792.5,319987.5,14.029908180236816
-208732.5,319987.5,14.774580001831055
-208672.5,319987.5,13.187470436096191
-208612.5,319987.5,12.635041236877441
-208552.5,319987.5,11.245366096496582
-208492.5,319987.5,8.990569114685059
-208432.5,319987.5,12.927580833435059
-208372.5,319987.5,11.05892562866211
-208312.5,319987.5,9.686129570007324
-208252.5,319987.5,6.561314582824707
-208192.5,319987.5,7.133831977844238
-208132.5,319987.5,9.606858253479004
-208072.5,319987.5,15.140318870544434
-208012.5,319987.5,17.179277420043945
-207952.5,319987.5,14.66250228881836
-207892.5,319987.5,14.647391319274902
-207832.5,319987.5,13.850342750549316
-207772.5,319987.5,13.174699783325195
-207712.5,319987.5,15.278766632080078
-207652.5,319987.5,13.04185962677002
-207592.5,319987.5,15.828827857971191
-207532.5,319987.5,9.031886100769043
-207472.5,319987.5,11.869016647338867
-207412.5,319987.5,11.87839126586914
-207352.5,319987.5,13.706191062927246
-207292.5,319987.5,11.178229331970215
-207232.5,319987.5,12.037700653076172
-207172.5,319987.5,14.168457984924316
-207112.5,319987.5,14.144867897033691
-207052.5,319987.5,13.240994453430176
-206992.5,319987.5,12.793635368347168
-206932.5,319987.5,9.320378303527832
-206872.5,319987.5,12.302495956420898
-206812.5,319987.5,12.432541847229004
-206752.5,319987.5,12.533618927001953
-206692.5,319987.5,10.702553749084473
-206632.5,319987.5,11.961599349975586
-206572.5,319987.5,7.262392044067383
-206512.5,319987.5,6.346583366394043
-206452.5,319987.5,6.469117641448975
-206392.5,319987.5,6.745425701141357
-206332.5,319987.5,6.469239234924316
-206272.5,319987.5,7.279763698577881
-206212.5,319987.5,12.028017044067383
-206152.5,319987.5,7.553439140319824
-206092.5,319987.5,12.870098114013672
-206032.5,319987.5,7.576699733734131
-205972.5,319987.5,8.833592414855957
-211672.5,319927.5,12.821332931518555
-211612.5,319927.5,13.157295227050781
-211552.5,319927.5,17.917797088623047
-211492.5,319927.5,17.89903450012207
-211432.5,319927.5,17.62419891357422
-211372.5,319927.5,15.662042617797852
-211312.5,319927.5,14.749429702758789
-211252.5,319927.5,12.353377342224121
-211192.5,319927.5,14.866178512573242
-211132.5,319927.5,14.340364456176758
-211072.5,319927.5,12.34123420715332
-211012.5,319927.5,14.48361873626709
-210952.5,319927.5,15.000954627990723
-210892.5,319927.5,14.213705062866211
-210832.5,319927.5,13.637826919555664
-210772.5,319927.5,10.279892921447754
-210712.5,319927.5,5.170015335083008
-210652.5,319927.5,11.49759578704834
-210592.5,319927.5,10.09553050994873
-210532.5,319927.5,14.964241981506348
-210472.5,319927.5,7.695752143859863
-210412.5,319927.5,7.968681335449219
-210352.5,319927.5,11.950451850891113
-210292.5,319927.5,13.74966812133789
-210232.5,319927.5,10.687378883361816
-210172.5,319927.5,8.02411937713623
-210112.5,319927.5,11.887552261352539
-210052.5,319927.5,13.104503631591797
-209992.5,319927.5,10.725744247436523
-209932.5,319927.5,12.343192100524902
-209872.5,319927.5,12.65318775177002
-209812.5,319927.5,11.177900314331055
-209752.5,319927.5,7.021759510040283
-209692.5,319927.5,7.520602703094482
-209632.5,319927.5,9.6063871383667
-209572.5,319927.5,10.723024368286133
-209512.5,319927.5,13.235898971557617
-209452.5,319927.5,13.881361961364746
-209392.5,319927.5,12.417490005493164
-209332.5,319927.5,13.27720832824707
-209272.5,319927.5,8.905119895935059
-209212.5,319927.5,9.606703758239746
-209152.5,319927.5,14.312439918518066
-209092.5,319927.5,15.532441139221191
-209032.5,319927.5,13.623458862304688
-208972.5,319927.5,14.629217147827148
-208912.5,319927.5,9.052657127380371
-208852.5,319927.5,14.763280868530273
-208792.5,319927.5,15.346053123474121
-208732.5,319927.5,9.752513885498047
-208672.5,319927.5,6.812237739562988
-208612.5,319927.5,6.848304271697998
-208552.5,319927.5,11.883108139038086
-208492.5,319927.5,13.037130355834961
-208432.5,319927.5,9.786405563354492
-208372.5,319927.5,13.517901420593262
-208312.5,319927.5,9.502145767211914
-208252.5,319927.5,4.647421360015869
-208192.5,319927.5,6.64500617980957
-208132.5,319927.5,10.528301239013672
-208072.5,319927.5,12.577274322509766
-208012.5,319927.5,14.357475280761719
-207952.5,319927.5,16.05005645751953
-207892.5,319927.5,16.32718849182129
-207832.5,319927.5,13.863602638244629
-207772.5,319927.5,19.933372497558594
-207712.5,319927.5,17.454965591430664
-207652.5,319927.5,15.253020286560059
-207592.5,319927.5,16.018346786499023
-207532.5,319927.5,15.24951171875
-207472.5,319927.5,13.606386184692383
-207412.5,319927.5,15.254695892333984
-207352.5,319927.5,14.918896675109863
-207292.5,319927.5,14.631735801696777
-207232.5,319927.5,9.602936744689941
-207172.5,319927.5,14.197362899780273
-207112.5,319927.5,14.768148422241211
-207052.5,319927.5,13.161476135253906
-206992.5,319927.5,13.44332504272461
-206932.5,319927.5,10.729198455810547
-206872.5,319927.5,11.867603302001953
-206812.5,319927.5,12.414139747619629
-206752.5,319927.5,13.85927963256836
-206692.5,319927.5,13.735247611999512
-206632.5,319927.5,7.462281227111816
-206572.5,319927.5,3.5769734382629395
-206512.5,319927.5,3.91047739982605
-206452.5,319927.5,4.573812007904053
-206392.5,319927.5,6.139045238494873
-206332.5,319927.5,6.401467800140381
-206272.5,319927.5,6.419101715087891
-206212.5,319927.5,10.05781364440918
-206152.5,319927.5,10.157025337219238
-206092.5,319927.5,9.196993827819824
-206032.5,319927.5,8.433725357055664
-205972.5,319927.5,8.129850387573242
-211672.5,319867.5,11.860700607299805
-211612.5,319867.5,16.441242218017578
-211552.5,319867.5,17.724807739257812
-211492.5,319867.5,16.947242736816406
-211432.5,319867.5,17.537817001342773
-211372.5,319867.5,14.380602836608887
-211312.5,319867.5,15.270721435546875
-211252.5,319867.5,14.669150352478027
-211192.5,319867.5,15.399826049804688
-211132.5,319867.5,14.451498031616211
-211072.5,319867.5,15.411934852600098
-211012.5,319867.5,16.207155227661133
-210952.5,319867.5,12.089714050292969
-210892.5,319867.5,12.870469093322754
-210832.5,319867.5,11.99535846710205
-210772.5,319867.5,6.087972164154053
-210712.5,319867.5,3.1611225605010986
-210652.5,319867.5,7.1643900871276855
-210592.5,319867.5,9.750547409057617
-210532.5,319867.5,12.882704734802246
-210472.5,319867.5,12.98787784576416
-210412.5,319867.5,12.743910789489746
-210352.5,319867.5,13.143266677856445
-210292.5,319867.5,9.765364646911621
-210232.5,319867.5,7.811729907989502
-210172.5,319867.5,7.156013011932373
-210112.5,319867.5,11.966710090637207
-210052.5,319867.5,13.382004737854004
-209992.5,319867.5,12.835517883300781
-209932.5,319867.5,11.426027297973633
-209872.5,319867.5,9.088785171508789
-209812.5,319867.5,8.468294143676758
-209752.5,319867.5,8.971748352050781
-209692.5,319867.5,12.392182350158691
-209632.5,319867.5,12.299919128417969
-209572.5,319867.5,13.450347900390625
-209512.5,319867.5,14.030579566955566
-209452.5,319867.5,11.494728088378906
-209392.5,319867.5,13.987554550170898
-209332.5,319867.5,8.78500747680664
-209272.5,319867.5,9.527477264404297
-209212.5,319867.5,7.946169376373291
-209152.5,319867.5,11.001572608947754
-209092.5,319867.5,10.098969459533691
-209032.5,319867.5,18.590242385864258
-208972.5,319867.5,11.856443405151367
-208912.5,319867.5,13.37153434753418
-208852.5,319867.5,12.832499504089355
-208792.5,319867.5,13.884326934814453
-208732.5,319867.5,10.837286949157715
-208672.5,319867.5,6.9633965492248535
-208612.5,319867.5,6.380030155181885
-208552.5,319867.5,12.482545852661133
-208492.5,319867.5,14.022479057312012
-208432.5,319867.5,14.82022476196289
-208372.5,319867.5,11.019110679626465
-208312.5,319867.5,6.977669715881348
-208252.5,319867.5,4.601179599761963
-208192.5,319867.5,4.67940092086792
-208132.5,319867.5,8.618024826049805
-208072.5,319867.5,12.550271034240723
-208012.5,319867.5,9.445877075195312
-207952.5,319867.5,11.37531566619873
-207892.5,319867.5,15.936424255371094
-207832.5,319867.5,15.315298080444336
-207772.5,319867.5,14.85266399383545
-207712.5,319867.5,13.94439697265625
-207652.5,319867.5,16.15609359741211
-207592.5,319867.5,13.552680015563965
-207532.5,319867.5,10.379380226135254
-207472.5,319867.5,13.88609504699707
-207412.5,319867.5,11.599834442138672
-207352.5,319867.5,16.48684310913086
-207292.5,319867.5,13.761457443237305
-207232.5,319867.5,13.63620662689209
-207172.5,319867.5,9.87441349029541
-207112.5,319867.5,10.913509368896484
-207052.5,319867.5,9.152542114257812
-206992.5,319867.5,11.051749229431152
-206932.5,319867.5,10.344686508178711
-206872.5,319867.5,10.560884475708008
-206812.5,319867.5,13.220322608947754
-206752.5,319867.5,14.388293266296387
-206692.5,319867.5,13.702665328979492
-206632.5,319867.5,6.474849224090576
-206572.5,319867.5,3.1041884422302246
-206512.5,319867.5,2.3965678215026855
-206452.5,319867.5,3.368586540222168
-206392.5,319867.5,5.339471340179443
-206332.5,319867.5,6.072472095489502
-206272.5,319867.5,4.097329139709473
-206212.5,319867.5,7.130110263824463
-206152.5,319867.5,14.088017463684082
-206092.5,319867.5,8.551555633544922
-206032.5,319867.5,9.90523624420166
-211672.5,319807.5,15.76167106628418
-211612.5,319807.5,16.413162231445312
-211552.5,319807.5,17.250221252441406
-211492.5,319807.5,17.391067504882812
-211432.5,319807.5,17.057273864746094
-211372.5,319807.5,12.869264602661133
-211312.5,319807.5,14.7681884765625
-211252.5,319807.5,10.803144454956055
-211192.5,319807.5,14.637471199035645
-211132.5,319807.5,15.757431030273438
-211072.5,319807.5,12.870677947998047
-211012.5,319807.5,15.168785095214844
-210952.5,319807.5,17.270910263061523
-210892.5,319807.5,13.280508041381836
-210832.5,319807.5,8.208353042602539
-210772.5,319807.5,3.547239303588867
-210712.5,319807.5,2.9858531951904297
-210652.5,319807.5,6.687202453613281
-210592.5,319807.5,7.437234401702881
-210532.5,319807.5,12.331913948059082
-210472.5,319807.5,14.896415710449219
-210412.5,319807.5,11.264151573181152
-210352.5,319807.5,8.574835777282715
-210292.5,319807.5,9.779675483703613
-210232.5,319807.5,7.349168300628662
-210172.5,319807.5,10.137016296386719
-210112.5,319807.5,12.550929069519043
-210052.5,319807.5,10.718179702758789
-209992.5,319807.5,10.182426452636719
-209932.5,319807.5,8.033218383789062
-209872.5,319807.5,9.185948371887207
-209812.5,319807.5,11.594114303588867
-209752.5,319807.5,12.1530122756958
-209692.5,319807.5,13.251627922058105
-209632.5,319807.5,15.057066917419434
-209572.5,319807.5,11.216825485229492
-209512.5,319807.5,14.447881698608398
-209452.5,319807.5,14.176126480102539
-209392.5,319807.5,12.45428466796875
-209332.5,319807.5,6.646934509277344
-209272.5,319807.5,4.880067348480225
-209212.5,319807.5,8.494274139404297
-209152.5,319807.5,8.249141693115234
-209092.5,319807.5,10.413707733154297
-209032.5,319807.5,16.65338897705078
-208972.5,319807.5,14.174731254577637
-208912.5,319807.5,13.680574417114258
-208852.5,319807.5,9.621270179748535
-208792.5,319807.5,8.83957576751709
-208732.5,319807.5,12.73417854309082
-208672.5,319807.5,12.358220100402832
-208612.5,319807.5,7.332540035247803
-208552.5,319807.5,10.970505714416504
-208492.5,319807.5,14.08731746673584
-208432.5,319807.5,9.049927711486816
-208372.5,319807.5,7.89945650100708
-208312.5,319807.5,6.841008186340332
-208252.5,319807.5,5.084909439086914
-208192.5,319807.5,4.406393527984619
-208132.5,319807.5,7.304487705230713
-208072.5,319807.5,13.051389694213867
-208012.5,319807.5,12.663429260253906
-207952.5,319807.5,15.378973007202148
-207892.5,319807.5,12.9874906539917
-207832.5,319807.5,15.888688087463379
-207772.5,319807.5,14.709303855895996
-207712.5,319807.5,16.253406524658203
-207652.5,319807.5,16.3416690826416
-207592.5,319807.5,15.979249954223633
-207532.5,319807.5,10.821041107177734
-207472.5,319807.5,13.473738670349121
-207412.5,319807.5,14.07492446899414
-207352.5,319807.5,11.709571838378906
-207292.5,319807.5,15.413752555847168
-207232.5,319807.5,14.242176055908203
-207172.5,319807.5,9.973447799682617
-207112.5,319807.5,8.071035385131836
-207052.5,319807.5,11.088233947753906
-206992.5,319807.5,10.437996864318848
-206932.5,319807.5,8.920316696166992
-206872.5,319807.5,9.916482925415039
-206812.5,319807.5,13.621299743652344
-206752.5,319807.5,12.83359432220459
-206692.5,319807.5,6.299562454223633
-206632.5,319807.5,3.1861045360565186
-206572.5,319807.5,3.0022075176239014
-206512.5,319807.5,2.4091739654541016
-206452.5,319807.5,3.257096290588379
-206392.5,319807.5,5.768115997314453
-206332.5,319807.5,6.332571029663086
-206272.5,319807.5,7.567941665649414
-206212.5,319807.5,10.838881492614746
-206152.5,319807.5,10.84697437286377
-206092.5,319807.5,11.135869979858398
-211672.5,319747.5,8.948189735412598
-211612.5,319747.5,11.937294960021973
-211552.5,319747.5,12.911563873291016
-211492.5,319747.5,14.4254150390625
-211432.5,319747.5,10.585162162780762
-211372.5,319747.5,9.671448707580566
-211312.5,319747.5,13.977993965148926
-211252.5,319747.5,15.673290252685547
-211192.5,319747.5,15.076065063476562
-211132.5,319747.5,15.282989501953125
-211072.5,319747.5,12.64262580871582
-211012.5,319747.5,14.851604461669922
-210952.5,319747.5,14.95545768737793
-210892.5,319747.5,14.255023002624512
-210832.5,319747.5,6.8422346115112305
-210772.5,319747.5,2.854428768157959
-210712.5,319747.5,6.061121463775635
-210652.5,319747.5,7.705618858337402
-210592.5,319747.5,12.851953506469727
-210532.5,319747.5,11.76115894317627
-210472.5,319747.5,15.262722969055176
-210412.5,319747.5,13.93270492553711
-210352.5,319747.5,9.582422256469727
-210292.5,319747.5,8.48521614074707
-210232.5,319747.5,7.639463424682617
-210172.5,319747.5,11.546552658081055
-210112.5,319747.5,10.034799575805664
-210052.5,319747.5,7.777050018310547
-209992.5,319747.5,9.05601978302002
-209932.5,319747.5,11.955221176147461
-209872.5,319747.5,12.014280319213867
-209812.5,319747.5,14.029219627380371
-209752.5,319747.5,14.231389045715332
-209692.5,319747.5,13.975052833557129
-209632.5,319747.5,13.461283683776855
-209572.5,319747.5,10.968086242675781
-209512.5,319747.5,14.441625595092773
-209452.5,319747.5,12.972928047180176
-209392.5,319747.5,8.30216121673584
-209332.5,319747.5,6.7300238609313965
-209272.5,319747.5,7.389376163482666
-209212.5,319747.5,11.276028633117676
-209152.5,319747.5,13.357131004333496
-209092.5,319747.5,12.894972801208496
-209032.5,319747.5,9.575594902038574
-208972.5,319747.5,14.563788414001465
-208912.5,319747.5,13.274788856506348
-208852.5,319747.5,11.465285301208496
-208792.5,319747.5,12.078387260437012
-208732.5,319747.5,11.641283988952637
-208672.5,319747.5,9.965559005737305
-208612.5,319747.5,12.602290153503418
-208552.5,319747.5,9.951788902282715
-208492.5,319747.5,13.70839786529541
-208432.5,319747.5,10.910506248474121
-208372.5,319747.5,12.34209156036377
-208312.5,319747.5,11.615009307861328
-208252.5,319747.5,9.839041709899902
-208192.5,319747.5,7.945896148681641
-208132.5,319747.5,6.012956619262695
-208072.5,319747.5,10.428888320922852
-208012.5,319747.5,12.697575569152832
-207952.5,319747.5,15.105815887451172
-207892.5,319747.5,14.891006469726562
-207832.5,319747.5,8.304819107055664
-207772.5,319747.5,9.19717788696289
-207712.5,319747.5,13.917306900024414
-207652.5,319747.5,16.62344741821289
-207592.5,319747.5,16.555028915405273
-207532.5,319747.5,14.133058547973633
-207472.5,319747.5,14.665522575378418
-207412.5,319747.5,15.137585639953613
-207352.5,319747.5,15.58755874633789
-207292.5,319747.5,13.321226119995117
-207232.5,319747.5,14.085840225219727
-207172.5,319747.5,12.83145809173584
-207112.5,319747.5,13.238417625427246
-207052.5,319747.5,12.71941089630127
-206992.5,319747.5,10.813535690307617
-206932.5,319747.5,13.599921226501465
-206872.5,319747.5,11.59635066986084
-206812.5,319747.5,12.399489402770996
-206752.5,319747.5,12.040260314941406
-206692.5,319747.5,5.151471138000488
-206632.5,319747.5,4.031999111175537
-206572.5,319747.5,3.4158926010131836
-206512.5,319747.5,3.3197476863861084
-206452.5,319747.5,2.3227763175964355
-206392.5,319747.5,3.6445631980895996
-206332.5,319747.5,4.204866409301758
-206272.5,319747.5,7.081616401672363
-206212.5,319747.5,10.687738418579102
-206152.5,319747.5,9.490574836730957
-206092.5,319747.5,10.201227188110352
-211672.5,319687.5,10.715439796447754
-211612.5,319687.5,12.72276496887207
-211552.5,319687.5,12.444266319274902
-211492.5,319687.5,10.1084566116333
-211432.5,319687.5,12.520071029663086
-211372.5,319687.5,13.76673412322998
-211312.5,319687.5,15.788103103637695
-211252.5,319687.5,16.186838150024414
-211192.5,319687.5,15.923495292663574
-211132.5,319687.5,13.970410346984863
-211072.5,319687.5,13.7555570602417
-211012.5,319687.5,12.927769660949707
-210952.5,319687.5,14.206748008728027
-210892.5,319687.5,12.305421829223633
-210832.5,319687.5,5.006748199462891
-210772.5,319687.5,4.116117000579834
-210712.5,319687.5,8.122746467590332
-210652.5,319687.5,12.933226585388184
-210592.5,319687.5,12.225871086120605
-210532.5,319687.5,8.807647705078125
-210472.5,319687.5,9.892359733581543
-210412.5,319687.5,16.26209259033203
-210352.5,319687.5,11.475408554077148
-210292.5,319687.5,9.851469039916992
-210232.5,319687.5,10.055244445800781
-210172.5,319687.5,8.39444351196289
-210112.5,319687.5,7.60840368270874
-210052.5,319687.5,9.927521705627441
-209992.5,319687.5,10.157644271850586
-209932.5,319687.5,12.698966979980469
-209872.5,319687.5,13.059285163879395
-209812.5,319687.5,14.085892677307129
-209752.5,319687.5,12.941518783569336
-209692.5,319687.5,11.525205612182617
-209632.5,319687.5,9.274185180664062
-209572.5,319687.5,13.433813095092773
-209512.5,319687.5,8.484938621520996
-209452.5,319687.5,13.651850700378418
-209392.5,319687.5,8.670811653137207
-209332.5,319687.5,11.892181396484375
-209272.5,319687.5,5.998149394989014
-209212.5,319687.5,8.07819938659668
-209152.5,319687.5,12.47402572631836
-209092.5,319687.5,9.328834533691406
-209032.5,319687.5,7.2225260734558105
-208972.5,319687.5,12.988008499145508
-208912.5,319687.5,15.50345230102539
-208852.5,319687.5,13.85791301727295
-208792.5,319687.5,11.398866653442383
-208732.5,319687.5,14.077568054199219
-208672.5,319687.5,14.258038520812988
-208612.5,319687.5,11.806690216064453
-208552.5,319687.5,15.233624458312988
-208492.5,319687.5,14.404648780822754
-208432.5,319687.5,15.003881454467773
-208372.5,319687.5,13.963038444519043
-208312.5,319687.5,13.042960166931152
-208252.5,319687.5,12.716463088989258
-208192.5,319687.5,11.241697311401367
-208132.5,319687.5,8.813302040100098
-208072.5,319687.5,8.17533016204834
-208012.5,319687.5,13.84493350982666
-207952.5,319687.5,14.984919548034668
-207892.5,319687.5,8.495091438293457
-207832.5,319687.5,10.364458084106445
-207772.5,319687.5,7.897432804107666
-207712.5,319687.5,11.698647499084473
-207652.5,319687.5,14.219976425170898
-207592.5,319687.5,17.590927124023438
-207532.5,319687.5,15.333966255187988
-207472.5,319687.5,16.475122451782227
-207412.5,319687.5,14.356987953186035
-207352.5,319687.5,12.381635665893555
-207292.5,319687.5,14.629329681396484
-207232.5,319687.5,12.748282432556152
-207172.5,319687.5,14.500032424926758
-207112.5,319687.5,11.121160507202148
-207052.5,319687.5,11.200631141662598
-206992.5,319687.5,9.464767456054688
-206932.5,319687.5,10.12497615814209
-206872.5,319687.5,12.716656684875488
-206812.5,319687.5,12.187155723571777
-206752.5,319687.5,8.124643325805664
-206692.5,319687.5,6.950826168060303
-206632.5,319687.5,6.293109893798828
-206572.5,319687.5,5.735942840576172
-206512.5,319687.5,3.3315622806549072
-206452.5,319687.5,2.2945797443389893
-206392.5,319687.5,3.9287567138671875
-206332.5,319687.5,5.9374775886535645
-206272.5,319687.5,11.102837562561035
-206212.5,319687.5,8.011956214904785
-206152.5,319687.5,12.497387886047363
-206092.5,319687.5,7.8216423988342285
-211672.5,319627.5,14.94045639038086
-211612.5,319627.5,12.561539649963379
-211552.5,319627.5,14.2831392288208
-211492.5,319627.5,14.350493431091309
-211432.5,319627.5,14.81653118133545
-211372.5,319627.5,14.60007381439209
-211312.5,319627.5,15.266827583312988
-211252.5,319627.5,15.725318908691406
-211192.5,319627.5,15.180374145507812
-211132.5,319627.5,15.316893577575684
-211072.5,319627.5,14.301406860351562
-211012.5,319627.5,15.668217658996582
-210952.5,319627.5,9.652729988098145
-210892.5,319627.5,11.339337348937988
-210832.5,319627.5,10.721570014953613
-210772.5,319627.5,12.03826904296875
-210712.5,319627.5,10.301947593688965
-210652.5,319627.5,7.846173286437988
-210592.5,319627.5,9.438714981079102
-210532.5,319627.5,12.32963752746582
-210472.5,319627.5,9.863471031188965
-210412.5,319627.5,15.39937686920166
-210352.5,319627.5,10.023432731628418
-210292.5,319627.5,9.729219436645508
-210232.5,319627.5,8.818449020385742
-210172.5,319627.5,8.106552124023438
-210112.5,319627.5,10.747652053833008
-210052.5,319627.5,11.574978828430176
-209992.5,319627.5,13.36691665649414
-209932.5,319627.5,14.719832420349121
-209872.5,319627.5,12.99549388885498
-209812.5,319627.5,13.923062324523926
-209752.5,319627.5,11.39487075805664
-209692.5,319627.5,11.291399955749512
-209632.5,319627.5,8.042496681213379
-209572.5,319627.5,8.122096061706543
-209512.5,319627.5,8.687836647033691
-209452.5,319627.5,13.101963996887207
-209392.5,319627.5,9.680744171142578
-209332.5,319627.5,13.854228019714355
-209272.5,319627.5,8.685185432434082
-209212.5,319627.5,6.8255815505981445
-209152.5,319627.5,9.35029125213623
-209092.5,319627.5,9.10647201538086
-209032.5,319627.5,13.381512641906738
-208972.5,319627.5,9.255546569824219
-208912.5,319627.5,15.126708030700684
-208852.5,319627.5,11.71646499633789
-208792.5,319627.5,14.570040702819824
-208732.5,319627.5,8.220303535461426
-208672.5,319627.5,13.949430465698242
-208612.5,319627.5,14.709868431091309
-208552.5,319627.5,14.357457160949707
-208492.5,319627.5,14.101953506469727
-208432.5,319627.5,13.90457534790039
-208372.5,319627.5,13.710201263427734
-208312.5,319627.5,10.401272773742676
-208252.5,319627.5,8.796286582946777
-208192.5,319627.5,7.711465835571289
-208132.5,319627.5,9.334014892578125
-208072.5,319627.5,10.448174476623535
-208012.5,319627.5,11.520084381103516
-207952.5,319627.5,9.834391593933105
-207892.5,319627.5,12.170056343078613
-207832.5,319627.5,5.5071797370910645
-207772.5,319627.5,8.383904457092285
-207712.5,319627.5,7.829466819763184
-207652.5,319627.5,14.558539390563965
-207592.5,319627.5,16.564790725708008
-207532.5,319627.5,17.901103973388672
-207472.5,319627.5,13.907857894897461
-207412.5,319627.5,14.706474304199219
-207352.5,319627.5,15.139237403869629
-207292.5,319627.5,15.404294967651367
-207232.5,319627.5,15.115734100341797
-207172.5,319627.5,13.859721183776855
-207112.5,319627.5,12.703351020812988
-207052.5,319627.5,12.723482131958008
-206992.5,319627.5,11.59779167175293
-206932.5,319627.5,11.289785385131836
-206872.5,319627.5,11.226722717285156
-206812.5,319627.5,13.187287330627441
-206752.5,319627.5,7.820741176605225
-206692.5,319627.5,7.357644557952881
-206632.5,319627.5,6.716707706451416
-206572.5,319627.5,6.580339431762695
-206512.5,319627.5,3.6410794258117676
-206452.5,319627.5,3.3551509380340576
-206392.5,319627.5,4.720562934875488
-206332.5,319627.5,7.184817314147949
-206272.5,319627.5,11.310216903686523
-206212.5,319627.5,13.460034370422363
-206152.5,319627.5,9.654963493347168
-206092.5,319627.5,8.25521469116211
-206032.5,319627.5,7.883243560791016
-205852.5,319627.5,6.693170070648193
-211672.5,319567.5,15.408928871154785
-211612.5,319567.5,13.78650188446045
-211552.5,319567.5,14.599309921264648
-211492.5,319567.5,14.903125762939453
-211432.5,319567.5,15.418243408203125
-211372.5,319567.5,15.237025260925293
-211312.5,319567.5,15.747523307800293
-211252.5,319567.5,15.795193672180176
-211192.5,319567.5,14.965004920959473
-211132.5,319567.5,15.33588981628418
-211072.5,319567.5,13.538723945617676
-211012.5,319567.5,11.135900497436523
-210952.5,319567.5,10.9422025680542
-210892.5,319567.5,10.97692584991455
-210832.5,319567.5,8.575504302978516
-210772.5,319567.5,8.305877685546875
-210712.5,319567.5,5.913187026977539
-210652.5,319567.5,6.528568267822266
-210592.5,319567.5,9.75047492980957
-210532.5,319567.5,10.916938781738281
-210472.5,319567.5,11.358311653137207
-210412.5,319567.5,8.945473670959473
-210352.5,319567.5,14.111454963684082
-210292.5,319567.5,11.99005126953125
-210232.5,319567.5,9.675037384033203
-210172.5,319567.5,12.224520683288574
-210112.5,319567.5,11.671163558959961
-210052.5,319567.5,11.553723335266113
-209992.5,319567.5,11.047825813293457
-209932.5,319567.5,13.926261901855469
-209872.5,319567.5,13.277142524719238
-209812.5,319567.5,13.388168334960938
-209752.5,319567.5,13.493316650390625
-209692.5,319567.5,12.469139099121094
-209632.5,319567.5,10.754375457763672
-209572.5,319567.5,10.939824104309082
-209512.5,319567.5,11.841279983520508
-209452.5,319567.5,13.241291046142578
-209392.5,319567.5,14.003068923950195
-209332.5,319567.5,12.739755630493164
-209272.5,319567.5,7.4840874671936035
-209212.5,319567.5,6.771055221557617
-209152.5,319567.5,7.187948703765869
-209092.5,319567.5,9.002856254577637
-209032.5,319567.5,14.113309860229492
-208972.5,319567.5,13.905652046203613
-208912.5,319567.5,11.838215827941895
-208852.5,319567.5,14.617819786071777
-208792.5,319567.5,11.326934814453125
-208732.5,319567.5,15.374417304992676
-208672.5,319567.5,15.523192405700684
-208612.5,319567.5,14.573018074035645
-208552.5,319567.5,13.76828384399414
-208492.5,319567.5,10.317380905151367
-208432.5,319567.5,9.617185592651367
-208372.5,319567.5,7.444170951843262
-208312.5,319567.5,12.057509422302246
-208252.5,319567.5,7.0138468742370605
-208192.5,319567.5,5.554975509643555
-208132.5,319567.5,10.513443946838379
-208072.5,319567.5,11.469605445861816
-208012.5,319567.5,8.177459716796875
-207952.5,319567.5,15.033687591552734
-207892.5,319567.5,9.79503345489502
-207832.5,319567.5,6.863913059234619
-207772.5,319567.5,13.28536319732666
-207712.5,319567.5,9.23507308959961
-207652.5,319567.5,18.092769622802734
-207592.5,319567.5,16.17497444152832
-207532.5,319567.5,15.348105430603027
-207472.5,319567.5,16.41583251953125
-207412.5,319567.5,13.940204620361328
-207352.5,319567.5,12.924572944641113
-207292.5,319567.5,14.642060279846191
-207232.5,319567.5,11.477753639221191
-207172.5,319567.5,9.581405639648438
-207112.5,319567.5,13.48983383178711
-207052.5,319567.5,12.829904556274414
-206992.5,319567.5,14.410758018493652
-206932.5,319567.5,11.40019416809082
-206872.5,319567.5,13.663581848144531
-206812.5,319567.5,11.343539237976074
-206752.5,319567.5,11.068236351013184
-206692.5,319567.5,7.63046932220459
-206632.5,319567.5,7.000195026397705
-206572.5,319567.5,4.813566207885742
-206512.5,319567.5,3.6736674308776855
-206452.5,319567.5,3.80812406539917
-206392.5,319567.5,7.594659805297852
-206332.5,319567.5,10.986371994018555
-206272.5,319567.5,9.998723030090332
-206212.5,319567.5,14.239278793334961
-206152.5,319567.5,9.871443748474121
-206092.5,319567.5,14.025004386901855
-206032.5,319567.5,12.966459274291992
-205972.5,319567.5,8.45927619934082
-205912.5,319567.5,7.292660713195801
-205852.5,319567.5,7.788679599761963
-211672.5,319507.5,15.706940650939941
-211612.5,319507.5,15.52351188659668
-211552.5,319507.5,14.421520233154297
-211492.5,319507.5,15.899599075317383
-211432.5,319507.5,14.750651359558105
-211372.5,319507.5,13.105767250061035
-211312.5,319507.5,15.095325469970703
-211252.5,319507.5,14.961732864379883
-211192.5,319507.5,14.485384941101074
-211132.5,319507.5,13.01254653930664
-211072.5,319507.5,9.809547424316406
-211012.5,319507.5,13.619522094726562
-210952.5,319507.5,9.684115409851074
-210892.5,319507.5,5.437240123748779
-210832.5,319507.5,6.738523483276367
-210772.5,319507.5,5.942897796630859
-210712.5,319507.5,4.612211227416992
-210652.5,319507.5,5.568427562713623
-210592.5,319507.5,5.861055850982666
-210532.5,319507.5,7.2047295570373535
-210472.5,319507.5,5.830782413482666
-210412.5,319507.5,6.783383369445801
-210352.5,319507.5,9.361526489257812
-210292.5,319507.5,11.628896713256836
-210232.5,319507.5,11.024628639221191
-210172.5,319507.5,10.268574714660645
-210112.5,319507.5,13.379366874694824
-210052.5,319507.5,13.409034729003906
-209992.5,319507.5,11.032955169677734
-209932.5,319507.5,12.857733726501465
-209872.5,319507.5,12.523131370544434
-209812.5,319507.5,9.386124610900879
-209752.5,319507.5,9.323283195495605
-209692.5,319507.5,11.725987434387207
-209632.5,319507.5,13.712369918823242
-209572.5,319507.5,14.306018829345703
-209512.5,319507.5,13.304794311523438
-209452.5,319507.5,14.310977935791016
-209392.5,319507.5,11.62934398651123
-209332.5,319507.5,13.73505973815918
-209272.5,319507.5,11.865217208862305
-209212.5,319507.5,7.798792839050293
-209152.5,319507.5,12.104776382446289
-209092.5,319507.5,10.733012199401855
-209032.5,319507.5,10.972031593322754
-208972.5,319507.5,13.655574798583984
-208912.5,319507.5,9.34143352508545
-208852.5,319507.5,13.135239601135254
-208792.5,319507.5,15.322086334228516
-208732.5,319507.5,15.555046081542969
-208672.5,319507.5,14.793085098266602
-208612.5,319507.5,14.3318452835083
-208552.5,319507.5,13.894781112670898
-208492.5,319507.5,6.638879776000977
-208432.5,319507.5,7.1981635093688965
-208372.5,319507.5,7.8232011795043945
-208312.5,319507.5,8.447566986083984
-208252.5,319507.5,8.615164756774902
-208192.5,319507.5,6.211313724517822
-208132.5,319507.5,4.918328762054443
-208072.5,319507.5,11.849518775939941
-208012.5,319507.5,14.018847465515137
-207952.5,319507.5,9.720046997070312
-207892.5,319507.5,14.190094947814941
-207832.5,319507.5,9.656473159790039
-207772.5,319507.5,13.273748397827148
-207712.5,319507.5,14.706199645996094
-207652.5,319507.5,16.532718658447266
-207592.5,319507.5,15.614194869995117
-207532.5,319507.5,15.279400825500488
-207472.5,319507.5,15.991582870483398
-207412.5,319507.5,15.623144149780273
-207352.5,319507.5,15.255950927734375
-207292.5,319507.5,14.707350730895996
-207232.5,319507.5,11.687084197998047
-207172.5,319507.5,12.195598602294922
-207112.5,319507.5,12.944042205810547
-207052.5,319507.5,10.766409873962402
-206992.5,319507.5,14.504271507263184
-206932.5,319507.5,14.2819242477417
-206872.5,319507.5,9.638527870178223
-206812.5,319507.5,8.314810752868652
-206752.5,319507.5,6.066479206085205
-206692.5,319507.5,6.794190883636475
-206632.5,319507.5,7.253480911254883
-206572.5,319507.5,6.323554992675781
-206512.5,319507.5,3.7783613204956055
-206452.5,319507.5,4.36412239074707
-206392.5,319507.5,8.349897384643555
-206332.5,319507.5,9.433167457580566
-206272.5,319507.5,8.411209106445312
-206212.5,319507.5,7.394312381744385
-206152.5,319507.5,14.755450248718262
-206092.5,319507.5,16.221200942993164
-206032.5,319507.5,14.887606620788574
-205972.5,319507.5,13.12834644317627
-205912.5,319507.5,7.978030681610107
-205852.5,319507.5,8.868531227111816
-211672.5,319447.5,15.703720092773438
-211612.5,319447.5,15.17936897277832
-211552.5,319447.5,14.65135383605957
-211492.5,319447.5,13.714110374450684
-211432.5,319447.5,12.673357009887695
-211372.5,319447.5,13.041980743408203
-211312.5,319447.5,13.234673500061035
-211252.5,319447.5,12.769497871398926
-211192.5,319447.5,11.403063774108887
-211132.5,319447.5,13.498762130737305
-211072.5,319447.5,12.962051391601562
-211012.5,319447.5,12.73815631866455
-210952.5,319447.5,13.420062065124512
-210892.5,319447.5,7.264458656311035
-210832.5,319447.5,5.63485860824585
-210772.5,319447.5,5.248668193817139
-210712.5,319447.5,3.6268386840820312
-210652.5,319447.5,4.391170978546143
-210592.5,319447.5,3.8134512901306152
-210532.5,319447.5,5.123398780822754
-210472.5,319447.5,5.003865718841553
-210412.5,319447.5,5.654907703399658
-210352.5,319447.5,5.83351993560791
-210292.5,319447.5,11.881715774536133
-210232.5,319447.5,9.573677062988281
-210172.5,319447.5,13.717497825622559
-210112.5,319447.5,11.895511627197266
-210052.5,319447.5,10.786484718322754
-209992.5,319447.5,9.911983489990234
-209932.5,319447.5,8.564444541931152
-209872.5,319447.5,12.698309898376465
-209812.5,319447.5,9.861778259277344
-209752.5,319447.5,8.713668823242188
-209692.5,319447.5,13.27009105682373
-209632.5,319447.5,14.14218807220459
-209572.5,319447.5,13.651590347290039
-209512.5,319447.5,14.249825477600098
-209452.5,319447.5,14.963728904724121
-209392.5,319447.5,15.402225494384766
-209332.5,319447.5,14.757482528686523
-209272.5,319447.5,15.605940818786621
-209212.5,319447.5,13.961853981018066
-209152.5,319447.5,14.7584810256958
-209092.5,319447.5,14.724772453308105
-209032.5,319447.5,9.1538667678833
-208972.5,319447.5,8.989228248596191
-208912.5,319447.5,12.568593978881836
-208852.5,319447.5,13.379034042358398
-208792.5,319447.5,14.856945037841797
-208732.5,319447.5,11.606836318969727
-208672.5,319447.5,14.719752311706543
-208612.5,319447.5,14.351789474487305
-208552.5,319447.5,13.497843742370605
-208492.5,319447.5,8.303489685058594
-208432.5,319447.5,11.526748657226562
-208372.5,319447.5,8.180480003356934
-208312.5,319447.5,9.46341609954834
-208252.5,319447.5,11.327298164367676
-208192.5,319447.5,7.051560878753662
-208132.5,319447.5,6.200037479400635
-208072.5,319447.5,9.895654678344727
-208012.5,319447.5,15.290919303894043
-207952.5,319447.5,13.715237617492676
-207892.5,319447.5,13.684608459472656
-207832.5,319447.5,14.715126037597656
-207772.5,319447.5,15.360492706298828
-207712.5,319447.5,14.139065742492676
-207652.5,319447.5,14.102551460266113
-207592.5,319447.5,11.855046272277832
-207532.5,319447.5,14.750242233276367
-207472.5,319447.5,14.420586585998535
-207412.5,319447.5,12.866813659667969
-207352.5,319447.5,13.602401733398438
-207292.5,319447.5,13.187077522277832
-207232.5,319447.5,14.006956100463867
-207172.5,319447.5,14.102193832397461
-207112.5,319447.5,14.320157051086426
-207052.5,319447.5,12.494017601013184
-206992.5,319447.5,10.98398208618164
-206932.5,319447.5,13.971395492553711
-206872.5,319447.5,10.526464462280273
-206812.5,319447.5,6.894819259643555
-206752.5,319447.5,5.627834796905518
-206692.5,319447.5,5.346909999847412
-206632.5,319447.5,6.061747074127197
-206572.5,319447.5,4.103885173797607
-206512.5,319447.5,4.085300922393799
-206452.5,319447.5,7.175838947296143
-206392.5,319447.5,12.341806411743164
-206332.5,319447.5,13.428800582885742
-206272.5,319447.5,6.964810848236084
-206212.5,319447.5,9.643360137939453
-206152.5,319447.5,10.188138961791992
-206092.5,319447.5,12.32724666595459
-206032.5,319447.5,15.948689460754395
-205972.5,319447.5,11.682881355285645
-205912.5,319447.5,11.205753326416016
-205852.5,319447.5,8.483389854431152
-211672.5,319387.5,14.937378883361816
-211612.5,319387.5,15.583444595336914
-211552.5,319387.5,14.697916030883789
-211492.5,319387.5,11.85936164855957
-211432.5,319387.5,8.351463317871094
-211372.5,319387.5,11.601408004760742
-211312.5,319387.5,8.046076774597168
-211252.5,319387.5,14.398819923400879
-211192.5,319387.5,13.76740550994873
-211132.5,319387.5,9.986164093017578
-211072.5,319387.5,15.276461601257324
-211012.5,319387.5,14.597554206848145
-210952.5,319387.5,14.024785041809082
-210892.5,319387.5,9.47040843963623
-210832.5,319387.5,6.811657905578613
-210772.5,319387.5,6.26051664352417
-210712.5,319387.5,4.9778008460998535
-210652.5,319387.5,4.8820061683654785
-210592.5,319387.5,4.454422473907471
-210532.5,319387.5,4.606681823730469
-210472.5,319387.5,5.742734909057617
-210412.5,319387.5,6.252412796020508
-210352.5,319387.5,7.506341934204102
-210292.5,319387.5,7.6792893409729
-210232.5,319387.5,13.541287422180176
-210172.5,319387.5,12.93356704711914
-210112.5,319387.5,9.800896644592285
-210052.5,319387.5,8.772098541259766
-209992.5,319387.5,9.508094787597656
-209932.5,319387.5,6.726637363433838
-209872.5,319387.5,12.981417655944824
-209812.5,319387.5,13.851984024047852
-209752.5,319387.5,8.373847007751465
-209692.5,319387.5,13.434877395629883
-209632.5,319387.5,14.146303176879883
-209572.5,319387.5,14.363130569458008
-209512.5,319387.5,15.376558303833008
-209452.5,319387.5,16.239343643188477
-209392.5,319387.5,15.459738731384277
-209332.5,319387.5,15.041882514953613
-209272.5,319387.5,13.347556114196777
-209212.5,319387.5,15.730401039123535
-209152.5,319387.5,14.579864501953125
-209092.5,319387.5,14.302732467651367
-209032.5,319387.5,11.652961730957031
-208972.5,319387.5,16.88399314880371
-208912.5,319387.5,18.242765426635742
-208852.5,319387.5,16.026121139526367
-208792.5,319387.5,14.875986099243164
-208732.5,319387.5,12.144403457641602
-208672.5,319387.5,8.52014446258545
-208612.5,319387.5,14.452652931213379
-208552.5,319387.5,13.637151718139648
-208492.5,319387.5,13.19266414642334
-208432.5,319387.5,11.86755657196045
-208372.5,319387.5,6.5480055809021
-208312.5,319387.5,4.569144248962402
-208252.5,319387.5,9.06821346282959
-208192.5,319387.5,8.145004272460938
-208132.5,319387.5,6.6964826583862305
-208072.5,319387.5,6.503949165344238
-208012.5,319387.5,12.23536491394043
-207952.5,319387.5,10.949002265930176
-207892.5,319387.5,8.423293113708496
-207832.5,319387.5,13.104799270629883
-207772.5,319387.5,14.522435188293457
-207712.5,319387.5,14.236392974853516
-207652.5,319387.5,14.934232711791992
-207592.5,319387.5,14.670705795288086
-207532.5,319387.5,10.199295043945312
-207472.5,319387.5,16.303340911865234
-207412.5,319387.5,15.276546478271484
-207352.5,319387.5,11.402915954589844
-207292.5,319387.5,11.37140941619873
-207232.5,319387.5,11.301716804504395
-207172.5,319387.5,12.773223876953125
-207112.5,319387.5,10.521198272705078
-207052.5,319387.5,9.912678718566895
-206992.5,319387.5,12.271944046020508
-206932.5,319387.5,13.238974571228027
-206872.5,319387.5,13.665730476379395
-206812.5,319387.5,7.5264573097229
-206752.5,319387.5,5.8889079093933105
-206692.5,319387.5,3.805497884750366
-206632.5,319387.5,3.321500301361084
-206572.5,319387.5,3.2887604236602783
-206512.5,319387.5,3.7257511615753174
-206452.5,319387.5,11.873453140258789
-206392.5,319387.5,9.718080520629883
-206332.5,319387.5,10.673981666564941
-206272.5,319387.5,12.573126792907715
-206212.5,319387.5,13.233115196228027
-206152.5,319387.5,11.71746826171875
-206092.5,319387.5,10.681937217712402
-206032.5,319387.5,12.581489562988281
-205972.5,319387.5,11.49240779876709
-205912.5,319387.5,13.532994270324707
-205852.5,319387.5,13.152323722839355
-211672.5,319327.5,13.084267616271973
-211612.5,319327.5,11.40342903137207
-211552.5,319327.5,7.892662048339844
-211492.5,319327.5,6.668277263641357
-211432.5,319327.5,7.773061752319336
-211372.5,319327.5,9.496156692504883
-211312.5,319327.5,14.44513988494873
-211252.5,319327.5,12.561347961425781
-211192.5,319327.5,14.561714172363281
-211132.5,319327.5,13.763418197631836
-211072.5,319327.5,14.55294132232666
-211012.5,319327.5,18.047351837158203
-210952.5,319327.5,14.818352699279785
-210892.5,319327.5,12.883200645446777
-210832.5,319327.5,9.048307418823242
-210772.5,319327.5,6.458240032196045
-210712.5,319327.5,5.858484745025635
-210652.5,319327.5,5.34710693359375
-210592.5,319327.5,5.6676435470581055
-210532.5,319327.5,5.601266384124756
-210472.5,319327.5,6.496454238891602
-210412.5,319327.5,8.764276504516602
-210352.5,319327.5,12.266450881958008
-210292.5,319327.5,11.864750862121582
-210232.5,319327.5,13.099583625793457
-210172.5,319327.5,11.772753715515137
-210112.5,319327.5,6.172424793243408
-210052.5,319327.5,6.165962219238281
-209992.5,319327.5,9.332995414733887
-209932.5,319327.5,8.604415893554688
-209872.5,319327.5,8.818227767944336
-209812.5,319327.5,10.697227478027344
-209752.5,319327.5,10.134918212890625
-209692.5,319327.5,9.232592582702637
-209632.5,319327.5,13.43535041809082
-209572.5,319327.5,12.573691368103027
-209512.5,319327.5,14.306099891662598
-209452.5,319327.5,14.582712173461914
-209392.5,319327.5,17.144901275634766
-209332.5,319327.5,15.443281173706055
-209272.5,319327.5,14.320167541503906
-209212.5,319327.5,15.69989013671875
-209152.5,319327.5,15.176504135131836
-209092.5,319327.5,13.34762954711914
-209032.5,319327.5,15.524291038513184
-208972.5,319327.5,15.082368850708008
-208912.5,319327.5,16.627382278442383
-208852.5,319327.5,14.960341453552246
-208792.5,319327.5,11.829934120178223
-208732.5,319327.5,12.524194717407227
-208672.5,319327.5,11.781373023986816
-208612.5,319327.5,14.823362350463867
-208552.5,319327.5,13.998559951782227
-208492.5,319327.5,8.286765098571777
-208432.5,319327.5,7.772460460662842
-208372.5,319327.5,6.4346160888671875
-208312.5,319327.5,8.271918296813965
-208252.5,319327.5,6.725169658660889
-208192.5,319327.5,13.298684120178223
-208132.5,319327.5,8.347259521484375
-208072.5,319327.5,8.79554271697998
-208012.5,319327.5,13.33869743347168
-207952.5,319327.5,9.113219261169434
-207892.5,319327.5,7.390646457672119
-207832.5,319327.5,14.019550323486328
-207772.5,319327.5,15.080917358398438
-207712.5,319327.5,12.72096061706543
-207652.5,319327.5,13.828787803649902
-207592.5,319327.5,14.070006370544434
-207532.5,319327.5,14.671107292175293
-207472.5,319327.5,15.322729110717773
-207412.5,319327.5,15.102865219116211
-207352.5,319327.5,15.216158866882324
-207292.5,319327.5,14.247435569763184
-207232.5,319327.5,11.387332916259766
-207172.5,319327.5,13.438072204589844
-207112.5,319327.5,14.326478004455566
-207052.5,319327.5,10.632140159606934
-206992.5,319327.5,10.782835960388184
-206932.5,319327.5,12.823893547058105
-206872.5,319327.5,10.931577682495117
-206812.5,319327.5,7.650771141052246
-206752.5,319327.5,6.318636894226074
-206692.5,319327.5,3.7549033164978027
-206632.5,319327.5,2.91725492477417
-206572.5,319327.5,3.4745354652404785
-206512.5,319327.5,7.412791728973389
-206452.5,319327.5,10.392434120178223
-206392.5,319327.5,12.619627952575684
-206332.5,319327.5,11.794204711914062
-206272.5,319327.5,13.612226486206055
-206212.5,319327.5,14.929142951965332
-206152.5,319327.5,12.898850440979004
-206092.5,319327.5,7.64070463180542
-206032.5,319327.5,12.203842163085938
-205972.5,319327.5,13.812173843383789
-205912.5,319327.5,13.728655815124512
-205852.5,319327.5,15.361842155456543
-211672.5,319267.5,14.213558197021484
-211612.5,319267.5,7.640386581420898
-211552.5,319267.5,5.027305603027344
-211492.5,319267.5,7.290019989013672
-211432.5,319267.5,12.434832572937012
-211372.5,319267.5,12.275862693786621
-211312.5,319267.5,8.23153018951416
-211252.5,319267.5,12.100147247314453
-211192.5,319267.5,14.5105619430542
-211132.5,319267.5,15.095354080200195
-211072.5,319267.5,15.760441780090332
-211012.5,319267.5,16.870559692382812
-210952.5,319267.5,14.692669868469238
-210892.5,319267.5,15.461587905883789
-210832.5,319267.5,12.566808700561523
-210772.5,319267.5,5.772268295288086
-210712.5,319267.5,6.305322170257568
-210652.5,319267.5,5.371326923370361
-210592.5,319267.5,6.794234275817871
-210532.5,319267.5,7.715226650238037
-210472.5,319267.5,8.355883598327637
-210412.5,319267.5,8.167957305908203
-210352.5,319267.5,12.975486755371094
-210292.5,319267.5,14.334416389465332
-210232.5,319267.5,8.677276611328125
-210172.5,319267.5,13.666481018066406
-210112.5,319267.5,9.456762313842773
-210052.5,319267.5,9.615525245666504
-209992.5,319267.5,8.554749488830566
-209932.5,319267.5,8.024513244628906
-209872.5,319267.5,9.07781982421875
-209812.5,319267.5,14.499217987060547
-209752.5,319267.5,13.293830871582031
-209692.5,319267.5,13.255152702331543
-209632.5,319267.5,14.634061813354492
-209572.5,319267.5,14.955941200256348
-209512.5,319267.5,14.144338607788086
-209452.5,319267.5,12.997268676757812
-209392.5,319267.5,13.160544395446777
-209332.5,319267.5,13.901219367980957
-209272.5,319267.5,15.432998657226562
-209212.5,319267.5,11.233826637268066
-209152.5,319267.5,13.7833890914917
-209092.5,319267.5,15.284440994262695
-209032.5,319267.5,13.938591003417969
-208972.5,319267.5,14.40256118774414
-208912.5,319267.5,13.832980155944824
-208852.5,319267.5,15.70925235748291
-208792.5,319267.5,15.861603736877441
-208732.5,319267.5,14.450845718383789
-208672.5,319267.5,15.038724899291992
-208612.5,319267.5,15.29958724975586
-208552.5,319267.5,9.83018684387207
-208492.5,319267.5,11.679190635681152
-208432.5,319267.5,10.466888427734375
-208372.5,319267.5,7.870080471038818
-208312.5,319267.5,5.800034999847412
-208252.5,319267.5,7.267032146453857
-208192.5,319267.5,8.04952621459961
-208132.5,319267.5,12.88239574432373
-208072.5,319267.5,8.954207420349121
-208012.5,319267.5,11.522913932800293
-207952.5,319267.5,12.20738697052002
-207892.5,319267.5,7.55883264541626
-207832.5,319267.5,9.06220531463623
-207772.5,319267.5,14.688379287719727
-207712.5,319267.5,14.911008834838867
-207652.5,319267.5,12.09552001953125
-207592.5,319267.5,12.99444580078125
-207532.5,319267.5,11.552342414855957
-207472.5,319267.5,14.256684303283691
-207412.5,319267.5,12.386090278625488
-207352.5,319267.5,16.631080627441406
-207292.5,319267.5,15.79580020904541
-207232.5,319267.5,12.803300857543945
-207172.5,319267.5,13.078414916992188
-207112.5,319267.5,10.245945930480957
-207052.5,319267.5,13.683667182922363
-206992.5,319267.5,10.291354179382324
-206932.5,319267.5,14.927790641784668
-206872.5,319267.5,10.475666999816895
-206812.5,319267.5,6.853921890258789
-206752.5,319267.5,7.393964767456055
-206692.5,319267.5,7.047067642211914
-206632.5,319267.5,4.235292911529541
-206572.5,319267.5,5.8819475173950195
-206512.5,319267.5,12.33452033996582
-206452.5,319267.5,13.28996467590332
-206392.5,319267.5,10.665643692016602
-206332.5,319267.5,13.616216659545898
-206272.5,319267.5,15.476741790771484
-206212.5,319267.5,13.385828018188477
-206152.5,319267.5,12.271934509277344
-206092.5,319267.5,8.506831169128418
-206032.5,319267.5,14.796045303344727
-205972.5,319267.5,13.015888214111328
-205912.5,319267.5,12.821078300476074
-205852.5,319267.5,12.416898727416992
-211672.5,319207.5,7.755649089813232
-211612.5,319207.5,10.865159034729004
-211552.5,319207.5,8.279614448547363
-211492.5,319207.5,12.406746864318848
-211432.5,319207.5,9.86606502532959
-211372.5,319207.5,13.51106071472168
-211312.5,319207.5,8.899383544921875
-211252.5,319207.5,14.402449607849121
-211192.5,319207.5,15.410877227783203
-211132.5,319207.5,15.960583686828613
-211072.5,319207.5,16.147281646728516
-211012.5,319207.5,14.640976905822754
-210952.5,319207.5,14.48384952545166
-210892.5,319207.5,17.501575469970703
-210832.5,319207.5,12.752161979675293
-210772.5,319207.5,9.99246883392334
-210712.5,319207.5,6.253823280334473
-210652.5,319207.5,6.859544277191162
-210592.5,319207.5,11.920703887939453
-210532.5,319207.5,13.039682388305664
-210472.5,319207.5,14.029986381530762
-210412.5,319207.5,12.243163108825684
-210352.5,319207.5,8.417545318603516
-210292.5,319207.5,13.41076946258545
-210232.5,319207.5,11.723249435424805
-210172.5,319207.5,8.573525428771973
-210112.5,319207.5,11.328640937805176
-210052.5,319207.5,13.081428527832031
-209992.5,319207.5,13.465934753417969
-209932.5,319207.5,8.805423736572266
-209872.5,319207.5,12.670175552368164
-209812.5,319207.5,12.996081352233887
-209752.5,319207.5,13.90945053100586
-209692.5,319207.5,15.32824420928955
-209632.5,319207.5,15.779376029968262
-209572.5,319207.5,13.384529113769531
-209512.5,319207.5,14.677709579467773
-209452.5,319207.5,14.85462760925293
-209392.5,319207.5,12.5916109085083
-209332.5,319207.5,13.978641510009766
-209272.5,319207.5,10.885852813720703
-209212.5,319207.5,15.299287796020508
-209152.5,319207.5,12.927902221679688
-209092.5,319207.5,14.102916717529297
-209032.5,319207.5,12.691264152526855
-208972.5,319207.5,15.08376407623291
-208912.5,319207.5,12.980669975280762
-208852.5,319207.5,16.101242065429688
-208792.5,319207.5,15.671375274658203
-208732.5,319207.5,11.422128677368164
-208672.5,319207.5,15.083576202392578
-208612.5,319207.5,13.424030303955078
-208552.5,319207.5,12.965237617492676
-208492.5,319207.5,13.659034729003906
-208432.5,319207.5,9.344539642333984
-208372.5,319207.5,11.345514297485352
-208312.5,319207.5,6.516556262969971
-208252.5,319207.5,8.373313903808594
-208192.5,319207.5,5.640460968017578
-208132.5,319207.5,7.162981986999512
-208072.5,319207.5,14.806234359741211
-208012.5,319207.5,14.023490905761719
-207952.5,319207.5,13.579126358032227
-207892.5,319207.5,11.113293647766113
-207832.5,319207.5,15.031639099121094
-207772.5,319207.5,8.575404167175293
-207712.5,319207.5,12.852011680603027
-207652.5,319207.5,13.944965362548828
-207592.5,319207.5,11.683606147766113
-207532.5,319207.5,16.80230140686035
-207472.5,319207.5,15.596818923950195
-207412.5,319207.5,15.046697616577148
-207352.5,319207.5,15.285378456115723
-207292.5,319207.5,15.95109748840332
-207232.5,319207.5,14.994832038879395
-207172.5,319207.5,12.64215087890625
-207112.5,319207.5,12.300034523010254
-207052.5,319207.5,9.383675575256348
-206992.5,319207.5,14.470645904541016
-206932.5,319207.5,14.204913139343262
-206872.5,319207.5,13.35009479522705
-206812.5,319207.5,7.763844966888428
-206752.5,319207.5,10.55748462677002
-206692.5,319207.5,6.985564231872559
-206632.5,319207.5,7.455039024353027
-206572.5,319207.5,12.463787078857422
-206512.5,319207.5,11.563282012939453
-206452.5,319207.5,11.022320747375488
-206392.5,319207.5,13.97639274597168
-206332.5,319207.5,15.643607139587402
-206272.5,319207.5,15.656561851501465
-206212.5,319207.5,16.17578125
-206152.5,319207.5,12.738492012023926
-206092.5,319207.5,13.281949043273926
-206032.5,319207.5,13.563993453979492
-205972.5,319207.5,12.269511222839355
-205912.5,319207.5,14.75565242767334
-205852.5,319207.5,14.119818687438965
-211672.5,319147.5,8.907163619995117
-211612.5,319147.5,15.142480850219727
-211552.5,319147.5,9.79988956451416
-211492.5,319147.5,7.358292579650879
-211432.5,319147.5,8.566970825195312
-211372.5,319147.5,13.569892883300781
-211312.5,319147.5,15.316842079162598
-211252.5,319147.5,16.39175033569336
-211192.5,319147.5,16.190223693847656
-211132.5,319147.5,15.637495040893555
-211072.5,319147.5,15.108616828918457
-211012.5,319147.5,13.760026931762695
-210952.5,319147.5,15.385629653930664
-210892.5,319147.5,13.788739204406738
-210832.5,319147.5,11.364792823791504
-210772.5,319147.5,14.425576210021973
-210712.5,319147.5,11.169489860534668
-210652.5,319147.5,7.509016513824463
-210592.5,319147.5,13.06674861907959
-210532.5,319147.5,15.449159622192383
-210472.5,319147.5,15.79085922241211
-210412.5,319147.5,14.797151565551758
-210352.5,319147.5,8.77485466003418
-210292.5,319147.5,10.329160690307617
-210232.5,319147.5,8.187108039855957
-210172.5,319147.5,6.868353366851807
-210112.5,319147.5,10.237951278686523
-210052.5,319147.5,14.376558303833008
-209992.5,319147.5,13.843377113342285
-209932.5,319147.5,10.0830078125
-209872.5,319147.5,13.044519424438477
-209812.5,319147.5,14.497076034545898
-209752.5,319147.5,14.566680908203125
-209692.5,319147.5,12.822481155395508
-209632.5,319147.5,13.54914379119873
-209572.5,319147.5,17.336421966552734
-209512.5,319147.5,13.879551887512207
-209452.5,319147.5,14.795055389404297
-209392.5,319147.5,10.958046913146973
-209332.5,319147.5,9.658775329589844
-209272.5,319147.5,13.085522651672363
-209212.5,319147.5,14.321807861328125
-209152.5,319147.5,15.426019668579102
-209092.5,319147.5,14.893460273742676
-209032.5,319147.5,13.931914329528809
-208972.5,319147.5,12.722527503967285
-208912.5,319147.5,13.800124168395996
-208852.5,319147.5,13.39592170715332
-208792.5,319147.5,13.816386222839355
-208732.5,319147.5,13.96978759765625
-208672.5,319147.5,14.717500686645508
-208612.5,319147.5,14.319634437561035
-208552.5,319147.5,12.427164077758789
-208492.5,319147.5,13.848564147949219
-208432.5,319147.5,14.958867073059082
-208372.5,319147.5,8.864517211914062
-208312.5,319147.5,4.411952495574951
-208252.5,319147.5,4.679404258728027
-208192.5,319147.5,6.579390048980713
-208132.5,319147.5,11.157491683959961
-208072.5,319147.5,15.437153816223145
-208012.5,319147.5,15.539502143859863
-207952.5,319147.5,14.048810958862305
-207892.5,319147.5,13.951812744140625
-207832.5,319147.5,12.802630424499512
-207772.5,319147.5,12.43668270111084
-207712.5,319147.5,7.891556262969971
-207652.5,319147.5,12.295093536376953
-207592.5,319147.5,13.623078346252441
-207532.5,319147.5,13.819167137145996
-207472.5,319147.5,16.294057846069336
-207412.5,319147.5,15.105698585510254
-207352.5,319147.5,14.767513275146484
-207292.5,319147.5,14.792744636535645
-207232.5,319147.5,14.133018493652344
-207172.5,319147.5,12.563636779785156
-207112.5,319147.5,12.214693069458008
-207052.5,319147.5,10.260517120361328
-206992.5,319147.5,12.53995132446289
-206932.5,319147.5,14.41488265991211
-206872.5,319147.5,13.314842224121094
-206812.5,319147.5,7.6287641525268555
-206752.5,319147.5,8.349569320678711
-206692.5,319147.5,6.793942928314209
-206632.5,319147.5,11.562355995178223
-206572.5,319147.5,10.71633529663086
-206512.5,319147.5,14.577569007873535
-206452.5,319147.5,10.666694641113281
-206392.5,319147.5,14.947673797607422
-206332.5,319147.5,15.25401782989502
-206272.5,319147.5,15.375838279724121
-206212.5,319147.5,13.660377502441406
-206152.5,319147.5,14.30985164642334
-206092.5,319147.5,9.124920845031738
-206032.5,319147.5,13.814835548400879
-205972.5,319147.5,15.482649803161621
-205912.5,319147.5,10.376891136169434
-205852.5,319147.5,12.986885070800781
-211672.5,319087.5,10.21825885772705
-211612.5,319087.5,11.339543342590332
-211552.5,319087.5,12.9904203414917
-211492.5,319087.5,13.930071830749512
-211432.5,319087.5,14.630889892578125
-211372.5,319087.5,15.717586517333984
-211312.5,319087.5,16.605438232421875
-211252.5,319087.5,16.2977294921875
-211192.5,319087.5,15.04349422454834
-211132.5,319087.5,15.385274887084961
-211072.5,319087.5,15.17746639251709
-211012.5,319087.5,15.584919929504395
-210952.5,319087.5,14.776534080505371
-210892.5,319087.5,13.825861930847168
-210832.5,319087.5,15.718099594116211
-210772.5,319087.5,13.524477005004883
-210712.5,319087.5,13.444682121276855
-210652.5,319087.5,7.394275188446045
-210592.5,319087.5,11.142447471618652
-210532.5,319087.5,14.553430557250977
-210472.5,319087.5,15.20412540435791
-210412.5,319087.5,14.92568588256836
-210352.5,319087.5,12.311830520629883
-210292.5,319087.5,7.273817539215088
-210232.5,319087.5,6.0330634117126465
-210172.5,319087.5,6.41995906829834
-210112.5,319087.5,5.6653242111206055
-210052.5,319087.5,10.91301155090332
-209992.5,319087.5,12.003105163574219
-209932.5,319087.5,11.566956520080566
-209872.5,319087.5,15.045714378356934
-209812.5,319087.5,14.465330123901367
-209752.5,319087.5,14.277594566345215
-209692.5,319087.5,13.265114784240723
-209632.5,319087.5,15.184111595153809
-209572.5,319087.5,13.58105754852295
-209512.5,319087.5,13.989580154418945
-209452.5,319087.5,15.599879264831543
-209392.5,319087.5,11.774365425109863
-209332.5,319087.5,11.825953483581543
-209272.5,319087.5,14.437735557556152
-209212.5,319087.5,16.332735061645508
-209152.5,319087.5,16.259859085083008
-209092.5,319087.5,16.361989974975586
-209032.5,319087.5,13.220295906066895
-208972.5,319087.5,14.682458877563477
-208912.5,319087.5,15.368017196655273
-208852.5,319087.5,12.748597145080566
-208792.5,319087.5,11.698407173156738
-208732.5,319087.5,13.653385162353516
-208672.5,319087.5,15.926597595214844
-208612.5,319087.5,14.844125747680664
-208552.5,319087.5,9.338003158569336
-208492.5,319087.5,11.315285682678223
-208432.5,319087.5,12.552894592285156
-208372.5,319087.5,12.410826683044434
-208312.5,319087.5,10.889142990112305
-208252.5,319087.5,11.863615989685059
-208192.5,319087.5,10.712014198303223
-208132.5,319087.5,14.592665672302246
-208072.5,319087.5,16.50710105895996
-208012.5,319087.5,14.604723930358887
-207952.5,319087.5,15.567537307739258
-207892.5,319087.5,14.553566932678223
-207832.5,319087.5,10.946624755859375
-207772.5,319087.5,7.057413578033447
-207712.5,319087.5,7.471827030181885
-207652.5,319087.5,9.2626953125
-207592.5,319087.5,13.147420883178711
-207532.5,319087.5,14.760472297668457
-207472.5,319087.5,13.6557035446167
-207412.5,319087.5,13.822871208190918
-207352.5,319087.5,15.513513565063477
-207292.5,319087.5,15.137271881103516
-207232.5,319087.5,12.43798828125
-207172.5,319087.5,13.032856941223145
-207112.5,319087.5,10.778934478759766
-207052.5,319087.5,13.799403190612793
-206992.5,319087.5,11.06340503692627
-206932.5,319087.5,15.245888710021973
-206872.5,319087.5,13.066813468933105
-206812.5,319087.5,8.554316520690918
-206752.5,319087.5,7.792304515838623
-206692.5,319087.5,8.084078788757324
-206632.5,319087.5,12.994149208068848
-206572.5,319087.5,12.801098823547363
-206512.5,319087.5,12.183603286743164
-206452.5,319087.5,8.677928924560547
-206392.5,319087.5,13.919683456420898
-206332.5,319087.5,14.68990707397461
-206272.5,319087.5,13.05423355102539
-206212.5,319087.5,10.450421333312988
-206152.5,319087.5,10.488598823547363
-206092.5,319087.5,14.263381004333496
-206032.5,319087.5,15.048460960388184
-205972.5,319087.5,14.570858001708984
-205912.5,319087.5,10.088555335998535
-205852.5,319087.5,10.937490463256836
-211672.5,319027.5,13.415173530578613
-211612.5,319027.5,12.0025053024292
-211552.5,319027.5,14.118614196777344
-211492.5,319027.5,13.143911361694336
-211432.5,319027.5,15.95519733428955
-211372.5,319027.5,17.575376510620117
-211312.5,319027.5,15.939240455627441
-211252.5,319027.5,15.372481346130371
-211192.5,319027.5,15.379538536071777
-211132.5,319027.5,14.602014541625977
-211072.5,319027.5,15.33271312713623
-211012.5,319027.5,14.977569580078125
-210952.5,319027.5,17.6787166595459
-210892.5,319027.5,16.16045379638672
-210832.5,319027.5,14.47584342956543
-210772.5,319027.5,13.328780174255371
-210712.5,319027.5,15.167130470275879
-210652.5,319027.5,9.782755851745605
-210592.5,319027.5,7.745487213134766
-210532.5,319027.5,13.231069564819336
-210472.5,319027.5,15.192601203918457
-210412.5,319027.5,13.506943702697754
-210352.5,319027.5,9.770438194274902
-210292.5,319027.5,7.941947937011719
-210232.5,319027.5,6.349332809448242
-210172.5,319027.5,4.614974021911621
-210112.5,319027.5,6.9661030769348145
-210052.5,319027.5,7.662975311279297
-209992.5,319027.5,13.195023536682129
-209932.5,319027.5,14.639852523803711
-209872.5,319027.5,15.463969230651855
-209812.5,319027.5,15.202418327331543
-209752.5,319027.5,16.6031494140625
-209692.5,319027.5,14.77812671661377
-209632.5,319027.5,15.751258850097656
-209572.5,319027.5,15.091717720031738
-209512.5,319027.5,14.030160903930664
-209452.5,319027.5,10.923974990844727
-209392.5,319027.5,13.529163360595703
-209332.5,319027.5,15.397064208984375
-209272.5,319027.5,16.934154510498047
-209212.5,319027.5,15.383295059204102
-209152.5,319027.5,17.578041076660156
-209092.5,319027.5,15.877927780151367
-209032.5,319027.5,12.285991668701172
-208972.5,319027.5,11.248697280883789
-208912.5,319027.5,13.636127471923828
-208852.5,319027.5,13.580753326416016
-208792.5,319027.5,14.477921485900879
-208732.5,319027.5,14.841667175292969
-208672.5,319027.5,13.054488182067871
-208612.5,319027.5,14.458062171936035
-208552.5,319027.5,9.272567749023438
-208492.5,319027.5,9.419974327087402
-208432.5,319027.5,10.900389671325684
-208372.5,319027.5,14.605022430419922
-208312.5,319027.5,13.442188262939453
-208252.5,319027.5,7.728657245635986
-208192.5,319027.5,14.323631286621094
-208132.5,319027.5,12.747785568237305
-208072.5,319027.5,16.293115615844727
-208012.5,319027.5,16.34722137451172
-207952.5,319027.5,11.977485656738281
-207892.5,319027.5,15.689831733703613
-207832.5,319027.5,14.451691627502441
-207772.5,319027.5,8.477742195129395
-207712.5,319027.5,7.718780994415283
-207652.5,319027.5,9.557839393615723
-207592.5,319027.5,13.993471145629883
-207532.5,319027.5,15.597900390625
-207472.5,319027.5,12.531259536743164
-207412.5,319027.5,12.85895824432373
-207352.5,319027.5,12.259947776794434
-207292.5,319027.5,16.100255966186523
-207232.5,319027.5,17.18029022216797
-207172.5,319027.5,14.606000900268555
-207112.5,319027.5,11.711689949035645
-207052.5,319027.5,11.273874282836914
-206992.5,319027.5,12.77426528930664
-206932.5,319027.5,15.86268138885498
-206872.5,319027.5,13.65393352508545
-206812.5,319027.5,12.856372833251953
-206752.5,319027.5,7.920870780944824
-206692.5,319027.5,11.46993350982666
-206632.5,319027.5,12.829163551330566
-206572.5,319027.5,9.658231735229492
-206512.5,319027.5,9.6144380569458
-206452.5,319027.5,5.779818058013916
-206392.5,319027.5,7.737161159515381
-206332.5,319027.5,10.387285232543945
-206272.5,319027.5,11.431432723999023
-206212.5,319027.5,13.454434394836426
-206152.5,319027.5,14.280634880065918
-206092.5,319027.5,14.774309158325195
-206032.5,319027.5,12.46104907989502
-205972.5,319027.5,11.430116653442383
-205912.5,319027.5,12.08093547821045
-205852.5,319027.5,13.131343841552734
-211672.5,318967.5,14.057000160217285
-211612.5,318967.5,15.644150733947754
-211552.5,318967.5,14.988726615905762
-211492.5,318967.5,12.591387748718262
-211432.5,318967.5,15.914905548095703
-211372.5,318967.5,15.66618537902832
-211312.5,318967.5,16.97308921813965
-211252.5,318967.5,15.616557121276855
-211192.5,318967.5,15.494720458984375
-211132.5,318967.5,15.400113105773926
-211072.5,318967.5,16.01959228515625
-211012.5,318967.5,15.424247741699219
-210952.5,318967.5,14.238523483276367
-210892.5,318967.5,14.76416015625
-210832.5,318967.5,14.04658031463623
-210772.5,318967.5,14.088164329528809
-210712.5,318967.5,12.50711441040039
-210652.5,318967.5,13.479723930358887
-210592.5,318967.5,9.355021476745605
-210532.5,318967.5,11.610613822937012
-210472.5,318967.5,11.026521682739258
-210412.5,318967.5,7.810970306396484
-210352.5,318967.5,6.864180564880371
-210292.5,318967.5,5.0486674308776855
-210232.5,318967.5,4.588579177856445
-210172.5,318967.5,4.104152202606201
-210112.5,318967.5,6.372410297393799
-210052.5,318967.5,7.574183464050293
-209992.5,318967.5,11.33159065246582
-209932.5,318967.5,14.028800010681152
-209872.5,318967.5,16.430721282958984
-209812.5,318967.5,10.607220649719238
-209752.5,318967.5,15.05211353302002
-209692.5,318967.5,16.573999404907227
-209632.5,318967.5,15.941495895385742
-209572.5,318967.5,15.27000904083252
-209512.5,318967.5,10.870179176330566
-209452.5,318967.5,14.260069847106934
-209392.5,318967.5,15.901350975036621
-209332.5,318967.5,15.962752342224121
-209272.5,318967.5,12.597347259521484
-209212.5,318967.5,16.92498207092285
-209152.5,318967.5,14.700590133666992
-209092.5,318967.5,15.262029647827148
-209032.5,318967.5,15.489096641540527
-208972.5,318967.5,13.832928657531738
-208912.5,318967.5,17.699996948242188
-208852.5,318967.5,13.10706615447998
-208792.5,318967.5,15.451266288757324
-208732.5,318967.5,15.633167266845703
-208672.5,318967.5,11.610397338867188
-208612.5,318967.5,14.710039138793945
-208552.5,318967.5,14.14702033996582
-208492.5,318967.5,14.306670188903809
-208432.5,318967.5,11.622563362121582
-208372.5,318967.5,15.073014259338379
-208312.5,318967.5,9.051072120666504
-208252.5,318967.5,14.506102561950684
-208192.5,318967.5,14.18855094909668
-208132.5,318967.5,15.676336288452148
-208072.5,318967.5,13.990537643432617
-208012.5,318967.5,15.679882049560547
-207952.5,318967.5,15.755969047546387
-207892.5,318967.5,11.699905395507812
-207832.5,318967.5,14.104730606079102
-207772.5,318967.5,14.966874122619629
-207712.5,318967.5,16.006072998046875
-207652.5,318967.5,12.130974769592285
-207592.5,318967.5,14.621439933776855
-207532.5,318967.5,14.957367897033691
-207472.5,318967.5,11.877121925354004
-207412.5,318967.5,11.050761222839355
-207352.5,318967.5,10.573192596435547
-207292.5,318967.5,14.083662986755371
-207232.5,318967.5,17.807859420776367
-207172.5,318967.5,15.943480491638184
-207112.5,318967.5,13.948321342468262
-207052.5,318967.5,14.792462348937988
-206992.5,318967.5,13.932039260864258
-206932.5,318967.5,13.058185577392578
-206872.5,318967.5,14.470453262329102
-206812.5,318967.5,10.676429748535156
-206752.5,318967.5,14.475473403930664
-206692.5,318967.5,15.453603744506836
-206632.5,318967.5,14.578705787658691
-206572.5,318967.5,10.94873046875
-206512.5,318967.5,12.51080322265625
-206452.5,318967.5,9.437278747558594
-206392.5,318967.5,13.186371803283691
-206332.5,318967.5,13.811943054199219
-206272.5,318967.5,13.945114135742188
-206212.5,318967.5,15.802252769470215
-206152.5,318967.5,15.122097969055176
-206092.5,318967.5,13.83166790008545
-206032.5,318967.5,15.029026985168457
-205972.5,318967.5,14.2329683303833
-205912.5,318967.5,12.996870994567871
-205852.5,318967.5,14.804643630981445
-211672.5,318907.5,16.85737419128418
-211612.5,318907.5,15.71285343170166
-211552.5,318907.5,15.941323280334473
-211492.5,318907.5,14.033835411071777
-211432.5,318907.5,13.06433391571045
-211372.5,318907.5,15.521245002746582
-211312.5,318907.5,15.389793395996094
-211252.5,318907.5,15.572855949401855
-211192.5,318907.5,15.984342575073242
-211132.5,318907.5,15.706286430358887
-211072.5,318907.5,14.539871215820312
-211012.5,318907.5,13.950679779052734
-210952.5,318907.5,14.084860801696777
-210892.5,318907.5,14.34537410736084
-210832.5,318907.5,16.08719825744629
-210772.5,318907.5,14.011642456054688
-210712.5,318907.5,12.665323257446289
-210652.5,318907.5,16.32038688659668
-210592.5,318907.5,13.850323677062988
-210532.5,318907.5,8.009603500366211
-210472.5,318907.5,10.514575958251953
-210412.5,318907.5,5.95481014251709
-210352.5,318907.5,5.132987976074219
-210292.5,318907.5,3.645750045776367
-210232.5,318907.5,4.698649883270264
-210172.5,318907.5,5.778926372528076
-210112.5,318907.5,7.9345703125
-210052.5,318907.5,7.675698757171631
-209992.5,318907.5,8.61064338684082
-209932.5,318907.5,10.308186531066895
-209872.5,318907.5,11.176715850830078
-209812.5,318907.5,14.78123950958252
-209752.5,318907.5,15.05669116973877
-209692.5,318907.5,14.061383247375488
-209632.5,318907.5,13.110001564025879
-209572.5,318907.5,12.457717895507812
-209512.5,318907.5,11.259699821472168
-209452.5,318907.5,15.554226875305176
-209392.5,318907.5,16.313005447387695
-209332.5,318907.5,16.30978775024414
-209272.5,318907.5,18.30187225341797
-209212.5,318907.5,17.382509231567383
-209152.5,318907.5,14.412142753601074
-209092.5,318907.5,14.499076843261719
-209032.5,318907.5,15.697914123535156
-208972.5,318907.5,14.675406455993652
-208912.5,318907.5,14.402668952941895
-208852.5,318907.5,15.112711906433105
-208792.5,318907.5,15.028709411621094
-208732.5,318907.5,14.19357967376709
-208672.5,318907.5,15.501420021057129
-208612.5,318907.5,10.960504531860352
-208552.5,318907.5,15.16439437866211
-208492.5,318907.5,15.689204216003418
-208432.5,318907.5,15.021124839782715
-208372.5,318907.5,10.107882499694824
-208312.5,318907.5,14.912443161010742
-208252.5,318907.5,14.896029472351074
-208192.5,318907.5,14.02534294128418
-208132.5,318907.5,15.533127784729004
-208072.5,318907.5,15.573017120361328
-208012.5,318907.5,11.672428131103516
-207952.5,318907.5,15.74500846862793
-207892.5,318907.5,15.144532203674316
-207832.5,318907.5,13.733855247497559
-207772.5,318907.5,15.78723430633545
-207712.5,318907.5,18.464265823364258
-207652.5,318907.5,16.0437068939209
-207592.5,318907.5,11.479814529418945
-207532.5,318907.5,14.751314163208008
-207472.5,318907.5,15.315945625305176
-207412.5,318907.5,15.24368667602539
-207352.5,318907.5,9.4537353515625
-207292.5,318907.5,10.653311729431152
-207232.5,318907.5,14.742538452148438
-207172.5,318907.5,14.76056957244873
-207112.5,318907.5,10.712397575378418
-207052.5,318907.5,11.847631454467773
-206992.5,318907.5,15.529707908630371
-206932.5,318907.5,14.37466049194336
-206872.5,318907.5,11.01135540008545
-206812.5,318907.5,12.604995727539062
-206752.5,318907.5,15.731613159179688
-206692.5,318907.5,13.187312126159668
-206632.5,318907.5,12.937085151672363
-206572.5,318907.5,12.145038604736328
-206512.5,318907.5,10.879331588745117
-206452.5,318907.5,10.533997535705566
-206392.5,318907.5,11.929993629455566
-206332.5,318907.5,13.604174613952637
-206272.5,318907.5,14.776278495788574
-206212.5,318907.5,14.886606216430664
-206152.5,318907.5,12.583364486694336
-206092.5,318907.5,13.7816743850708
-206032.5,318907.5,16.48972511291504
-205972.5,318907.5,15.695075035095215
-205912.5,318907.5,14.888692855834961
-205852.5,318907.5,14.74396800994873
-211672.5,318847.5,15.389147758483887
-211612.5,318847.5,15.214573860168457
-211552.5,318847.5,15.331278800964355
-211492.5,318847.5,15.484627723693848
-211432.5,318847.5,12.780315399169922
-211372.5,318847.5,13.59451961517334
-211312.5,318847.5,15.443882942199707
-211252.5,318847.5,15.069215774536133
-211192.5,318847.5,15.59165096282959
-211132.5,318847.5,15.362456321716309
-211072.5,318847.5,14.7153959274292
-211012.5,318847.5,14.53249454498291
-210952.5,318847.5,15.658987998962402
-210892.5,318847.5,14.09831714630127
-210832.5,318847.5,12.6677885055542
-210772.5,318847.5,14.050394058227539
-210712.5,318847.5,13.043100357055664
-210652.5,318847.5,13.124788284301758
-210592.5,318847.5,13.501260757446289
-210532.5,318847.5,7.6595563888549805
-210472.5,318847.5,6.9636712074279785
-210412.5,318847.5,6.011443614959717
-210352.5,318847.5,5.340517044067383
-210292.5,318847.5,5.403232574462891
-210232.5,318847.5,7.063704490661621
-210172.5,318847.5,7.670849800109863
-210112.5,318847.5,9.470848083496094
-210052.5,318847.5,9.2577543258667
-209992.5,318847.5,8.159993171691895
-209932.5,318847.5,13.26053524017334
-209872.5,318847.5,14.032901763916016
-209812.5,318847.5,10.741039276123047
-209752.5,318847.5,16.317909240722656
-209692.5,318847.5,13.898438453674316
-209632.5,318847.5,14.821584701538086
-209572.5,318847.5,11.283982276916504
-209512.5,318847.5,15.126717567443848
-209452.5,318847.5,16.294666290283203
-209392.5,318847.5,16.349212646484375
-209332.5,318847.5,13.65744686126709
-209272.5,318847.5,12.463451385498047
-209212.5,318847.5,13.036782264709473
-209152.5,318847.5,13.874151229858398
-209092.5,318847.5,17.420791625976562
-209032.5,318847.5,16.097219467163086
-208972.5,318847.5,13.282427787780762
-208912.5,318847.5,11.543379783630371
-208852.5,318847.5,14.71591854095459
-208792.5,318847.5,14.359806060791016
-208732.5,318847.5,14.364410400390625
-208672.5,318847.5,15.336241722106934
-208612.5,318847.5,15.085373878479004
-208552.5,318847.5,13.270072937011719
-208492.5,318847.5,15.641278266906738
-208432.5,318847.5,13.035076141357422
-208372.5,318847.5,14.733772277832031
-208312.5,318847.5,12.68797779083252
-208252.5,318847.5,13.092159271240234
-208192.5,318847.5,13.157361030578613
-208132.5,318847.5,14.086109161376953
-208072.5,318847.5,15.313386917114258
-208012.5,318847.5,14.048290252685547
-207952.5,318847.5,13.26262378692627
-207892.5,318847.5,15.946956634521484
-207832.5,318847.5,12.028777122497559
-207772.5,318847.5,13.930776596069336
-207712.5,318847.5,14.146273612976074
-207652.5,318847.5,14.451203346252441
-207592.5,318847.5,15.683155059814453
-207532.5,318847.5,11.335732460021973
-207472.5,318847.5,15.096967697143555
-207412.5,318847.5,15.350193977355957
-207352.5,318847.5,10.633219718933105
-207292.5,318847.5,9.384225845336914
-207232.5,318847.5,13.813586235046387
-207172.5,318847.5,9.66600513458252
-207112.5,318847.5,14.358652114868164
-207052.5,318847.5,13.264217376708984
-206992.5,318847.5,10.648578643798828
-206932.5,318847.5,15.559032440185547
-206872.5,318847.5,11.467042922973633
-206812.5,318847.5,14.455170631408691
-206752.5,318847.5,12.615500450134277
-206692.5,318847.5,11.291667938232422
-206632.5,318847.5,12.549304008483887
-206572.5,318847.5,15.052912712097168
-206512.5,318847.5,12.924375534057617
-206452.5,318847.5,10.297120094299316
-206392.5,318847.5,13.628815650939941
-206332.5,318847.5,8.626917839050293
-206272.5,318847.5,13.638924598693848
-206212.5,318847.5,12.98460865020752
-206152.5,318847.5,11.684322357177734
-206092.5,318847.5,15.02662181854248
-206032.5,318847.5,16.54463768005371
-205972.5,318847.5,14.156633377075195
-205912.5,318847.5,16.742774963378906
-205852.5,318847.5,15.852344512939453
-211672.5,318787.5,15.298069953918457
-211612.5,318787.5,16.03404426574707
-211552.5,318787.5,16.623228073120117
-211492.5,318787.5,16.0511417388916
-211432.5,318787.5,15.206136703491211
-211372.5,318787.5,12.360459327697754
-211312.5,318787.5,15.630362510681152
-211252.5,318787.5,16.072980880737305
-211192.5,318787.5,15.55357837677002
-211132.5,318787.5,15.3521089553833
-211072.5,318787.5,13.293426513671875
-211012.5,318787.5,11.965615272521973
-210952.5,318787.5,12.679605484008789
-210892.5,318787.5,12.280439376831055
-210832.5,318787.5,9.106353759765625
-210772.5,318787.5,12.7972412109375
-210712.5,318787.5,12.18553638458252
-210652.5,318787.5,10.244452476501465
-210592.5,318787.5,7.423827171325684
-210532.5,318787.5,7.304477214813232
-210472.5,318787.5,6.822474002838135
-210412.5,318787.5,6.28839635848999
-210352.5,318787.5,6.165722370147705
-210292.5,318787.5,6.482353210449219
-210232.5,318787.5,8.574827194213867
-210172.5,318787.5,7.980405330657959
-210112.5,318787.5,12.52287483215332
-210052.5,318787.5,8.909866333007812
-209992.5,318787.5,8.471068382263184
-209932.5,318787.5,8.94027328491211
-209872.5,318787.5,11.462567329406738
-209812.5,318787.5,14.78354263305664
-209752.5,318787.5,17.562267303466797
-209692.5,318787.5,15.787219047546387
-209632.5,318787.5,9.923362731933594
-209572.5,318787.5,14.42349624633789
-209512.5,318787.5,16.167621612548828
-209452.5,318787.5,16.341821670532227
-209392.5,318787.5,15.061395645141602
-209332.5,318787.5,12.465078353881836
-209272.5,318787.5,12.080296516418457
-209212.5,318787.5,12.549717903137207
-209152.5,318787.5,12.3114652633667
-209092.5,318787.5,13.073224067687988
-209032.5,318787.5,13.498477935791016
-208972.5,318787.5,14.550537109375
-208912.5,318787.5,13.381200790405273
-208852.5,318787.5,14.335078239440918
-208792.5,318787.5,15.324407577514648
-208732.5,318787.5,15.555310249328613
-208672.5,318787.5,15.172479629516602
-208612.5,318787.5,13.196306228637695
-208552.5,318787.5,15.69426441192627
-208492.5,318787.5,16.16697120666504
-208432.5,318787.5,16.321155548095703
-208372.5,318787.5,14.848564147949219
-208312.5,318787.5,13.435193061828613
-208252.5,318787.5,7.357940196990967
-208192.5,318787.5,7.4050493240356445
-208132.5,318787.5,9.037538528442383
-208072.5,318787.5,15.10317611694336
-208012.5,318787.5,13.618725776672363
-207952.5,318787.5,13.848333358764648
-207892.5,318787.5,16.631521224975586
-207832.5,318787.5,14.381780624389648
-207772.5,318787.5,14.30277156829834
-207712.5,318787.5,15.76352310180664
-207652.5,318787.5,15.685118675231934
-207592.5,318787.5,15.326791763305664
-207532.5,318787.5,14.891958236694336
-207472.5,318787.5,14.088479995727539
-207412.5,318787.5,10.700194358825684
-207352.5,318787.5,9.117450714111328
-207292.5,318787.5,11.500757217407227
-207232.5,318787.5,15.345322608947754
-207172.5,318787.5,14.33042049407959
-207112.5,318787.5,9.720240592956543
-207052.5,318787.5,15.301188468933105
-206992.5,318787.5,15.195745468139648
-206932.5,318787.5,14.036040306091309
-206872.5,318787.5,12.986526489257812
-206812.5,318787.5,15.453925132751465
-206752.5,318787.5,13.942914009094238
-206692.5,318787.5,11.27009391784668
-206632.5,318787.5,12.532151222229004
-206572.5,318787.5,11.487493515014648
-206512.5,318787.5,9.589954376220703
-206452.5,318787.5,9.406327247619629
-206392.5,318787.5,6.893762111663818
-206332.5,318787.5,8.029677391052246
-206272.5,318787.5,7.262375354766846
-206212.5,318787.5,12.46073055267334
-206152.5,318787.5,14.477904319763184
-206092.5,318787.5,14.290575981140137
-206032.5,318787.5,14.261306762695312
-205972.5,318787.5,9.743850708007812
-205912.5,318787.5,12.396415710449219
-205852.5,318787.5,14.107953071594238
-211672.5,318727.5,15.882319450378418
-211612.5,318727.5,16.175334930419922
-211552.5,318727.5,15.785667419433594
-211492.5,318727.5,16.912147521972656
-211432.5,318727.5,16.61189079284668
-211372.5,318727.5,14.689140319824219
-211312.5,318727.5,14.296231269836426
-211252.5,318727.5,17.478492736816406
-211192.5,318727.5,13.94383716583252
-211132.5,318727.5,15.713371276855469
-211072.5,318727.5,15.254913330078125
-211012.5,318727.5,13.34062385559082
-210952.5,318727.5,11.881417274475098
-210892.5,318727.5,13.11793327331543
-210832.5,318727.5,7.1209306716918945
-210772.5,318727.5,7.124647617340088
-210712.5,318727.5,6.320587158203125
-210652.5,318727.5,6.75711727142334
-210592.5,318727.5,6.62908935546875
-210532.5,318727.5,7.557084083557129
-210472.5,318727.5,8.2978515625
-210412.5,318727.5,7.547545433044434
-210352.5,318727.5,6.258350372314453
-210292.5,318727.5,5.721985340118408
-210232.5,318727.5,7.945328235626221
-210172.5,318727.5,8.767594337463379
-210112.5,318727.5,8.89438533782959
-210052.5,318727.5,12.050151824951172
-209992.5,318727.5,10.32242202758789
-209932.5,318727.5,10.990099906921387
-209872.5,318727.5,12.650579452514648
-209812.5,318727.5,14.891690254211426
-209752.5,318727.5,16.763681411743164
-209692.5,318727.5,12.810321807861328
-209632.5,318727.5,12.561203956604004
-209572.5,318727.5,14.567635536193848
-209512.5,318727.5,15.870011329650879
-209452.5,318727.5,14.792025566101074
-209392.5,318727.5,14.584590911865234
-209332.5,318727.5,17.8985538482666
-209272.5,318727.5,13.58447551727295
-209212.5,318727.5,12.4262056350708
-209152.5,318727.5,7.8778557777404785
-209092.5,318727.5,4.829345226287842
-209032.5,318727.5,8.717489242553711
-208972.5,318727.5,13.432297706604004
-208912.5,318727.5,12.76677417755127
-208852.5,318727.5,12.742315292358398
-208792.5,318727.5,13.748376846313477
-208732.5,318727.5,13.196444511413574
-208672.5,318727.5,7.828798770904541
-208612.5,318727.5,12.050871849060059
-208552.5,318727.5,11.35849666595459
-208492.5,318727.5,15.923243522644043
-208432.5,318727.5,16.505687713623047
-208372.5,318727.5,16.04721450805664
-208312.5,318727.5,15.089359283447266
-208252.5,318727.5,11.752951622009277
-208192.5,318727.5,11.760638236999512
-208132.5,318727.5,10.856118202209473
-208072.5,318727.5,13.817383766174316
-208012.5,318727.5,15.709532737731934
-207952.5,318727.5,11.953182220458984
-207892.5,318727.5,14.623272895812988
-207832.5,318727.5,15.270151138305664
-207772.5,318727.5,15.027783393859863
-207712.5,318727.5,15.232725143432617
-207652.5,318727.5,11.98941421508789
-207592.5,318727.5,15.322690963745117
-207532.5,318727.5,16.444700241088867
-207472.5,318727.5,14.806475639343262
-207412.5,318727.5,14.752642631530762
-207352.5,318727.5,8.97335433959961
-207292.5,318727.5,14.492494583129883
-207232.5,318727.5,16.354843139648438
-207172.5,318727.5,17.987592697143555
-207112.5,318727.5,14.599658966064453
-207052.5,318727.5,9.941061019897461
-206992.5,318727.5,14.119384765625
-206932.5,318727.5,14.600743293762207
-206872.5,318727.5,16.19383430480957
-206812.5,318727.5,11.314644813537598
-206752.5,318727.5,14.023676872253418
-206692.5,318727.5,10.781142234802246
-206632.5,318727.5,12.348834991455078
-206572.5,318727.5,11.260414123535156
-206512.5,318727.5,7.2056732177734375
-206452.5,318727.5,5.793066024780273
-206392.5,318727.5,6.370822429656982
-206332.5,318727.5,4.982014179229736
-206272.5,318727.5,7.728939533233643
-206212.5,318727.5,7.036028861999512
-206152.5,318727.5,11.216546058654785
-206092.5,318727.5,10.093685150146484
-206032.5,318727.5,11.999300956726074
-205972.5,318727.5,11.539342880249023
-205912.5,318727.5,14.813486099243164
-205852.5,318727.5,16.067550659179688
-211672.5,318667.5,15.922645568847656
-211612.5,318667.5,15.8186674118042
-211552.5,318667.5,15.195314407348633
-211492.5,318667.5,16.28156089782715
-211432.5,318667.5,14.006468772888184
-211372.5,318667.5,15.553457260131836
-211312.5,318667.5,15.13560676574707
-211252.5,318667.5,14.938680648803711
-211192.5,318667.5,15.944653511047363
-211132.5,318667.5,15.907418251037598
-211072.5,318667.5,16.1925048828125
-211012.5,318667.5,12.90485668182373
-210952.5,318667.5,9.782713890075684
-210892.5,318667.5,8.414742469787598
-210832.5,318667.5,6.295405864715576
-210772.5,318667.5,5.485022068023682
-210712.5,318667.5,5.801059246063232
-210652.5,318667.5,6.313453197479248
-210592.5,318667.5,9.401426315307617
-210532.5,318667.5,9.937213897705078
-210472.5,318667.5,11.493085861206055
-210412.5,318667.5,7.879528522491455
-210352.5,318667.5,7.340113162994385
-210292.5,318667.5,6.940577507019043
-210232.5,318667.5,10.028132438659668
-210172.5,318667.5,12.845765113830566
-210112.5,318667.5,10.319828033447266
-210052.5,318667.5,14.659189224243164
-209992.5,318667.5,11.526640892028809
-209932.5,318667.5,9.366535186767578
-209872.5,318667.5,7.290761947631836
-209812.5,318667.5,11.872575759887695
-209752.5,318667.5,13.883465766906738
-209692.5,318667.5,14.123021125793457
-209632.5,318667.5,12.619831085205078
-209572.5,318667.5,13.646656036376953
-209512.5,318667.5,12.526756286621094
-209452.5,318667.5,15.540665626525879
-209392.5,318667.5,14.968212127685547
-209332.5,318667.5,16.29718589782715
-209272.5,318667.5,15.4718599319458
-209212.5,318667.5,11.334808349609375
-209152.5,318667.5,7.339585781097412
-209092.5,318667.5,6.772677421569824
-209032.5,318667.5,10.719804763793945
-208972.5,318667.5,14.082380294799805
-208912.5,318667.5,12.639002799987793
-208852.5,318667.5,11.27187728881836
-208792.5,318667.5,10.237006187438965
-208732.5,318667.5,13.15128231048584
-208672.5,318667.5,9.074433326721191
-208612.5,318667.5,13.43002700805664
-208552.5,318667.5,14.137803077697754
-208492.5,318667.5,14.119302749633789
-208432.5,318667.5,16.29513168334961
-208372.5,318667.5,11.382622718811035
-208312.5,318667.5,11.296483039855957
-208252.5,318667.5,13.514451026916504
-208192.5,318667.5,14.35383129119873
-208132.5,318667.5,14.762508392333984
-208072.5,318667.5,13.918396949768066
-208012.5,318667.5,15.44752025604248
-207952.5,318667.5,12.4498872756958
-207892.5,318667.5,14.921144485473633
-207832.5,318667.5,15.589627265930176
-207772.5,318667.5,17.048402786254883
-207712.5,318667.5,15.215041160583496
-207652.5,318667.5,13.399758338928223
-207592.5,318667.5,14.857159614562988
-207532.5,318667.5,15.267651557922363
-207472.5,318667.5,16.449060440063477
-207412.5,318667.5,12.59017276763916
-207352.5,318667.5,15.209030151367188
-207292.5,318667.5,10.767643928527832
-207232.5,318667.5,11.358421325683594
-207172.5,318667.5,16.393939971923828
-207112.5,318667.5,15.723672866821289
-207052.5,318667.5,14.19636058807373
-206992.5,318667.5,10.727303504943848
-206932.5,318667.5,15.585309982299805
-206872.5,318667.5,15.03861141204834
-206812.5,318667.5,14.737943649291992
-206752.5,318667.5,11.873144149780273
-206692.5,318667.5,11.418208122253418
-206632.5,318667.5,7.728553295135498
-206572.5,318667.5,7.152178764343262
-206512.5,318667.5,10.53351879119873
-206452.5,318667.5,7.145309925079346
-206392.5,318667.5,6.812934398651123
-206332.5,318667.5,5.424010753631592
-206272.5,318667.5,5.994102478027344
-206212.5,318667.5,5.494448661804199
-206152.5,318667.5,6.057380676269531
-206092.5,318667.5,12.646413803100586
-206032.5,318667.5,13.010225296020508
-205972.5,318667.5,13.147215843200684
-205912.5,318667.5,12.637643814086914
-205852.5,318667.5,10.672324180603027
-211672.5,318607.5,15.705495834350586
-211612.5,318607.5,15.589526176452637
-211552.5,318607.5,10.921504974365234
-211492.5,318607.5,17.215076446533203
-211432.5,318607.5,14.7357759475708
-211372.5,318607.5,14.329106330871582
-211312.5,318607.5,15.185297966003418
-211252.5,318607.5,12.910730361938477
-211192.5,318607.5,16.202491760253906
-211132.5,318607.5,16.20830726623535
-211072.5,318607.5,14.090261459350586
-211012.5,318607.5,12.48681926727295
-210952.5,318607.5,6.592564105987549
-210892.5,318607.5,6.95855712890625
-210832.5,318607.5,6.84210729598999
-210772.5,318607.5,5.930480480194092
-210712.5,318607.5,6.66707181930542
-210652.5,318607.5,10.977025032043457
-210592.5,318607.5,9.334421157836914
-210532.5,318607.5,8.329915046691895
-210472.5,318607.5,7.895569324493408
-210412.5,318607.5,10.806750297546387
-210352.5,318607.5,8.275655746459961
-210292.5,318607.5,6.9531636238098145
-210232.5,318607.5,7.880367279052734
-210172.5,318607.5,10.744471549987793
-210112.5,318607.5,8.791498184204102
-210052.5,318607.5,8.302905082702637
-209992.5,318607.5,8.429040908813477
-209932.5,318607.5,6.3000664710998535
-209872.5,318607.5,6.5940470695495605
-209812.5,318607.5,7.735106945037842
-209752.5,318607.5,12.226629257202148
-209692.5,318607.5,10.672750473022461
-209632.5,318607.5,13.618287086486816
-209572.5,318607.5,15.356306076049805
-209512.5,318607.5,16.4714412689209
-209452.5,318607.5,13.670831680297852
-209392.5,318607.5,14.881202697753906
-209332.5,318607.5,13.888944625854492
-209272.5,318607.5,13.17342758178711
-209212.5,318607.5,12.488337516784668
-209152.5,318607.5,8.418638229370117
-209092.5,318607.5,11.423163414001465
-209032.5,318607.5,14.321282386779785
-208972.5,318607.5,13.970666885375977
-208912.5,318607.5,13.244065284729004
-208852.5,318607.5,7.485884666442871
-208792.5,318607.5,14.302258491516113
-208732.5,318607.5,16.050579071044922
-208672.5,318607.5,11.237595558166504
-208612.5,318607.5,14.549406051635742
-208552.5,318607.5,13.223784446716309
-208492.5,318607.5,11.470808982849121
-208432.5,318607.5,12.844496726989746
-208372.5,318607.5,16.384292602539062
-208312.5,318607.5,11.724081993103027
-208252.5,318607.5,14.576499938964844
-208192.5,318607.5,12.396791458129883
-208132.5,318607.5,14.075695037841797
-208072.5,318607.5,14.918990135192871
-208012.5,318607.5,11.906577110290527
-207952.5,318607.5,15.530794143676758
-207892.5,318607.5,14.354425430297852
-207832.5,318607.5,13.446301460266113
-207772.5,318607.5,14.767093658447266
-207712.5,318607.5,16.17660140991211
-207652.5,318607.5,14.868871688842773
-207592.5,318607.5,15.23354434967041
-207532.5,318607.5,15.26522445678711
-207472.5,318607.5,17.077816009521484
-207412.5,318607.5,16.700450897216797
-207352.5,318607.5,13.868539810180664
-207292.5,318607.5,13.800113677978516
-207232.5,318607.5,12.966619491577148
-207172.5,318607.5,14.29977035522461
-207112.5,318607.5,12.0731840133667
-207052.5,318607.5,16.367231369018555
-206992.5,318607.5,12.2129545211792
-206932.5,318607.5,16.170785903930664
-206872.5,318607.5,12.907129287719727
-206812.5,318607.5,11.906085014343262
-206752.5,318607.5,10.368637084960938
-206692.5,318607.5,7.838006496429443
-206632.5,318607.5,6.36425256729126
-206572.5,318607.5,7.408803462982178
-206512.5,318607.5,9.909782409667969
-206452.5,318607.5,7.5724687576293945
-206392.5,318607.5,4.978434085845947
-206332.5,318607.5,6.073996543884277
-206272.5,318607.5,5.823596954345703
-206212.5,318607.5,4.631145477294922
-206152.5,318607.5,6.28307580947876
-206092.5,318607.5,9.248200416564941
-206032.5,318607.5,11.354994773864746
-205972.5,318607.5,12.52794361114502
-205912.5,318607.5,11.144454002380371
-205852.5,318607.5,7.981240272521973
-211672.5,318547.5,10.665458679199219
-211612.5,318547.5,14.256826400756836
-211552.5,318547.5,15.48264217376709
-211492.5,318547.5,15.144669532775879
-211432.5,318547.5,16.12191390991211
-211372.5,318547.5,15.350666999816895
-211312.5,318547.5,15.699324607849121
-211252.5,318547.5,11.671399116516113
-211192.5,318547.5,13.947029113769531
-211132.5,318547.5,13.504884719848633
-211072.5,318547.5,8.677245140075684
-211012.5,318547.5,7.263612270355225
-210952.5,318547.5,6.584437847137451
-210892.5,318547.5,6.839077472686768
-210832.5,318547.5,5.948741912841797
-210772.5,318547.5,11.143229484558105
-210712.5,318547.5,9.152637481689453
-210652.5,318547.5,9.658370018005371
-210592.5,318547.5,12.446194648742676
-210532.5,318547.5,10.633349418640137
-210472.5,318547.5,10.647018432617188
-210412.5,318547.5,8.832341194152832
-210352.5,318547.5,11.33835220336914
-210292.5,318547.5,7.6715593338012695
-210232.5,318547.5,7.1492695808410645
-210172.5,318547.5,7.446747779846191
-210112.5,318547.5,7.101194381713867
-210052.5,318547.5,7.495285987854004
-209992.5,318547.5,5.146795749664307
-209932.5,318547.5,4.737307071685791
-209872.5,318547.5,7.5448102951049805
-209812.5,318547.5,7.538453102111816
-209752.5,318547.5,11.784406661987305
-209692.5,318547.5,10.20384407043457
-209632.5,318547.5,10.996988296508789
-209572.5,318547.5,16.29952049255371
-209512.5,318547.5,17.84564971923828
-209452.5,318547.5,15.556523323059082
-209392.5,318547.5,13.509285926818848
-209332.5,318547.5,10.756836891174316
-209272.5,318547.5,12.223479270935059
-209212.5,318547.5,10.919806480407715
-209152.5,318547.5,13.889199256896973
-209092.5,318547.5,15.300483703613281
-209032.5,318547.5,14.642037391662598
-208972.5,318547.5,13.441753387451172
-208912.5,318547.5,9.397195816040039
-208852.5,318547.5,10.800386428833008
-208792.5,318547.5,10.848649978637695
-208732.5,318547.5,11.606719017028809
-208672.5,318547.5,13.646679878234863
-208612.5,318547.5,13.056648254394531
-208552.5,318547.5,14.782561302185059
-208492.5,318547.5,14.126049995422363
-208432.5,318547.5,14.770118713378906
-208372.5,318547.5,14.143367767333984
-208312.5,318547.5,15.259086608886719
-208252.5,318547.5,15.169116020202637
-208192.5,318547.5,13.029026985168457
-208132.5,318547.5,14.109029769897461
-208072.5,318547.5,15.096210479736328
-208012.5,318547.5,11.6289644241333
-207952.5,318547.5,15.256048202514648
-207892.5,318547.5,17.155799865722656
-207832.5,318547.5,15.153207778930664
-207772.5,318547.5,13.74946403503418
-207712.5,318547.5,16.25943374633789
-207652.5,318547.5,16.051128387451172
-207592.5,318547.5,16.704809188842773
-207532.5,318547.5,15.137630462646484
-207472.5,318547.5,14.374043464660645
-207412.5,318547.5,17.73859214782715
-207352.5,318547.5,15.021175384521484
-207292.5,318547.5,15.63693618774414
-207232.5,318547.5,13.71769905090332
-207172.5,318547.5,15.215301513671875
-207112.5,318547.5,15.340070724487305
-207052.5,318547.5,12.471017837524414
-206992.5,318547.5,14.889342308044434
-206932.5,318547.5,16.54140853881836
-206872.5,318547.5,13.728628158569336
-206812.5,318547.5,12.481685638427734
-206752.5,318547.5,11.541150093078613
-206692.5,318547.5,8.82093620300293
-206632.5,318547.5,8.425443649291992
-206572.5,318547.5,7.705784320831299
-206512.5,318547.5,7.10621976852417
-206452.5,318547.5,11.07619857788086
-206392.5,318547.5,6.463570594787598
-206332.5,318547.5,6.010128498077393
-206272.5,318547.5,6.994223117828369
-206212.5,318547.5,7.03451681137085
-206152.5,318547.5,7.242787837982178
-206092.5,318547.5,7.472221851348877
-206032.5,318547.5,8.287564277648926
-205972.5,318547.5,10.042452812194824
-205912.5,318547.5,8.367562294006348
-205852.5,318547.5,7.799402713775635
-211672.5,318487.5,14.574258804321289
-211612.5,318487.5,15.811198234558105
-211552.5,318487.5,15.58032512664795
-211492.5,318487.5,14.71026611328125
-211432.5,318487.5,14.071167945861816
-211372.5,318487.5,15.144503593444824
-211312.5,318487.5,16.480865478515625
-211252.5,318487.5,13.92732048034668
-211192.5,318487.5,10.320006370544434
-211132.5,318487.5,7.622331619262695
-211072.5,318487.5,5.835245132446289
-211012.5,318487.5,5.540475368499756
-210952.5,318487.5,6.56437873840332
-210892.5,318487.5,8.360200881958008
-210832.5,318487.5,10.103458404541016
-210772.5,318487.5,7.984866619110107
-210712.5,318487.5,9.942001342773438
-210652.5,318487.5,12.983174324035645
-210592.5,318487.5,12.676215171813965
-210532.5,318487.5,10.279362678527832
-210472.5,318487.5,10.054463386535645
-210412.5,318487.5,12.745266914367676
-210352.5,318487.5,9.638919830322266
-210292.5,318487.5,8.527445793151855
-210232.5,318487.5,7.048345565795898
-210172.5,318487.5,6.2699432373046875
-210112.5,318487.5,5.924008369445801
-210052.5,318487.5,5.462830066680908
-209992.5,318487.5,4.237375259399414
-209932.5,318487.5,4.735546112060547
-209872.5,318487.5,8.93769645690918
-209812.5,318487.5,12.498183250427246
-209752.5,318487.5,8.368780136108398
-209692.5,318487.5,13.054696083068848
-209632.5,318487.5,14.25357723236084
-209572.5,318487.5,15.730928421020508
-209512.5,318487.5,17.75440788269043
-209452.5,318487.5,16.59069061279297
-209392.5,318487.5,15.872392654418945
-209332.5,318487.5,16.048433303833008
-209272.5,318487.5,13.615976333618164
-209212.5,318487.5,15.10476303100586
-209152.5,318487.5,10.839542388916016
-209092.5,318487.5,13.734482765197754
-209032.5,318487.5,14.993931770324707
-208972.5,318487.5,16.440017700195312
-208912.5,318487.5,13.254767417907715
-208852.5,318487.5,12.744508743286133
-208792.5,318487.5,10.279236793518066
-208732.5,318487.5,10.601899147033691
-208672.5,318487.5,13.102935791015625
-208612.5,318487.5,9.95092487335205
-208552.5,318487.5,13.398972511291504
-208492.5,318487.5,13.43698501586914
-208432.5,318487.5,12.565494537353516
-208372.5,318487.5,11.367995262145996
-208312.5,318487.5,12.92247486114502
-208252.5,318487.5,14.560544967651367
-208192.5,318487.5,14.910982131958008
-208132.5,318487.5,11.729793548583984
-208072.5,318487.5,13.812466621398926
-208012.5,318487.5,14.11959457397461
-207952.5,318487.5,14.739137649536133
-207892.5,318487.5,13.261573791503906
-207832.5,318487.5,14.692658424377441
-207772.5,318487.5,13.181137084960938
-207712.5,318487.5,15.725346565246582
-207652.5,318487.5,15.721588134765625
-207592.5,318487.5,15.567103385925293
-207532.5,318487.5,13.957557678222656
-207472.5,318487.5,11.909687042236328
-207412.5,318487.5,15.315481185913086
-207352.5,318487.5,11.877756118774414
-207292.5,318487.5,14.770763397216797
-207232.5,318487.5,14.603532791137695
-207172.5,318487.5,13.010211944580078
-207112.5,318487.5,15.609707832336426
-207052.5,318487.5,15.559244155883789
-206992.5,318487.5,16.411623001098633
-206932.5,318487.5,16.189716339111328
-206872.5,318487.5,14.677568435668945
-206812.5,318487.5,12.4198637008667
-206752.5,318487.5,15.778818130493164
-206692.5,318487.5,12.27353286743164
-206632.5,318487.5,9.138952255249023
-206572.5,318487.5,11.137897491455078
-206512.5,318487.5,11.368664741516113
-206452.5,318487.5,7.970301628112793
-206392.5,318487.5,6.892038345336914
-206332.5,318487.5,6.910290241241455
-206272.5,318487.5,6.613138675689697
-206212.5,318487.5,6.526043891906738
-206152.5,318487.5,6.692453861236572
-206092.5,318487.5,7.6448588371276855
-206032.5,318487.5,7.643065452575684
-205972.5,318487.5,8.179512023925781
-205912.5,318487.5,7.790685653686523
-205852.5,318487.5,7.091142177581787
-211672.5,318427.5,16.140121459960938
-211612.5,318427.5,15.88752269744873
-211552.5,318427.5,18.163835525512695
-211492.5,318427.5,15.200030326843262
-211432.5,318427.5,14.2744140625
-211372.5,318427.5,13.71619987487793
-211312.5,318427.5,12.988155364990234
-211252.5,318427.5,12.333611488342285
-211192.5,318427.5,12.39513874053955
-211132.5,318427.5,7.095086097717285
-211072.5,318427.5,6.480186939239502
-211012.5,318427.5,8.074954986572266
-210952.5,318427.5,11.669290542602539
-210892.5,318427.5,10.007747650146484
-210832.5,318427.5,9.102140426635742
-210772.5,318427.5,12.247157096862793
-210712.5,318427.5,13.12571907043457
-210652.5,318427.5,11.343180656433105
-210592.5,318427.5,8.745146751403809
-210532.5,318427.5,12.724684715270996
-210472.5,318427.5,11.12933349609375
-210412.5,318427.5,10.628644943237305
-210352.5,318427.5,9.350711822509766
-210292.5,318427.5,12.190744400024414
-210232.5,318427.5,7.931291103363037
-210172.5,318427.5,6.482132911682129
-210112.5,318427.5,5.722876071929932
-210052.5,318427.5,4.972620010375977
-209992.5,318427.5,5.959726333618164
-209932.5,318427.5,7.615914821624756
-209872.5,318427.5,11.909344673156738
-209812.5,318427.5,9.342069625854492
-209752.5,318427.5,13.990349769592285
-209692.5,318427.5,16.021602630615234
-209632.5,318427.5,16.373624801635742
-209572.5,318427.5,15.244126319885254
-209512.5,318427.5,10.025513648986816
-209452.5,318427.5,14.929118156433105
-209392.5,318427.5,15.34807014465332
-209332.5,318427.5,14.69260025024414
-209272.5,318427.5,13.787016868591309
-209212.5,318427.5,14.603583335876465
-209152.5,318427.5,13.6795015335083
-209092.5,318427.5,12.516743659973145
-209032.5,318427.5,11.567180633544922
-208972.5,318427.5,13.305846214294434
-208912.5,318427.5,14.565650939941406
-208852.5,318427.5,13.843127250671387
-208792.5,318427.5,12.69745922088623
-208732.5,318427.5,6.293463230133057
-208672.5,318427.5,6.301353931427002
-208612.5,318427.5,5.912293910980225
-208552.5,318427.5,6.062626361846924
-208492.5,318427.5,11.881767272949219
-208432.5,318427.5,12.631888389587402
-208372.5,318427.5,7.109190464019775
-208312.5,318427.5,8.240363121032715
-208252.5,318427.5,12.943544387817383
-208192.5,318427.5,13.966584205627441
-208132.5,318427.5,15.119040489196777
-208072.5,318427.5,13.651640892028809
-208012.5,318427.5,14.675519943237305
-207952.5,318427.5,15.533278465270996
-207892.5,318427.5,15.249871253967285
-207832.5,318427.5,15.058069229125977
-207772.5,318427.5,14.966121673583984
-207712.5,318427.5,15.561747550964355
-207652.5,318427.5,15.889846801757812
-207592.5,318427.5,13.956141471862793
-207532.5,318427.5,15.47692584991455
-207472.5,318427.5,15.914175033569336
-207412.5,318427.5,13.531496047973633
-207352.5,318427.5,13.587132453918457
-207292.5,318427.5,13.35364818572998
-207232.5,318427.5,13.87915325164795
-207172.5,318427.5,13.060311317443848
-207112.5,318427.5,16.016176223754883
-207052.5,318427.5,14.788460731506348
-206992.5,318427.5,17.134578704833984
-206932.5,318427.5,15.256632804870605
-206872.5,318427.5,14.723928451538086
-206812.5,318427.5,13.540111541748047
-206752.5,318427.5,14.213397979736328
-206692.5,318427.5,14.120271682739258
-206632.5,318427.5,10.014984130859375
-206572.5,318427.5,11.506712913513184
-206512.5,318427.5,12.214789390563965
-206452.5,318427.5,10.161284446716309
-206392.5,318427.5,9.205649375915527
-206332.5,318427.5,7.229950428009033
-206272.5,318427.5,7.266918182373047
-206212.5,318427.5,6.549283981323242
-206152.5,318427.5,6.717412948608398
-206092.5,318427.5,6.425708770751953
-206032.5,318427.5,7.1446428298950195
-205972.5,318427.5,7.399902820587158
-205912.5,318427.5,6.843771934509277
-205852.5,318427.5,6.643101692199707
-211672.5,318367.5,18.206077575683594
-211612.5,318367.5,16.06133460998535
-211552.5,318367.5,14.334742546081543
-211492.5,318367.5,13.447015762329102
-211432.5,318367.5,11.633773803710938
-211372.5,318367.5,11.569839477539062
-211312.5,318367.5,8.324639320373535
-211252.5,318367.5,8.911141395568848
-211192.5,318367.5,8.571757316589355
-211132.5,318367.5,12.060174942016602
-211072.5,318367.5,11.770578384399414
-211012.5,318367.5,11.066781044006348
-210952.5,318367.5,13.437572479248047
-210892.5,318367.5,11.12648868560791
-210832.5,318367.5,8.35588550567627
-210772.5,318367.5,12.958144187927246
-210712.5,318367.5,9.854937553405762
-210652.5,318367.5,11.470643043518066
-210592.5,318367.5,11.557881355285645
-210532.5,318367.5,12.569581985473633
-210472.5,318367.5,13.06750202178955
-210412.5,318367.5,9.247705459594727
-210352.5,318367.5,13.247896194458008
-210292.5,318367.5,12.84338665008545
-210232.5,318367.5,9.302101135253906
-210172.5,318367.5,6.656583786010742
-210112.5,318367.5,6.3155198097229
-210052.5,318367.5,4.4729533195495605
-209992.5,318367.5,7.680754661560059
-209932.5,318367.5,11.31071949005127
-209872.5,318367.5,12.65071964263916
-209812.5,318367.5,14.119565963745117
-209752.5,318367.5,15.862235069274902
-209692.5,318367.5,16.429927825927734
-209632.5,318367.5,15.988265037536621
-209572.5,318367.5,16.046207427978516
-209512.5,318367.5,15.802583694458008
-209452.5,318367.5,13.804506301879883
-209392.5,318367.5,12.435259819030762
-209332.5,318367.5,14.665701866149902
-209272.5,318367.5,15.11357593536377
-209212.5,318367.5,13.625771522521973
-209152.5,318367.5,15.186999320983887
-209092.5,318367.5,12.148295402526855
-209032.5,318367.5,9.892972946166992
-208972.5,318367.5,14.989617347717285
-208912.5,318367.5,14.464853286743164
-208852.5,318367.5,12.909085273742676
-208792.5,318367.5,9.47520637512207
-208732.5,318367.5,6.249089241027832
-208672.5,318367.5,5.463529586791992
-208612.5,318367.5,5.281364440917969
-208552.5,318367.5,3.7475390434265137
-208492.5,318367.5,6.459391117095947
-208432.5,318367.5,9.60855770111084
-208372.5,318367.5,10.396258354187012
-208312.5,318367.5,12.802396774291992
-208252.5,318367.5,11.890104293823242
-208192.5,318367.5,14.137785911560059
-208132.5,318367.5,15.670886993408203
-208072.5,318367.5,12.937409400939941
-208012.5,318367.5,13.032546043395996
-207952.5,318367.5,14.606522560119629
-207892.5,318367.5,14.933893203735352
-207832.5,318367.5,15.52662181854248
-207772.5,318367.5,13.342460632324219
-207712.5,318367.5,15.250909805297852
-207652.5,318367.5,15.177313804626465
-207592.5,318367.5,14.2891263961792
-207532.5,318367.5,15.22323226928711
-207472.5,318367.5,11.98429012298584
-207412.5,318367.5,12.930706977844238
-207352.5,318367.5,15.47001838684082
-207292.5,318367.5,11.147229194641113
-207232.5,318367.5,14.224042892456055
-207172.5,318367.5,15.094525337219238
-207112.5,318367.5,16.296024322509766
-207052.5,318367.5,14.941943168640137
-206992.5,318367.5,16.166229248046875
-206932.5,318367.5,15.982711791992188
-206872.5,318367.5,14.823969841003418
-206812.5,318367.5,14.312241554260254
-206752.5,318367.5,15.37060260772705
-206692.5,318367.5,16.317487716674805
-206632.5,318367.5,10.720149993896484
-206572.5,318367.5,12.778471946716309
-206512.5,318367.5,10.170624732971191
-206452.5,318367.5,6.970594882965088
-206392.5,318367.5,8.40889835357666
-206332.5,318367.5,7.84332799911499
-206272.5,318367.5,7.48063850402832
-206212.5,318367.5,6.623139381408691
-206152.5,318367.5,6.599801540374756
-206092.5,318367.5,6.566474914550781
-206032.5,318367.5,6.535882949829102
-205972.5,318367.5,6.581269264221191
-205912.5,318367.5,6.5386643409729
-205852.5,318367.5,6.504889965057373
-211672.5,318307.5,16.286285400390625
-211612.5,318307.5,15.984725952148438
-211552.5,318307.5,12.800881385803223
-211492.5,318307.5,9.689335823059082
-211432.5,318307.5,8.421120643615723
-211372.5,318307.5,7.317286491394043
-211312.5,318307.5,8.0245943069458
-211252.5,318307.5,10.784809112548828
-211192.5,318307.5,16.212627410888672
-211132.5,318307.5,13.613914489746094
-211072.5,318307.5,10.660725593566895
-211012.5,318307.5,11.030824661254883
-210952.5,318307.5,13.678437232971191
-210892.5,318307.5,13.504207611083984
-210832.5,318307.5,13.70496654510498
-210772.5,318307.5,12.728907585144043
-210712.5,318307.5,12.437121391296387
-210652.5,318307.5,9.234334945678711
-210592.5,318307.5,12.691943168640137
-210532.5,318307.5,13.365267753601074
-210472.5,318307.5,12.794105529785156
-210412.5,318307.5,11.869074821472168
-210352.5,318307.5,14.104132652282715
-210292.5,318307.5,15.017237663269043
-210232.5,318307.5,13.235389709472656
-210172.5,318307.5,8.923213958740234
-210112.5,318307.5,6.723840236663818
-210052.5,318307.5,8.270404815673828
-209992.5,318307.5,8.419677734375
-209932.5,318307.5,8.460783958435059
-209872.5,318307.5,15.070473670959473
-209812.5,318307.5,15.388659477233887
-209752.5,318307.5,16.413602828979492
-209692.5,318307.5,15.38134479522705
-209632.5,318307.5,13.28223705291748
-209572.5,318307.5,17.076875686645508
-209512.5,318307.5,16.25267791748047
-209452.5,318307.5,15.178442001342773
-209392.5,318307.5,12.526266098022461
-209332.5,318307.5,10.066388130187988
-209272.5,318307.5,13.788939476013184
-209212.5,318307.5,14.19825267791748
-209152.5,318307.5,14.6784029006958
-209092.5,318307.5,13.667099952697754
-209032.5,318307.5,14.155747413635254
-208972.5,318307.5,11.107491493225098
-208912.5,318307.5,10.674485206604004
-208852.5,318307.5,12.683486938476562
-208792.5,318307.5,14.379712104797363
-208732.5,318307.5,11.441838264465332
-208672.5,318307.5,5.637545585632324
-208612.5,318307.5,5.422091960906982
-208552.5,318307.5,3.8506696224212646
-208492.5,318307.5,4.264896869659424
-208432.5,318307.5,4.794423580169678
-208372.5,318307.5,5.7229814529418945
-208312.5,318307.5,6.269273281097412
-208252.5,318307.5,11.526016235351562
-208192.5,318307.5,13.570616722106934
-208132.5,318307.5,13.757450103759766
-208072.5,318307.5,14.605173110961914
-208012.5,318307.5,14.40234375
-207952.5,318307.5,13.37778091430664
-207892.5,318307.5,12.664200782775879
-207832.5,318307.5,15.45660400390625
-207772.5,318307.5,15.135616302490234
-207712.5,318307.5,15.5300874710083
-207652.5,318307.5,14.975287437438965
-207592.5,318307.5,11.747039794921875
-207532.5,318307.5,11.981245040893555
-207472.5,318307.5,15.457825660705566
-207412.5,318307.5,14.504141807556152
-207352.5,318307.5,13.735925674438477
-207292.5,318307.5,15.171456336975098
-207232.5,318307.5,15.032316207885742
-207172.5,318307.5,14.747217178344727
-207112.5,318307.5,14.328437805175781
-207052.5,318307.5,16.169572830200195
-206992.5,318307.5,15.3251953125
-206932.5,318307.5,13.728114128112793
-206872.5,318307.5,14.733403205871582
-206812.5,318307.5,14.796955108642578
-206752.5,318307.5,15.104252815246582
-206692.5,318307.5,11.20272445678711
-206632.5,318307.5,10.709012031555176
-206572.5,318307.5,13.464363098144531
-206512.5,318307.5,10.150934219360352
-206452.5,318307.5,6.98769474029541
-206392.5,318307.5,7.054394245147705
-206332.5,318307.5,7.465104103088379
-206272.5,318307.5,7.124899864196777
-206212.5,318307.5,6.695774078369141
-206152.5,318307.5,6.428170680999756
-206092.5,318307.5,6.397980213165283
-206032.5,318307.5,6.4291090965271
-205972.5,318307.5,6.419422626495361
-205912.5,318307.5,6.352531433105469
-205852.5,318307.5,6.286371231079102
-211672.5,318247.5,14.776044845581055
-211612.5,318247.5,13.012868881225586
-211552.5,318247.5,12.299310684204102
-211492.5,318247.5,7.8044209480285645
-211432.5,318247.5,5.29923152923584
-211372.5,318247.5,7.5520124435424805
-211312.5,318247.5,12.377273559570312
-211252.5,318247.5,15.3236665725708
-211192.5,318247.5,14.277527809143066
-211132.5,318247.5,15.027909278869629
-211072.5,318247.5,14.874052047729492
-211012.5,318247.5,8.420208930969238
-210952.5,318247.5,10.75793743133545
-210892.5,318247.5,12.943377494812012
-210832.5,318247.5,9.47435188293457
-210772.5,318247.5,11.309868812561035
-210712.5,318247.5,12.219226837158203
-210652.5,318247.5,10.735617637634277
-210592.5,318247.5,13.022712707519531
-210532.5,318247.5,12.180562019348145
-210472.5,318247.5,13.156819343566895
-210412.5,318247.5,11.37138557434082
-210352.5,318247.5,11.372267723083496
-210292.5,318247.5,14.629715919494629
-210232.5,318247.5,13.466972351074219
-210172.5,318247.5,13.217206954956055
-210112.5,318247.5,8.557605743408203
-210052.5,318247.5,8.149041175842285
-209992.5,318247.5,12.707967758178711
-209932.5,318247.5,12.454981803894043
-209872.5,318247.5,15.542046546936035
-209812.5,318247.5,16.367488861083984
-209752.5,318247.5,16.399093627929688
-209692.5,318247.5,15.574965476989746
-209632.5,318247.5,16.37127113342285
-209572.5,318247.5,17.493228912353516
-209512.5,318247.5,17.469228744506836
-209452.5,318247.5,13.994357109069824
-209392.5,318247.5,8.546258926391602
-209332.5,318247.5,9.339591979980469
-209272.5,318247.5,12.5211763381958
-209212.5,318247.5,12.222495079040527
-209152.5,318247.5,14.852864265441895
-209092.5,318247.5,14.67898178100586
-209032.5,318247.5,14.5648193359375
-208972.5,318247.5,15.482357025146484
-208912.5,318247.5,11.838668823242188
-208852.5,318247.5,11.397027969360352
-208792.5,318247.5,12.609725952148438
-208732.5,318247.5,9.080510139465332
-208672.5,318247.5,6.205977439880371
-208612.5,318247.5,4.655771732330322
-208552.5,318247.5,3.397749662399292
-208492.5,318247.5,3.2833456993103027
-208432.5,318247.5,4.976406574249268
-208372.5,318247.5,3.916954517364502
-208312.5,318247.5,4.607177257537842
-208252.5,318247.5,6.932223796844482
-208192.5,318247.5,9.513154029846191
-208132.5,318247.5,12.87704849243164
-208072.5,318247.5,14.365458488464355
-208012.5,318247.5,15.754148483276367
-207952.5,318247.5,14.704456329345703
-207892.5,318247.5,14.763335227966309
-207832.5,318247.5,15.270431518554688
-207772.5,318247.5,15.128843307495117
-207712.5,318247.5,14.716279983520508
-207652.5,318247.5,13.396947860717773
-207592.5,318247.5,14.64997386932373
-207532.5,318247.5,15.482068061828613
-207472.5,318247.5,12.139491081237793
-207412.5,318247.5,15.823602676391602
-207352.5,318247.5,11.676774978637695
-207292.5,318247.5,14.825986862182617
-207232.5,318247.5,14.115778923034668
-207172.5,318247.5,14.19798755645752
-207112.5,318247.5,11.363338470458984
-207052.5,318247.5,15.797270774841309
-206992.5,318247.5,14.382734298706055
-206932.5,318247.5,13.674859046936035
-206872.5,318247.5,14.467602729797363
-206812.5,318247.5,15.596951484680176
-206752.5,318247.5,15.481438636779785
-206692.5,318247.5,16.896055221557617
-206632.5,318247.5,12.850443840026855
-206572.5,318247.5,10.102798461914062
-206512.5,318247.5,8.464138984680176
-206452.5,318247.5,6.633620738983154
-206392.5,318247.5,6.995871067047119
-206332.5,318247.5,6.658377170562744
-206272.5,318247.5,6.61394739151001
-206212.5,318247.5,6.58929443359375
-206152.5,318247.5,6.400905132293701
-206092.5,318247.5,6.336840629577637
-206032.5,318247.5,6.315906524658203
-205972.5,318247.5,6.270913124084473
-205912.5,318247.5,6.183147430419922
-205852.5,318247.5,6.190033912658691
-211672.5,318187.5,13.747821807861328
-211612.5,318187.5,10.04044246673584
-211552.5,318187.5,7.9468464851379395
-211492.5,318187.5,9.446979522705078
-211432.5,318187.5,7.601695537567139
-211372.5,318187.5,12.818163871765137
-211312.5,318187.5,14.046380043029785
-211252.5,318187.5,13.566594123840332
-211192.5,318187.5,14.507938385009766
-211132.5,318187.5,16.580276489257812
-211072.5,318187.5,15.233733177185059
-211012.5,318187.5,13.824750900268555
-210952.5,318187.5,11.37026309967041
-210892.5,318187.5,10.469111442565918
-210832.5,318187.5,14.20244026184082
-210772.5,318187.5,10.521493911743164
-210712.5,318187.5,8.890722274780273
-210652.5,318187.5,12.302435874938965
-210592.5,318187.5,12.652078628540039
-210532.5,318187.5,8.507079124450684
-210472.5,318187.5,12.358524322509766
-210412.5,318187.5,14.603618621826172
-210352.5,318187.5,10.334282875061035
-210292.5,318187.5,14.09435749053955
-210232.5,318187.5,16.391733169555664
-210172.5,318187.5,13.670557022094727
-210112.5,318187.5,8.262094497680664
-210052.5,318187.5,13.9442720413208
-209992.5,318187.5,15.897552490234375
-209932.5,318187.5,13.548203468322754
-209872.5,318187.5,14.500327110290527
-209812.5,318187.5,16.19314193725586
-209752.5,318187.5,16.340545654296875
-209692.5,318187.5,16.596214294433594
-209632.5,318187.5,17.557809829711914
-209572.5,318187.5,17.153459548950195
-209512.5,318187.5,16.380529403686523
-209452.5,318187.5,13.831506729125977
-209392.5,318187.5,9.415966987609863
-209332.5,318187.5,7.9977030754089355
-209272.5,318187.5,11.216691017150879
-209212.5,318187.5,13.393203735351562
-209152.5,318187.5,10.404495239257812
-209092.5,318187.5,11.127559661865234
-209032.5,318187.5,13.904228210449219
-208972.5,318187.5,15.493489265441895
-208912.5,318187.5,12.985176086425781
-208852.5,318187.5,14.922345161437988
-208792.5,318187.5,14.643643379211426
-208732.5,318187.5,10.537359237670898
-208672.5,318187.5,5.835080623626709
-208612.5,318187.5,3.4025325775146484
-208552.5,318187.5,3.2465720176696777
-208492.5,318187.5,3.1450634002685547
-208432.5,318187.5,4.887246608734131
-208372.5,318187.5,3.423095941543579
-208312.5,318187.5,3.643162965774536
-208252.5,318187.5,3.733640670776367
-208192.5,318187.5,5.375369548797607
-208132.5,318187.5,5.720858097076416
-208072.5,318187.5,12.586737632751465
-208012.5,318187.5,14.197285652160645
-207952.5,318187.5,14.962201118469238
-207892.5,318187.5,12.924966812133789
-207832.5,318187.5,12.911725997924805
-207772.5,318187.5,14.546269416809082
-207712.5,318187.5,15.25367546081543
-207652.5,318187.5,13.304510116577148
-207592.5,318187.5,14.990164756774902
-207532.5,318187.5,15.527726173400879
-207472.5,318187.5,11.240814208984375
-207412.5,318187.5,16.14119529724121
-207352.5,318187.5,12.226375579833984
-207292.5,318187.5,12.56289291381836
-207232.5,318187.5,12.473353385925293
-207172.5,318187.5,14.825596809387207
-207112.5,318187.5,14.318532943725586
-207052.5,318187.5,15.498732566833496
-206992.5,318187.5,14.752755165100098
-206932.5,318187.5,14.690505027770996
-206872.5,318187.5,14.351775169372559
-206812.5,318187.5,15.178437232971191
-206752.5,318187.5,15.141968727111816
-206692.5,318187.5,12.446693420410156
-206632.5,318187.5,9.592753410339355
-206572.5,318187.5,9.065528869628906
-206512.5,318187.5,6.9878926277160645
-206452.5,318187.5,6.979263782501221
-206392.5,318187.5,6.13224458694458
-206332.5,318187.5,6.464955806732178
-206272.5,318187.5,6.603116512298584
-206212.5,318187.5,6.36920166015625
-206152.5,318187.5,6.3655195236206055
-206092.5,318187.5,6.272246360778809
-206032.5,318187.5,6.174315929412842
-205972.5,318187.5,6.166620254516602
-205912.5,318187.5,6.238986492156982
-205852.5,318187.5,6.283959865570068
-211672.5,318127.5,11.746713638305664
-211612.5,318127.5,13.262772560119629
-211552.5,318127.5,9.794585227966309
-211492.5,318127.5,12.339377403259277
-211432.5,318127.5,13.423415184020996
-211372.5,318127.5,15.816475868225098
-211312.5,318127.5,14.86323070526123
-211252.5,318127.5,13.953927040100098
-211192.5,318127.5,13.224884986877441
-211132.5,318127.5,15.790081977844238
-211072.5,318127.5,16.065139770507812
-211012.5,318127.5,13.861762046813965
-210952.5,318127.5,10.995882034301758
-210892.5,318127.5,12.665396690368652
-210832.5,318127.5,13.453590393066406
-210772.5,318127.5,11.353414535522461
-210712.5,318127.5,13.503426551818848
-210652.5,318127.5,9.687851905822754
-210592.5,318127.5,8.703780174255371
-210532.5,318127.5,11.955636978149414
-210472.5,318127.5,10.63609504699707
-210412.5,318127.5,10.284104347229004
-210352.5,318127.5,13.877629280090332
-210292.5,318127.5,14.674413681030273
-210232.5,318127.5,14.917061805725098
-210172.5,318127.5,9.003124237060547
-210112.5,318127.5,9.549623489379883
-210052.5,318127.5,13.239632606506348
-209992.5,318127.5,14.010478019714355
-209932.5,318127.5,15.797239303588867
-209872.5,318127.5,16.04685401916504
-209812.5,318127.5,16.115169525146484
-209752.5,318127.5,15.78282642364502
-209692.5,318127.5,16.37349510192871
-209632.5,318127.5,16.63475799560547
-209572.5,318127.5,16.665489196777344
-209512.5,318127.5,17.237262725830078
-209452.5,318127.5,14.527602195739746
-209392.5,318127.5,10.080755233764648
-209332.5,318127.5,9.023728370666504
-209272.5,318127.5,11.796550750732422
-209212.5,318127.5,7.374186038970947
-209152.5,318127.5,11.650704383850098
-209092.5,318127.5,9.102043151855469
-209032.5,318127.5,14.652202606201172
-208972.5,318127.5,14.515897750854492
-208912.5,318127.5,14.276362419128418
-208852.5,318127.5,11.085509300231934
-208792.5,318127.5,13.904001235961914
-208732.5,318127.5,12.2608003616333
-208672.5,318127.5,6.250730037689209
-208612.5,318127.5,4.144820213317871
-208552.5,318127.5,5.4715189933776855
-208492.5,318127.5,6.203314781188965
-208432.5,318127.5,6.339903831481934
-208372.5,318127.5,6.076045036315918
-208312.5,318127.5,6.206116199493408
-208252.5,318127.5,6.2332682609558105
-208192.5,318127.5,3.9385712146759033
-208132.5,318127.5,3.965972661972046
-208072.5,318127.5,5.799221992492676
-208012.5,318127.5,13.005875587463379
-207952.5,318127.5,13.69767951965332
-207892.5,318127.5,11.321965217590332
-207832.5,318127.5,12.819961547851562
-207772.5,318127.5,13.642475128173828
-207712.5,318127.5,15.312911033630371
-207652.5,318127.5,15.756169319152832
-207592.5,318127.5,15.308032035827637
-207532.5,318127.5,14.922927856445312
-207472.5,318127.5,15.465459823608398
-207412.5,318127.5,16.016033172607422
-207352.5,318127.5,16.750038146972656
-207292.5,318127.5,15.56065845489502
-207232.5,318127.5,15.476884841918945
-207172.5,318127.5,16.0035343170166
-207112.5,318127.5,14.159618377685547
-207052.5,318127.5,15.736186027526855
-206992.5,318127.5,13.382329940795898
-206932.5,318127.5,13.538701057434082
-206872.5,318127.5,12.240394592285156
-206812.5,318127.5,13.343814849853516
-206752.5,318127.5,8.8906888961792
-206692.5,318127.5,11.345486640930176
-206632.5,318127.5,8.264973640441895
-206572.5,318127.5,8.147608757019043
-206512.5,318127.5,7.604629039764404
-206452.5,318127.5,6.5201826095581055
-206392.5,318127.5,6.335883140563965
-206332.5,318127.5,6.465364933013916
-206272.5,318127.5,6.324679851531982
-206212.5,318127.5,6.275902271270752
-206152.5,318127.5,6.239404201507568
-206092.5,318127.5,6.173308372497559
-206032.5,318127.5,6.186880588531494
-205972.5,318127.5,6.173486232757568
-205912.5,318127.5,6.258039951324463
-205852.5,318127.5,6.264166831970215
-211672.5,318067.5,8.398837089538574
-211612.5,318067.5,13.275636672973633
-211552.5,318067.5,14.21548080444336
-211492.5,318067.5,10.650877952575684
-211432.5,318067.5,14.844038963317871
-211372.5,318067.5,15.223937034606934
-211312.5,318067.5,15.504611015319824
-211252.5,318067.5,12.697839736938477
-211192.5,318067.5,15.583428382873535
-211132.5,318067.5,16.406618118286133
-211072.5,318067.5,16.629573822021484
-211012.5,318067.5,16.97171974182129
-210952.5,318067.5,9.980439186096191
-210892.5,318067.5,13.374201774597168
-210832.5,318067.5,11.600711822509766
-210772.5,318067.5,11.56058406829834
-210712.5,318067.5,12.788256645202637
-210652.5,318067.5,9.262307167053223
-210592.5,318067.5,5.461399078369141
-210532.5,318067.5,7.155787467956543
-210472.5,318067.5,12.593743324279785
-210412.5,318067.5,13.283517837524414
-210352.5,318067.5,13.186873435974121
-210292.5,318067.5,12.33411693572998
-210232.5,318067.5,8.67564868927002
-210172.5,318067.5,10.109567642211914
-210112.5,318067.5,9.425788879394531
-210052.5,318067.5,14.240250587463379
-209992.5,318067.5,10.357281684875488
-209932.5,318067.5,15.103365898132324
-209872.5,318067.5,14.431525230407715
-209812.5,318067.5,16.480188369750977
-209752.5,318067.5,16.648908615112305
-209692.5,318067.5,17.317386627197266
-209632.5,318067.5,18.115697860717773
-209572.5,318067.5,16.588937759399414
-209512.5,318067.5,17.475378036499023
-209452.5,318067.5,17.26073455810547
-209392.5,318067.5,14.54096794128418
-209332.5,318067.5,12.688819885253906
-209272.5,318067.5,12.370343208312988
-209212.5,318067.5,7.835747718811035
-209152.5,318067.5,8.492608070373535
-209092.5,318067.5,13.422319412231445
-209032.5,318067.5,13.205483436584473
-208972.5,318067.5,13.8696928024292
-208912.5,318067.5,14.95640754699707
-208852.5,318067.5,13.692134857177734
-208792.5,318067.5,14.237090110778809
-208732.5,318067.5,10.398330688476562
-208672.5,318067.5,4.159677982330322
-208612.5,318067.5,3.319720506668091
-208552.5,318067.5,9.673550605773926
-208492.5,318067.5,6.94319486618042
-208432.5,318067.5,6.885056018829346
-208372.5,318067.5,10.095661163330078
-208312.5,318067.5,7.927720546722412
-208252.5,318067.5,5.770782947540283
-208192.5,318067.5,5.062045574188232
-208132.5,318067.5,4.028404712677002
-208072.5,318067.5,6.1597137451171875
-208012.5,318067.5,5.844416618347168
-207952.5,318067.5,13.06848430633545
-207892.5,318067.5,13.879936218261719
-207832.5,318067.5,13.033509254455566
-207772.5,318067.5,9.952558517456055
-207712.5,318067.5,15.698126792907715
-207652.5,318067.5,15.21898365020752
-207592.5,318067.5,14.616231918334961
-207532.5,318067.5,15.293733596801758
-207472.5,318067.5,13.59648323059082
-207412.5,318067.5,15.97365951538086
-207352.5,318067.5,13.592536926269531
-207292.5,318067.5,15.388221740722656
-207232.5,318067.5,14.855253219604492
-207172.5,318067.5,13.92861270904541
-207112.5,318067.5,10.287105560302734
-207052.5,318067.5,15.19986343383789
-206992.5,318067.5,14.683663368225098
-206932.5,318067.5,13.282352447509766
-206872.5,318067.5,9.571370124816895
-206812.5,318067.5,9.677721977233887
-206752.5,318067.5,9.520206451416016
-206692.5,318067.5,8.76809310913086
-206632.5,318067.5,8.303017616271973
-206572.5,318067.5,7.4707560539245605
-206512.5,318067.5,6.688931465148926
-206452.5,318067.5,6.495847702026367
-206392.5,318067.5,6.570006847381592
-206332.5,318067.5,6.368732929229736
-206272.5,318067.5,6.249586582183838
-206212.5,318067.5,6.213923931121826
-206152.5,318067.5,6.222947120666504
-206092.5,318067.5,6.205048561096191
-206032.5,318067.5,6.239137649536133
-205972.5,318067.5,6.24754524230957
-205912.5,318067.5,6.325255393981934
-205852.5,318067.5,6.406530380249023
-211672.5,318007.5,12.333070755004883
-211612.5,318007.5,15.179189682006836
-211552.5,318007.5,16.523231506347656
-211492.5,318007.5,13.549560546875
-211432.5,318007.5,10.821810722351074
-211372.5,318007.5,14.930438041687012
-211312.5,318007.5,14.136391639709473
-211252.5,318007.5,14.503575325012207
-211192.5,318007.5,15.717862129211426
-211132.5,318007.5,17.291492462158203
-211072.5,318007.5,14.985983848571777
-211012.5,318007.5,16.223018646240234
-210952.5,318007.5,14.192444801330566
-210892.5,318007.5,14.90571403503418
-210832.5,318007.5,8.977912902832031
-210772.5,318007.5,8.789606094360352
-210712.5,318007.5,13.301187515258789
-210652.5,318007.5,11.75710678100586
-210592.5,318007.5,8.479372024536133
-210532.5,318007.5,11.546130180358887
-210472.5,318007.5,11.360734939575195
-210412.5,318007.5,13.024476051330566
-210352.5,318007.5,12.920538902282715
-210292.5,318007.5,8.410799980163574
-210232.5,318007.5,14.472328186035156
-210172.5,318007.5,15.903153419494629
-210112.5,318007.5,15.59412956237793
-210052.5,318007.5,15.066302299499512
-209992.5,318007.5,17.10224723815918
-209932.5,318007.5,14.283720970153809
-209872.5,318007.5,15.996315002441406
-209812.5,318007.5,16.29302978515625
-209752.5,318007.5,16.092500686645508
-209692.5,318007.5,17.687320709228516
-209632.5,318007.5,16.512447357177734
-209572.5,318007.5,16.239580154418945
-209512.5,318007.5,17.290599822998047
-209452.5,318007.5,16.511272430419922
-209392.5,318007.5,16.267314910888672
-209332.5,318007.5,15.055334091186523
-209272.5,318007.5,11.797751426696777
-209212.5,318007.5,12.181449890136719
-209152.5,318007.5,12.260087013244629
-209092.5,318007.5,12.80135726928711
-209032.5,318007.5,13.661174774169922
-208972.5,318007.5,10.985787391662598
-208912.5,318007.5,13.844815254211426
-208852.5,318007.5,12.17869758605957
-208792.5,318007.5,13.37900161743164
-208732.5,318007.5,6.296456813812256
-208672.5,318007.5,4.988615989685059
-208612.5,318007.5,10.368265151977539
-208552.5,318007.5,10.04605484008789
-208492.5,318007.5,10.972386360168457
-208432.5,318007.5,10.327730178833008
-208372.5,318007.5,14.950944900512695
-208312.5,318007.5,7.992467880249023
-208252.5,318007.5,5.6460442543029785
-208192.5,318007.5,5.519564628601074
-208132.5,318007.5,5.400507926940918
-208072.5,318007.5,5.811010837554932
-208012.5,318007.5,4.064558029174805
-207952.5,318007.5,5.83979606628418
-207892.5,318007.5,9.243290901184082
-207832.5,318007.5,13.544156074523926
-207772.5,318007.5,15.02039623260498
-207712.5,318007.5,15.515704154968262
-207652.5,318007.5,14.480063438415527
-207592.5,318007.5,16.520912170410156
-207532.5,318007.5,15.624751091003418
-207472.5,318007.5,13.498030662536621
-207412.5,318007.5,15.438604354858398
-207352.5,318007.5,15.482926368713379
-207292.5,318007.5,14.967729568481445
-207232.5,318007.5,13.954571723937988
-207172.5,318007.5,13.677652359008789
-207112.5,318007.5,9.900938034057617
-207052.5,318007.5,14.252996444702148
-206992.5,318007.5,9.21672534942627
-206932.5,318007.5,10.472624778747559
-206872.5,318007.5,11.36802864074707
-206812.5,318007.5,9.031364440917969
-206752.5,318007.5,8.45882797241211
-206692.5,318007.5,7.9570207595825195
-206632.5,318007.5,7.2298903465271
-206572.5,318007.5,6.989806652069092
-206512.5,318007.5,6.737905979156494
-206452.5,318007.5,6.735475540161133
-206392.5,318007.5,6.42605447769165
-206332.5,318007.5,6.306978702545166
-206272.5,318007.5,6.282792568206787
-206212.5,318007.5,6.284512042999268
-206152.5,318007.5,6.276822090148926
-206092.5,318007.5,6.253828048706055
-206032.5,318007.5,6.28349494934082
-205972.5,318007.5,6.356013774871826
-205912.5,318007.5,6.276856899261475
-205852.5,318007.5,6.522486686706543
-211672.5,317947.5,13.7981595993042
-211612.5,317947.5,15.64016056060791
-211552.5,317947.5,15.85783863067627
-211492.5,317947.5,14.00296688079834
-211432.5,317947.5,11.914507865905762
-211372.5,317947.5,7.131110191345215
-211312.5,317947.5,10.113069534301758
-211252.5,317947.5,12.868896484375
-211192.5,317947.5,16.352272033691406
-211132.5,317947.5,14.591243743896484
-211072.5,317947.5,11.01610279083252
-211012.5,317947.5,15.236199378967285
-210952.5,317947.5,16.494524002075195
-210892.5,317947.5,14.590677261352539
-210832.5,317947.5,14.079251289367676
-210772.5,317947.5,12.910940170288086
-210712.5,317947.5,9.966541290283203
-210652.5,317947.5,12.85369873046875
-210592.5,317947.5,14.075698852539062
-210532.5,317947.5,14.356329917907715
-210472.5,317947.5,11.195703506469727
-210412.5,317947.5,14.132716178894043
-210352.5,317947.5,13.141218185424805
-210292.5,317947.5,11.853567123413086
-210232.5,317947.5,12.489757537841797
-210172.5,317947.5,10.0061616897583
-210112.5,317947.5,14.689372062683105
-210052.5,317947.5,15.479241371154785
-209992.5,317947.5,15.396416664123535
-209932.5,317947.5,16.29983139038086
-209872.5,317947.5,16.5886173248291
-209812.5,317947.5,16.443233489990234
-209752.5,317947.5,15.963045120239258
-209692.5,317947.5,16.469064712524414
-209632.5,317947.5,16.353120803833008
-209572.5,317947.5,17.1756591796875
-209512.5,317947.5,16.317968368530273
-209452.5,317947.5,16.258222579956055
-209392.5,317947.5,16.161985397338867
-209332.5,317947.5,14.86683464050293
-209272.5,317947.5,12.095475196838379
-209212.5,317947.5,12.195104598999023
-209152.5,317947.5,14.84823226928711
-209092.5,317947.5,13.045467376708984
-209032.5,317947.5,12.510703086853027
-208972.5,317947.5,15.211572647094727
-208912.5,317947.5,11.468669891357422
-208852.5,317947.5,12.929346084594727
-208792.5,317947.5,7.4253435134887695
-208732.5,317947.5,6.9156293869018555
-208672.5,317947.5,5.706450939178467
-208612.5,317947.5,8.341933250427246
-208552.5,317947.5,10.58867073059082
-208492.5,317947.5,12.36440372467041
-208432.5,317947.5,11.962723731994629
-208372.5,317947.5,10.861297607421875
-208312.5,317947.5,9.813254356384277
-208252.5,317947.5,7.402716159820557
-208192.5,317947.5,5.709388732910156
-208132.5,317947.5,12.045010566711426
-208072.5,317947.5,10.913763046264648
-208012.5,317947.5,6.348450660705566
-207952.5,317947.5,3.4351611137390137
-207892.5,317947.5,3.3005599975585938
-207832.5,317947.5,6.409298896789551
-207772.5,317947.5,12.971978187561035
-207712.5,317947.5,15.085319519042969
-207652.5,317947.5,14.69514274597168
-207592.5,317947.5,12.296483993530273
-207532.5,317947.5,14.172430038452148
-207472.5,317947.5,14.171557426452637
-207412.5,317947.5,9.720968246459961
-207352.5,317947.5,12.141032218933105
-207292.5,317947.5,11.080299377441406
-207232.5,317947.5,10.218894958496094
-207172.5,317947.5,5.408848285675049
-207112.5,317947.5,4.257981777191162
-207052.5,317947.5,5.7261433601379395
-206992.5,317947.5,3.1518611907958984
-206932.5,317947.5,6.781133651733398
-206872.5,317947.5,7.981459617614746
-206812.5,317947.5,6.384886264801025
-206752.5,317947.5,3.4620609283447266
-206692.5,317947.5,8.0281400680542
-206632.5,317947.5,11.638145446777344
-206572.5,317947.5,13.464310646057129
-206512.5,317947.5,13.934277534484863
-206452.5,317947.5,12.72217845916748
-206392.5,317947.5,12.893465042114258
-206332.5,317947.5,13.116157531738281
-206272.5,317947.5,13.41285228729248
-206212.5,317947.5,12.621785163879395
-206152.5,317947.5,13.57579517364502
-206092.5,317947.5,12.17366886138916
-206032.5,317947.5,11.492768287658691
-205972.5,317947.5,10.72714614868164
-205912.5,317947.5,11.3862886428833
-205852.5,317947.5,11.474628448486328
-211672.5,317887.5,14.591111183166504
-211612.5,317887.5,18.62003517150879
-211552.5,317887.5,16.099918365478516
-211492.5,317887.5,15.110957145690918
-211432.5,317887.5,11.953940391540527
-211372.5,317887.5,14.580806732177734
-211312.5,317887.5,10.472166061401367
-211252.5,317887.5,13.54702091217041
-211192.5,317887.5,14.039145469665527
-211132.5,317887.5,9.763632774353027
-211072.5,317887.5,14.502388954162598
-211012.5,317887.5,12.459707260131836
-210952.5,317887.5,14.006291389465332
-210892.5,317887.5,13.3309965133667
-210832.5,317887.5,11.008452415466309
-210772.5,317887.5,13.371978759765625
-210712.5,317887.5,13.653176307678223
-210652.5,317887.5,12.971050262451172
-210592.5,317887.5,14.909994125366211
-210532.5,317887.5,13.430861473083496
-210472.5,317887.5,14.754382133483887
-210412.5,317887.5,10.554468154907227
-210352.5,317887.5,8.679986953735352
-210292.5,317887.5,10.979569435119629
-210232.5,317887.5,13.610862731933594
-210172.5,317887.5,15.191325187683105
-210112.5,317887.5,11.7246732711792
-210052.5,317887.5,16.128082275390625
-209992.5,317887.5,13.915403366088867
-209932.5,317887.5,15.493914604187012
-209872.5,317887.5,17.505577087402344
-209812.5,317887.5,16.783466339111328
-209752.5,317887.5,15.403199195861816
-209692.5,317887.5,15.8944673538208
-209632.5,317887.5,15.254423141479492
-209572.5,317887.5,16.035898208618164
-209512.5,317887.5,15.357525825500488
-209452.5,317887.5,16.025814056396484
-209392.5,317887.5,14.437285423278809
-209332.5,317887.5,11.04151439666748
-209272.5,317887.5,13.708357810974121
-209212.5,317887.5,15.686186790466309
-209152.5,317887.5,12.640707969665527
-209092.5,317887.5,12.825276374816895
-209032.5,317887.5,11.009590148925781
-208972.5,317887.5,11.874337196350098
-208912.5,317887.5,13.95776081085205
-208852.5,317887.5,11.480101585388184
-208792.5,317887.5,8.073590278625488
-208732.5,317887.5,6.919105529785156
-208672.5,317887.5,6.294056415557861
-208612.5,317887.5,11.811922073364258
-208552.5,317887.5,12.107117652893066
-208492.5,317887.5,12.157416343688965
-208432.5,317887.5,13.36755084991455
-208372.5,317887.5,13.476555824279785
-208312.5,317887.5,14.336959838867188
-208252.5,317887.5,13.21263313293457
-208192.5,317887.5,9.559864044189453
-208132.5,317887.5,15.00347900390625
-208072.5,317887.5,11.101263999938965
-208012.5,317887.5,6.97438383102417
-207952.5,317887.5,5.193150997161865
-207892.5,317887.5,5.603133678436279
-207832.5,317887.5,3.3531081676483154
-207772.5,317887.5,6.5043206214904785
-207712.5,317887.5,13.233981132507324
-207652.5,317887.5,14.80694580078125
-207592.5,317887.5,14.931018829345703
-207532.5,317887.5,15.8981294631958
-207472.5,317887.5,12.566391944885254
-207412.5,317887.5,10.286803245544434
-207352.5,317887.5,9.330276489257812
-207292.5,317887.5,9.412007331848145
-207232.5,317887.5,5.81477165222168
-207172.5,317887.5,4.776633262634277
-207112.5,317887.5,3.8103830814361572
-207052.5,317887.5,4.9362874031066895
-206992.5,317887.5,6.257725715637207
-206932.5,317887.5,8.170751571655273
-206872.5,317887.5,6.670433521270752
-206812.5,317887.5,3.2420904636383057
-206752.5,317887.5,5.593738079071045
-206692.5,317887.5,11.792710304260254
-206632.5,317887.5,13.852864265441895
-206572.5,317887.5,14.642080307006836
-206512.5,317887.5,14.26347541809082
-206452.5,317887.5,12.99354362487793
-206392.5,317887.5,15.166378021240234
-206332.5,317887.5,15.038673400878906
-206272.5,317887.5,13.892672538757324
-206212.5,317887.5,12.576693534851074
-206152.5,317887.5,9.986530303955078
-206092.5,317887.5,11.300492286682129
-206032.5,317887.5,11.995606422424316
-205972.5,317887.5,11.682591438293457
-205912.5,317887.5,11.231697082519531
-205852.5,317887.5,12.135217666625977
-211672.5,317827.5,9.067546844482422
-211612.5,317827.5,12.975898742675781
-211552.5,317827.5,9.289725303649902
-211492.5,317827.5,13.35756778717041
-211432.5,317827.5,15.159894943237305
-211372.5,317827.5,17.23851203918457
-211312.5,317827.5,15.566479682922363
-211252.5,317827.5,16.772672653198242
-211192.5,317827.5,10.95197582244873
-211132.5,317827.5,14.906732559204102
-211072.5,317827.5,14.184518814086914
-211012.5,317827.5,14.524962425231934
-210952.5,317827.5,16.27889060974121
-210892.5,317827.5,14.805257797241211
-210832.5,317827.5,14.999082565307617
-210772.5,317827.5,15.197099685668945
-210712.5,317827.5,12.792558670043945
-210652.5,317827.5,15.958413124084473
-210592.5,317827.5,14.526792526245117
-210532.5,317827.5,13.667102813720703
-210472.5,317827.5,10.4514799118042
-210412.5,317827.5,7.788772106170654
-210352.5,317827.5,9.742107391357422
-210292.5,317827.5,13.693022727966309
-210232.5,317827.5,12.920164108276367
-210172.5,317827.5,10.511394500732422
-210112.5,317827.5,14.916374206542969
-210052.5,317827.5,15.360129356384277
-209992.5,317827.5,13.908828735351562
-209932.5,317827.5,15.844839096069336
-209872.5,317827.5,16.410131454467773
-209812.5,317827.5,16.15693473815918
-209752.5,317827.5,15.789417266845703
-209692.5,317827.5,12.902677536010742
-209632.5,317827.5,12.939800262451172
-209572.5,317827.5,14.338120460510254
-209512.5,317827.5,15.642193794250488
-209452.5,317827.5,15.749387741088867
-209392.5,317827.5,15.494462013244629
-209332.5,317827.5,13.721939086914062
-209272.5,317827.5,11.939157485961914
-209212.5,317827.5,10.122888565063477
-209152.5,317827.5,12.323709487915039
-209092.5,317827.5,13.790183067321777
-209032.5,317827.5,8.27995491027832
-208972.5,317827.5,8.480093002319336
-208912.5,317827.5,10.096879005432129
-208852.5,317827.5,8.508702278137207
-208792.5,317827.5,10.54393196105957
-208732.5,317827.5,10.212944030761719
-208672.5,317827.5,8.472646713256836
-208612.5,317827.5,10.740174293518066
-208552.5,317827.5,13.282493591308594
-208492.5,317827.5,11.075028419494629
-208432.5,317827.5,15.297163009643555
-208372.5,317827.5,12.824947357177734
-208312.5,317827.5,13.018031120300293
-208252.5,317827.5,12.074420928955078
-208192.5,317827.5,15.358150482177734
-208132.5,317827.5,13.904300689697266
-208072.5,317827.5,13.603684425354004
-208012.5,317827.5,10.233903884887695
-207952.5,317827.5,6.942535877227783
-207892.5,317827.5,4.140782833099365
-207832.5,317827.5,2.930300712585449
-207772.5,317827.5,2.8930788040161133
-207712.5,317827.5,5.777050018310547
-207652.5,317827.5,11.603726387023926
-207592.5,317827.5,13.1625337600708
-207532.5,317827.5,13.215747833251953
-207472.5,317827.5,12.738383293151855
-207412.5,317827.5,10.898566246032715
-207352.5,317827.5,4.583611965179443
-207292.5,317827.5,3.6294825077056885
-207232.5,317827.5,3.085465431213379
-207172.5,317827.5,5.045176982879639
-207112.5,317827.5,4.973929405212402
-207052.5,317827.5,4.797741889953613
-206992.5,317827.5,5.535219192504883
-206932.5,317827.5,5.5890793800354
-206872.5,317827.5,10.123190879821777
-206812.5,317827.5,8.149948120117188
-206752.5,317827.5,11.951749801635742
-206692.5,317827.5,12.927268981933594
-206632.5,317827.5,12.92893123626709
-206572.5,317827.5,12.046355247497559
-206512.5,317827.5,10.08406925201416
-206452.5,317827.5,13.579209327697754
-206392.5,317827.5,13.716320037841797
-206332.5,317827.5,13.408706665039062
-206272.5,317827.5,13.291147232055664
-206212.5,317827.5,11.087233543395996
-206152.5,317827.5,11.277769088745117
-206092.5,317827.5,11.688109397888184
-206032.5,317827.5,10.375869750976562
-205972.5,317827.5,10.18803596496582
-205912.5,317827.5,9.538018226623535
-205852.5,317827.5,10.487092971801758
-211672.5,317767.5,7.201107978820801
-211612.5,317767.5,13.52149486541748
-211552.5,317767.5,15.424270629882812
-211492.5,317767.5,13.129347801208496
-211432.5,317767.5,15.573115348815918
-211372.5,317767.5,16.338314056396484
-211312.5,317767.5,17.92702293395996
-211252.5,317767.5,16.24409294128418
-211192.5,317767.5,13.926959037780762
-211132.5,317767.5,12.294469833374023
-211072.5,317767.5,12.209834098815918
-211012.5,317767.5,16.038593292236328
-210952.5,317767.5,15.659561157226562
-210892.5,317767.5,16.51108741760254
-210832.5,317767.5,13.881622314453125
-210772.5,317767.5,11.299776077270508
-210712.5,317767.5,15.105326652526855
-210652.5,317767.5,14.849350929260254
-210592.5,317767.5,12.6245698928833
-210532.5,317767.5,12.093822479248047
-210472.5,317767.5,7.451016902923584
-210412.5,317767.5,7.8313374519348145
-210352.5,317767.5,12.963865280151367
-210292.5,317767.5,13.153756141662598
-210232.5,317767.5,10.958498001098633
-210172.5,317767.5,7.591494083404541
-210112.5,317767.5,10.94931697845459
-210052.5,317767.5,13.924101829528809
-209992.5,317767.5,13.022743225097656
-209932.5,317767.5,12.496285438537598
-209872.5,317767.5,14.204911231994629
-209812.5,317767.5,16.24349021911621
-209752.5,317767.5,16.272035598754883
-209692.5,317767.5,14.542304992675781
-209632.5,317767.5,17.19025993347168
-209572.5,317767.5,10.050930976867676
-209512.5,317767.5,13.070362091064453
-209452.5,317767.5,14.885289192199707
-209392.5,317767.5,12.388516426086426
-209332.5,317767.5,15.667892456054688
-209272.5,317767.5,14.22802734375
-209212.5,317767.5,13.54638671875
-209152.5,317767.5,16.93996810913086
-209092.5,317767.5,10.79115104675293
-209032.5,317767.5,13.612320899963379
-208972.5,317767.5,12.8951997756958
-208912.5,317767.5,14.23966121673584
-208852.5,317767.5,10.15145492553711
-208792.5,317767.5,6.383503437042236
-208732.5,317767.5,5.818185806274414
-208672.5,317767.5,6.242023944854736
-208612.5,317767.5,12.287349700927734
-208552.5,317767.5,13.571285247802734
-208492.5,317767.5,13.871702194213867
-208432.5,317767.5,13.416170120239258
-208372.5,317767.5,11.304789543151855
-208312.5,317767.5,10.10258674621582
-208252.5,317767.5,8.558722496032715
-208192.5,317767.5,10.98349380493164
-208132.5,317767.5,12.816818237304688
-208072.5,317767.5,10.85482406616211
-208012.5,317767.5,13.182327270507812
-207952.5,317767.5,10.196939468383789
-207892.5,317767.5,3.7030277252197266
-207832.5,317767.5,3.1860005855560303
-207772.5,317767.5,3.2963361740112305
-207712.5,317767.5,3.4539480209350586
-207652.5,317767.5,3.2667644023895264
-207592.5,317767.5,5.76448917388916
-207532.5,317767.5,5.509116172790527
-207472.5,317767.5,5.361486434936523
-207412.5,317767.5,3.125833511352539
-207352.5,317767.5,3.2487106323242188
-207292.5,317767.5,4.896231651306152
-207232.5,317767.5,3.466695785522461
-207172.5,317767.5,4.150306224822998
-207112.5,317767.5,5.393869876861572
-207052.5,317767.5,5.533722400665283
-206992.5,317767.5,5.65595006942749
-206932.5,317767.5,5.013320446014404
-206872.5,317767.5,10.826868057250977
-206812.5,317767.5,13.867653846740723
-206752.5,317767.5,14.64448356628418
-206692.5,317767.5,9.30715560913086
-206632.5,317767.5,12.327129364013672
-206572.5,317767.5,12.748857498168945
-206512.5,317767.5,10.558066368103027
-206452.5,317767.5,9.937893867492676
-206392.5,317767.5,10.74201488494873
-206332.5,317767.5,10.05919361114502
-206272.5,317767.5,10.956920623779297
-206212.5,317767.5,10.471962928771973
-206152.5,317767.5,10.371183395385742
-206092.5,317767.5,9.644383430480957
-205912.5,317767.5,8.845640182495117
-211672.5,317707.5,7.295263767242432
-211612.5,317707.5,7.989192008972168
-211552.5,317707.5,14.227840423583984
-211492.5,317707.5,10.413087844848633
-211432.5,317707.5,17.526317596435547
-211372.5,317707.5,15.236641883850098
-211312.5,317707.5,11.236113548278809
-211252.5,317707.5,13.88603687286377
-211192.5,317707.5,15.326217651367188
-211132.5,317707.5,15.839215278625488
-211072.5,317707.5,15.09925651550293
-211012.5,317707.5,12.684761047363281
-210952.5,317707.5,15.355340957641602
-210892.5,317707.5,15.861381530761719
-210832.5,317707.5,15.489228248596191
-210772.5,317707.5,14.68102741241455
-210712.5,317707.5,13.809678077697754
-210652.5,317707.5,14.249222755432129
-210592.5,317707.5,12.899252891540527
-210532.5,317707.5,7.585399627685547
-210472.5,317707.5,7.538434028625488
-210412.5,317707.5,10.947629928588867
-210352.5,317707.5,12.078497886657715
-210292.5,317707.5,14.507203102111816
-210232.5,317707.5,13.29780101776123
-210172.5,317707.5,8.037532806396484
-210112.5,317707.5,10.344259262084961
-210052.5,317707.5,13.066625595092773
-209992.5,317707.5,13.344619750976562
-209932.5,317707.5,11.846200942993164
-209872.5,317707.5,15.875360488891602
-209812.5,317707.5,15.834291458129883
-209752.5,317707.5,16.34140396118164
-209692.5,317707.5,15.77610969543457
-209632.5,317707.5,16.62090492248535
-209572.5,317707.5,13.928547859191895
-209512.5,317707.5,9.417807579040527
-209452.5,317707.5,14.395215034484863
-209392.5,317707.5,15.82938003540039
-209332.5,317707.5,12.052255630493164
-209272.5,317707.5,14.336653709411621
-209212.5,317707.5,9.116177558898926
-209152.5,317707.5,14.428807258605957
-209092.5,317707.5,12.420607566833496
-209032.5,317707.5,12.460219383239746
-208972.5,317707.5,14.206743240356445
-208912.5,317707.5,15.886357307434082
-208852.5,317707.5,14.39860725402832
-208792.5,317707.5,9.003436088562012
-208732.5,317707.5,6.125735759735107
-208672.5,317707.5,6.423550128936768
-208612.5,317707.5,8.631366729736328
-208552.5,317707.5,7.075607776641846
-208492.5,317707.5,8.453252792358398
-208432.5,317707.5,10.083565711975098
-208372.5,317707.5,12.825105667114258
-208312.5,317707.5,13.368612289428711
-208252.5,317707.5,13.724918365478516
-208192.5,317707.5,14.159140586853027
-208132.5,317707.5,13.762036323547363
-208072.5,317707.5,14.462124824523926
-208012.5,317707.5,11.483771324157715
-207952.5,317707.5,11.709793090820312
-207892.5,317707.5,6.26115608215332
-207832.5,317707.5,3.5061733722686768
-207772.5,317707.5,3.062690496444702
-207712.5,317707.5,3.395928382873535
-207652.5,317707.5,4.776647090911865
-207592.5,317707.5,3.385702610015869
-207532.5,317707.5,3.4757158756256104
-207472.5,317707.5,5.740455627441406
-207412.5,317707.5,5.274963855743408
-207352.5,317707.5,5.14682674407959
-207292.5,317707.5,5.141165256500244
-207232.5,317707.5,5.32490873336792
-207172.5,317707.5,7.057069778442383
-207112.5,317707.5,12.330147743225098
-207052.5,317707.5,10.638484001159668
-206992.5,317707.5,11.83746337890625
-206932.5,317707.5,7.33543586730957
-206872.5,317707.5,8.46707820892334
-206812.5,317707.5,16.202810287475586
-206752.5,317707.5,13.467945098876953
-206692.5,317707.5,14.72419548034668
-206632.5,317707.5,12.073270797729492
-206572.5,317707.5,12.000999450683594
-206512.5,317707.5,11.420594215393066
-206452.5,317707.5,11.035344123840332
-206392.5,317707.5,11.146308898925781
-205912.5,317707.5,8.980856895446777
-211672.5,317647.5,7.853842258453369
-211612.5,317647.5,5.082777500152588
-211552.5,317647.5,13.061894416809082
-211492.5,317647.5,14.95180892944336
-211432.5,317647.5,13.947022438049316
-211372.5,317647.5,12.793279647827148
-211312.5,317647.5,13.675230979919434
-211252.5,317647.5,15.905462265014648
-211192.5,317647.5,15.124131202697754
-211132.5,317647.5,14.416781425476074
-211072.5,317647.5,14.284730911254883
-211012.5,317647.5,15.284010887145996
-210952.5,317647.5,10.881600379943848
-210892.5,317647.5,15.307271003723145
-210832.5,317647.5,17.32169532775879
-210772.5,317647.5,14.080541610717773
-210712.5,317647.5,12.548047065734863
-210652.5,317647.5,14.332937240600586
-210592.5,317647.5,10.564778327941895
-210532.5,317647.5,7.362179756164551
-210472.5,317647.5,8.950273513793945
-210412.5,317647.5,12.827539443969727
-210352.5,317647.5,13.525544166564941
-210292.5,317647.5,14.878032684326172
-210232.5,317647.5,13.762543678283691
-210172.5,317647.5,12.437725067138672
-210112.5,317647.5,9.773629188537598
-210052.5,317647.5,13.91628646850586
-209992.5,317647.5,14.838582992553711
-209932.5,317647.5,16.100065231323242
-209872.5,317647.5,12.515602111816406
-209812.5,317647.5,13.028852462768555
-209752.5,317647.5,17.247177124023438
-209692.5,317647.5,15.910052299499512
-209632.5,317647.5,14.27061939239502
-209572.5,317647.5,10.009401321411133
-209512.5,317647.5,14.625905990600586
-209452.5,317647.5,13.978555679321289
-209392.5,317647.5,10.767742156982422
-209332.5,317647.5,9.038132667541504
-209272.5,317647.5,12.294342994689941
-209212.5,317647.5,13.989294052124023
-209152.5,317647.5,12.6002836227417
-209092.5,317647.5,11.813407897949219
-209032.5,317647.5,10.092778205871582
-208972.5,317647.5,9.869877815246582
-208912.5,317647.5,12.498451232910156
-208852.5,317647.5,13.771352767944336
-208792.5,317647.5,12.593605995178223
-208732.5,317647.5,7.422167778015137
-208672.5,317647.5,5.573014736175537
-208612.5,317647.5,4.232242107391357
-208552.5,317647.5,9.204997062683105
-208492.5,317647.5,11.494014739990234
-208432.5,317647.5,10.373744010925293
-208372.5,317647.5,11.118102073669434
-208312.5,317647.5,13.105144500732422
-208252.5,317647.5,14.157764434814453
-208192.5,317647.5,15.357685089111328
-208132.5,317647.5,14.873991012573242
-208072.5,317647.5,14.366189002990723
-208012.5,317647.5,14.129390716552734
-207952.5,317647.5,8.788775444030762
-207892.5,317647.5,11.197797775268555
-207832.5,317647.5,6.847966194152832
-207772.5,317647.5,5.268792629241943
-207712.5,317647.5,5.474623203277588
-207652.5,317647.5,8.849943161010742
-207592.5,317647.5,3.4799365997314453
-207532.5,317647.5,2.992563486099243
-207472.5,317647.5,4.600226879119873
-207412.5,317647.5,5.30369758605957
-207352.5,317647.5,8.390649795532227
-207292.5,317647.5,10.574384689331055
-207232.5,317647.5,10.361651420593262
-207172.5,317647.5,9.928523063659668
-207112.5,317647.5,8.923649787902832
-207052.5,317647.5,11.393927574157715
-206992.5,317647.5,14.656960487365723
-206932.5,317647.5,13.148594856262207
-206872.5,317647.5,13.309490203857422
-206812.5,317647.5,15.022546768188477
-206752.5,317647.5,15.453429222106934
-206692.5,317647.5,15.588438987731934
-206632.5,317647.5,12.831685066223145
-206572.5,317647.5,11.85779094696045
-205912.5,317647.5,8.644436836242676
-211672.5,317587.5,8.1426420211792
-211612.5,317587.5,6.677803993225098
-211552.5,317587.5,7.4142746925354
-211492.5,317587.5,13.09182071685791
-211432.5,317587.5,12.7185640335083
-211372.5,317587.5,16.85698699951172
-211312.5,317587.5,12.326342582702637
-211252.5,317587.5,15.383316040039062
-211192.5,317587.5,15.41002082824707
-211132.5,317587.5,13.716958999633789
-211072.5,317587.5,14.974815368652344
-211012.5,317587.5,15.073726654052734
-210952.5,317587.5,16.128116607666016
-210892.5,317587.5,16.457616806030273
-210832.5,317587.5,11.150497436523438
-210772.5,317587.5,15.138327598571777
-210712.5,317587.5,15.229596138000488
-210652.5,317587.5,10.825352668762207
-210592.5,317587.5,8.234294891357422
-210532.5,317587.5,9.644119262695312
-210472.5,317587.5,11.170096397399902
-210412.5,317587.5,14.499431610107422
-210352.5,317587.5,13.823634147644043
-210292.5,317587.5,14.907374382019043
-210232.5,317587.5,11.733306884765625
-210172.5,317587.5,12.676070213317871
-210112.5,317587.5,13.72408676147461
-210052.5,317587.5,13.435577392578125
-209992.5,317587.5,15.300516128540039
-209932.5,317587.5,11.971885681152344
-209872.5,317587.5,14.766879081726074
-209812.5,317587.5,15.193839073181152
-209752.5,317587.5,16.22372055053711
-209692.5,317587.5,16.33891487121582
-209632.5,317587.5,15.293320655822754
-209572.5,317587.5,14.48176383972168
-209512.5,317587.5,14.46850872039795
-209452.5,317587.5,14.81127643585205
-209392.5,317587.5,12.912506103515625
-209332.5,317587.5,12.897414207458496
-209272.5,317587.5,12.197927474975586
-209212.5,317587.5,12.718857765197754
-209152.5,317587.5,9.056429862976074
-209092.5,317587.5,8.290939331054688
-209032.5,317587.5,10.871681213378906
-208972.5,317587.5,9.351037979125977
-208912.5,317587.5,10.04515266418457
-208852.5,317587.5,11.066927909851074
-208792.5,317587.5,11.711639404296875
-208732.5,317587.5,5.041966915130615
-208672.5,317587.5,5.64727783203125
-208612.5,317587.5,5.751330852508545
-208552.5,317587.5,14.174676895141602
-208492.5,317587.5,15.551280975341797
-208432.5,317587.5,9.622514724731445
-208372.5,317587.5,8.19518756866455
-208312.5,317587.5,10.333740234375
-208252.5,317587.5,10.667487144470215
-208192.5,317587.5,8.751910209655762
-208132.5,317587.5,12.083324432373047
-208072.5,317587.5,14.711006164550781
-208012.5,317587.5,14.43035888671875
-207952.5,317587.5,11.434499740600586
-207892.5,317587.5,10.36314582824707
-207832.5,317587.5,12.710288047790527
-207772.5,317587.5,7.8199143409729
-207712.5,317587.5,7.1119232177734375
-207652.5,317587.5,6.737589359283447
-207592.5,317587.5,4.725375175476074
-207532.5,317587.5,5.698412895202637
-207472.5,317587.5,5.397085666656494
-207412.5,317587.5,12.309210777282715
-207352.5,317587.5,15.022464752197266
-207292.5,317587.5,12.702171325683594
-207232.5,317587.5,11.462723731994629
-207172.5,317587.5,10.128623008728027
-207112.5,317587.5,8.027024269104004
-207052.5,317587.5,11.70732593536377
-206992.5,317587.5,15.456140518188477
-206932.5,317587.5,15.21186351776123
-206872.5,317587.5,14.39953327178955
-206812.5,317587.5,13.915984153747559
-206752.5,317587.5,15.206536293029785
-206692.5,317587.5,15.615984916687012
-206632.5,317587.5,11.99053955078125
-206572.5,317587.5,11.275935173034668
-206512.5,317587.5,11.518911361694336
-206452.5,317587.5,9.251246452331543
-211672.5,317527.5,7.435431957244873
-211612.5,317527.5,8.606643676757812
-211552.5,317527.5,6.336371898651123
-211492.5,317527.5,8.998416900634766
-211432.5,317527.5,12.859016418457031
-211372.5,317527.5,10.739089965820312
-211312.5,317527.5,15.65250301361084
-211252.5,317527.5,15.20727252960205
-211192.5,317527.5,16.064836502075195
-211132.5,317527.5,15.38382339477539
-211072.5,317527.5,14.218376159667969
-211012.5,317527.5,15.286051750183105
-210952.5,317527.5,14.869656562805176
-210892.5,317527.5,13.895606994628906
-210832.5,317527.5,13.802190780639648
-210772.5,317527.5,10.626026153564453
-210712.5,317527.5,13.6712646484375
-210652.5,317527.5,9.293537139892578
-210592.5,317527.5,8.588879585266113
-210532.5,317527.5,13.546257972717285
-210472.5,317527.5,14.014275550842285
-210412.5,317527.5,15.015953063964844
-210352.5,317527.5,13.96348762512207
-210292.5,317527.5,10.91878604888916
-210232.5,317527.5,14.393667221069336
-210172.5,317527.5,15.359898567199707
-210112.5,317527.5,9.363286972045898
-210052.5,317527.5,10.364660263061523
-209992.5,317527.5,14.350509643554688
-209932.5,317527.5,17.231311798095703
-209872.5,317527.5,14.611344337463379
-209812.5,317527.5,12.252842903137207
-209752.5,317527.5,12.549308776855469
-209692.5,317527.5,16.420021057128906
-209632.5,317527.5,14.922927856445312
-209572.5,317527.5,15.066049575805664
-209512.5,317527.5,12.061195373535156
-209452.5,317527.5,14.956880569458008
-209392.5,317527.5,11.508347511291504
-209332.5,317527.5,12.02560806274414
-209272.5,317527.5,12.139932632446289
-209212.5,317527.5,11.230340957641602
-209152.5,317527.5,7.1226372718811035
-209092.5,317527.5,7.688133239746094
-209032.5,317527.5,8.229209899902344
-208972.5,317527.5,9.957162857055664
-208912.5,317527.5,7.110219478607178
-208852.5,317527.5,10.815417289733887
-208792.5,317527.5,6.475318431854248
-208732.5,317527.5,4.233678817749023
-208672.5,317527.5,3.3935577869415283
-208612.5,317527.5,9.37632942199707
-208552.5,317527.5,14.979988098144531
-208492.5,317527.5,15.681861877441406
-208432.5,317527.5,10.093381881713867
-208372.5,317527.5,6.703380107879639
-208312.5,317527.5,5.135711669921875
-208252.5,317527.5,4.559387683868408
-208192.5,317527.5,7.422967910766602
-208132.5,317527.5,11.871737480163574
-208072.5,317527.5,9.025321960449219
-208012.5,317527.5,13.399057388305664
-207952.5,317527.5,14.042049407958984
-207892.5,317527.5,14.114025115966797
-207832.5,317527.5,14.068806648254395
-207772.5,317527.5,13.238125801086426
-207712.5,317527.5,11.618036270141602
-207652.5,317527.5,7.754528522491455
-207592.5,317527.5,10.888384819030762
-207532.5,317527.5,7.047970294952393
-207472.5,317527.5,11.372457504272461
-207412.5,317527.5,11.825627326965332
-207352.5,317527.5,12.024601936340332
-207292.5,317527.5,14.313891410827637
-207232.5,317527.5,14.855055809020996
-207172.5,317527.5,13.026712417602539
-207112.5,317527.5,11.96098518371582
-207052.5,317527.5,15.079106330871582
-206992.5,317527.5,15.874181747436523
-206932.5,317527.5,13.818601608276367
-206872.5,317527.5,13.835615158081055
-206812.5,317527.5,12.74007797241211
-206752.5,317527.5,15.487430572509766
-206692.5,317527.5,13.712294578552246
-206632.5,317527.5,13.660930633544922
-206572.5,317527.5,13.522411346435547
-206512.5,317527.5,13.62909984588623
-206452.5,317527.5,11.83696460723877
-206392.5,317527.5,10.361385345458984
-206332.5,317527.5,12.379436492919922
-206272.5,317527.5,8.183903694152832
-206212.5,317527.5,8.052163124084473
-205852.5,317527.5,8.15807819366455
-211672.5,317467.5,12.035429954528809
-211612.5,317467.5,8.373601913452148
-211552.5,317467.5,7.346430778503418
-211492.5,317467.5,8.173589706420898
-211432.5,317467.5,12.384804725646973
-211372.5,317467.5,12.926268577575684
-211312.5,317467.5,12.586200714111328
-211252.5,317467.5,14.915559768676758
-211192.5,317467.5,15.336882591247559
-211132.5,317467.5,14.45612907409668
-211072.5,317467.5,14.373655319213867
-211012.5,317467.5,15.157059669494629
-210952.5,317467.5,15.076985359191895
-210892.5,317467.5,15.062078475952148
-210832.5,317467.5,12.510987281799316
-210772.5,317467.5,14.577470779418945
-210712.5,317467.5,9.431781768798828
-210652.5,317467.5,11.084729194641113
-210592.5,317467.5,12.744512557983398
-210532.5,317467.5,12.791094779968262
-210472.5,317467.5,14.392983436584473
-210412.5,317467.5,11.265968322753906
-210352.5,317467.5,12.872570991516113
-210292.5,317467.5,14.91401195526123
-210232.5,317467.5,14.228631973266602
-210172.5,317467.5,10.029097557067871
-210112.5,317467.5,9.888158798217773
-210052.5,317467.5,10.134190559387207
-209992.5,317467.5,13.929884910583496
-209932.5,317467.5,15.574453353881836
-209872.5,317467.5,12.42358112335205
-209812.5,317467.5,14.917275428771973
-209752.5,317467.5,12.434771537780762
-209692.5,317467.5,12.077071189880371
-209632.5,317467.5,15.694743156433105
-209572.5,317467.5,15.30620288848877
-209512.5,317467.5,14.25597095489502
-209452.5,317467.5,11.653260231018066
-209392.5,317467.5,13.625527381896973
-209332.5,317467.5,10.317569732666016
-209272.5,317467.5,10.842371940612793
-209212.5,317467.5,8.645620346069336
-209152.5,317467.5,8.068406105041504
-209092.5,317467.5,8.078499794006348
-209032.5,317467.5,8.074517250061035
-208972.5,317467.5,8.032515525817871
-208912.5,317467.5,9.287524223327637
-208852.5,317467.5,6.077302932739258
-208792.5,317467.5,5.269852638244629
-208732.5,317467.5,5.841772556304932
-208672.5,317467.5,4.163654804229736
-208612.5,317467.5,12.501113891601562
-208552.5,317467.5,15.970471382141113
-208492.5,317467.5,11.92549991607666
-208432.5,317467.5,12.212627410888672
-208372.5,317467.5,7.828451156616211
-208312.5,317467.5,8.279749870300293
-208252.5,317467.5,6.371063709259033
-208192.5,317467.5,5.2496232986450195
-208132.5,317467.5,5.989274978637695
-208072.5,317467.5,12.260486602783203
-208012.5,317467.5,14.02271556854248
-207952.5,317467.5,12.628853797912598
-207892.5,317467.5,15.64795207977295
-207832.5,317467.5,16.92247200012207
-207772.5,317467.5,15.603547096252441
-207712.5,317467.5,10.267706871032715
-207652.5,317467.5,8.877033233642578
-207592.5,317467.5,12.555428504943848
-207532.5,317467.5,14.250662803649902
-207472.5,317467.5,13.35834789276123
-207412.5,317467.5,9.748525619506836
-207352.5,317467.5,13.240739822387695
-207292.5,317467.5,13.832013130187988
-207232.5,317467.5,12.499523162841797
-207172.5,317467.5,10.374629974365234
-207112.5,317467.5,14.177444458007812
-207052.5,317467.5,15.441746711730957
-206992.5,317467.5,15.772994041442871
-206932.5,317467.5,16.30111312866211
-206872.5,317467.5,15.11015510559082
-206812.5,317467.5,11.56827163696289
-206752.5,317467.5,14.177874565124512
-206692.5,317467.5,13.244919776916504
-206632.5,317467.5,11.946961402893066
-206572.5,317467.5,13.940572738647461
-206512.5,317467.5,14.608075141906738
-206452.5,317467.5,11.765501976013184
-206392.5,317467.5,13.399906158447266
-206332.5,317467.5,9.349514961242676
-206272.5,317467.5,10.675952911376953
-206212.5,317467.5,11.53813362121582
-206152.5,317467.5,10.984159469604492
-205972.5,317467.5,9.974220275878906
-205912.5,317467.5,10.13431453704834
-205852.5,317467.5,11.061439514160156
-211672.5,317407.5,9.639948844909668
-211612.5,317407.5,8.619839668273926
-211552.5,317407.5,11.653509140014648
-211492.5,317407.5,7.501345634460449
-211432.5,317407.5,7.569550037384033
-211372.5,317407.5,12.916895866394043
-211312.5,317407.5,12.607682228088379
-211252.5,317407.5,14.28818416595459
-211192.5,317407.5,13.906238555908203
-211132.5,317407.5,13.915239334106445
-211072.5,317407.5,14.340774536132812
-211012.5,317407.5,12.974146842956543
-210952.5,317407.5,13.518214225769043
-210892.5,317407.5,13.992518424987793
-210832.5,317407.5,13.580190658569336
-210772.5,317407.5,11.5676851272583
-210712.5,317407.5,7.710733413696289
-210652.5,317407.5,7.831858158111572
-210592.5,317407.5,12.25854778289795
-210532.5,317407.5,12.432563781738281
-210472.5,317407.5,11.222712516784668
-210412.5,317407.5,13.903478622436523
-210352.5,317407.5,14.07066822052002
-210292.5,317407.5,13.282259941101074
-210232.5,317407.5,13.082124710083008
-210172.5,317407.5,14.919127464294434
-210112.5,317407.5,10.135249137878418
-210052.5,317407.5,13.482295989990234
-209992.5,317407.5,14.18375015258789
-209932.5,317407.5,12.976080894470215
-209872.5,317407.5,9.318564414978027
-209812.5,317407.5,13.016454696655273
-209752.5,317407.5,11.118647575378418
-209692.5,317407.5,14.092905044555664
-209632.5,317407.5,13.39293384552002
-209572.5,317407.5,13.414460182189941
-209512.5,317407.5,12.417266845703125
-209452.5,317407.5,11.735886573791504
-209392.5,317407.5,6.202960014343262
-209332.5,317407.5,7.740031719207764
-209272.5,317407.5,10.069320678710938
-209212.5,317407.5,8.422795295715332
-209152.5,317407.5,8.117128372192383
-209092.5,317407.5,7.019506931304932
-209032.5,317407.5,11.60434627532959
-208972.5,317407.5,8.293354034423828
-208912.5,317407.5,5.947235107421875
-208852.5,317407.5,5.564087390899658
-208792.5,317407.5,4.421724319458008
-208732.5,317407.5,5.076748371124268
-208672.5,317407.5,6.103732109069824
-208612.5,317407.5,9.151196479797363
-208552.5,317407.5,13.334239959716797
-208492.5,317407.5,12.92122745513916
-208432.5,317407.5,13.37607479095459
-208372.5,317407.5,7.572933197021484
-208312.5,317407.5,5.258366107940674
-208252.5,317407.5,4.535852432250977
-208192.5,317407.5,6.1576313972473145
-208132.5,317407.5,6.194009780883789
-208072.5,317407.5,12.315585136413574
-208012.5,317407.5,15.467707633972168
-207952.5,317407.5,13.890965461730957
-207892.5,317407.5,14.170574188232422
-207832.5,317407.5,13.544564247131348
-207772.5,317407.5,12.82454776763916
-207712.5,317407.5,12.041451454162598
-207652.5,317407.5,14.213794708251953
-207592.5,317407.5,15.65306568145752
-207532.5,317407.5,15.343891143798828
-207472.5,317407.5,14.470329284667969
-207412.5,317407.5,14.587736129760742
-207352.5,317407.5,12.386256217956543
-207292.5,317407.5,12.91868782043457
-207232.5,317407.5,13.691102027893066
-207172.5,317407.5,15.687126159667969
-207112.5,317407.5,15.645831108093262
-207052.5,317407.5,15.723726272583008
-206992.5,317407.5,16.636306762695312
-206932.5,317407.5,16.24545669555664
-206872.5,317407.5,15.252628326416016
-206812.5,317407.5,12.240206718444824
-206752.5,317407.5,8.186237335205078
-206692.5,317407.5,7.588714122772217
-206632.5,317407.5,6.643026351928711
-206572.5,317407.5,12.204976081848145
-206512.5,317407.5,14.792713165283203
-206452.5,317407.5,14.416382789611816
-206392.5,317407.5,14.592473983764648
-206332.5,317407.5,14.732516288757324
-206272.5,317407.5,16.12720489501953
-206212.5,317407.5,11.84060001373291
-206152.5,317407.5,12.53907585144043
-206092.5,317407.5,10.541800498962402
-206032.5,317407.5,10.793643951416016
-205972.5,317407.5,11.192816734313965
-205912.5,317407.5,12.094481468200684
-205852.5,317407.5,9.833053588867188
-211672.5,317347.5,12.3712739944458
-211612.5,317347.5,12.023881912231445
-211552.5,317347.5,9.916015625
-211492.5,317347.5,8.46334171295166
-211432.5,317347.5,7.19674825668335
-211372.5,317347.5,7.759615898132324
-211312.5,317347.5,13.870586395263672
-211252.5,317347.5,11.785940170288086
-211192.5,317347.5,13.63221549987793
-211132.5,317347.5,15.263984680175781
-211072.5,317347.5,16.044382095336914
-211012.5,317347.5,14.245944023132324
-210952.5,317347.5,14.262381553649902
-210892.5,317347.5,12.70578670501709
-210832.5,317347.5,15.111283302307129
-210772.5,317347.5,8.654560089111328
-210712.5,317347.5,8.073308944702148
-210652.5,317347.5,10.752601623535156
-210592.5,317347.5,12.665228843688965
-210532.5,317347.5,14.706541061401367
-210472.5,317347.5,15.874361038208008
-210412.5,317347.5,13.62378215789795
-210352.5,317347.5,10.254692077636719
-210292.5,317347.5,14.885074615478516
-210232.5,317347.5,13.956807136535645
-210172.5,317347.5,15.119763374328613
-210112.5,317347.5,12.109825134277344
-210052.5,317347.5,14.477579116821289
-209992.5,317347.5,14.32735824584961
-209932.5,317347.5,13.671363830566406
-209872.5,317347.5,7.578050136566162
-209812.5,317347.5,7.202846527099609
-209752.5,317347.5,14.97532844543457
-209692.5,317347.5,13.502376556396484
-209632.5,317347.5,12.853754043579102
-209572.5,317347.5,13.621565818786621
-209512.5,317347.5,9.262386322021484
-209452.5,317347.5,6.044678211212158
-209392.5,317347.5,5.12379789352417
-209332.5,317347.5,4.4725799560546875
-209272.5,317347.5,6.699692726135254
-209212.5,317347.5,6.134486675262451
-209152.5,317347.5,5.160135269165039
-209092.5,317347.5,4.747611045837402
-209032.5,317347.5,5.7923712730407715
-208972.5,317347.5,5.250290870666504
-208912.5,317347.5,5.657803058624268
-208852.5,317347.5,5.2571516036987305
-208792.5,317347.5,3.6900136470794678
-208732.5,317347.5,9.382742881774902
-208672.5,317347.5,8.965977668762207
-208612.5,317347.5,9.001176834106445
-208552.5,317347.5,7.47694206237793
-208492.5,317347.5,6.759122371673584
-208432.5,317347.5,7.502625942230225
-208372.5,317347.5,7.2928667068481445
-208312.5,317347.5,5.536624908447266
-208252.5,317347.5,6.8717732429504395
-208192.5,317347.5,5.7149858474731445
-208132.5,317347.5,7.174988269805908
-208072.5,317347.5,11.711377143859863
-208012.5,317347.5,14.51412582397461
-207952.5,317347.5,15.926346778869629
-207892.5,317347.5,16.071897506713867
-207832.5,317347.5,15.196643829345703
-207772.5,317347.5,13.077430725097656
-207712.5,317347.5,13.554572105407715
-207652.5,317347.5,14.739124298095703
-207592.5,317347.5,14.227972984313965
-207532.5,317347.5,15.455501556396484
-207472.5,317347.5,11.663082122802734
-207412.5,317347.5,14.387587547302246
-207352.5,317347.5,12.875354766845703
-207292.5,317347.5,15.420236587524414
-207232.5,317347.5,13.984878540039062
-207172.5,317347.5,12.899698257446289
-207112.5,317347.5,17.350183486938477
-207052.5,317347.5,17.762948989868164
-206992.5,317347.5,16.27283477783203
-206932.5,317347.5,16.887123107910156
-206872.5,317347.5,14.546660423278809
-206812.5,317347.5,16.146883010864258
-206752.5,317347.5,14.59528923034668
-206692.5,317347.5,14.266257286071777
-206632.5,317347.5,14.824490547180176
-206572.5,317347.5,14.237678527832031
-206512.5,317347.5,16.368995666503906
-206452.5,317347.5,13.711969375610352
-206392.5,317347.5,12.427245140075684
-206332.5,317347.5,11.323655128479004
-206272.5,317347.5,14.034740447998047
-206212.5,317347.5,15.24831485748291
-206152.5,317347.5,13.538237571716309
-206092.5,317347.5,13.2424898147583
-206032.5,317347.5,15.385086059570312
-205972.5,317347.5,14.438689231872559
-205912.5,317347.5,14.607369422912598
-205852.5,317347.5,14.802401542663574
-211672.5,317287.5,8.916050910949707
-211612.5,317287.5,8.414619445800781
-211552.5,317287.5,10.380163192749023
-211492.5,317287.5,11.121780395507812
-211432.5,317287.5,8.187162399291992
-211372.5,317287.5,13.287044525146484
-211312.5,317287.5,15.682039260864258
-211252.5,317287.5,15.830580711364746
-211192.5,317287.5,15.862525939941406
-211132.5,317287.5,14.49940013885498
-211072.5,317287.5,16.046550750732422
-211012.5,317287.5,14.330831527709961
-210952.5,317287.5,14.45856761932373
-210892.5,317287.5,15.464009284973145
-210832.5,317287.5,8.626688957214355
-210772.5,317287.5,10.346925735473633
-210712.5,317287.5,8.295988082885742
-210652.5,317287.5,11.697508811950684
-210592.5,317287.5,13.4066801071167
-210532.5,317287.5,15.230911254882812
-210472.5,317287.5,13.986804962158203
-210412.5,317287.5,11.431096076965332
-210352.5,317287.5,9.803011894226074
-210292.5,317287.5,11.93071460723877
-210232.5,317287.5,15.303579330444336
-210172.5,317287.5,14.522156715393066
-210112.5,317287.5,15.383288383483887
-210052.5,317287.5,16.080307006835938
-209992.5,317287.5,12.389200210571289
-209932.5,317287.5,7.526350021362305
-209872.5,317287.5,5.37280797958374
-209812.5,317287.5,7.647165298461914
-209752.5,317287.5,13.853968620300293
-209692.5,317287.5,14.8824462890625
-209632.5,317287.5,14.410879135131836
-209572.5,317287.5,11.789620399475098
-209512.5,317287.5,6.341256618499756
-209452.5,317287.5,5.005838871002197
-209392.5,317287.5,4.585622787475586
-209332.5,317287.5,5.375879287719727
-209272.5,317287.5,5.4675726890563965
-209212.5,317287.5,5.824958801269531
-209152.5,317287.5,5.101493835449219
-209092.5,317287.5,4.165117263793945
-209032.5,317287.5,4.2902727127075195
-208972.5,317287.5,3.750760793685913
-208912.5,317287.5,4.676390647888184
-208852.5,317287.5,3.698648452758789
-208792.5,317287.5,5.988783359527588
-208732.5,317287.5,11.147346496582031
-208672.5,317287.5,9.7743501663208
-208612.5,317287.5,7.612685203552246
-208552.5,317287.5,6.878177165985107
-208492.5,317287.5,8.302820205688477
-208432.5,317287.5,6.776035785675049
-208372.5,317287.5,7.517146587371826
-208312.5,317287.5,8.50163745880127
-208252.5,317287.5,7.518852233886719
-208192.5,317287.5,7.976391315460205
-208132.5,317287.5,7.899084091186523
-208072.5,317287.5,13.385180473327637
-208012.5,317287.5,15.16506576538086
-207952.5,317287.5,14.9598388671875
-207892.5,317287.5,16.001737594604492
-207832.5,317287.5,11.54267692565918
-207772.5,317287.5,10.141284942626953
-207712.5,317287.5,12.897002220153809
-207652.5,317287.5,16.024703979492188
-207592.5,317287.5,14.572728157043457
-207532.5,317287.5,16.234851837158203
-207472.5,317287.5,15.497114181518555
-207412.5,317287.5,14.871214866638184
-207352.5,317287.5,15.111952781677246
-207292.5,317287.5,15.614263534545898
-207232.5,317287.5,15.1806640625
-207172.5,317287.5,16.210662841796875
-207112.5,317287.5,16.01005744934082
-207052.5,317287.5,17.4877872467041
-206992.5,317287.5,16.723352432250977
-206932.5,317287.5,13.83597469329834
-206872.5,317287.5,11.563555717468262
-206812.5,317287.5,15.037968635559082
-206752.5,317287.5,14.416029930114746
-206692.5,317287.5,15.275444030761719
-206632.5,317287.5,13.283416748046875
-206572.5,317287.5,14.721369743347168
-206512.5,317287.5,14.862225532531738
-206452.5,317287.5,11.341715812683105
-206392.5,317287.5,7.064131736755371
-206332.5,317287.5,5.627623558044434
-206272.5,317287.5,13.23377513885498
-206212.5,317287.5,15.700704574584961
-206152.5,317287.5,15.74827766418457
-206092.5,317287.5,13.509270668029785
-206032.5,317287.5,13.342452049255371
-205972.5,317287.5,15.283614158630371
-205912.5,317287.5,14.760622024536133
-205852.5,317287.5,16.159013748168945
-211672.5,317227.5,8.763769149780273
-211612.5,317227.5,9.26474380493164
-211552.5,317227.5,10.381092071533203
-211492.5,317227.5,11.154679298400879
-211432.5,317227.5,13.876906394958496
-211372.5,317227.5,13.720553398132324
-211312.5,317227.5,14.01113510131836
-211252.5,317227.5,14.44225788116455
-211192.5,317227.5,12.050057411193848
-211132.5,317227.5,11.236827850341797
-211072.5,317227.5,13.76244068145752
-211012.5,317227.5,11.0902099609375
-210952.5,317227.5,12.645609855651855
-210892.5,317227.5,8.699755668640137
-210832.5,317227.5,8.828804969787598
-210772.5,317227.5,12.874401092529297
-210712.5,317227.5,11.546146392822266
-210652.5,317227.5,10.915620803833008
-210592.5,317227.5,14.055167198181152
-210532.5,317227.5,13.0991792678833
-210472.5,317227.5,14.315591812133789
-210412.5,317227.5,14.926132202148438
-210352.5,317227.5,12.22122859954834
-210292.5,317227.5,13.946112632751465
-210232.5,317227.5,14.053478240966797
-210172.5,317227.5,15.415010452270508
-210112.5,317227.5,12.404810905456543
-210052.5,317227.5,14.508467674255371
-209992.5,317227.5,13.721923828125
-209932.5,317227.5,12.106086730957031
-209872.5,317227.5,12.108318328857422
-209812.5,317227.5,13.491743087768555
-209752.5,317227.5,11.848776817321777
-209692.5,317227.5,12.89773941040039
-209632.5,317227.5,14.278874397277832
-209572.5,317227.5,11.047368049621582
-209512.5,317227.5,3.934997797012329
-209452.5,317227.5,4.360062599182129
-209392.5,317227.5,4.4284844398498535
-209332.5,317227.5,4.458531379699707
-209272.5,317227.5,5.254745960235596
-209212.5,317227.5,5.591818809509277
-209152.5,317227.5,5.9112229347229
-209092.5,317227.5,2.945390224456787
-209032.5,317227.5,3.4202921390533447
-208972.5,317227.5,5.471541404724121
-208912.5,317227.5,8.4364595413208
-208852.5,317227.5,11.938244819641113
-208792.5,317227.5,12.680848121643066
-208732.5,317227.5,14.348488807678223
-208672.5,317227.5,12.40526294708252
-208612.5,317227.5,12.531826972961426
-208552.5,317227.5,13.251443862915039
-208492.5,317227.5,7.9585957527160645
-208432.5,317227.5,12.090330123901367
-208372.5,317227.5,9.80008316040039
-208312.5,317227.5,10.513216018676758
-208252.5,317227.5,8.973926544189453
-208192.5,317227.5,13.453722953796387
-208132.5,317227.5,8.103384971618652
-208072.5,317227.5,13.976729393005371
-208012.5,317227.5,15.644035339355469
-207952.5,317227.5,13.391283988952637
-207892.5,317227.5,12.996687889099121
-207832.5,317227.5,11.330669403076172
-207772.5,317227.5,11.516180038452148
-207712.5,317227.5,12.792107582092285
-207652.5,317227.5,17.07978057861328
-207592.5,317227.5,16.977821350097656
-207532.5,317227.5,15.299581527709961
-207472.5,317227.5,13.028146743774414
-207412.5,317227.5,12.652352333068848
-207352.5,317227.5,15.914326667785645
-207292.5,317227.5,16.58275604248047
-207232.5,317227.5,17.17724609375
-207172.5,317227.5,15.398224830627441
-207112.5,317227.5,12.810665130615234
-207052.5,317227.5,14.352816581726074
-206992.5,317227.5,16.95283317565918
-206932.5,317227.5,15.716277122497559
-206872.5,317227.5,17.698055267333984
-206812.5,317227.5,14.891271591186523
-206752.5,317227.5,11.159097671508789
-206692.5,317227.5,15.864178657531738
-206632.5,317227.5,15.087916374206543
-206572.5,317227.5,15.613510131835938
-206512.5,317227.5,14.866628646850586
-206452.5,317227.5,12.427529335021973
-206392.5,317227.5,7.692262172698975
-206332.5,317227.5,6.879354000091553
-206272.5,317227.5,14.59223747253418
-206212.5,317227.5,16.22762107849121
-206152.5,317227.5,15.159868240356445
-206092.5,317227.5,14.378191947937012
-206032.5,317227.5,14.36391544342041
-205972.5,317227.5,12.16008186340332
-205912.5,317227.5,15.054091453552246
-205852.5,317227.5,14.96770191192627
-211672.5,317167.5,8.028701782226562
-211612.5,317167.5,8.629507064819336
-211552.5,317167.5,10.215226173400879
-211492.5,317167.5,11.781688690185547
-211432.5,317167.5,9.285792350769043
-211372.5,317167.5,7.9558587074279785
-211312.5,317167.5,6.037478923797607
-211252.5,317167.5,8.739912033081055
-211192.5,317167.5,3.744624137878418
-211132.5,317167.5,5.772784233093262
-211072.5,317167.5,6.970093250274658
-211012.5,317167.5,11.6338529586792
-210952.5,317167.5,7.811362266540527
-210892.5,317167.5,8.233495712280273
-210832.5,317167.5,11.656447410583496
-210772.5,317167.5,13.695321083068848
-210712.5,317167.5,7.598106384277344
-210652.5,317167.5,4.90031623840332
-210592.5,317167.5,9.736207008361816
-210532.5,317167.5,15.923813819885254
-210472.5,317167.5,13.109503746032715
-210412.5,317167.5,13.031814575195312
-210352.5,317167.5,13.080710411071777
-210292.5,317167.5,9.494331359863281
-210232.5,317167.5,12.715106964111328
-210172.5,317167.5,13.588618278503418
-210112.5,317167.5,13.31323528289795
-210052.5,317167.5,13.490307807922363
-209992.5,317167.5,15.671886444091797
-209932.5,317167.5,11.163515090942383
-209872.5,317167.5,7.278860092163086
-209812.5,317167.5,7.145051002502441
-209752.5,317167.5,7.378925323486328
-209692.5,317167.5,6.503247261047363
-209632.5,317167.5,12.809598922729492
-209572.5,317167.5,6.066752910614014
-209512.5,317167.5,3.674311399459839
-209452.5,317167.5,4.307989597320557
-209392.5,317167.5,5.484561920166016
-209332.5,317167.5,5.935195446014404
-209272.5,317167.5,7.1411848068237305
-209212.5,317167.5,8.450214385986328
-209152.5,317167.5,12.763720512390137
-209092.5,317167.5,11.049995422363281
-209032.5,317167.5,12.601606369018555
-208972.5,317167.5,13.020915031433105
-208912.5,317167.5,15.348832130432129
-208852.5,317167.5,14.3557767868042
-208792.5,317167.5,13.587162971496582
-208732.5,317167.5,14.829339981079102
-208672.5,317167.5,15.146748542785645
-208612.5,317167.5,15.483278274536133
-208552.5,317167.5,15.445758819580078
-208492.5,317167.5,15.001354217529297
-208432.5,317167.5,10.309778213500977
-208372.5,317167.5,12.947254180908203
-208312.5,317167.5,11.718792915344238
-208252.5,317167.5,11.892690658569336
-208192.5,317167.5,14.135797500610352
-208132.5,317167.5,5.669384956359863
-208072.5,317167.5,10.441693305969238
-208012.5,317167.5,15.498083114624023
-207952.5,317167.5,15.787057876586914
-207892.5,317167.5,13.169673919677734
-207832.5,317167.5,14.343783378601074
-207772.5,317167.5,14.974472045898438
-207712.5,317167.5,15.128714561462402
-207652.5,317167.5,16.63026237487793
-207592.5,317167.5,17.658349990844727
-207532.5,317167.5,17.472122192382812
-207472.5,317167.5,16.259416580200195
-207412.5,317167.5,17.151626586914062
-207352.5,317167.5,17.280282974243164
-207292.5,317167.5,16.809797286987305
-207232.5,317167.5,17.06964111328125
-207172.5,317167.5,16.73542594909668
-207112.5,317167.5,15.224594116210938
-207052.5,317167.5,14.563081741333008
-206992.5,317167.5,14.041993141174316
-206932.5,317167.5,10.57093620300293
-206872.5,317167.5,13.62671184539795
-206812.5,317167.5,11.002007484436035
-206752.5,317167.5,8.793670654296875
-206692.5,317167.5,11.221460342407227
-206632.5,317167.5,14.620657920837402
-206572.5,317167.5,15.61414623260498
-206512.5,317167.5,15.62557601928711
-206452.5,317167.5,15.218525886535645
-206392.5,317167.5,15.087273597717285
-206332.5,317167.5,12.027338981628418
-206272.5,317167.5,14.542656898498535
-206212.5,317167.5,14.112883567810059
-206152.5,317167.5,11.847843170166016
-206092.5,317167.5,14.965559959411621
-206032.5,317167.5,13.886785507202148
-205972.5,317167.5,13.775964736938477
-205912.5,317167.5,15.066479682922363
-205852.5,317167.5,15.057473182678223
-211672.5,317107.5,6.788183212280273
-211612.5,317107.5,8.724508285522461
-211552.5,317107.5,8.256381034851074
-211492.5,317107.5,5.6761345863342285
-211432.5,317107.5,4.6535258293151855
-211372.5,317107.5,4.0410637855529785
-211312.5,317107.5,4.348331451416016
-211252.5,317107.5,4.25745153427124
-211192.5,317107.5,3.863943338394165
-211132.5,317107.5,3.1698412895202637
-211072.5,317107.5,4.8504533767700195
-211012.5,317107.5,8.6351318359375
-210952.5,317107.5,6.575963973999023
-210892.5,317107.5,10.610945701599121
-210832.5,317107.5,13.56750774383545
-210772.5,317107.5,13.516661643981934
-210712.5,317107.5,12.805377960205078
-210652.5,317107.5,9.763298034667969
-210592.5,317107.5,10.0026216506958
-210532.5,317107.5,13.749309539794922
-210472.5,317107.5,12.17775821685791
-210412.5,317107.5,12.281852722167969
-210352.5,317107.5,13.799169540405273
-210292.5,317107.5,12.678752899169922
-210232.5,317107.5,10.15909481048584
-210172.5,317107.5,12.004828453063965
-210112.5,317107.5,14.997480392456055
-210052.5,317107.5,14.46285629272461
-209992.5,317107.5,12.605772018432617
-209932.5,317107.5,14.626063346862793
-209872.5,317107.5,8.728175163269043
-209812.5,317107.5,11.203449249267578
-209752.5,317107.5,12.304245948791504
-209692.5,317107.5,10.857494354248047
-209632.5,317107.5,11.401289939880371
-209572.5,317107.5,7.956094741821289
-209512.5,317107.5,7.978717803955078
-209452.5,317107.5,6.408196449279785
-209392.5,317107.5,6.028099060058594
-209332.5,317107.5,5.813103675842285
-209272.5,317107.5,7.396830081939697
-209212.5,317107.5,12.917339324951172
-209152.5,317107.5,12.526324272155762
-209092.5,317107.5,11.179341316223145
-209032.5,317107.5,13.744270324707031
-208972.5,317107.5,14.503456115722656
-208912.5,317107.5,14.947431564331055
-208852.5,317107.5,15.629815101623535
-208792.5,317107.5,12.649117469787598
-208732.5,317107.5,13.188807487487793
-208672.5,317107.5,14.55143928527832
-208612.5,317107.5,13.05475902557373
-208552.5,317107.5,15.66137409210205
-208492.5,317107.5,13.76138973236084
-208432.5,317107.5,9.646404266357422
-208372.5,317107.5,10.158394813537598
-208312.5,317107.5,5.034271717071533
-208252.5,317107.5,8.66143798828125
-208192.5,317107.5,10.844809532165527
-208132.5,317107.5,11.212173461914062
-208072.5,317107.5,13.273781776428223
-208012.5,317107.5,14.846044540405273
-207952.5,317107.5,16.146255493164062
-207892.5,317107.5,11.623313903808594
-207832.5,317107.5,13.548662185668945
-207772.5,317107.5,15.247581481933594
-207712.5,317107.5,15.010984420776367
-207652.5,317107.5,15.608806610107422
-207592.5,317107.5,17.09867286682129
-207532.5,317107.5,16.6101131439209
-207472.5,317107.5,16.517736434936523
-207412.5,317107.5,14.397486686706543
-207352.5,317107.5,17.7141056060791
-207292.5,317107.5,15.903603553771973
-207232.5,317107.5,17.39405632019043
-207172.5,317107.5,15.066605567932129
-207112.5,317107.5,16.329410552978516
-207052.5,317107.5,10.589455604553223
-206992.5,317107.5,7.516204357147217
-206932.5,317107.5,6.986152172088623
-206872.5,317107.5,10.539155006408691
-206812.5,317107.5,13.633212089538574
-206752.5,317107.5,10.257521629333496
-206692.5,317107.5,10.327476501464844
-206632.5,317107.5,14.890218734741211
-206572.5,317107.5,17.28120231628418
-206512.5,317107.5,15.437049865722656
-206452.5,317107.5,15.223188400268555
-206392.5,317107.5,14.75748062133789
-206332.5,317107.5,7.197357654571533
-206272.5,317107.5,8.365432739257812
-206212.5,317107.5,14.80940055847168
-206152.5,317107.5,14.303281784057617
-206092.5,317107.5,13.269950866699219
-206032.5,317107.5,11.64897632598877
-205972.5,317107.5,11.411700248718262
-205912.5,317107.5,15.466483116149902
-205852.5,317107.5,14.565268516540527
-211672.5,317047.5,8.119802474975586
-211612.5,317047.5,8.560470581054688
-211552.5,317047.5,4.475978374481201
-211492.5,317047.5,4.83296012878418
-211432.5,317047.5,4.741898536682129
-211372.5,317047.5,5.000105381011963
-211312.5,317047.5,5.771210193634033
-211252.5,317047.5,5.336592674255371
-211192.5,317047.5,3.5942435264587402
-211132.5,317047.5,4.302672863006592
-211072.5,317047.5,2.985060453414917
-211012.5,317047.5,6.092379570007324
-210952.5,317047.5,9.769461631774902
-210892.5,317047.5,10.57043743133545
-210832.5,317047.5,14.677804946899414
-210772.5,317047.5,14.066060066223145
-210712.5,317047.5,15.102823257446289
-210652.5,317047.5,11.519097328186035
-210592.5,317047.5,10.6487398147583
-210532.5,317047.5,10.558046340942383
-210472.5,317047.5,11.242117881774902
-210412.5,317047.5,14.220575332641602
-210352.5,317047.5,12.371782302856445
-210292.5,317047.5,12.810576438903809
-210232.5,317047.5,14.984296798706055
-210172.5,317047.5,12.844125747680664
-210112.5,317047.5,11.00910758972168
-210052.5,317047.5,14.091423988342285
-209992.5,317047.5,13.569836616516113
-209932.5,317047.5,12.393189430236816
-209872.5,317047.5,14.208045959472656
-209812.5,317047.5,14.096046447753906
-209752.5,317047.5,13.361143112182617
-209692.5,317047.5,7.561852931976318
-209632.5,317047.5,6.536670207977295
-209572.5,317047.5,6.688238143920898
-209512.5,317047.5,12.411275863647461
-209452.5,317047.5,13.693489074707031
-209392.5,317047.5,8.483221054077148
-209332.5,317047.5,7.265106201171875
-209272.5,317047.5,7.393396854400635
-209212.5,317047.5,12.2037935256958
-209152.5,317047.5,12.263007164001465
-209092.5,317047.5,8.879435539245605
-209032.5,317047.5,12.568705558776855
-208972.5,317047.5,13.656412124633789
-208912.5,317047.5,13.330803871154785
-208852.5,317047.5,12.901257514953613
-208792.5,317047.5,11.896639823913574
-208732.5,317047.5,12.461799621582031
-208672.5,317047.5,13.498785018920898
-208612.5,317047.5,13.720074653625488
-208552.5,317047.5,15.243682861328125
-208492.5,317047.5,14.387589454650879
-208432.5,317047.5,14.820874214172363
-208372.5,317047.5,14.111536979675293
-208312.5,317047.5,9.793000221252441
-208252.5,317047.5,16.31048583984375
-208192.5,317047.5,11.255935668945312
-208132.5,317047.5,13.701441764831543
-208072.5,317047.5,16.555437088012695
-208012.5,317047.5,16.66177749633789
-207952.5,317047.5,14.957636833190918
-207892.5,317047.5,14.712987899780273
-207832.5,317047.5,16.204771041870117
-207772.5,317047.5,16.758962631225586
-207712.5,317047.5,16.845436096191406
-207652.5,317047.5,17.3770694732666
-207592.5,317047.5,16.197603225708008
-207532.5,317047.5,16.363052368164062
-207472.5,317047.5,10.656410217285156
-207412.5,317047.5,15.62148666381836
-207352.5,317047.5,15.1026029586792
-207292.5,317047.5,16.436702728271484
-207232.5,317047.5,13.429774284362793
-207172.5,317047.5,14.050469398498535
-207112.5,317047.5,13.235410690307617
-207052.5,317047.5,14.234489440917969
-206992.5,317047.5,12.47340202331543
-206932.5,317047.5,12.208664894104004
-206872.5,317047.5,12.261260986328125
-206812.5,317047.5,12.031139373779297
-206752.5,317047.5,12.202882766723633
-206692.5,317047.5,15.750638961791992
-206632.5,317047.5,15.788168907165527
-206572.5,317047.5,15.460562705993652
-206512.5,317047.5,15.946137428283691
-206452.5,317047.5,15.540042877197266
-206392.5,317047.5,14.65984058380127
-206332.5,317047.5,8.098559379577637
-206272.5,317047.5,10.407912254333496
-206212.5,317047.5,14.82311725616455
-206152.5,317047.5,12.374089241027832
-206092.5,317047.5,13.803488731384277
-206032.5,317047.5,6.265407085418701
-205972.5,317047.5,9.968388557434082
-205912.5,317047.5,14.215187072753906
-205852.5,317047.5,14.742288589477539
-211672.5,316987.5,11.323360443115234
-211612.5,316987.5,5.604004859924316
-211552.5,316987.5,4.8337321281433105
-211492.5,316987.5,4.524636745452881
-211432.5,316987.5,5.776008129119873
-211372.5,316987.5,5.788705825805664
-211312.5,316987.5,5.754306316375732
-211252.5,316987.5,5.640956401824951
-211192.5,316987.5,5.895553112030029
-211132.5,316987.5,3.9776530265808105
-211072.5,316987.5,3.4716732501983643
-211012.5,316987.5,4.8311638832092285
-210952.5,316987.5,6.794034957885742
-210892.5,316987.5,12.947517395019531
-210832.5,316987.5,14.020212173461914
-210772.5,316987.5,14.460168838500977
-210712.5,316987.5,14.227859497070312
-210652.5,316987.5,12.281293869018555
-210592.5,316987.5,10.211302757263184
-210532.5,316987.5,7.113108158111572
-210472.5,316987.5,7.292694091796875
-210412.5,316987.5,10.337930679321289
-210352.5,316987.5,14.735963821411133
-210292.5,316987.5,15.291528701782227
-210232.5,316987.5,15.410523414611816
-210172.5,316987.5,14.559135437011719
-210112.5,316987.5,14.885680198669434
-210052.5,316987.5,15.077391624450684
-209992.5,316987.5,12.144001960754395
-209932.5,316987.5,14.386147499084473
-209872.5,316987.5,14.0242280960083
-209812.5,316987.5,11.10583782196045
-209752.5,316987.5,11.273163795471191
-209692.5,316987.5,8.75866985321045
-209632.5,316987.5,3.735558271408081
-209572.5,316987.5,5.493542194366455
-209512.5,316987.5,13.690797805786133
-209452.5,316987.5,15.23763656616211
-209392.5,316987.5,13.745430946350098
-209332.5,316987.5,6.523071765899658
-209272.5,316987.5,7.5283122062683105
-209212.5,316987.5,8.446821212768555
-209152.5,316987.5,9.785951614379883
-209092.5,316987.5,9.385465621948242
-209032.5,316987.5,10.788936614990234
-208972.5,316987.5,13.7545166015625
-208912.5,316987.5,14.428024291992188
-208852.5,316987.5,16.29511833190918
-208792.5,316987.5,13.021553039550781
-208732.5,316987.5,14.523118019104004
-208672.5,316987.5,14.166479110717773
-208612.5,316987.5,16.10258674621582
-208552.5,316987.5,11.61473274230957
-208492.5,316987.5,14.183377265930176
-208432.5,316987.5,15.581025123596191
-208372.5,316987.5,14.468611717224121
-208312.5,316987.5,15.925027847290039
-208252.5,316987.5,16.931880950927734
-208192.5,316987.5,14.967997550964355
-208132.5,316987.5,11.102164268493652
-208072.5,316987.5,15.893729209899902
-208012.5,316987.5,15.114435195922852
-207952.5,316987.5,16.972225189208984
-207892.5,316987.5,15.921616554260254
-207832.5,316987.5,16.691808700561523
-207772.5,316987.5,16.36614990234375
-207712.5,316987.5,16.43311882019043
-207652.5,316987.5,15.939711570739746
-207592.5,316987.5,16.03925895690918
-207532.5,316987.5,17.14487648010254
-207472.5,316987.5,8.488214492797852
-207412.5,316987.5,7.863524913787842
-207352.5,316987.5,11.9927396774292
-207292.5,316987.5,15.074714660644531
-207232.5,316987.5,11.586372375488281
-207172.5,316987.5,14.393327713012695
-207112.5,316987.5,14.53143310546875
-207052.5,316987.5,15.526863098144531
-206992.5,316987.5,16.309961318969727
-206932.5,316987.5,17.176782608032227
-206872.5,316987.5,14.840404510498047
-206812.5,316987.5,15.157750129699707
-206752.5,316987.5,11.012202262878418
-206692.5,316987.5,16.472230911254883
-206632.5,316987.5,16.745046615600586
-206572.5,316987.5,15.955286979675293
-206512.5,316987.5,15.464410781860352
-206452.5,316987.5,16.10068702697754
-206392.5,316987.5,14.937870025634766
-206332.5,316987.5,13.532601356506348
-206272.5,316987.5,12.768187522888184
-206212.5,316987.5,15.18455696105957
-206152.5,316987.5,15.711946487426758
-206092.5,316987.5,15.704850196838379
-206032.5,316987.5,13.598296165466309
-205972.5,316987.5,10.523014068603516
-205912.5,316987.5,12.555330276489258
-205852.5,316987.5,14.094097137451172
-211672.5,316927.5,7.228631019592285
-211612.5,316927.5,3.6602444648742676
-211552.5,316927.5,3.7019641399383545
-211492.5,316927.5,5.559133529663086
-211432.5,316927.5,5.3777666091918945
-211372.5,316927.5,5.814852714538574
-211312.5,316927.5,5.19098424911499
-211252.5,316927.5,5.3465189933776855
-211192.5,316927.5,4.22130823135376
-211132.5,316927.5,4.683965682983398
-211072.5,316927.5,3.446929693222046
-211012.5,316927.5,5.43222713470459
-210952.5,316927.5,6.344084739685059
-210892.5,316927.5,11.981478691101074
-210832.5,316927.5,11.845558166503906
-210772.5,316927.5,11.924724578857422
-210712.5,316927.5,10.094029426574707
-210652.5,316927.5,12.222561836242676
-210592.5,316927.5,8.819781303405762
-210532.5,316927.5,8.314501762390137
-210472.5,316927.5,7.538771629333496
-210412.5,316927.5,12.508057594299316
-210352.5,316927.5,12.389615058898926
-210292.5,316927.5,14.711390495300293
-210232.5,316927.5,12.8276948928833
-210172.5,316927.5,12.581134796142578
-210112.5,316927.5,13.559203147888184
-210052.5,316927.5,12.350797653198242
-209992.5,316927.5,14.617096900939941
-209932.5,316927.5,12.152338981628418
-209872.5,316927.5,12.114569664001465
-209812.5,316927.5,9.291979789733887
-209752.5,316927.5,5.6108078956604
-209692.5,316927.5,5.537319660186768
-209632.5,316927.5,5.356215953826904
-209572.5,316927.5,12.151058197021484
-209512.5,316927.5,14.456193923950195
-209452.5,316927.5,15.69668960571289
-209392.5,316927.5,13.649209022521973
-209332.5,316927.5,7.540103912353516
-209272.5,316927.5,7.327177047729492
-209212.5,316927.5,7.767095565795898
-209152.5,316927.5,11.133139610290527
-209092.5,316927.5,9.790417671203613
-209032.5,316927.5,12.129788398742676
-208972.5,316927.5,12.787590026855469
-208912.5,316927.5,14.639688491821289
-208852.5,316927.5,16.26543617248535
-208792.5,316927.5,14.790424346923828
-208732.5,316927.5,15.615729331970215
-208672.5,316927.5,15.101995468139648
-208612.5,316927.5,10.171171188354492
-208552.5,316927.5,12.781949043273926
-208492.5,316927.5,16.190773010253906
-208432.5,316927.5,16.96613121032715
-208372.5,316927.5,17.295408248901367
-208312.5,316927.5,15.065757751464844
-208252.5,316927.5,17.052583694458008
-208192.5,316927.5,15.23762035369873
-208132.5,316927.5,12.375051498413086
-208072.5,316927.5,11.859779357910156
-208012.5,316927.5,17.24190902709961
-207952.5,316927.5,15.41224193572998
-207892.5,316927.5,18.358665466308594
-207832.5,316927.5,16.204986572265625
-207772.5,316927.5,17.666126251220703
-207712.5,316927.5,16.58458137512207
-207652.5,316927.5,16.336135864257812
-207592.5,316927.5,16.066146850585938
-207532.5,316927.5,16.53436279296875
-207472.5,316927.5,8.452164649963379
-207412.5,316927.5,7.059266567230225
-207352.5,316927.5,12.36508560180664
-207292.5,316927.5,14.497969627380371
-207232.5,316927.5,16.516408920288086
-207172.5,316927.5,15.652377128601074
-207112.5,316927.5,14.551372528076172
-207052.5,316927.5,15.86612319946289
-206992.5,316927.5,14.715205192565918
-206932.5,316927.5,16.10894012451172
-206872.5,316927.5,16.072980880737305
-206812.5,316927.5,16.419950485229492
-206752.5,316927.5,17.353429794311523
-206692.5,316927.5,12.375672340393066
-206632.5,316927.5,11.387141227722168
-206572.5,316927.5,16.489791870117188
-206512.5,316927.5,15.707649230957031
-206452.5,316927.5,14.141247749328613
-206392.5,316927.5,9.909079551696777
-206332.5,316927.5,10.680957794189453
-206272.5,316927.5,11.973687171936035
-206212.5,316927.5,15.162277221679688
-206152.5,316927.5,9.094436645507812
-206092.5,316927.5,11.785457611083984
-206032.5,316927.5,10.276739120483398
-205972.5,316927.5,12.983091354370117
-205912.5,316927.5,13.953851699829102
-205852.5,316927.5,8.653999328613281
-211672.5,316867.5,7.925699234008789
-211612.5,316867.5,3.978219985961914
-211552.5,316867.5,4.7323994636535645
-211492.5,316867.5,5.891808986663818
-211432.5,316867.5,5.076314449310303
-211372.5,316867.5,4.878825664520264
-211312.5,316867.5,5.31905460357666
-211252.5,316867.5,5.758469104766846
-211192.5,316867.5,5.854398727416992
-211132.5,316867.5,6.008844375610352
-211072.5,316867.5,3.721898078918457
-211012.5,316867.5,4.19024658203125
-210952.5,316867.5,7.31156587600708
-210892.5,316867.5,12.629698753356934
-210832.5,316867.5,5.226789951324463
-210772.5,316867.5,5.370488166809082
-210712.5,316867.5,10.315597534179688
-210652.5,316867.5,13.723286628723145
-210592.5,316867.5,11.050124168395996
-210532.5,316867.5,9.946121215820312
-210472.5,316867.5,11.294329643249512
-210412.5,316867.5,11.923474311828613
-210352.5,316867.5,13.978743553161621
-210292.5,316867.5,14.513184547424316
-210232.5,316867.5,14.717988014221191
-210172.5,316867.5,15.176834106445312
-210112.5,316867.5,13.863870620727539
-210052.5,316867.5,14.145134925842285
-209992.5,316867.5,14.034646034240723
-209932.5,316867.5,11.934412002563477
-209872.5,316867.5,11.416159629821777
-209812.5,316867.5,6.757803440093994
-209752.5,316867.5,3.392852544784546
-209692.5,316867.5,4.767778396606445
-209632.5,316867.5,11.307684898376465
-209572.5,316867.5,14.372983932495117
-209512.5,316867.5,13.83410358428955
-209452.5,316867.5,14.712985038757324
-209392.5,316867.5,16.380674362182617
-209332.5,316867.5,13.659111022949219
-209272.5,316867.5,10.286418914794922
-209212.5,316867.5,5.474879264831543
-209152.5,316867.5,7.398072242736816
-209092.5,316867.5,11.105109214782715
-209032.5,316867.5,13.983092308044434
-208972.5,316867.5,14.3616304397583
-208912.5,316867.5,12.740981101989746
-208852.5,316867.5,17.385656356811523
-208792.5,316867.5,15.96700382232666
-208732.5,316867.5,16.772523880004883
-208672.5,316867.5,15.785948753356934
-208612.5,316867.5,14.041797637939453
-208552.5,316867.5,15.892642974853516
-208492.5,316867.5,15.911827087402344
-208432.5,316867.5,13.682750701904297
-208372.5,316867.5,16.917348861694336
-208312.5,316867.5,15.952566146850586
-208252.5,316867.5,16.623632431030273
-208192.5,316867.5,17.37312126159668
-208132.5,316867.5,16.044919967651367
-208072.5,316867.5,15.164454460144043
-208012.5,316867.5,14.811530113220215
-207952.5,316867.5,13.578898429870605
-207892.5,316867.5,16.80902862548828
-207832.5,316867.5,13.242762565612793
-207772.5,316867.5,16.60340690612793
-207712.5,316867.5,17.223297119140625
-207652.5,316867.5,15.314876556396484
-207592.5,316867.5,15.165168762207031
-207532.5,316867.5,8.369603157043457
-207472.5,316867.5,11.422554969787598
-207412.5,316867.5,13.465331077575684
-207352.5,316867.5,14.546353340148926
-207292.5,316867.5,13.771915435791016
-207232.5,316867.5,13.737680435180664
-207172.5,316867.5,15.283995628356934
-207112.5,316867.5,14.417177200317383
-207052.5,316867.5,15.274384498596191
-206992.5,316867.5,16.434978485107422
-206932.5,316867.5,16.290437698364258
-206872.5,316867.5,15.912156105041504
-206812.5,316867.5,16.04718017578125
-206752.5,316867.5,15.185051918029785
-206692.5,316867.5,15.461278915405273
-206632.5,316867.5,14.189202308654785
-206572.5,316867.5,11.092533111572266
-206512.5,316867.5,16.17816734313965
-206452.5,316867.5,10.924073219299316
-206392.5,316867.5,13.217243194580078
-206332.5,316867.5,16.180055618286133
-206272.5,316867.5,15.86892318725586
-206212.5,316867.5,14.484830856323242
-206152.5,316867.5,6.768453598022461
-206092.5,316867.5,7.088846206665039
-206032.5,316867.5,8.191043853759766
-205972.5,316867.5,7.797633171081543
-205912.5,316867.5,14.29080581665039
-205852.5,316867.5,10.571283340454102
-211672.5,316807.5,12.525503158569336
-211612.5,316807.5,6.789057731628418
-211552.5,316807.5,4.431767463684082
-211492.5,316807.5,5.149823188781738
-211432.5,316807.5,5.960973262786865
-211372.5,316807.5,5.274815082550049
-211312.5,316807.5,4.960109710693359
-211252.5,316807.5,4.9995503425598145
-211192.5,316807.5,6.102198123931885
-211132.5,316807.5,3.8110694885253906
-211072.5,316807.5,3.7304866313934326
-211012.5,316807.5,5.3349080085754395
-210952.5,316807.5,8.551194190979004
-210892.5,316807.5,10.52048397064209
-210832.5,316807.5,9.251727104187012
-210772.5,316807.5,7.500237941741943
-210712.5,316807.5,7.763221740722656
-210652.5,316807.5,7.24688196182251
-210592.5,316807.5,12.73459529876709
-210532.5,316807.5,11.264699935913086
-210472.5,316807.5,12.291537284851074
-210412.5,316807.5,13.024730682373047
-210352.5,316807.5,14.583770751953125
-210292.5,316807.5,14.657129287719727
-210232.5,316807.5,12.288604736328125
-210172.5,316807.5,13.785116195678711
-210112.5,316807.5,13.726192474365234
-210052.5,316807.5,14.066650390625
-209992.5,316807.5,11.214590072631836
-209932.5,316807.5,4.931076526641846
-209872.5,316807.5,3.541907548904419
-209812.5,316807.5,2.3576838970184326
-209752.5,316807.5,3.950620651245117
-209692.5,316807.5,6.677216053009033
-209632.5,316807.5,13.920717239379883
-209572.5,316807.5,15.412405967712402
-209512.5,316807.5,15.685110092163086
-209452.5,316807.5,13.763747215270996
-209392.5,316807.5,15.287100791931152
-209332.5,316807.5,16.51900291442871
-209272.5,316807.5,12.792622566223145
-209212.5,316807.5,12.602936744689941
-209152.5,316807.5,15.519110679626465
-209092.5,316807.5,16.69550132751465
-209032.5,316807.5,15.125412940979004
-208972.5,316807.5,14.797560691833496
-208912.5,316807.5,15.642078399658203
-208852.5,316807.5,15.650139808654785
-208792.5,316807.5,16.165386199951172
-208732.5,316807.5,16.021818161010742
-208672.5,316807.5,15.130615234375
-208612.5,316807.5,15.66157054901123
-208552.5,316807.5,16.310279846191406
-208492.5,316807.5,16.91979217529297
-208432.5,316807.5,17.44408416748047
-208372.5,316807.5,13.233585357666016
-208312.5,316807.5,16.533756256103516
-208252.5,316807.5,15.959672927856445
-208192.5,316807.5,16.474302291870117
-208132.5,316807.5,15.37871265411377
-208072.5,316807.5,16.564233779907227
-208012.5,316807.5,15.850407600402832
-207952.5,316807.5,17.204824447631836
-207892.5,316807.5,15.54659366607666
-207832.5,316807.5,16.694549560546875
-207772.5,316807.5,15.042525291442871
-207712.5,316807.5,16.189367294311523
-207652.5,316807.5,11.98474407196045
-207592.5,316807.5,4.6767706871032715
-207532.5,316807.5,6.691279888153076
-207472.5,316807.5,13.394855499267578
-207412.5,316807.5,15.373172760009766
-207352.5,316807.5,13.369062423706055
-207292.5,316807.5,15.48265552520752
-207232.5,316807.5,12.967310905456543
-207172.5,316807.5,15.484358787536621
-207112.5,316807.5,15.637855529785156
-207052.5,316807.5,13.07331657409668
-206992.5,316807.5,14.654494285583496
-206932.5,316807.5,14.401116371154785
-206872.5,316807.5,16.80817222595215
-206812.5,316807.5,15.775622367858887
-206752.5,316807.5,13.044448852539062
-206692.5,316807.5,14.63884162902832
-206632.5,316807.5,12.286928176879883
-206572.5,316807.5,16.32438087463379
-206512.5,316807.5,17.06073570251465
-206452.5,316807.5,15.827993392944336
-206392.5,316807.5,16.931535720825195
-206332.5,316807.5,15.205885887145996
-206272.5,316807.5,15.235822677612305
-206212.5,316807.5,14.495450019836426
-206152.5,316807.5,11.361730575561523
-206092.5,316807.5,10.677055358886719
-206032.5,316807.5,9.835674285888672
-205972.5,316807.5,11.694417953491211
-205912.5,316807.5,12.113459587097168
-205852.5,316807.5,10.473018646240234
-211672.5,316747.5,8.310844421386719
-211612.5,316747.5,3.854011297225952
-211552.5,316747.5,4.857036590576172
-211492.5,316747.5,6.535334587097168
-211432.5,316747.5,7.175405025482178
-211372.5,316747.5,4.214873790740967
-211312.5,316747.5,5.974507808685303
-211252.5,316747.5,5.94122838973999
-211192.5,316747.5,5.927852630615234
-211132.5,316747.5,4.913354396820068
-211072.5,316747.5,3.692328929901123
-211012.5,316747.5,5.0557379722595215
-210952.5,316747.5,11.78902816772461
-210892.5,316747.5,11.607901573181152
-210832.5,316747.5,12.499221801757812
-210772.5,316747.5,14.841601371765137
-210712.5,316747.5,10.316179275512695
-210652.5,316747.5,6.789090633392334
-210592.5,316747.5,7.840059280395508
-210532.5,316747.5,13.230378150939941
-210472.5,316747.5,14.510509490966797
-210412.5,316747.5,13.292089462280273
-210352.5,316747.5,13.424541473388672
-210292.5,316747.5,14.371521949768066
-210232.5,316747.5,14.451115608215332
-210172.5,316747.5,15.133480072021484
-210112.5,316747.5,11.519397735595703
-210052.5,316747.5,11.96166706085205
-209992.5,316747.5,6.323954105377197
-209932.5,316747.5,2.8085458278656006
-209872.5,316747.5,3.5596327781677246
-209812.5,316747.5,4.666898727416992
-209752.5,316747.5,5.366953372955322
-209692.5,316747.5,7.989482879638672
-209632.5,316747.5,14.101628303527832
-209572.5,316747.5,14.899762153625488
-209512.5,316747.5,15.036620140075684
-209452.5,316747.5,15.319890022277832
-209392.5,316747.5,16.69194793701172
-209332.5,316747.5,16.15805435180664
-209272.5,316747.5,15.13466739654541
-209212.5,316747.5,15.02673625946045
-209152.5,316747.5,16.120145797729492
-209092.5,316747.5,14.740208625793457
-209032.5,316747.5,15.477407455444336
-208972.5,316747.5,16.066434860229492
-208912.5,316747.5,15.940092086791992
-208852.5,316747.5,15.278403282165527
-208792.5,316747.5,14.959078788757324
-208732.5,316747.5,15.498007774353027
-208672.5,316747.5,15.483043670654297
-208612.5,316747.5,16.178089141845703
-208552.5,316747.5,16.219202041625977
-208492.5,316747.5,16.298343658447266
-208432.5,316747.5,15.215361595153809
-208372.5,316747.5,13.304190635681152
-208312.5,316747.5,15.54663372039795
-208252.5,316747.5,15.561220169067383
-208192.5,316747.5,8.594438552856445
-208132.5,316747.5,14.406547546386719
-208072.5,316747.5,13.695968627929688
-208012.5,316747.5,12.621912002563477
-207952.5,316747.5,16.216976165771484
-207892.5,316747.5,15.078664779663086
-207832.5,316747.5,14.003830909729004
-207772.5,316747.5,12.25745964050293
-207712.5,316747.5,8.660483360290527
-207652.5,316747.5,7.096512794494629
-207592.5,316747.5,8.501179695129395
-207532.5,316747.5,13.792394638061523
-207472.5,316747.5,15.5249605178833
-207412.5,316747.5,14.794103622436523
-207352.5,316747.5,13.685712814331055
-207292.5,316747.5,13.92565631866455
-207232.5,316747.5,16.067628860473633
-207172.5,316747.5,15.691061973571777
-207112.5,316747.5,11.019312858581543
-207052.5,316747.5,5.630979537963867
-206992.5,316747.5,6.869349956512451
-206932.5,316747.5,15.171219825744629
-206872.5,316747.5,15.85900592803955
-206812.5,316747.5,14.715328216552734
-206752.5,316747.5,9.305105209350586
-206692.5,316747.5,11.27155590057373
-206632.5,316747.5,9.270666122436523
-206572.5,316747.5,11.953164100646973
-206512.5,316747.5,11.93039321899414
-206452.5,316747.5,12.193624496459961
-206392.5,316747.5,16.58626365661621
-206332.5,316747.5,15.585360527038574
-206272.5,316747.5,10.158169746398926
-206212.5,316747.5,14.4197359085083
-206152.5,316747.5,7.331759929656982
-206092.5,316747.5,7.145822048187256
-206032.5,316747.5,8.558570861816406
-205972.5,316747.5,12.948599815368652
-205912.5,316747.5,9.814860343933105
-205852.5,316747.5,10.15755844116211
-211672.5,316687.5,4.4961652755737305
-211612.5,316687.5,5.009754180908203
-211552.5,316687.5,5.931093692779541
-211492.5,316687.5,6.731444835662842
-211432.5,316687.5,5.270658016204834
-211372.5,316687.5,4.762790679931641
-211312.5,316687.5,4.460384845733643
-211252.5,316687.5,5.962940216064453
-211192.5,316687.5,6.267916679382324
-211132.5,316687.5,6.502388000488281
-211072.5,316687.5,3.963819980621338
-211012.5,316687.5,5.481439590454102
-210952.5,316687.5,5.923420429229736
-210892.5,316687.5,10.660418510437012
-210832.5,316687.5,9.145054817199707
-210772.5,316687.5,12.16366195678711
-210712.5,316687.5,7.2935614585876465
-210652.5,316687.5,5.373508453369141
-210592.5,316687.5,6.4733357429504395
-210532.5,316687.5,11.266535758972168
-210472.5,316687.5,13.757733345031738
-210412.5,316687.5,14.367220878601074
-210352.5,316687.5,14.63714599609375
-210292.5,316687.5,13.71478271484375
-210232.5,316687.5,13.83631706237793
-210172.5,316687.5,11.561888694763184
-210112.5,316687.5,6.450249671936035
-210052.5,316687.5,6.263343811035156
-209992.5,316687.5,4.642351150512695
-209932.5,316687.5,5.060542106628418
-209872.5,316687.5,5.396399974822998
-209812.5,316687.5,6.543785572052002
-209752.5,316687.5,8.73359489440918
-209692.5,316687.5,9.315191268920898
-209632.5,316687.5,13.151686668395996
-209572.5,316687.5,16.224937438964844
-209512.5,316687.5,11.970990180969238
-209452.5,316687.5,15.689397811889648
-209392.5,316687.5,16.282861709594727
-209332.5,316687.5,15.016912460327148
-209272.5,316687.5,17.609699249267578
-209212.5,316687.5,14.48508071899414
-209152.5,316687.5,18.313627243041992
-209092.5,316687.5,16.248937606811523
-209032.5,316687.5,14.72120189666748
-208972.5,316687.5,14.75390625
-208912.5,316687.5,14.379959106445312
-208852.5,316687.5,15.25288200378418
-208792.5,316687.5,14.07273006439209
-208732.5,316687.5,15.255447387695312
-208672.5,316687.5,16.14591407775879
-208612.5,316687.5,14.981244087219238
-208552.5,316687.5,16.71780776977539
-208492.5,316687.5,16.247478485107422
-208432.5,316687.5,11.704357147216797
-208372.5,316687.5,16.34446907043457
-208312.5,316687.5,15.235830307006836
-208252.5,316687.5,15.507928848266602
-208192.5,316687.5,8.376897811889648
-208132.5,316687.5,14.097846984863281
-208072.5,316687.5,15.785738945007324
-208012.5,316687.5,16.911884307861328
-207952.5,316687.5,16.420167922973633
-207892.5,316687.5,15.640265464782715
-207832.5,316687.5,11.187138557434082
-207772.5,316687.5,7.351218223571777
-207712.5,316687.5,6.777837753295898
-207652.5,316687.5,8.869416236877441
-207592.5,316687.5,8.55359172821045
-207532.5,316687.5,11.64353084564209
-207472.5,316687.5,16.623151779174805
-207412.5,316687.5,14.89692497253418
-207352.5,316687.5,14.359674453735352
-207292.5,316687.5,15.760397911071777
-207232.5,316687.5,15.519377708435059
-207172.5,316687.5,13.293992042541504
-207112.5,316687.5,7.730442047119141
-207052.5,316687.5,6.760887145996094
-206992.5,316687.5,12.393695831298828
-206932.5,316687.5,16.256088256835938
-206872.5,316687.5,15.85935115814209
-206812.5,316687.5,11.97677993774414
-206752.5,316687.5,8.035951614379883
-206692.5,316687.5,7.448091983795166
-206632.5,316687.5,10.095881462097168
-206572.5,316687.5,11.946887016296387
-206512.5,316687.5,14.484724998474121
-206452.5,316687.5,14.107784271240234
-206392.5,316687.5,15.622151374816895
-206332.5,316687.5,11.812216758728027
-206272.5,316687.5,5.985631465911865
-206212.5,316687.5,12.22495174407959
-206152.5,316687.5,6.010421276092529
-206092.5,316687.5,8.882892608642578
-206032.5,316687.5,8.128251075744629
-205972.5,316687.5,11.582199096679688
-205912.5,316687.5,11.275382995605469
-205852.5,316687.5,9.867888450622559
-211672.5,316627.5,4.501845836639404
-211612.5,316627.5,5.353654384613037
-211552.5,316627.5,6.093802452087402
-211492.5,316627.5,7.829933166503906
-211432.5,316627.5,6.378749370574951
-211372.5,316627.5,6.923757076263428
-211312.5,316627.5,6.6033196449279785
-211252.5,316627.5,4.076251029968262
-211192.5,316627.5,7.780864715576172
-211132.5,316627.5,8.30017375946045
-211072.5,316627.5,5.334260940551758
-211012.5,316627.5,4.077049255371094
-210952.5,316627.5,5.146341323852539
-210892.5,316627.5,7.428304672241211
-210832.5,316627.5,6.302440643310547
-210772.5,316627.5,8.333008766174316
-210712.5,316627.5,6.3529438972473145
-210652.5,316627.5,6.570170879364014
-210592.5,316627.5,7.249997138977051
-210532.5,316627.5,6.15571928024292
-210472.5,316627.5,9.020868301391602
-210412.5,316627.5,10.921746253967285
-210352.5,316627.5,12.153661727905273
-210292.5,316627.5,9.752582550048828
-210232.5,316627.5,6.492924690246582
-210172.5,316627.5,6.307739734649658
-210112.5,316627.5,3.4972708225250244
-210052.5,316627.5,4.696169853210449
-209992.5,316627.5,4.806558132171631
-209932.5,316627.5,5.513443946838379
-209872.5,316627.5,7.104028224945068
-209812.5,316627.5,12.551766395568848
-209752.5,316627.5,10.87779712677002
-209692.5,316627.5,10.681737899780273
-209632.5,316627.5,14.120471954345703
-209572.5,316627.5,14.653825759887695
-209512.5,316627.5,11.40224838256836
-209452.5,316627.5,14.023842811584473
-209392.5,316627.5,14.35988712310791
-209332.5,316627.5,14.317360877990723
-209272.5,316627.5,15.932798385620117
-209212.5,316627.5,14.892561912536621
-209152.5,316627.5,13.902298927307129
-209092.5,316627.5,16.519851684570312
-209032.5,316627.5,15.491469383239746
-208972.5,316627.5,16.198877334594727
-208912.5,316627.5,16.161264419555664
-208852.5,316627.5,15.759169578552246
-208792.5,316627.5,15.885406494140625
-208732.5,316627.5,15.46818733215332
-208672.5,316627.5,15.284924507141113
-208612.5,316627.5,13.270228385925293
-208552.5,316627.5,16.665014266967773
-208492.5,316627.5,15.234245300292969
-208432.5,316627.5,13.834981918334961
-208372.5,316627.5,14.113776206970215
-208312.5,316627.5,16.437976837158203
-208252.5,316627.5,15.358190536499023
-208192.5,316627.5,13.46591854095459
-208132.5,316627.5,13.53859806060791
-208072.5,316627.5,15.689382553100586
-208012.5,316627.5,15.689703941345215
-207952.5,316627.5,14.093249320983887
-207892.5,316627.5,10.716314315795898
-207832.5,316627.5,5.5242509841918945
-207772.5,316627.5,6.60662317276001
-207712.5,316627.5,11.841520309448242
-207652.5,316627.5,14.534337997436523
-207592.5,316627.5,14.941306114196777
-207532.5,316627.5,14.29562759399414
-207472.5,316627.5,14.897217750549316
-207412.5,316627.5,13.553397178649902
-207352.5,316627.5,14.051344871520996
-207292.5,316627.5,15.53878402709961
-207232.5,316627.5,14.90318775177002
-207172.5,316627.5,14.683165550231934
-207112.5,316627.5,8.773414611816406
-207052.5,316627.5,7.302268028259277
-206992.5,316627.5,13.93331241607666
-206932.5,316627.5,15.237000465393066
-206872.5,316627.5,12.877755165100098
-206812.5,316627.5,7.700636863708496
-206752.5,316627.5,8.089310646057129
-206692.5,316627.5,9.563728332519531
-206632.5,316627.5,10.984450340270996
-206572.5,316627.5,8.98120403289795
-206512.5,316627.5,9.954089164733887
-206452.5,316627.5,15.371621131896973
-206392.5,316627.5,13.669293403625488
-206332.5,316627.5,10.553275108337402
-206272.5,316627.5,9.725807189941406
-206212.5,316627.5,14.393630027770996
-206152.5,316627.5,11.495054244995117
-206092.5,316627.5,10.166179656982422
-206032.5,316627.5,9.033297538757324
-205972.5,316627.5,7.210229873657227
-205912.5,316627.5,10.86011791229248
-211672.5,316567.5,4.518131256103516
-211612.5,316567.5,6.412940502166748
-211552.5,316567.5,9.32387638092041
-211492.5,316567.5,10.412740707397461
-211432.5,316567.5,6.63815450668335
-211372.5,316567.5,6.877787113189697
-211312.5,316567.5,7.17797327041626
-211252.5,316567.5,7.027653694152832
-211192.5,316567.5,8.081991195678711
-211132.5,316567.5,12.136568069458008
-211072.5,316567.5,7.7740797996521
-211012.5,316567.5,6.134867191314697
-210952.5,316567.5,5.769140243530273
-210892.5,316567.5,5.120894432067871
-210832.5,316567.5,3.6303493976593018
-210772.5,316567.5,4.722294330596924
-210712.5,316567.5,4.005948066711426
-210652.5,316567.5,3.1910595893859863
-210592.5,316567.5,3.5380563735961914
-210532.5,316567.5,3.7390129566192627
-210472.5,316567.5,3.945935010910034
-210412.5,316567.5,4.2737040519714355
-210352.5,316567.5,4.494298458099365
-210292.5,316567.5,4.211148738861084
-210232.5,316567.5,4.017503261566162
-210172.5,316567.5,4.765078544616699
-210112.5,316567.5,4.7217888832092285
-210052.5,316567.5,4.44974946975708
-209992.5,316567.5,5.939688682556152
-209932.5,316567.5,6.506533622741699
-209872.5,316567.5,7.499963760375977
-209812.5,316567.5,10.398151397705078
-209752.5,316567.5,4.236673355102539
-209692.5,316567.5,10.520804405212402
-209632.5,316567.5,14.151094436645508
-209572.5,316567.5,13.128575325012207
-209512.5,316567.5,14.72885799407959
-209452.5,316567.5,13.651944160461426
-209392.5,316567.5,15.279021263122559
-209332.5,316567.5,14.267583847045898
-209272.5,316567.5,15.962898254394531
-209212.5,316567.5,15.657584190368652
-209152.5,316567.5,15.149504661560059
-209092.5,316567.5,10.808576583862305
-209032.5,316567.5,16.029836654663086
-208972.5,316567.5,15.559264183044434
-208912.5,316567.5,16.083885192871094
-208852.5,316567.5,15.450546264648438
-208792.5,316567.5,14.69446086883545
-208732.5,316567.5,16.380516052246094
-208672.5,316567.5,14.723762512207031
-208612.5,316567.5,16.249711990356445
-208552.5,316567.5,14.333415031433105
-208492.5,316567.5,14.780231475830078
-208432.5,316567.5,13.240459442138672
-208372.5,316567.5,17.348163604736328
-208312.5,316567.5,16.10108757019043
-208252.5,316567.5,16.813491821289062
-208192.5,316567.5,13.2290678024292
-208132.5,316567.5,16.03449249267578
-208072.5,316567.5,15.492411613464355
-208012.5,316567.5,14.94018840789795
-207952.5,316567.5,12.829100608825684
-207892.5,316567.5,4.310503959655762
-207832.5,316567.5,6.459411144256592
-207772.5,316567.5,12.138985633850098
-207712.5,316567.5,15.282341003417969
-207652.5,316567.5,15.226070404052734
-207592.5,316567.5,16.37298011779785
-207532.5,316567.5,15.277599334716797
-207472.5,316567.5,14.269206047058105
-207412.5,316567.5,13.565780639648438
-207352.5,316567.5,13.531593322753906
-207292.5,316567.5,12.085915565490723
-207232.5,316567.5,13.815462112426758
-207172.5,316567.5,11.535937309265137
-207112.5,316567.5,14.461605072021484
-207052.5,316567.5,12.920670509338379
-206992.5,316567.5,13.699010848999023
-206932.5,316567.5,10.85376262664795
-206872.5,316567.5,13.149271011352539
-206812.5,316567.5,10.676816940307617
-206752.5,316567.5,8.667754173278809
-206692.5,316567.5,8.278985023498535
-206632.5,316567.5,9.680693626403809
-206572.5,316567.5,10.776209831237793
-206512.5,316567.5,9.66919231414795
-206452.5,316567.5,10.976181030273438
-206392.5,316567.5,8.59681224822998
-206332.5,316567.5,9.335758209228516
-206272.5,316567.5,12.481791496276855
-206212.5,316567.5,10.756616592407227
-206152.5,316567.5,7.219472885131836
-206092.5,316567.5,6.865286350250244
-206032.5,316567.5,7.122359275817871
-205972.5,316567.5,8.69250202178955
-205912.5,316567.5,10.408271789550781
-211672.5,316507.5,4.993836402893066
-211612.5,316507.5,8.452005386352539
-211552.5,316507.5,15.446996688842773
-211492.5,316507.5,14.415873527526855
-211432.5,316507.5,10.019997596740723
-211372.5,316507.5,9.448857307434082
-211312.5,316507.5,9.465508460998535
-211252.5,316507.5,6.964894771575928
-211192.5,316507.5,7.981211185455322
-211132.5,316507.5,8.051892280578613
-211072.5,316507.5,6.695319175720215
-211012.5,316507.5,6.469315528869629
-210952.5,316507.5,6.614022254943848
-210892.5,316507.5,5.250670909881592
-210832.5,316507.5,4.824260234832764
-210772.5,316507.5,6.155369281768799
-210712.5,316507.5,4.763556480407715
-210652.5,316507.5,3.707092046737671
-210592.5,316507.5,3.7482213973999023
-210532.5,316507.5,5.629230499267578
-210472.5,316507.5,5.839038848876953
-210412.5,316507.5,4.670637607574463
-210352.5,316507.5,6.689878463745117
-210292.5,316507.5,6.453555107116699
-210232.5,316507.5,4.5525221824646
-210172.5,316507.5,6.504763603210449
-210112.5,316507.5,6.453614234924316
-210052.5,316507.5,6.271930694580078
-209992.5,316507.5,6.578041076660156
-209932.5,316507.5,6.6422600746154785
-209872.5,316507.5,8.175228118896484
-209812.5,316507.5,15.113166809082031
-209752.5,316507.5,11.313633918762207
-209692.5,316507.5,13.944385528564453
-209632.5,316507.5,12.337823867797852
-209572.5,316507.5,7.835402011871338
-209512.5,316507.5,12.36925983428955
-209452.5,316507.5,15.244146347045898
-209392.5,316507.5,15.512062072753906
-209332.5,316507.5,16.11843490600586
-209272.5,316507.5,14.940083503723145
-209212.5,316507.5,13.092926979064941
-209152.5,316507.5,11.697221755981445
-209092.5,316507.5,10.976616859436035
-209032.5,316507.5,12.919668197631836
-208972.5,316507.5,15.293567657470703
-208912.5,316507.5,16.23836326599121
-208852.5,316507.5,17.08878517150879
-208792.5,316507.5,15.996795654296875
-208732.5,316507.5,11.702068328857422
-208672.5,316507.5,16.368675231933594
-208612.5,316507.5,15.913969039916992
-208552.5,316507.5,16.24250602722168
-208492.5,316507.5,13.513829231262207
-208432.5,316507.5,13.36919116973877
-208372.5,316507.5,16.452211380004883
-208312.5,316507.5,14.104297637939453
-208252.5,316507.5,15.144351959228516
-208192.5,316507.5,14.91500186920166
-208132.5,316507.5,15.1504487991333
-208072.5,316507.5,14.619598388671875
-208012.5,316507.5,14.834962844848633
-207952.5,316507.5,8.961811065673828
-207892.5,316507.5,5.5294508934021
-207832.5,316507.5,12.870965003967285
-207772.5,316507.5,14.288260459899902
-207712.5,316507.5,14.025123596191406
-207652.5,316507.5,16.493701934814453
-207592.5,316507.5,16.218690872192383
-207532.5,316507.5,15.589553833007812
-207472.5,316507.5,15.195240020751953
-207412.5,316507.5,14.65074348449707
-207352.5,316507.5,13.211647033691406
-207292.5,316507.5,15.587589263916016
-207232.5,316507.5,16.009443283081055
-207172.5,316507.5,14.187590599060059
-207112.5,316507.5,7.855810165405273
-207052.5,316507.5,5.389540195465088
-206992.5,316507.5,9.722928047180176
-206932.5,316507.5,14.141373634338379
-206872.5,316507.5,13.549090385437012
-206812.5,316507.5,14.921202659606934
-206752.5,316507.5,13.923206329345703
-206692.5,316507.5,8.555126190185547
-206632.5,316507.5,11.076634407043457
-206572.5,316507.5,11.356635093688965
-206512.5,316507.5,7.161757946014404
-206452.5,316507.5,7.207488059997559
-206392.5,316507.5,7.224791526794434
-206332.5,316507.5,7.205545425415039
-206272.5,316507.5,7.708179473876953
-206212.5,316507.5,7.74442720413208
-206152.5,316507.5,8.148430824279785
-206092.5,316507.5,7.523751258850098
-206032.5,316507.5,7.598863124847412
-205972.5,316507.5,10.849715232849121
-205912.5,316507.5,10.295489311218262
-211672.5,316447.5,8.837841033935547
-211612.5,316447.5,14.201292991638184
-211552.5,316447.5,14.958020210266113
-211492.5,316447.5,13.003024101257324
-211432.5,316447.5,11.785089492797852
-211372.5,316447.5,14.576579093933105
-211312.5,316447.5,9.546246528625488
-211252.5,316447.5,12.021041870117188
-211192.5,316447.5,9.880117416381836
-211132.5,316447.5,7.4035234451293945
-211072.5,316447.5,7.370731353759766
-211012.5,316447.5,7.836325168609619
-210952.5,316447.5,11.266098976135254
-210892.5,316447.5,7.085813522338867
-210832.5,316447.5,6.07246732711792
-210772.5,316447.5,6.464758396148682
-210712.5,316447.5,5.734327793121338
-210652.5,316447.5,5.147736549377441
-210592.5,316447.5,4.8552398681640625
-210532.5,316447.5,5.496642589569092
-210472.5,316447.5,5.606061935424805
-210412.5,316447.5,4.779945373535156
-210352.5,316447.5,6.407957077026367
-210292.5,316447.5,6.162705421447754
-210232.5,316447.5,5.633999347686768
-210172.5,316447.5,6.122011661529541
-210112.5,316447.5,7.259402751922607
-210052.5,316447.5,7.784417629241943
-209992.5,316447.5,13.105789184570312
-209932.5,316447.5,10.460862159729004
-209872.5,316447.5,13.15561580657959
-209812.5,316447.5,13.977520942687988
-209752.5,316447.5,10.897268295288086
-209692.5,316447.5,13.291641235351562
-209632.5,316447.5,9.068469047546387
-209572.5,316447.5,5.792995929718018
-209512.5,316447.5,7.289764881134033
-209452.5,316447.5,12.682849884033203
-209392.5,316447.5,12.344340324401855
-209332.5,316447.5,16.14651107788086
-209272.5,316447.5,15.633843421936035
-209212.5,316447.5,16.88939666748047
-209152.5,316447.5,16.50581169128418
-209092.5,316447.5,12.100305557250977
-209032.5,316447.5,15.223447799682617
-208972.5,316447.5,16.340057373046875
-208912.5,316447.5,14.921370506286621
-208852.5,316447.5,15.494159698486328
-208792.5,316447.5,17.280405044555664
-208732.5,316447.5,16.280372619628906
-208672.5,316447.5,14.81246280670166
-208612.5,316447.5,15.618504524230957
-208552.5,316447.5,16.062477111816406
-208492.5,316447.5,15.225095748901367
-208432.5,316447.5,16.432836532592773
-208372.5,316447.5,15.294507026672363
-208312.5,316447.5,15.429049491882324
-208252.5,316447.5,14.64133358001709
-208192.5,316447.5,13.11041259765625
-208132.5,316447.5,14.336132049560547
-208072.5,316447.5,7.32782506942749
-208012.5,316447.5,6.987372875213623
-207952.5,316447.5,6.31623649597168
-207892.5,316447.5,7.48498010635376
-207832.5,316447.5,15.590785026550293
-207772.5,316447.5,15.329803466796875
-207712.5,316447.5,15.674455642700195
-207652.5,316447.5,14.261655807495117
-207592.5,316447.5,15.14339828491211
-207532.5,316447.5,7.024717330932617
-207472.5,316447.5,10.398954391479492
-207412.5,316447.5,11.179136276245117
-207352.5,316447.5,15.228949546813965
-207292.5,316447.5,14.7318754196167
-207232.5,316447.5,16.569814682006836
-207172.5,316447.5,13.161730766296387
-207112.5,316447.5,9.09203052520752
-207052.5,316447.5,8.947895050048828
-206992.5,316447.5,9.320181846618652
-206932.5,316447.5,10.795989036560059
-206872.5,316447.5,11.996472358703613
-206812.5,316447.5,13.44754695892334
-206752.5,316447.5,11.35730266571045
-206692.5,316447.5,13.100386619567871
-206632.5,316447.5,8.302295684814453
-206572.5,316447.5,6.516911506652832
-206512.5,316447.5,6.58801794052124
-206452.5,316447.5,7.040371417999268
-206392.5,316447.5,7.39543342590332
-206332.5,316447.5,10.260995864868164
-206272.5,316447.5,9.221029281616211
-206212.5,316447.5,10.98495864868164
-206152.5,316447.5,8.545149803161621
-206092.5,316447.5,11.2174711227417
-206032.5,316447.5,7.056945323944092
-205972.5,316447.5,11.642367362976074
-205912.5,316447.5,10.306249618530273
-211672.5,316387.5,14.110648155212402
-211612.5,316387.5,13.979835510253906
-211552.5,316387.5,13.866616249084473
-211492.5,316387.5,11.227230072021484
-211432.5,316387.5,8.3248291015625
-211372.5,316387.5,9.008881568908691
-211312.5,316387.5,9.35659122467041
-211252.5,316387.5,12.234908103942871
-211192.5,316387.5,11.84801959991455
-211132.5,316387.5,10.345959663391113
-211072.5,316387.5,12.330684661865234
-211012.5,316387.5,13.961877822875977
-210952.5,316387.5,13.0506010055542
-210892.5,316387.5,13.548042297363281
-210832.5,316387.5,11.043302536010742
-210772.5,316387.5,12.737648963928223
-210712.5,316387.5,8.777013778686523
-210652.5,316387.5,7.136228084564209
-210592.5,316387.5,6.7893877029418945
-210532.5,316387.5,6.842466354370117
-210472.5,316387.5,7.725727558135986
-210412.5,316387.5,8.889519691467285
-210352.5,316387.5,8.797785758972168
-210292.5,316387.5,11.589950561523438
-210232.5,316387.5,6.934051036834717
-210172.5,316387.5,7.146016597747803
-210112.5,316387.5,5.409737586975098
-210052.5,316387.5,5.494594097137451
-209992.5,316387.5,11.375836372375488
-209932.5,316387.5,14.466317176818848
-209872.5,316387.5,15.135368347167969
-209812.5,316387.5,14.160972595214844
-209752.5,316387.5,13.753153800964355
-209692.5,316387.5,12.655163764953613
-209632.5,316387.5,8.943244934082031
-209572.5,316387.5,6.290672302246094
-209512.5,316387.5,6.605816841125488
-209452.5,316387.5,7.71079158782959
-209392.5,316387.5,12.287635803222656
-209332.5,316387.5,15.71810245513916
-209272.5,316387.5,15.60831069946289
-209212.5,316387.5,13.78313159942627
-209152.5,316387.5,15.416131973266602
-209092.5,316387.5,16.702003479003906
-209032.5,316387.5,15.657963752746582
-208972.5,316387.5,15.448972702026367
-208912.5,316387.5,17.67023277282715
-208852.5,316387.5,16.545372009277344
-208792.5,316387.5,15.56782341003418
-208732.5,316387.5,13.79350757598877
-208672.5,316387.5,13.812384605407715
-208612.5,316387.5,16.50417137145996
-208552.5,316387.5,16.039295196533203
-208492.5,316387.5,12.73149299621582
-208432.5,316387.5,16.00048828125
-208372.5,316387.5,13.791001319885254
-208312.5,316387.5,16.131486892700195
-208252.5,316387.5,13.569676399230957
-208192.5,316387.5,10.92475414276123
-208132.5,316387.5,4.859984397888184
-208072.5,316387.5,3.3466227054595947
-208012.5,316387.5,5.014136791229248
-207952.5,316387.5,6.430706024169922
-207892.5,316387.5,14.783117294311523
-207832.5,316387.5,16.486495971679688
-207772.5,316387.5,14.929311752319336
-207712.5,316387.5,10.872211456298828
-207652.5,316387.5,4.80939245223999
-207592.5,316387.5,13.149027824401855
-207532.5,316387.5,12.104122161865234
-207472.5,316387.5,10.146190643310547
-207412.5,316387.5,12.751893997192383
-207352.5,316387.5,10.172255516052246
-207292.5,316387.5,7.703399658203125
-207232.5,316387.5,12.081881523132324
-207172.5,316387.5,11.745747566223145
-207112.5,316387.5,15.331826210021973
-207052.5,316387.5,11.805171012878418
-206992.5,316387.5,14.417516708374023
-206932.5,316387.5,15.947368621826172
-206872.5,316387.5,9.655366897583008
-206812.5,316387.5,11.868167877197266
-206752.5,316387.5,15.247945785522461
-206692.5,316387.5,15.88283920288086
-206632.5,316387.5,9.54880142211914
-206572.5,316387.5,6.810889720916748
-206512.5,316387.5,6.3902363777160645
-206452.5,316387.5,7.472453594207764
-206392.5,316387.5,12.300263404846191
-206332.5,316387.5,11.579228401184082
-206272.5,316387.5,11.135986328125
-206212.5,316387.5,7.575950622558594
-206152.5,316387.5,10.074864387512207
-206092.5,316387.5,6.417445182800293
-206032.5,316387.5,7.633290767669678
-205972.5,316387.5,11.210144996643066
-211672.5,316327.5,10.447794914245605
-211612.5,316327.5,12.168578147888184
-211552.5,316327.5,10.724839210510254
-211492.5,316327.5,13.330126762390137
-211432.5,316327.5,8.619812965393066
-211372.5,316327.5,8.061984062194824
-211312.5,316327.5,8.816665649414062
-211252.5,316327.5,8.683491706848145
-211192.5,316327.5,15.339359283447266
-211132.5,316327.5,15.429336547851562
-211072.5,316327.5,15.219943046569824
-211012.5,316327.5,14.574331283569336
-210952.5,316327.5,14.791796684265137
-210892.5,316327.5,13.407509803771973
-210832.5,316327.5,15.707441329956055
-210772.5,316327.5,14.981879234313965
-210712.5,316327.5,14.515754699707031
-210652.5,316327.5,13.192387580871582
-210592.5,316327.5,11.150911331176758
-210532.5,316327.5,8.069572448730469
-210472.5,316327.5,9.343457221984863
-210412.5,316327.5,12.809443473815918
-210352.5,316327.5,7.511013031005859
-210292.5,316327.5,7.897000312805176
-210232.5,316327.5,8.769814491271973
-210172.5,316327.5,6.857844352722168
-210112.5,316327.5,4.658883571624756
-210052.5,316327.5,7.22908878326416
-209992.5,316327.5,12.115121841430664
-209932.5,316327.5,11.675163269042969
-209872.5,316327.5,10.309165954589844
-209812.5,316327.5,12.262341499328613
-209752.5,316327.5,10.99632740020752
-209692.5,316327.5,11.840837478637695
-209632.5,316327.5,10.63783073425293
-209572.5,316327.5,8.236414909362793
-209512.5,316327.5,6.944626331329346
-209452.5,316327.5,8.560465812683105
-209392.5,316327.5,11.515955924987793
-209332.5,316327.5,13.558134078979492
-209272.5,316327.5,15.948227882385254
-209212.5,316327.5,14.687640190124512
-209152.5,316327.5,15.773049354553223
-209092.5,316327.5,15.695524215698242
-209032.5,316327.5,15.914998054504395
-208972.5,316327.5,16.171369552612305
-208912.5,316327.5,12.930940628051758
-208852.5,316327.5,16.174203872680664
-208792.5,316327.5,13.225480079650879
-208732.5,316327.5,13.613816261291504
-208672.5,316327.5,16.847707748413086
-208612.5,316327.5,16.12066078186035
-208552.5,316327.5,15.801941871643066
-208492.5,316327.5,12.595986366271973
-208432.5,316327.5,13.854719161987305
-208372.5,316327.5,13.254947662353516
-208312.5,316327.5,13.250130653381348
-208252.5,316327.5,8.28926944732666
-208192.5,316327.5,4.610898971557617
-208132.5,316327.5,5.154755115509033
-208072.5,316327.5,6.852931499481201
-208012.5,316327.5,11.114975929260254
-207952.5,316327.5,8.740045547485352
-207892.5,316327.5,15.108254432678223
-207832.5,316327.5,15.115145683288574
-207772.5,316327.5,11.827423095703125
-207712.5,316327.5,10.45479679107666
-207652.5,316327.5,9.322831153869629
-207592.5,316327.5,5.233001708984375
-207532.5,316327.5,10.207545280456543
-207472.5,316327.5,14.025029182434082
-207412.5,316327.5,10.462342262268066
-207352.5,316327.5,9.801485061645508
-207292.5,316327.5,5.2552490234375
-207232.5,316327.5,10.447105407714844
-207172.5,316327.5,10.84470272064209
-207112.5,316327.5,14.534131050109863
-207052.5,316327.5,15.501380920410156
-206992.5,316327.5,13.035476684570312
-206932.5,316327.5,13.482757568359375
-206872.5,316327.5,14.809807777404785
-206812.5,316327.5,13.945577621459961
-206752.5,316327.5,15.10552978515625
-206692.5,316327.5,14.849974632263184
-206632.5,316327.5,10.868086814880371
-206572.5,316327.5,6.809671401977539
-206512.5,316327.5,7.1613569259643555
-206452.5,316327.5,11.446843147277832
-206392.5,316327.5,13.973275184631348
-206332.5,316327.5,10.419723510742188
-206272.5,316327.5,14.509241104125977
-206212.5,316327.5,11.410828590393066
-206152.5,316327.5,6.741804122924805
-206092.5,316327.5,5.783518314361572
-206032.5,316327.5,9.832054138183594
-205972.5,316327.5,10.126928329467773
-211672.5,316267.5,13.356864929199219
-211612.5,316267.5,14.74821949005127
-211552.5,316267.5,14.41172981262207
-211492.5,316267.5,13.780511856079102
-211432.5,316267.5,13.402667045593262
-211372.5,316267.5,9.32326602935791
-211312.5,316267.5,9.189069747924805
-211252.5,316267.5,9.056650161743164
-211192.5,316267.5,14.424582481384277
-211132.5,316267.5,15.140106201171875
-211072.5,316267.5,15.398770332336426
-211012.5,316267.5,15.06191635131836
-210952.5,316267.5,14.681676864624023
-210892.5,316267.5,14.161999702453613
-210832.5,316267.5,15.557260513305664
-210772.5,316267.5,16.20811653137207
-210712.5,316267.5,14.99416732788086
-210652.5,316267.5,15.714255332946777
-210592.5,316267.5,13.910392761230469
-210532.5,316267.5,7.4702677726745605
-210472.5,316267.5,8.643051147460938
-210412.5,316267.5,11.512856483459473
-210352.5,316267.5,11.676712989807129
-210292.5,316267.5,12.278914451599121
-210232.5,316267.5,13.59269905090332
-210172.5,316267.5,9.123046875
-210112.5,316267.5,7.69105863571167
-210052.5,316267.5,10.932998657226562
-209992.5,316267.5,7.879123210906982
-209932.5,316267.5,11.081083297729492
-209872.5,316267.5,9.843446731567383
-209812.5,316267.5,8.50615406036377
-209752.5,316267.5,12.203825950622559
-209692.5,316267.5,14.211339950561523
-209632.5,316267.5,14.69776725769043
-209572.5,316267.5,7.601879119873047
-209512.5,316267.5,7.95081090927124
-209452.5,316267.5,7.357995510101318
-209392.5,316267.5,13.762876510620117
-209332.5,316267.5,15.48831844329834
-209272.5,316267.5,15.871391296386719
-209212.5,316267.5,16.17360496520996
-209152.5,316267.5,15.937623023986816
-209092.5,316267.5,13.708266258239746
-209032.5,316267.5,14.914461135864258
-208972.5,316267.5,17.067983627319336
-208912.5,316267.5,15.817906379699707
-208852.5,316267.5,13.407959938049316
-208792.5,316267.5,13.604706764221191
-208732.5,316267.5,12.781719207763672
-208672.5,316267.5,16.028635025024414
-208612.5,316267.5,15.638792037963867
-208552.5,316267.5,12.043997764587402
-208492.5,316267.5,15.447331428527832
-208432.5,316267.5,11.900453567504883
-208372.5,316267.5,7.416136264801025
-208312.5,316267.5,4.156415939331055
-208252.5,316267.5,3.9957284927368164
-208192.5,316267.5,3.66506028175354
-208132.5,316267.5,6.794577598571777
-208072.5,316267.5,5.290033340454102
-208012.5,316267.5,11.674070358276367
-207952.5,316267.5,15.415184020996094
-207892.5,316267.5,11.631260871887207
-207832.5,316267.5,14.623603820800781
-207772.5,316267.5,11.714773178100586
-207712.5,316267.5,9.104619979858398
-207652.5,316267.5,11.040962219238281
-207592.5,316267.5,8.695158004760742
-207532.5,316267.5,10.594413757324219
-207472.5,316267.5,10.695068359375
-207412.5,316267.5,12.681913375854492
-207352.5,316267.5,7.414679527282715
-207292.5,316267.5,6.958399295806885
-207232.5,316267.5,9.267632484436035
-207172.5,316267.5,13.750432014465332
-207112.5,316267.5,15.647212982177734
-207052.5,316267.5,16.162168502807617
-206992.5,316267.5,13.215814590454102
-206932.5,316267.5,14.550225257873535
-206872.5,316267.5,16.128589630126953
-206812.5,316267.5,16.567977905273438
-206752.5,316267.5,14.95623779296875
-206692.5,316267.5,14.112322807312012
-206632.5,316267.5,9.211071014404297
-206572.5,316267.5,7.123538494110107
-206512.5,316267.5,7.151463985443115
-206452.5,316267.5,9.40823745727539
-206392.5,316267.5,11.528243064880371
-206332.5,316267.5,12.125570297241211
-206272.5,316267.5,12.128629684448242
-206212.5,316267.5,9.220809936523438
-206152.5,316267.5,7.334932804107666
-206092.5,316267.5,7.180065155029297
-206032.5,316267.5,10.46847915649414
-211672.5,316207.5,14.384260177612305
-211612.5,316207.5,15.534575462341309
-211552.5,316207.5,14.129164695739746
-211492.5,316207.5,13.741694450378418
-211432.5,316207.5,14.234688758850098
-211372.5,316207.5,14.433663368225098
-211312.5,316207.5,13.27289867401123
-211252.5,316207.5,15.885599136352539
-211192.5,316207.5,13.174330711364746
-211132.5,316207.5,13.29957103729248
-211072.5,316207.5,15.749637603759766
-211012.5,316207.5,15.577324867248535
-210952.5,316207.5,15.245628356933594
-210892.5,316207.5,10.774768829345703
-210832.5,316207.5,11.499892234802246
-210772.5,316207.5,16.555219650268555
-210712.5,316207.5,15.564179420471191
-210652.5,316207.5,16.076824188232422
-210592.5,316207.5,16.345897674560547
-210532.5,316207.5,11.65860366821289
-210472.5,316207.5,9.893101692199707
-210412.5,316207.5,9.75667667388916
-210352.5,316207.5,12.455886840820312
-210292.5,316207.5,10.30151653289795
-210232.5,316207.5,14.258769989013672
-210172.5,316207.5,10.226110458374023
-210112.5,316207.5,4.41305685043335
-210052.5,316207.5,5.926867961883545
-209992.5,316207.5,6.929224967956543
-209932.5,316207.5,8.695098876953125
-209872.5,316207.5,8.864954948425293
-209812.5,316207.5,7.757030010223389
-209752.5,316207.5,15.525115966796875
-209692.5,316207.5,15.660440444946289
-209632.5,316207.5,14.712563514709473
-209572.5,316207.5,12.126696586608887
-209512.5,316207.5,9.224842071533203
-209452.5,316207.5,14.783689498901367
-209392.5,316207.5,12.883380889892578
-209332.5,316207.5,9.03919792175293
-209272.5,316207.5,12.606417655944824
-209212.5,316207.5,15.333739280700684
-209152.5,316207.5,16.13871192932129
-209092.5,316207.5,15.333949089050293
-209032.5,316207.5,16.84111976623535
-208972.5,316207.5,16.91460418701172
-208912.5,316207.5,15.819273948669434
-208852.5,316207.5,9.862884521484375
-208792.5,316207.5,16.439929962158203
-208732.5,316207.5,14.650002479553223
-208672.5,316207.5,15.634160995483398
-208612.5,316207.5,16.797000885009766
-208552.5,316207.5,13.11621379852295
-208492.5,316207.5,12.706241607666016
-208432.5,316207.5,4.035604953765869
-208372.5,316207.5,3.267613172531128
-208312.5,316207.5,5.609230041503906
-208252.5,316207.5,6.567638397216797
-208192.5,316207.5,6.810087203979492
-208132.5,316207.5,7.663681507110596
-208072.5,316207.5,9.456977844238281
-208012.5,316207.5,13.649744987487793
-207952.5,316207.5,12.689658164978027
-207892.5,316207.5,15.998750686645508
-207832.5,316207.5,11.398395538330078
-207772.5,316207.5,11.943029403686523
-207712.5,316207.5,12.358837127685547
-207652.5,316207.5,11.848145484924316
-207592.5,316207.5,12.407401084899902
-207532.5,316207.5,14.798155784606934
-207472.5,316207.5,15.468911170959473
-207412.5,316207.5,13.967565536499023
-207352.5,316207.5,13.372405052185059
-207292.5,316207.5,11.648311614990234
-207232.5,316207.5,11.734675407409668
-207172.5,316207.5,13.621638298034668
-207112.5,316207.5,15.379729270935059
-207052.5,316207.5,17.674394607543945
-206992.5,316207.5,13.516397476196289
-206932.5,316207.5,11.627509117126465
-206872.5,316207.5,13.775652885437012
-206812.5,316207.5,13.163933753967285
-206752.5,316207.5,15.31230354309082
-206692.5,316207.5,13.07377815246582
-206632.5,316207.5,11.688940048217773
-206572.5,316207.5,8.373750686645508
-206512.5,316207.5,6.840569972991943
-206452.5,316207.5,6.943233013153076
-206392.5,316207.5,8.091259002685547
-206332.5,316207.5,13.446187019348145
-206272.5,316207.5,10.396716117858887
-206212.5,316207.5,7.248058319091797
-206152.5,316207.5,6.207486152648926
-206092.5,316207.5,9.123992919921875
-206032.5,316207.5,11.169044494628906
-211672.5,316147.5,13.7131929397583
-211612.5,316147.5,14.656326293945312
-211552.5,316147.5,13.28911304473877
-211492.5,316147.5,12.818900108337402
-211432.5,316147.5,13.052974700927734
-211372.5,316147.5,15.671723365783691
-211312.5,316147.5,10.323920249938965
-211252.5,316147.5,13.841353416442871
-211192.5,316147.5,13.45936107635498
-211132.5,316147.5,9.814571380615234
-211072.5,316147.5,11.428044319152832
-211012.5,316147.5,12.75649642944336
-210952.5,316147.5,11.207672119140625
-210892.5,316147.5,11.079246520996094
-210832.5,316147.5,11.167609214782715
-210772.5,316147.5,15.194146156311035
-210712.5,316147.5,17.45100975036621
-210652.5,316147.5,15.036243438720703
-210592.5,316147.5,15.669413566589355
-210532.5,316147.5,13.344046592712402
-210472.5,316147.5,12.462063789367676
-210412.5,316147.5,11.488478660583496
-210352.5,316147.5,10.0083646774292
-210292.5,316147.5,11.307541847229004
-210232.5,316147.5,12.234045028686523
-210172.5,316147.5,10.285758972167969
-210112.5,316147.5,8.449431419372559
-210052.5,316147.5,11.955767631530762
-209992.5,316147.5,15.000715255737305
-209932.5,316147.5,16.196208953857422
-209872.5,316147.5,15.49850082397461
-209812.5,316147.5,15.965991020202637
-209752.5,316147.5,15.676082611083984
-209692.5,316147.5,17.69407844543457
-209632.5,316147.5,15.825201034545898
-209572.5,316147.5,15.226152420043945
-209512.5,316147.5,13.877812385559082
-209452.5,316147.5,8.05471134185791
-209392.5,316147.5,8.10809326171875
-209332.5,316147.5,7.744842529296875
-209272.5,316147.5,8.893340110778809
-209212.5,316147.5,14.15319538116455
-209152.5,316147.5,15.941390037536621
-209092.5,316147.5,16.19341468811035
-209032.5,316147.5,16.586505889892578
-208972.5,316147.5,16.86759376525879
-208912.5,316147.5,16.94809341430664
-208852.5,316147.5,12.222692489624023
-208792.5,316147.5,12.952451705932617
-208732.5,316147.5,13.463335037231445
-208672.5,316147.5,16.108564376831055
-208612.5,316147.5,16.257381439208984
-208552.5,316147.5,13.917815208435059
-208492.5,316147.5,6.883544445037842
-208432.5,316147.5,4.276114463806152
-208372.5,316147.5,8.846118927001953
-208312.5,316147.5,12.65460205078125
-208252.5,316147.5,12.079497337341309
-208192.5,316147.5,14.15082836151123
-208132.5,316147.5,8.003846168518066
-208072.5,316147.5,8.029581069946289
-208012.5,316147.5,12.807948112487793
-207952.5,316147.5,14.943360328674316
-207892.5,316147.5,14.452836036682129
-207832.5,316147.5,14.74217700958252
-207772.5,316147.5,14.49587345123291
-207712.5,316147.5,13.191076278686523
-207652.5,316147.5,13.760986328125
-207592.5,316147.5,16.192981719970703
-207532.5,316147.5,15.162680625915527
-207472.5,316147.5,15.392210960388184
-207412.5,316147.5,15.81440258026123
-207352.5,316147.5,16.36701202392578
-207292.5,316147.5,15.723670959472656
-207232.5,316147.5,13.743130683898926
-207172.5,316147.5,12.682868003845215
-207112.5,316147.5,11.206328392028809
-207052.5,316147.5,11.858430862426758
-206992.5,316147.5,9.619937896728516
-206932.5,316147.5,7.06010103225708
-206872.5,316147.5,10.517032623291016
-206812.5,316147.5,10.513591766357422
-206752.5,316147.5,8.594816207885742
-206692.5,316147.5,13.065364837646484
-206632.5,316147.5,13.029899597167969
-206572.5,316147.5,11.262700080871582
-206512.5,316147.5,6.853144645690918
-206452.5,316147.5,6.098248481750488
-206392.5,316147.5,6.312745571136475
-206332.5,316147.5,7.590889930725098
-206272.5,316147.5,6.36566162109375
-206212.5,316147.5,5.949963569641113
-206152.5,316147.5,6.46466064453125
-206092.5,316147.5,9.062950134277344
-211672.5,316087.5,14.475464820861816
-211612.5,316087.5,14.085192680358887
-211552.5,316087.5,14.324368476867676
-211492.5,316087.5,13.105345726013184
-211432.5,316087.5,9.076687812805176
-211372.5,316087.5,9.475149154663086
-211312.5,316087.5,9.469793319702148
-211252.5,316087.5,12.908568382263184
-211192.5,316087.5,13.093363761901855
-211132.5,316087.5,13.84968090057373
-211072.5,316087.5,15.266469955444336
-211012.5,316087.5,15.474981307983398
-210952.5,316087.5,14.872308731079102
-210892.5,316087.5,14.842439651489258
-210832.5,316087.5,12.939651489257812
-210772.5,316087.5,13.641529083251953
-210712.5,316087.5,15.098758697509766
-210652.5,316087.5,13.469779014587402
-210592.5,316087.5,13.106683731079102
-210532.5,316087.5,12.703283309936523
-210472.5,316087.5,14.99224853515625
-210412.5,316087.5,15.096917152404785
-210352.5,316087.5,14.864787101745605
-210292.5,316087.5,16.344263076782227
-210232.5,316087.5,15.693364143371582
-210172.5,316087.5,16.655698776245117
-210112.5,316087.5,15.619218826293945
-210052.5,316087.5,15.806672096252441
-209992.5,316087.5,16.69845199584961
-209932.5,316087.5,17.373674392700195
-209872.5,316087.5,17.391572952270508
-209812.5,316087.5,17.330583572387695
-209752.5,316087.5,16.85504722595215
-209692.5,316087.5,16.40155601501465
-209632.5,316087.5,17.20100975036621
-209572.5,316087.5,13.052630424499512
-209512.5,316087.5,10.423154830932617
-209452.5,316087.5,11.206231117248535
-209392.5,316087.5,5.719425201416016
-209332.5,316087.5,6.2779130935668945
-209272.5,316087.5,7.1889519691467285
-209212.5,316087.5,14.575883865356445
-209152.5,316087.5,16.672927856445312
-209092.5,316087.5,16.590877532958984
-209032.5,316087.5,14.644696235656738
-208972.5,316087.5,18.558761596679688
-208912.5,316087.5,14.840458869934082
-208852.5,316087.5,11.209997177124023
-208792.5,316087.5,8.731189727783203
-208732.5,316087.5,8.505633354187012
-208672.5,316087.5,10.655513763427734
-208612.5,316087.5,7.5116376876831055
-208552.5,316087.5,4.184628963470459
-208492.5,316087.5,3.8779296875
-208432.5,316087.5,10.99668025970459
-208372.5,316087.5,12.398309707641602
-208312.5,316087.5,15.619503021240234
-208252.5,316087.5,14.634245872497559
-208192.5,316087.5,13.56274127960205
-208132.5,316087.5,14.079633712768555
-208072.5,316087.5,15.662798881530762
-208012.5,316087.5,14.598065376281738
-207952.5,316087.5,14.755334854125977
-207892.5,316087.5,13.840888977050781
-207832.5,316087.5,15.145801544189453
-207772.5,316087.5,16.674522399902344
-207712.5,316087.5,16.758798599243164
-207652.5,316087.5,12.61797046661377
-207592.5,316087.5,13.859638214111328
-207532.5,316087.5,11.536967277526855
-207472.5,316087.5,12.322744369506836
-207412.5,316087.5,10.95764446258545
-207352.5,316087.5,11.944005012512207
-207292.5,316087.5,13.045053482055664
-207232.5,316087.5,12.84605884552002
-207172.5,316087.5,12.543538093566895
-207112.5,316087.5,11.18679428100586
-207052.5,316087.5,7.051671504974365
-206992.5,316087.5,8.321349143981934
-206932.5,316087.5,7.627756595611572
-206872.5,316087.5,6.77632999420166
-206812.5,316087.5,6.797027587890625
-206752.5,316087.5,6.956843852996826
-206692.5,316087.5,11.35932731628418
-206632.5,316087.5,10.309782981872559
-206572.5,316087.5,7.259519100189209
-206512.5,316087.5,7.211237907409668
-206452.5,316087.5,6.476850986480713
-206392.5,316087.5,5.853810787200928
-206332.5,316087.5,6.041721820831299
-206272.5,316087.5,5.764149188995361
-206212.5,316087.5,5.942684173583984
-206152.5,316087.5,8.674059867858887
-211672.5,316027.5,13.707616806030273
-211612.5,316027.5,15.689554214477539
-211552.5,316027.5,13.244906425476074
-211492.5,316027.5,9.108194351196289
-211432.5,316027.5,12.830909729003906
-211372.5,316027.5,11.030192375183105
-211312.5,316027.5,8.242849349975586
-211252.5,316027.5,14.543529510498047
-211192.5,316027.5,14.655499458312988
-211132.5,316027.5,14.749693870544434
-211072.5,316027.5,11.327195167541504
-211012.5,316027.5,10.97166919708252
-210952.5,316027.5,10.907455444335938
-210892.5,316027.5,14.549548149108887
-210832.5,316027.5,16.063528060913086
-210772.5,316027.5,15.135458946228027
-210712.5,316027.5,13.517046928405762
-210652.5,316027.5,13.919549942016602
-210592.5,316027.5,14.652410507202148
-210532.5,316027.5,15.322389602661133
-210472.5,316027.5,16.302799224853516
-210412.5,316027.5,15.555416107177734
-210352.5,316027.5,15.147908210754395
-210292.5,316027.5,16.20979881286621
-210232.5,316027.5,16.38865852355957
-210172.5,316027.5,13.32639217376709
-210112.5,316027.5,15.074844360351562
-210052.5,316027.5,14.858205795288086
-209992.5,316027.5,16.6226749420166
-209932.5,316027.5,17.10529136657715
-209872.5,316027.5,17.87896728515625
-209812.5,316027.5,17.106355667114258
-209752.5,316027.5,17.4354305267334
-209692.5,316027.5,16.319917678833008
-209632.5,316027.5,14.22623348236084
-209572.5,316027.5,7.7181243896484375
-209512.5,316027.5,6.693045616149902
-209452.5,316027.5,15.122457504272461
-209392.5,316027.5,10.56630802154541
-209332.5,316027.5,7.789158821105957
-209272.5,316027.5,8.85223388671875
-209212.5,316027.5,10.681330680847168
-209152.5,316027.5,17.085073471069336
-209092.5,316027.5,17.18658447265625
-209032.5,316027.5,15.378006935119629
-208972.5,316027.5,13.410242080688477
-208912.5,316027.5,10.066324234008789
-208852.5,316027.5,9.410063743591309
-208792.5,316027.5,7.158081531524658
-208732.5,316027.5,4.0219244956970215
-208672.5,316027.5,4.460932731628418
-208612.5,316027.5,5.131779670715332
-208552.5,316027.5,7.629483222961426
-208492.5,316027.5,7.4861931800842285
-208432.5,316027.5,11.218196868896484
-208372.5,316027.5,10.487235069274902
-208312.5,316027.5,11.750569343566895
-208252.5,316027.5,12.010322570800781
-208192.5,316027.5,13.057981491088867
-208132.5,316027.5,14.611639976501465
-208072.5,316027.5,14.51102352142334
-208012.5,316027.5,15.11958122253418
-207952.5,316027.5,13.749735832214355
-207892.5,316027.5,12.801728248596191
-207832.5,316027.5,14.463238716125488
-207772.5,316027.5,15.582849502563477
-207712.5,316027.5,15.628593444824219
-207652.5,316027.5,15.417880058288574
-207592.5,316027.5,12.194174766540527
-207532.5,316027.5,4.503911018371582
-207472.5,316027.5,7.735705375671387
-207412.5,316027.5,10.89059066772461
-207352.5,316027.5,11.019123077392578
-207292.5,316027.5,11.757673263549805
-207232.5,316027.5,9.125110626220703
-207172.5,316027.5,8.868250846862793
-207112.5,316027.5,6.636049747467041
-207052.5,316027.5,7.598100185394287
-206992.5,316027.5,7.094395160675049
-206932.5,316027.5,5.631574630737305
-206872.5,316027.5,6.209221363067627
-206812.5,316027.5,6.573945999145508
-206752.5,316027.5,6.618244647979736
-206692.5,316027.5,11.134089469909668
-206632.5,316027.5,7.410141468048096
-206572.5,316027.5,6.756527423858643
-206512.5,316027.5,5.997435569763184
-206452.5,316027.5,6.321462154388428
-206392.5,316027.5,7.783673286437988
-206332.5,316027.5,7.21433687210083
-206272.5,316027.5,7.742028713226318
-206212.5,316027.5,8.491663932800293
-206152.5,316027.5,8.13463020324707
-211672.5,315967.5,15.721570014953613
-211612.5,315967.5,13.342610359191895
-211552.5,315967.5,15.458699226379395
-211492.5,315967.5,11.12486743927002
-211432.5,315967.5,9.174941062927246
-211372.5,315967.5,10.219520568847656
-211312.5,315967.5,8.5886869430542
-211252.5,315967.5,8.583051681518555
-211192.5,315967.5,8.932967185974121
-211132.5,315967.5,10.920073509216309
-211072.5,315967.5,11.178149223327637
-211012.5,315967.5,14.014520645141602
-210952.5,315967.5,15.457515716552734
-210892.5,315967.5,16.090848922729492
-210832.5,315967.5,14.965852737426758
-210772.5,315967.5,15.435933113098145
-210712.5,315967.5,14.33557415008545
-210652.5,315967.5,15.692387580871582
-210592.5,315967.5,14.755187034606934
-210532.5,315967.5,16.44881248474121
-210472.5,315967.5,15.498807907104492
-210412.5,315967.5,15.823042869567871
-210352.5,315967.5,15.027002334594727
-210292.5,315967.5,14.997811317443848
-210232.5,315967.5,15.932113647460938
-210172.5,315967.5,11.381537437438965
-210112.5,315967.5,14.663557052612305
-210052.5,315967.5,16.117015838623047
-209992.5,315967.5,16.425453186035156
-209932.5,315967.5,17.60544204711914
-209872.5,315967.5,15.38028335571289
-209812.5,315967.5,17.214540481567383
-209752.5,315967.5,16.671987533569336
-209692.5,315967.5,17.096630096435547
-209632.5,315967.5,14.5939359664917
-209572.5,315967.5,8.812403678894043
-209512.5,315967.5,8.8787841796875
-209452.5,315967.5,12.78928279876709
-209392.5,315967.5,14.911408424377441
-209332.5,315967.5,14.224416732788086
-209272.5,315967.5,11.316682815551758
-209212.5,315967.5,14.53381061553955
-209152.5,315967.5,15.54806137084961
-209092.5,315967.5,15.86462688446045
-209032.5,315967.5,14.348444938659668
-208972.5,315967.5,7.481724739074707
-208912.5,315967.5,4.794166088104248
-208852.5,315967.5,5.801948547363281
-208792.5,315967.5,7.621963024139404
-208732.5,315967.5,7.631259441375732
-208672.5,315967.5,9.648916244506836
-208612.5,315967.5,5.659045696258545
-208552.5,315967.5,13.202086448669434
-208492.5,315967.5,11.753582954406738
-208432.5,315967.5,6.694186210632324
-208372.5,315967.5,8.285102844238281
-208312.5,315967.5,8.142411231994629
-208252.5,315967.5,12.7223539352417
-208192.5,315967.5,9.150489807128906
-208132.5,315967.5,15.157365798950195
-208072.5,315967.5,11.897382736206055
-208012.5,315967.5,15.413796424865723
-207952.5,315967.5,17.335140228271484
-207892.5,315967.5,15.568485260009766
-207832.5,315967.5,15.957420349121094
-207772.5,315967.5,12.635357856750488
-207712.5,315967.5,16.092670440673828
-207652.5,315967.5,15.009568214416504
-207592.5,315967.5,9.574177742004395
-207532.5,315967.5,7.306665897369385
-207472.5,315967.5,11.302144050598145
-207412.5,315967.5,16.33979606628418
-207352.5,315967.5,11.509739875793457
-207292.5,315967.5,8.80567455291748
-207232.5,315967.5,9.634664535522461
-207172.5,315967.5,6.015202522277832
-207112.5,315967.5,7.796167850494385
-207052.5,315967.5,6.191648483276367
-206992.5,315967.5,5.654016494750977
-206932.5,315967.5,5.279715061187744
-206872.5,315967.5,6.119642734527588
-206812.5,315967.5,4.91334342956543
-206752.5,315967.5,6.789055824279785
-206692.5,315967.5,6.3826165199279785
-206632.5,315967.5,6.713831424713135
-206572.5,315967.5,6.003648281097412
-206512.5,315967.5,5.937512397766113
-206452.5,315967.5,5.329497814178467
-206392.5,315967.5,6.547618865966797
-206332.5,315967.5,6.281471252441406
-206272.5,315967.5,7.4323883056640625
-206212.5,315967.5,9.994951248168945
-211672.5,315907.5,10.917248725891113
-211612.5,315907.5,9.167494773864746
-211552.5,315907.5,8.933450698852539
-211492.5,315907.5,9.300637245178223
-211432.5,315907.5,9.716769218444824
-211372.5,315907.5,10.459619522094727
-211312.5,315907.5,13.221585273742676
-211252.5,315907.5,14.285534858703613
-211192.5,315907.5,14.055201530456543
-211132.5,315907.5,14.886255264282227
-211072.5,315907.5,17.744373321533203
-211012.5,315907.5,15.623263359069824
-210952.5,315907.5,14.640852928161621
-210892.5,315907.5,11.879100799560547
-210832.5,315907.5,14.187427520751953
-210772.5,315907.5,15.782866477966309
-210712.5,315907.5,12.630289077758789
-210652.5,315907.5,11.173674583435059
-210592.5,315907.5,14.613131523132324
-210532.5,315907.5,16.389087677001953
-210472.5,315907.5,14.332952499389648
-210412.5,315907.5,15.513594627380371
-210352.5,315907.5,15.849589347839355
-210292.5,315907.5,12.146299362182617
-210232.5,315907.5,18.012346267700195
-210172.5,315907.5,17.614364624023438
-210112.5,315907.5,16.000713348388672
-210052.5,315907.5,13.777802467346191
-209992.5,315907.5,15.564796447753906
-209932.5,315907.5,15.872517585754395
-209872.5,315907.5,15.48356819152832
-209812.5,315907.5,15.05968189239502
-209752.5,315907.5,14.035208702087402
-209692.5,315907.5,16.71076011657715
-209632.5,315907.5,17.285085678100586
-209572.5,315907.5,13.674915313720703
-209512.5,315907.5,12.552752494812012
-209452.5,315907.5,13.612141609191895
-209392.5,315907.5,14.736634254455566
-209332.5,315907.5,12.28298568725586
-209272.5,315907.5,7.0635986328125
-209212.5,315907.5,7.153934478759766
-209152.5,315907.5,11.80898666381836
-209092.5,315907.5,10.912724494934082
-209032.5,315907.5,7.148989677429199
-208972.5,315907.5,7.38258171081543
-208912.5,315907.5,4.423111438751221
-208852.5,315907.5,6.364669322967529
-208792.5,315907.5,8.41592025756836
-208732.5,315907.5,7.844849586486816
-208672.5,315907.5,11.281400680541992
-208612.5,315907.5,12.452202796936035
-208552.5,315907.5,7.669315338134766
-208492.5,315907.5,6.9732584953308105
-208432.5,315907.5,10.502060890197754
-208372.5,315907.5,9.704693794250488
-208312.5,315907.5,9.027832984924316
-208252.5,315907.5,12.053382873535156
-208192.5,315907.5,13.387518882751465
-208132.5,315907.5,14.102651596069336
-208072.5,315907.5,15.174154281616211
-208012.5,315907.5,13.52955150604248
-207952.5,315907.5,16.964096069335938
-207892.5,315907.5,16.063268661499023
-207832.5,315907.5,14.956096649169922
-207772.5,315907.5,14.138550758361816
-207712.5,315907.5,15.175824165344238
-207652.5,315907.5,15.082698822021484
-207592.5,315907.5,12.647785186767578
-207532.5,315907.5,11.75290584564209
-207472.5,315907.5,14.883326530456543
-207412.5,315907.5,11.723823547363281
-207352.5,315907.5,11.451933860778809
-207292.5,315907.5,7.719684600830078
-207232.5,315907.5,10.012222290039062
-207172.5,315907.5,6.226612091064453
-207112.5,315907.5,5.975106239318848
-207052.5,315907.5,5.589975833892822
-206992.5,315907.5,5.969764709472656
-206932.5,315907.5,5.785855293273926
-206872.5,315907.5,5.934023857116699
-206812.5,315907.5,5.763087272644043
-206752.5,315907.5,4.396985054016113
-206692.5,315907.5,4.005977153778076
-206632.5,315907.5,4.697534561157227
-206572.5,315907.5,5.175783157348633
-206512.5,315907.5,6.452362060546875
-206452.5,315907.5,6.198235511779785
-206392.5,315907.5,7.117724895477295
-206332.5,315907.5,8.333381652832031
-206272.5,315907.5,7.5495758056640625
-211672.5,315847.5,12.642496109008789
-211612.5,315847.5,14.277697563171387
-211552.5,315847.5,14.593260765075684
-211492.5,315847.5,15.83812141418457
-211432.5,315847.5,15.3688325881958
-211372.5,315847.5,13.43181324005127
-211312.5,315847.5,16.174427032470703
-211252.5,315847.5,14.733110427856445
-211192.5,315847.5,11.117379188537598
-211132.5,315847.5,14.465563774108887
-211072.5,315847.5,15.597821235656738
-211012.5,315847.5,14.435203552246094
-210952.5,315847.5,16.22187614440918
-210892.5,315847.5,12.76870346069336
-210832.5,315847.5,17.488985061645508
-210772.5,315847.5,15.304057121276855
-210712.5,315847.5,15.317821502685547
-210652.5,315847.5,13.435688018798828
-210592.5,315847.5,15.378437042236328
-210532.5,315847.5,16.86736297607422
-210472.5,315847.5,16.59440803527832
-210412.5,315847.5,16.487751007080078
-210352.5,315847.5,16.40580177307129
-210292.5,315847.5,16.298620223999023
-210232.5,315847.5,14.452138900756836
-210172.5,315847.5,15.050700187683105
-210112.5,315847.5,16.185609817504883
-210052.5,315847.5,16.271713256835938
-209992.5,315847.5,17.362138748168945
-209932.5,315847.5,15.594865798950195
-209872.5,315847.5,12.796504974365234
-209812.5,315847.5,15.910807609558105
-209752.5,315847.5,16.130172729492188
-209692.5,315847.5,16.716232299804688
-209632.5,315847.5,16.903121948242188
-209572.5,315847.5,14.967996597290039
-209512.5,315847.5,15.155147552490234
-209452.5,315847.5,13.270625114440918
-209392.5,315847.5,14.231444358825684
-209332.5,315847.5,11.595720291137695
-209272.5,315847.5,6.900494575500488
-209212.5,315847.5,4.629101753234863
-209152.5,315847.5,3.8576762676239014
-209092.5,315847.5,3.6543493270874023
-209032.5,315847.5,6.847919464111328
-208972.5,315847.5,5.277578830718994
-208912.5,315847.5,4.167397975921631
-208852.5,315847.5,4.127158164978027
-208792.5,315847.5,7.973905086517334
-208732.5,315847.5,12.531472206115723
-208672.5,315847.5,10.247803688049316
-208612.5,315847.5,11.255599021911621
-208552.5,315847.5,5.131371021270752
-208492.5,315847.5,7.988582134246826
-208432.5,315847.5,11.791930198669434
-208372.5,315847.5,14.535948753356934
-208312.5,315847.5,11.678828239440918
-208252.5,315847.5,10.636420249938965
-208192.5,315847.5,11.393402099609375
-208132.5,315847.5,11.724200248718262
-208072.5,315847.5,13.772066116333008
-208012.5,315847.5,15.498735427856445
-207952.5,315847.5,14.458873748779297
-207892.5,315847.5,11.856866836547852
-207832.5,315847.5,14.458817481994629
-207772.5,315847.5,15.534852981567383
-207712.5,315847.5,15.075045585632324
-207652.5,315847.5,15.099721908569336
-207592.5,315847.5,12.146280288696289
-207532.5,315847.5,11.40252685546875
-207472.5,315847.5,13.007631301879883
-207412.5,315847.5,13.853035926818848
-207352.5,315847.5,12.088826179504395
-207292.5,315847.5,10.523075103759766
-207232.5,315847.5,8.271333694458008
-207172.5,315847.5,6.556744575500488
-207112.5,315847.5,6.403192043304443
-207052.5,315847.5,5.625926494598389
-206992.5,315847.5,5.884407997131348
-206932.5,315847.5,6.333860397338867
-206872.5,315847.5,4.096281051635742
-206812.5,315847.5,5.441687107086182
-206752.5,315847.5,4.628255844116211
-206692.5,315847.5,5.029766082763672
-206632.5,315847.5,6.614790439605713
-206572.5,315847.5,5.022518634796143
-206512.5,315847.5,6.842633247375488
-206452.5,315847.5,7.981389999389648
-206392.5,315847.5,8.667561531066895
-206332.5,315847.5,9.135710716247559
-211672.5,315787.5,14.37643814086914
-211612.5,315787.5,15.761971473693848
-211552.5,315787.5,15.509568214416504
-211492.5,315787.5,15.197138786315918
-211432.5,315787.5,15.75359058380127
-211372.5,315787.5,14.053516387939453
-211312.5,315787.5,15.019755363464355
-211252.5,315787.5,13.505157470703125
-211192.5,315787.5,14.92272663116455
-211132.5,315787.5,16.341106414794922
-211072.5,315787.5,16.017091751098633
-211012.5,315787.5,16.220277786254883
-210952.5,315787.5,13.65904426574707
-210892.5,315787.5,16.709997177124023
-210832.5,315787.5,14.501812934875488
-210772.5,315787.5,16.63941192626953
-210712.5,315787.5,14.118942260742188
-210652.5,315787.5,14.130916595458984
-210592.5,315787.5,15.497276306152344
-210532.5,315787.5,15.281527519226074
-210472.5,315787.5,13.012107849121094
-210412.5,315787.5,16.501352310180664
-210352.5,315787.5,15.735756874084473
-210292.5,315787.5,17.436208724975586
-210232.5,315787.5,15.505507469177246
-210172.5,315787.5,16.237760543823242
-210112.5,315787.5,15.317116737365723
-210052.5,315787.5,16.194623947143555
-209992.5,315787.5,14.181111335754395
-209932.5,315787.5,16.74683380126953
-209872.5,315787.5,12.838358879089355
-209812.5,315787.5,14.052878379821777
-209752.5,315787.5,15.999313354492188
-209692.5,315787.5,17.23235321044922
-209632.5,315787.5,13.943357467651367
-209572.5,315787.5,8.417433738708496
-209512.5,315787.5,4.425851345062256
-209452.5,315787.5,7.223721027374268
-209392.5,315787.5,7.279669761657715
-209332.5,315787.5,6.9139814376831055
-209272.5,315787.5,4.405876159667969
-209212.5,315787.5,7.698088645935059
-209152.5,315787.5,12.828461647033691
-209092.5,315787.5,12.32982063293457
-209032.5,315787.5,6.787132740020752
-208972.5,315787.5,4.1824750900268555
-208912.5,315787.5,6.359982013702393
-208852.5,315787.5,7.053554058074951
-208792.5,315787.5,7.681771278381348
-208732.5,315787.5,10.70116901397705
-208672.5,315787.5,5.078398704528809
-208612.5,315787.5,11.552910804748535
-208552.5,315787.5,9.348519325256348
-208492.5,315787.5,12.848755836486816
-208432.5,315787.5,14.06000804901123
-208372.5,315787.5,13.423563003540039
-208312.5,315787.5,13.317352294921875
-208252.5,315787.5,11.532896995544434
-208192.5,315787.5,13.182775497436523
-208132.5,315787.5,12.000446319580078
-208072.5,315787.5,12.871997833251953
-208012.5,315787.5,10.47741413116455
-207952.5,315787.5,9.78046703338623
-207892.5,315787.5,7.028630256652832
-207832.5,315787.5,8.9905366897583
-207772.5,315787.5,14.838489532470703
-207712.5,315787.5,15.92901611328125
-207652.5,315787.5,12.570465087890625
-207592.5,315787.5,12.541213989257812
-207532.5,315787.5,11.26378059387207
-207472.5,315787.5,8.743484497070312
-207412.5,315787.5,7.621114730834961
-207352.5,315787.5,9.950608253479004
-207292.5,315787.5,6.402039527893066
-207232.5,315787.5,6.2970757484436035
-207172.5,315787.5,6.698368549346924
-207112.5,315787.5,5.914010524749756
-207052.5,315787.5,5.845617771148682
-206992.5,315787.5,5.50708532333374
-206932.5,315787.5,4.667970180511475
-206872.5,315787.5,5.63657808303833
-206812.5,315787.5,4.569582462310791
-206752.5,315787.5,4.7913641929626465
-206692.5,315787.5,5.953700065612793
-206632.5,315787.5,10.197728157043457
-206572.5,315787.5,7.134634017944336
-206512.5,315787.5,10.658525466918945
-206452.5,315787.5,11.173870086669922
-206392.5,315787.5,9.054098129272461
-211672.5,315727.5,15.419856071472168
-211612.5,315727.5,14.144627571105957
-211552.5,315727.5,15.68786334991455
-211492.5,315727.5,13.943979263305664
-211432.5,315727.5,14.909525871276855
-211372.5,315727.5,15.98118782043457
-211312.5,315727.5,12.311429023742676
-211252.5,315727.5,16.268199920654297
-211192.5,315727.5,13.503042221069336
-211132.5,315727.5,16.805103302001953
-211072.5,315727.5,16.113554000854492
-211012.5,315727.5,16.358654022216797
-210952.5,315727.5,15.992164611816406
-210892.5,315727.5,16.17530632019043
-210832.5,315727.5,14.231184959411621
-210772.5,315727.5,13.554316520690918
-210712.5,315727.5,16.6102352142334
-210652.5,315727.5,16.069284439086914
-210592.5,315727.5,12.845041275024414
-210532.5,315727.5,16.41405487060547
-210472.5,315727.5,18.08637237548828
-210412.5,315727.5,12.565926551818848
-210352.5,315727.5,15.149950981140137
-210292.5,315727.5,14.312039375305176
-210232.5,315727.5,11.490431785583496
-210172.5,315727.5,14.229544639587402
-210112.5,315727.5,16.485225677490234
-210052.5,315727.5,16.59775161743164
-209992.5,315727.5,17.328136444091797
-209932.5,315727.5,17.12360954284668
-209872.5,315727.5,9.51644229888916
-209812.5,315727.5,10.800874710083008
-209752.5,315727.5,10.793344497680664
-209692.5,315727.5,8.947339057922363
-209632.5,315727.5,4.579464435577393
-209572.5,315727.5,6.745014667510986
-209512.5,315727.5,5.3326005935668945
-209452.5,315727.5,6.270209789276123
-209392.5,315727.5,4.654519557952881
-209332.5,315727.5,5.046579837799072
-209272.5,315727.5,7.348260879516602
-209212.5,315727.5,13.196008682250977
-209152.5,315727.5,16.425270080566406
-209092.5,315727.5,13.902137756347656
-209032.5,315727.5,11.366572380065918
-208972.5,315727.5,6.920560359954834
-208912.5,315727.5,5.419901371002197
-208852.5,315727.5,5.269781112670898
-208792.5,315727.5,5.611024856567383
-208732.5,315727.5,9.976241111755371
-208672.5,315727.5,7.52418851852417
-208612.5,315727.5,11.346213340759277
-208552.5,315727.5,13.471747398376465
-208492.5,315727.5,13.420644760131836
-208432.5,315727.5,12.973045349121094
-208372.5,315727.5,10.677848815917969
-208312.5,315727.5,13.221052169799805
-208252.5,315727.5,15.6596097946167
-208192.5,315727.5,13.296645164489746
-208132.5,315727.5,12.25278091430664
-208072.5,315727.5,10.2454833984375
-208012.5,315727.5,12.30992317199707
-207952.5,315727.5,13.646377563476562
-207892.5,315727.5,9.660897254943848
-207832.5,315727.5,6.272686958312988
-207772.5,315727.5,13.868701934814453
-207712.5,315727.5,15.492103576660156
-207652.5,315727.5,11.959457397460938
-207592.5,315727.5,11.274679183959961
-207532.5,315727.5,10.169861793518066
-207472.5,315727.5,7.290009498596191
-207412.5,315727.5,8.792510986328125
-207352.5,315727.5,5.338364124298096
-207292.5,315727.5,6.1390252113342285
-207232.5,315727.5,5.151768684387207
-207172.5,315727.5,4.176586627960205
-207112.5,315727.5,5.744840145111084
-207052.5,315727.5,5.925130844116211
-206992.5,315727.5,6.02593994140625
-206932.5,315727.5,6.0568461418151855
-206872.5,315727.5,5.478518009185791
-206812.5,315727.5,4.4067792892456055
-206752.5,315727.5,7.152310848236084
-206692.5,315727.5,7.908740043640137
-206632.5,315727.5,9.27282428741455
-206572.5,315727.5,12.609125137329102
-206512.5,315727.5,9.94631290435791
-206452.5,315727.5,9.813326835632324
-211672.5,315667.5,15.831361770629883
-211612.5,315667.5,14.865042686462402
-211552.5,315667.5,15.295799255371094
-211492.5,315667.5,16.375289916992188
-211432.5,315667.5,12.59032917022705
-211372.5,315667.5,13.52968978881836
-211312.5,315667.5,17.566314697265625
-211252.5,315667.5,12.478917121887207
-211192.5,315667.5,15.213418960571289
-211132.5,315667.5,14.163618087768555
-211072.5,315667.5,16.361026763916016
-211012.5,315667.5,16.22183609008789
-210952.5,315667.5,16.962158203125
-210892.5,315667.5,15.467876434326172
-210832.5,315667.5,15.901546478271484
-210772.5,315667.5,17.700077056884766
-210712.5,315667.5,16.483535766601562
-210652.5,315667.5,16.632762908935547
-210592.5,315667.5,16.215688705444336
-210532.5,315667.5,16.482641220092773
-210472.5,315667.5,15.065354347229004
-210412.5,315667.5,15.287370681762695
-210352.5,315667.5,12.525003433227539
-210292.5,315667.5,16.250164031982422
-210232.5,315667.5,15.810370445251465
-210172.5,315667.5,9.911749839782715
-210112.5,315667.5,17.501522064208984
-210052.5,315667.5,15.879384994506836
-209992.5,315667.5,16.475488662719727
-209932.5,315667.5,16.903867721557617
-209872.5,315667.5,16.982173919677734
-209812.5,315667.5,14.713459014892578
-209752.5,315667.5,8.915170669555664
-209692.5,315667.5,4.405824184417725
-209632.5,315667.5,6.373272895812988
-209572.5,315667.5,12.121072769165039
-209512.5,315667.5,11.723240852355957
-209452.5,315667.5,12.223156929016113
-209392.5,315667.5,13.100459098815918
-209332.5,315667.5,12.141894340515137
-209272.5,315667.5,14.234094619750977
-209212.5,315667.5,13.31014347076416
-209152.5,315667.5,15.905826568603516
-209092.5,315667.5,12.635757446289062
-209032.5,315667.5,14.545785903930664
-208972.5,315667.5,12.988313674926758
-208912.5,315667.5,7.178694725036621
-208852.5,315667.5,7.115616798400879
-208792.5,315667.5,9.330921173095703
-208732.5,315667.5,12.865326881408691
-208672.5,315667.5,12.734663963317871
-208612.5,315667.5,14.008288383483887
-208552.5,315667.5,9.856712341308594
-208492.5,315667.5,10.140235900878906
-208432.5,315667.5,7.910816669464111
-208372.5,315667.5,7.379147052764893
-208312.5,315667.5,14.063814163208008
-208252.5,315667.5,14.50816535949707
-208192.5,315667.5,11.507630348205566
-208132.5,315667.5,7.010212421417236
-208072.5,315667.5,12.40429401397705
-208012.5,315667.5,11.4794282913208
-207952.5,315667.5,13.87181282043457
-207892.5,315667.5,10.707253456115723
-207832.5,315667.5,12.294951438903809
-207772.5,315667.5,13.508068084716797
-207712.5,315667.5,11.632712364196777
-207652.5,315667.5,12.10842514038086
-207592.5,315667.5,8.477506637573242
-207532.5,315667.5,5.48698091506958
-207472.5,315667.5,4.994082927703857
-207412.5,315667.5,6.609837532043457
-207352.5,315667.5,6.314335823059082
-207292.5,315667.5,5.546360015869141
-207232.5,315667.5,4.893791675567627
-207172.5,315667.5,4.808478832244873
-207112.5,315667.5,4.5738205909729
-207052.5,315667.5,5.13121223449707
-206992.5,315667.5,5.121788501739502
-206932.5,315667.5,5.218056678771973
-206872.5,315667.5,5.766136646270752
-206812.5,315667.5,10.990047454833984
-206752.5,315667.5,11.809969902038574
-206692.5,315667.5,11.944239616394043
-206632.5,315667.5,6.9561638832092285
-206572.5,315667.5,6.316858768463135
-206512.5,315667.5,6.813161373138428
-211672.5,315607.5,14.109176635742188
-211612.5,315607.5,15.7960844039917
-211552.5,315607.5,16.07822608947754
-211492.5,315607.5,12.200444221496582
-211432.5,315607.5,11.431821823120117
-211372.5,315607.5,7.554168224334717
-211312.5,315607.5,13.32967472076416
-211252.5,315607.5,16.186277389526367
-211192.5,315607.5,16.036413192749023
-211132.5,315607.5,12.904727935791016
-211072.5,315607.5,16.215362548828125
-211012.5,315607.5,15.559538841247559
-210952.5,315607.5,18.50105857849121
-210892.5,315607.5,16.944793701171875
-210832.5,315607.5,14.972737312316895
-210772.5,315607.5,15.252890586853027
-210712.5,315607.5,16.584413528442383
-210652.5,315607.5,16.611787796020508
-210592.5,315607.5,14.75280475616455
-210532.5,315607.5,12.720396041870117
-210472.5,315607.5,14.248812675476074
-210412.5,315607.5,14.852104187011719
-210352.5,315607.5,16.164480209350586
-210292.5,315607.5,13.589762687683105
-210232.5,315607.5,16.4805908203125
-210172.5,315607.5,9.38005542755127
-210112.5,315607.5,15.003997802734375
-210052.5,315607.5,16.538209915161133
-209992.5,315607.5,18.262224197387695
-209932.5,315607.5,17.275447845458984
-209872.5,315607.5,14.71562671661377
-209812.5,315607.5,9.138392448425293
-209752.5,315607.5,4.3144001960754395
-209692.5,315607.5,6.898182392120361
-209632.5,315607.5,8.836371421813965
-209572.5,315607.5,15.371879577636719
-209512.5,315607.5,11.073897361755371
-209452.5,315607.5,11.244089126586914
-209392.5,315607.5,16.88027572631836
-209332.5,315607.5,18.274621963500977
-209272.5,315607.5,17.733802795410156
-209212.5,315607.5,13.93398666381836
-209152.5,315607.5,15.085274696350098
-209092.5,315607.5,16.384862899780273
-209032.5,315607.5,17.11113166809082
-208972.5,315607.5,11.268502235412598
-208912.5,315607.5,6.864479064941406
-208852.5,315607.5,7.0810227394104
-208792.5,315607.5,8.213302612304688
-208732.5,315607.5,8.838038444519043
-208672.5,315607.5,10.755218505859375
-208612.5,315607.5,12.236359596252441
-208552.5,315607.5,9.94558048248291
-208492.5,315607.5,5.945228576660156
-208432.5,315607.5,9.299110412597656
-208372.5,315607.5,12.20495891571045
-208312.5,315607.5,11.980649948120117
-208252.5,315607.5,10.401330947875977
-208192.5,315607.5,10.390802383422852
-208132.5,315607.5,9.1177396774292
-208072.5,315607.5,9.413928031921387
-208012.5,315607.5,9.411212921142578
-207952.5,315607.5,8.26915454864502
-207892.5,315607.5,12.87093734741211
-207832.5,315607.5,11.839187622070312
-207772.5,315607.5,8.964203834533691
-207712.5,315607.5,7.317290782928467
-207652.5,315607.5,6.950786590576172
-207592.5,315607.5,6.287517070770264
-207532.5,315607.5,6.357384204864502
-207472.5,315607.5,4.3556132316589355
-207412.5,315607.5,6.377355098724365
-207352.5,315607.5,4.065114498138428
-207292.5,315607.5,4.412234783172607
-207232.5,315607.5,5.892221450805664
-207172.5,315607.5,5.577047348022461
-207112.5,315607.5,5.6784491539001465
-207052.5,315607.5,4.927523612976074
-206992.5,315607.5,4.758315086364746
-206932.5,315607.5,7.12667179107666
-206872.5,315607.5,9.796993255615234
-206812.5,315607.5,11.485217094421387
-206752.5,315607.5,8.997178077697754
-206692.5,315607.5,11.969367027282715
-206632.5,315607.5,6.471744060516357
-206572.5,315607.5,5.006161212921143
-211672.5,315547.5,16.67966079711914
-211612.5,315547.5,13.33422565460205
-211552.5,315547.5,15.076852798461914
-211492.5,315547.5,12.929179191589355
-211432.5,315547.5,12.704071998596191
-211372.5,315547.5,5.440341949462891
-211312.5,315547.5,7.430681228637695
-211252.5,315547.5,14.17444896697998
-211192.5,315547.5,15.42979621887207
-211132.5,315547.5,15.704919815063477
-211072.5,315547.5,16.058429718017578
-211012.5,315547.5,17.877010345458984
-210952.5,315547.5,16.808698654174805
-210892.5,315547.5,17.189302444458008
-210832.5,315547.5,15.355515480041504
-210772.5,315547.5,15.819884300231934
-210712.5,315547.5,17.074541091918945
-210652.5,315547.5,15.726095199584961
-210592.5,315547.5,13.039649963378906
-210532.5,315547.5,8.604313850402832
-210472.5,315547.5,11.967220306396484
-210412.5,315547.5,14.721915245056152
-210352.5,315547.5,16.823667526245117
-210292.5,315547.5,15.093951225280762
-210232.5,315547.5,15.241151809692383
-210172.5,315547.5,17.030811309814453
-210112.5,315547.5,16.947433471679688
-210052.5,315547.5,15.644423484802246
-209992.5,315547.5,16.913434982299805
-209932.5,315547.5,14.857634544372559
-209872.5,315547.5,9.047420501708984
-209812.5,315547.5,5.128920078277588
-209752.5,315547.5,7.62380838394165
-209692.5,315547.5,8.476046562194824
-209632.5,315547.5,13.79234504699707
-209572.5,315547.5,11.650633811950684
-209512.5,315547.5,14.545196533203125
-209452.5,315547.5,15.574872970581055
-209392.5,315547.5,11.651240348815918
-209332.5,315547.5,16.28455352783203
-209272.5,315547.5,17.40850830078125
-209212.5,315547.5,14.46923828125
-209152.5,315547.5,15.69636058807373
-209092.5,315547.5,14.47801685333252
-209032.5,315547.5,13.738107681274414
-208972.5,315547.5,12.20512580871582
-208912.5,315547.5,11.04581069946289
-208852.5,315547.5,9.311264038085938
-208792.5,315547.5,9.338968276977539
-208732.5,315547.5,8.41744327545166
-208672.5,315547.5,6.8246564865112305
-208612.5,315547.5,10.19732666015625
-208552.5,315547.5,10.797985076904297
-208492.5,315547.5,10.50373363494873
-208432.5,315547.5,4.63678503036499
-208372.5,315547.5,9.571649551391602
-208312.5,315547.5,13.79334545135498
-208252.5,315547.5,10.020956993103027
-208192.5,315547.5,5.325023174285889
-208132.5,315547.5,6.749513626098633
-208072.5,315547.5,5.16326904296875
-208012.5,315547.5,7.096866607666016
-207952.5,315547.5,8.200032234191895
-207892.5,315547.5,9.061408042907715
-207832.5,315547.5,7.049830913543701
-207772.5,315547.5,7.324608325958252
-207712.5,315547.5,4.128570556640625
-207652.5,315547.5,7.423033714294434
-207592.5,315547.5,8.321322441101074
-207532.5,315547.5,7.933121204376221
-207472.5,315547.5,6.215640068054199
-207412.5,315547.5,6.218981742858887
-207352.5,315547.5,6.315114974975586
-207292.5,315547.5,6.1832966804504395
-207232.5,315547.5,4.995264530181885
-207172.5,315547.5,6.297399520874023
-207112.5,315547.5,5.020899295806885
-207052.5,315547.5,5.388963222503662
-206992.5,315547.5,7.354473114013672
-206932.5,315547.5,10.15629768371582
-206872.5,315547.5,10.597147941589355
-206812.5,315547.5,6.885410785675049
-206752.5,315547.5,6.358179092407227
-206692.5,315547.5,7.128264904022217
-206632.5,315547.5,9.431925773620605
-206572.5,315547.5,5.685408115386963
-211672.5,315487.5,14.591739654541016
-211612.5,315487.5,15.637673377990723
-211552.5,315487.5,11.66502571105957
-211492.5,315487.5,13.4417085647583
-211432.5,315487.5,16.09432601928711
-211372.5,315487.5,13.950936317443848
-211312.5,315487.5,13.367262840270996
-211252.5,315487.5,12.126517295837402
-211192.5,315487.5,9.201340675354004
-211132.5,315487.5,14.220470428466797
-211072.5,315487.5,11.04224967956543
-211012.5,315487.5,16.69569206237793
-210952.5,315487.5,15.950950622558594
-210892.5,315487.5,14.806668281555176
-210832.5,315487.5,16.517887115478516
-210772.5,315487.5,16.66868782043457
-210712.5,315487.5,16.189023971557617
-210652.5,315487.5,17.199968338012695
-210592.5,315487.5,15.454893112182617
-210532.5,315487.5,12.503475189208984
-210472.5,315487.5,8.845993995666504
-210412.5,315487.5,14.107434272766113
-210352.5,315487.5,15.016961097717285
-210292.5,315487.5,15.690011978149414
-210232.5,315487.5,15.950525283813477
-210172.5,315487.5,10.901476860046387
-210112.5,315487.5,16.739364624023438
-210052.5,315487.5,16.856374740600586
-209992.5,315487.5,14.109232902526855
-209932.5,315487.5,7.471285343170166
-209872.5,315487.5,4.473668575286865
-209812.5,315487.5,5.617175579071045
-209752.5,315487.5,7.753905773162842
-209692.5,315487.5,14.039032936096191
-209632.5,315487.5,15.844921112060547
-209572.5,315487.5,15.588436126708984
-209512.5,315487.5,11.615073204040527
-209452.5,315487.5,14.654842376708984
-209392.5,315487.5,12.889400482177734
-209332.5,315487.5,10.637900352478027
-209272.5,315487.5,12.651309967041016
-209212.5,315487.5,13.852036476135254
-209152.5,315487.5,15.945304870605469
-209092.5,315487.5,14.717239379882812
-209032.5,315487.5,12.71748161315918
-208972.5,315487.5,6.722674369812012
-208912.5,315487.5,7.551367282867432
-208852.5,315487.5,12.072760581970215
-208792.5,315487.5,11.304072380065918
-208732.5,315487.5,10.118568420410156
-208672.5,315487.5,7.031641483306885
-208612.5,315487.5,10.322794914245605
-208552.5,315487.5,14.004802703857422
-208492.5,315487.5,15.012113571166992
-208432.5,315487.5,6.752272129058838
-208372.5,315487.5,6.7458086013793945
-208312.5,315487.5,10.098442077636719
-208252.5,315487.5,7.7339606285095215
-208192.5,315487.5,6.625851631164551
-208132.5,315487.5,6.913555145263672
-208072.5,315487.5,5.714424133300781
-208012.5,315487.5,11.244566917419434
-207952.5,315487.5,7.472048282623291
-207892.5,315487.5,7.0388407707214355
-207832.5,315487.5,6.009710311889648
-207772.5,315487.5,5.511515140533447
-207712.5,315487.5,7.134796619415283
-207652.5,315487.5,5.876120567321777
-207592.5,315487.5,7.929778575897217
-207532.5,315487.5,6.415841102600098
-207472.5,315487.5,5.785606384277344
-207412.5,315487.5,4.2986249923706055
-207352.5,315487.5,5.387094497680664
-207292.5,315487.5,4.24355936050415
-207232.5,315487.5,5.247143268585205
-207172.5,315487.5,4.254048824310303
-207112.5,315487.5,5.138347625732422
-207052.5,315487.5,7.218954086303711
-206992.5,315487.5,11.71739673614502
-206932.5,315487.5,11.411931991577148
-206872.5,315487.5,5.97556209564209
-206812.5,315487.5,5.229833602905273
-206692.5,315487.5,7.985511302947998
-206632.5,315487.5,7.484733581542969
-211672.5,315427.5,13.65785026550293
-211612.5,315427.5,13.506021499633789
-211552.5,315427.5,15.475288391113281
-211492.5,315427.5,15.402297019958496
-211432.5,315427.5,14.791916847229004
-211372.5,315427.5,12.606536865234375
-211312.5,315427.5,15.214905738830566
-211252.5,315427.5,18.626081466674805
-211192.5,315427.5,16.901887893676758
-211132.5,315427.5,16.778223037719727
-211072.5,315427.5,15.511348724365234
-211012.5,315427.5,14.18539810180664
-210952.5,315427.5,13.4541654586792
-210892.5,315427.5,15.439216613769531
-210832.5,315427.5,15.555212020874023
-210772.5,315427.5,16.504901885986328
-210712.5,315427.5,15.924978256225586
-210652.5,315427.5,18.522953033447266
-210592.5,315427.5,18.895483016967773
-210532.5,315427.5,15.03538990020752
-210472.5,315427.5,11.700836181640625
-210412.5,315427.5,13.0018310546875
-210352.5,315427.5,16.303564071655273
-210292.5,315427.5,16.01600456237793
-210232.5,315427.5,16.385486602783203
-210172.5,315427.5,9.368856430053711
-210112.5,315427.5,12.624602317810059
-210052.5,315427.5,9.675755500793457
-209992.5,315427.5,4.7761759757995605
-209932.5,315427.5,4.039005756378174
-209872.5,315427.5,7.048140048980713
-209812.5,315427.5,7.750130653381348
-209752.5,315427.5,13.304596900939941
-209692.5,315427.5,14.690528869628906
-209632.5,315427.5,15.025415420532227
-209572.5,315427.5,14.264494895935059
-209512.5,315427.5,12.135643005371094
-209452.5,315427.5,11.354698181152344
-209392.5,315427.5,11.642949104309082
-209332.5,315427.5,9.310885429382324
-209272.5,315427.5,6.646323204040527
-209212.5,315427.5,12.430588722229004
-209152.5,315427.5,15.214146614074707
-209092.5,315427.5,16.15203094482422
-209032.5,315427.5,11.502198219299316
-208972.5,315427.5,12.46900463104248
-208912.5,315427.5,11.015588760375977
-208852.5,315427.5,12.965535163879395
-208792.5,315427.5,8.164234161376953
-208732.5,315427.5,6.948095321655273
-208672.5,315427.5,7.39596700668335
-208612.5,315427.5,10.179255485534668
-208552.5,315427.5,11.694744110107422
-208492.5,315427.5,13.666327476501465
-208432.5,315427.5,10.378543853759766
-208372.5,315427.5,4.570199489593506
-208312.5,315427.5,5.23603630065918
-208252.5,315427.5,10.528033256530762
-208192.5,315427.5,7.636570453643799
-208132.5,315427.5,10.591729164123535
-208072.5,315427.5,9.860926628112793
-208012.5,315427.5,8.300851821899414
-207952.5,315427.5,7.15803337097168
-207892.5,315427.5,6.415464401245117
-207832.5,315427.5,5.515388011932373
-207772.5,315427.5,6.179069995880127
-207712.5,315427.5,6.715251445770264
-207652.5,315427.5,10.414413452148438
-207592.5,315427.5,6.88007926940918
-207532.5,315427.5,6.6039886474609375
-207472.5,315427.5,5.512679576873779
-207412.5,315427.5,5.91806173324585
-207352.5,315427.5,4.0082221031188965
-207292.5,315427.5,5.249485015869141
-207232.5,315427.5,5.496154308319092
-207172.5,315427.5,6.439882755279541
-207112.5,315427.5,7.393579483032227
-207052.5,315427.5,12.434632301330566
-206992.5,315427.5,11.598301887512207
-206932.5,315427.5,10.953408241271973
-206872.5,315427.5,7.24453592300415
-211672.5,315367.5,17.577714920043945
-211612.5,315367.5,14.335308074951172
-211552.5,315367.5,16.720584869384766
-211492.5,315367.5,17.64824676513672
-211432.5,315367.5,16.725723266601562
-211372.5,315367.5,16.07706069946289
-211312.5,315367.5,15.385645866394043
-211252.5,315367.5,13.0495023727417
-211192.5,315367.5,14.162093162536621
-211132.5,315367.5,15.644009590148926
-211072.5,315367.5,17.268049240112305
-211012.5,315367.5,15.966959953308105
-210952.5,315367.5,11.689101219177246
-210892.5,315367.5,11.535394668579102
-210832.5,315367.5,11.52674674987793
-210772.5,315367.5,15.181750297546387
-210712.5,315367.5,16.49595069885254
-210652.5,315367.5,15.384774208068848
-210592.5,315367.5,14.225966453552246
-210532.5,315367.5,10.813371658325195
-210472.5,315367.5,16.007661819458008
-210412.5,315367.5,15.449196815490723
-210352.5,315367.5,15.166254043579102
-210292.5,315367.5,13.50230884552002
-210232.5,315367.5,14.518707275390625
-210172.5,315367.5,11.339266777038574
-210112.5,315367.5,7.116663455963135
-210052.5,315367.5,4.892987251281738
-209992.5,315367.5,6.49697732925415
-209932.5,315367.5,6.666254043579102
-209872.5,315367.5,7.542487621307373
-209812.5,315367.5,9.76490306854248
-209752.5,315367.5,11.36745548248291
-209692.5,315367.5,15.115679740905762
-209632.5,315367.5,15.552224159240723
-209572.5,315367.5,13.529230117797852
-209512.5,315367.5,14.806289672851562
-209452.5,315367.5,14.194718360900879
-209392.5,315367.5,15.213461875915527
-209332.5,315367.5,13.024877548217773
-209272.5,315367.5,13.753059387207031
-209212.5,315367.5,9.031195640563965
-209152.5,315367.5,11.898266792297363
-209092.5,315367.5,13.565641403198242
-209032.5,315367.5,13.486778259277344
-208972.5,315367.5,15.004616737365723
-208912.5,315367.5,13.655755996704102
-208852.5,315367.5,12.088821411132812
-208792.5,315367.5,12.441056251525879
-208732.5,315367.5,7.581324577331543
-208672.5,315367.5,8.551526069641113
-208612.5,315367.5,10.52730655670166
-208552.5,315367.5,6.372236251831055
-208492.5,315367.5,9.792821884155273
-208432.5,315367.5,9.882887840270996
-208372.5,315367.5,7.1829833984375
-208312.5,315367.5,4.587042808532715
-208252.5,315367.5,9.817161560058594
-208192.5,315367.5,11.821111679077148
-208132.5,315367.5,10.450700759887695
-208072.5,315367.5,7.610766410827637
-208012.5,315367.5,6.852887153625488
-207952.5,315367.5,6.629242420196533
-207892.5,315367.5,5.488823413848877
-207832.5,315367.5,5.2394304275512695
-207772.5,315367.5,5.594402313232422
-207712.5,315367.5,7.7417402267456055
-207652.5,315367.5,6.5507307052612305
-207592.5,315367.5,8.642108917236328
-207532.5,315367.5,4.845224857330322
-207472.5,315367.5,6.085905075073242
-207412.5,315367.5,6.240782737731934
-207352.5,315367.5,3.883937120437622
-207292.5,315367.5,5.770975589752197
-207232.5,315367.5,7.8216023445129395
-207172.5,315367.5,7.467958927154541
-207112.5,315367.5,11.73492431640625
-207052.5,315367.5,11.929343223571777
-206992.5,315367.5,12.825522422790527
-206932.5,315367.5,11.938616752624512
-206872.5,315367.5,9.508299827575684
-211672.5,315307.5,16.5411376953125
-211612.5,315307.5,16.435558319091797
-211552.5,315307.5,13.085856437683105
-211492.5,315307.5,15.356508255004883
-211432.5,315307.5,18.75405502319336
-211372.5,315307.5,17.907461166381836
-211312.5,315307.5,16.347402572631836
-211252.5,315307.5,16.63712501525879
-211192.5,315307.5,18.19867706298828
-211132.5,315307.5,15.130714416503906
-211072.5,315307.5,15.154240608215332
-211012.5,315307.5,18.031513214111328
-210952.5,315307.5,16.952781677246094
-210892.5,315307.5,8.399923324584961
-210832.5,315307.5,7.875951290130615
-210772.5,315307.5,12.925461769104004
-210712.5,315307.5,14.843328475952148
-210652.5,315307.5,14.029603958129883
-210592.5,315307.5,12.263768196105957
-210532.5,315307.5,8.4019136428833
-210472.5,315307.5,11.717291831970215
-210412.5,315307.5,9.38504409790039
-210352.5,315307.5,7.668910980224609
-210292.5,315307.5,6.4564714431762695
-210232.5,315307.5,6.953683376312256
-210172.5,315307.5,7.6827545166015625
-210112.5,315307.5,4.347647190093994
-210052.5,315307.5,4.671654224395752
-209992.5,315307.5,6.053317546844482
-209932.5,315307.5,6.300476551055908
-209872.5,315307.5,7.674272537231445
-209812.5,315307.5,11.836679458618164
-209752.5,315307.5,13.345892906188965
-209692.5,315307.5,15.682579040527344
-209632.5,315307.5,14.74296760559082
-209572.5,315307.5,9.407041549682617
-209512.5,315307.5,14.95306396484375
-209452.5,315307.5,15.199793815612793
-209392.5,315307.5,14.769298553466797
-209332.5,315307.5,9.850753784179688
-209272.5,315307.5,9.696805000305176
-209212.5,315307.5,13.225909233093262
-209152.5,315307.5,10.970747947692871
-209092.5,315307.5,15.501055717468262
-209032.5,315307.5,10.170686721801758
-208972.5,315307.5,11.314762115478516
-208912.5,315307.5,10.744621276855469
-208852.5,315307.5,14.14486312866211
-208792.5,315307.5,13.133255958557129
-208732.5,315307.5,11.900195121765137
-208672.5,315307.5,12.685946464538574
-208612.5,315307.5,9.762699127197266
-208552.5,315307.5,6.226019382476807
-208492.5,315307.5,6.952740669250488
-208432.5,315307.5,13.522086143493652
-208372.5,315307.5,9.017730712890625
-208312.5,315307.5,8.46939754486084
-208252.5,315307.5,10.207261085510254
-208192.5,315307.5,7.270455360412598
-208132.5,315307.5,6.868831634521484
-208072.5,315307.5,6.326526641845703
-208012.5,315307.5,5.894100666046143
-207952.5,315307.5,5.473771095275879
-207892.5,315307.5,5.27029275894165
-207832.5,315307.5,5.4715142250061035
-207772.5,315307.5,5.833919525146484
-207712.5,315307.5,4.964910984039307
-207652.5,315307.5,4.440324783325195
-207592.5,315307.5,4.895702362060547
-207532.5,315307.5,4.133146286010742
-207472.5,315307.5,4.213283538818359
-207412.5,315307.5,4.871716022491455
-207352.5,315307.5,8.632233619689941
-207292.5,315307.5,8.420811653137207
-207232.5,315307.5,12.413421630859375
-207172.5,315307.5,13.446675300598145
-207112.5,315307.5,13.23644733428955
-207052.5,315307.5,12.391646385192871
-206992.5,315307.5,12.310043334960938
-206932.5,315307.5,10.005431175231934
-211672.5,315247.5,17.68415069580078
-211612.5,315247.5,17.810544967651367
-211552.5,315247.5,15.493051528930664
-211492.5,315247.5,15.397624969482422
-211432.5,315247.5,15.599379539489746
-211372.5,315247.5,15.732879638671875
-211312.5,315247.5,13.814068794250488
-211252.5,315247.5,15.065442085266113
-211192.5,315247.5,13.942575454711914
-211132.5,315247.5,14.711127281188965
-211072.5,315247.5,15.13074016571045
-211012.5,315247.5,14.51981258392334
-210952.5,315247.5,14.327876091003418
-210892.5,315247.5,12.610671997070312
-210832.5,315247.5,10.835528373718262
-210772.5,315247.5,7.505361080169678
-210712.5,315247.5,7.205061435699463
-210652.5,315247.5,8.56747055053711
-210592.5,315247.5,5.573494911193848
-210532.5,315247.5,3.678234338760376
-210472.5,315247.5,3.4806180000305176
-210412.5,315247.5,3.8901631832122803
-210352.5,315247.5,4.5866618156433105
-210292.5,315247.5,7.842896938323975
-210232.5,315247.5,6.8628716468811035
-210172.5,315247.5,6.548990726470947
-210112.5,315247.5,7.685116767883301
-210052.5,315247.5,7.409668445587158
-209992.5,315247.5,8.258333206176758
-209932.5,315247.5,7.484578609466553
-209872.5,315247.5,7.152630805969238
-209812.5,315247.5,9.038527488708496
-209752.5,315247.5,14.918761253356934
-209692.5,315247.5,13.549603462219238
-209632.5,315247.5,11.923760414123535
-209572.5,315247.5,12.845792770385742
-209512.5,315247.5,8.978653907775879
-209452.5,315247.5,10.770424842834473
-209392.5,315247.5,11.608565330505371
-209332.5,315247.5,7.995410919189453
-209272.5,315247.5,6.449726581573486
-209212.5,315247.5,7.13566780090332
-209152.5,315247.5,9.578150749206543
-209092.5,315247.5,9.462800979614258
-209032.5,315247.5,8.556428909301758
-208972.5,315247.5,6.098806858062744
-208912.5,315247.5,9.15432071685791
-208852.5,315247.5,13.993921279907227
-208792.5,315247.5,14.12551498413086
-208732.5,315247.5,15.685333251953125
-208672.5,315247.5,14.375870704650879
-208612.5,315247.5,7.2901482582092285
-208552.5,315247.5,6.996648788452148
-208492.5,315247.5,8.382315635681152
-208432.5,315247.5,10.798006057739258
-208372.5,315247.5,9.235703468322754
-208312.5,315247.5,9.96148681640625
-208252.5,315247.5,8.803274154663086
-208192.5,315247.5,6.040587902069092
-208132.5,315247.5,6.016294956207275
-208072.5,315247.5,5.324708938598633
-208012.5,315247.5,5.176314353942871
-207952.5,315247.5,5.283108711242676
-207892.5,315247.5,5.397623062133789
-207832.5,315247.5,5.551506996154785
-207772.5,315247.5,6.359042167663574
-207712.5,315247.5,4.514297008514404
-207652.5,315247.5,3.2590930461883545
-207592.5,315247.5,4.244937419891357
-207532.5,315247.5,4.3010149002075195
-207472.5,315247.5,5.270550727844238
-207412.5,315247.5,7.438164234161377
-207352.5,315247.5,9.411458969116211
-207292.5,315247.5,13.952688217163086
-207232.5,315247.5,13.07823371887207
-207172.5,315247.5,11.897022247314453
-207112.5,315247.5,12.363271713256836
-207052.5,315247.5,11.118193626403809
-211672.5,315187.5,15.539512634277344
-211612.5,315187.5,16.097410202026367
-211552.5,315187.5,15.978407859802246
-211492.5,315187.5,15.131881713867188
-211432.5,315187.5,15.016766548156738
-211372.5,315187.5,13.688138961791992
-211312.5,315187.5,13.14652156829834
-211252.5,315187.5,14.143606185913086
-211192.5,315187.5,14.229249954223633
-211132.5,315187.5,13.877375602722168
-211072.5,315187.5,13.50323486328125
-211012.5,315187.5,10.268878936767578
-210952.5,315187.5,12.028067588806152
-210892.5,315187.5,7.775287628173828
-210832.5,315187.5,4.609004020690918
-210772.5,315187.5,3.7784719467163086
-210712.5,315187.5,3.8484420776367188
-210652.5,315187.5,5.580059051513672
-210592.5,315187.5,6.551616191864014
-210532.5,315187.5,6.614319324493408
-210472.5,315187.5,7.104342937469482
-210412.5,315187.5,6.781842231750488
-210352.5,315187.5,7.16355037689209
-210292.5,315187.5,6.400337219238281
-210232.5,315187.5,6.862645149230957
-210172.5,315187.5,10.207298278808594
-210112.5,315187.5,10.02118968963623
-210052.5,315187.5,9.042665481567383
-209992.5,315187.5,11.871634483337402
-209932.5,315187.5,12.090689659118652
-209872.5,315187.5,13.910870552062988
-209812.5,315187.5,13.602018356323242
-209752.5,315187.5,12.7618989944458
-209692.5,315187.5,13.13569450378418
-209632.5,315187.5,13.212173461914062
-209572.5,315187.5,13.643598556518555
-209512.5,315187.5,9.299728393554688
-209452.5,315187.5,6.233071327209473
-209392.5,315187.5,6.502266883850098
-209332.5,315187.5,5.601294994354248
-209272.5,315187.5,8.453994750976562
-209212.5,315187.5,8.548826217651367
-209152.5,315187.5,10.049510955810547
-209092.5,315187.5,10.869318962097168
-209032.5,315187.5,8.075016975402832
-208972.5,315187.5,4.482568264007568
-208912.5,315187.5,10.889578819274902
-208852.5,315187.5,12.319087028503418
-208792.5,315187.5,11.49241828918457
-208732.5,315187.5,12.802927017211914
-208672.5,315187.5,10.185002326965332
-208612.5,315187.5,11.142704963684082
-208552.5,315187.5,11.330089569091797
-208492.5,315187.5,10.532665252685547
-208432.5,315187.5,8.64193344116211
-208372.5,315187.5,8.297445297241211
-208312.5,315187.5,5.533247947692871
-208252.5,315187.5,7.512248992919922
-208192.5,315187.5,7.061146259307861
-208132.5,315187.5,7.003864765167236
-208072.5,315187.5,6.618866920471191
-208012.5,315187.5,5.605443000793457
-207952.5,315187.5,6.087047100067139
-207892.5,315187.5,6.554704189300537
-207832.5,315187.5,5.540431499481201
-207772.5,315187.5,5.066741466522217
-207712.5,315187.5,3.3852858543395996
-207652.5,315187.5,3.35477876663208
-207592.5,315187.5,4.409836292266846
-207532.5,315187.5,5.568807125091553
-207472.5,315187.5,9.44382381439209
-207412.5,315187.5,12.660674095153809
-207352.5,315187.5,14.432222366333008
-207292.5,315187.5,13.900776863098145
-207232.5,315187.5,12.121914863586426
-207172.5,315187.5,10.786439895629883
-207112.5,315187.5,10.275450706481934
-211672.5,315127.5,15.649101257324219
-211612.5,315127.5,15.641670227050781
-211552.5,315127.5,16.51076316833496
-211492.5,315127.5,16.160985946655273
-211432.5,315127.5,15.912568092346191
-211372.5,315127.5,17.33254051208496
-211312.5,315127.5,15.585676193237305
-211252.5,315127.5,16.808259963989258
-211192.5,315127.5,15.620564460754395
-211132.5,315127.5,13.041460990905762
-211072.5,315127.5,7.658398151397705
-211012.5,315127.5,6.470818996429443
-210952.5,315127.5,5.407830715179443
-210892.5,315127.5,5.033964157104492
-210832.5,315127.5,6.655014991760254
-210772.5,315127.5,12.211750030517578
-210712.5,315127.5,11.64215087890625
-210652.5,315127.5,10.593850135803223
-210592.5,315127.5,14.313634872436523
-210532.5,315127.5,13.232696533203125
-210472.5,315127.5,9.83523941040039
-210412.5,315127.5,12.596345901489258
-210352.5,315127.5,9.028118133544922
-210292.5,315127.5,12.419034004211426
-210232.5,315127.5,7.8700971603393555
-210172.5,315127.5,9.227587699890137
-210112.5,315127.5,10.955474853515625
-210052.5,315127.5,9.35960865020752
-209992.5,315127.5,9.852065086364746
-209932.5,315127.5,13.951210975646973
-209872.5,315127.5,15.418684005737305
-209812.5,315127.5,12.883134841918945
-209752.5,315127.5,3.7349138259887695
-209692.5,315127.5,10.206995964050293
-209632.5,315127.5,12.247024536132812
-209572.5,315127.5,7.932380676269531
-209512.5,315127.5,6.700822830200195
-209452.5,315127.5,7.105071067810059
-209392.5,315127.5,6.860685348510742
-209332.5,315127.5,7.848487377166748
-209272.5,315127.5,7.290891170501709
-209212.5,315127.5,13.54195785522461
-209152.5,315127.5,8.965234756469727
-209092.5,315127.5,8.045342445373535
-209032.5,315127.5,9.084318161010742
-208972.5,315127.5,6.603376388549805
-208912.5,315127.5,6.857949256896973
-208852.5,315127.5,7.03687047958374
-208792.5,315127.5,5.3415069580078125
-208732.5,315127.5,6.1995439529418945
-208672.5,315127.5,4.783936500549316
-208612.5,315127.5,11.133729934692383
-208552.5,315127.5,12.513928413391113
-208492.5,315127.5,8.394638061523438
-208432.5,315127.5,11.253899574279785
-208372.5,315127.5,9.669949531555176
-208312.5,315127.5,7.296937465667725
-208252.5,315127.5,8.15550422668457
-208192.5,315127.5,8.026983261108398
-208132.5,315127.5,7.156767845153809
-208072.5,315127.5,6.432659149169922
-208012.5,315127.5,6.4597673416137695
-207952.5,315127.5,6.397327423095703
-207892.5,315127.5,6.6927337646484375
-207832.5,315127.5,7.260176181793213
-207772.5,315127.5,3.9693307876586914
-207712.5,315127.5,2.764796257019043
-207652.5,315127.5,4.551689147949219
-207592.5,315127.5,5.9244065284729
-207532.5,315127.5,7.771707057952881
-207472.5,315127.5,13.181777954101562
-207412.5,315127.5,14.75683879852295
-207352.5,315127.5,13.727510452270508
-207292.5,315127.5,12.341460227966309
-207232.5,315127.5,10.840006828308105
-211672.5,315067.5,14.708768844604492
-211612.5,315067.5,15.85119342803955
-211552.5,315067.5,16.220638275146484
-211492.5,315067.5,16.369596481323242
-211432.5,315067.5,16.528743743896484
-211372.5,315067.5,15.811264991760254
-211312.5,315067.5,16.466690063476562
-211252.5,315067.5,15.521008491516113
-211192.5,315067.5,11.734574317932129
-211132.5,315067.5,6.812814235687256
-211072.5,315067.5,4.9815673828125
-211012.5,315067.5,5.744709014892578
-210952.5,315067.5,6.876669406890869
-210892.5,315067.5,10.49426555633545
-210832.5,315067.5,10.38542366027832
-210772.5,315067.5,10.63237190246582
-210712.5,315067.5,10.860860824584961
-210652.5,315067.5,15.48921012878418
-210592.5,315067.5,15.528995513916016
-210532.5,315067.5,16.592784881591797
-210472.5,315067.5,15.188984870910645
-210412.5,315067.5,14.334746360778809
-210352.5,315067.5,12.507943153381348
-210292.5,315067.5,9.420356750488281
-210232.5,315067.5,6.032650470733643
-210172.5,315067.5,7.416014194488525
-210112.5,315067.5,11.596192359924316
-210052.5,315067.5,13.479368209838867
-209992.5,315067.5,10.458389282226562
-209932.5,315067.5,14.782257080078125
-209872.5,315067.5,15.584428787231445
-209812.5,315067.5,10.969216346740723
-209752.5,315067.5,6.36448335647583
-209692.5,315067.5,6.5554070472717285
-209632.5,315067.5,14.013138771057129
-209572.5,315067.5,10.305196762084961
-209512.5,315067.5,6.13142204284668
-209452.5,315067.5,5.8779425621032715
-209392.5,315067.5,6.8093037605285645
-209332.5,315067.5,6.204861164093018
-209272.5,315067.5,11.632237434387207
-209212.5,315067.5,15.19573974609375
-209152.5,315067.5,10.214155197143555
-209092.5,315067.5,6.939584255218506
-209032.5,315067.5,6.358882904052734
-208972.5,315067.5,6.183285713195801
-208912.5,315067.5,8.395319938659668
-208852.5,315067.5,7.842016696929932
-208792.5,315067.5,5.8437042236328125
-208732.5,315067.5,6.075104713439941
-208672.5,315067.5,6.49101448059082
-208612.5,315067.5,6.709784507751465
-208552.5,315067.5,7.053586006164551
-208492.5,315067.5,4.840275287628174
-208432.5,315067.5,7.926419258117676
-208372.5,315067.5,14.300821304321289
-208312.5,315067.5,9.908343315124512
-208252.5,315067.5,13.764789581298828
-208192.5,315067.5,7.896297454833984
-208132.5,315067.5,6.605693340301514
-208072.5,315067.5,6.587978839874268
-208012.5,315067.5,6.791429042816162
-207952.5,315067.5,3.7946982383728027
-207892.5,315067.5,4.5869550704956055
-207832.5,315067.5,5.340250492095947
-207772.5,315067.5,4.527642250061035
-207712.5,315067.5,4.359687805175781
-207652.5,315067.5,6.711738586425781
-207592.5,315067.5,7.627253532409668
-207532.5,315067.5,11.899553298950195
-207472.5,315067.5,13.03109359741211
-207412.5,315067.5,11.515101432800293
-207352.5,315067.5,11.395288467407227
-207292.5,315067.5,9.919942855834961
-211672.5,315007.5,7.409221172332764
-211612.5,315007.5,12.872897148132324
-211552.5,315007.5,14.268667221069336
-211492.5,315007.5,13.467469215393066
-211432.5,315007.5,14.368775367736816
-211372.5,315007.5,14.655853271484375
-211312.5,315007.5,13.934833526611328
-211252.5,315007.5,12.524235725402832
-211192.5,315007.5,7.148514747619629
-211132.5,315007.5,3.6694977283477783
-211072.5,315007.5,6.485969543457031
-211012.5,315007.5,8.084571838378906
-210952.5,315007.5,7.213672161102295
-210892.5,315007.5,8.66602897644043
-210832.5,315007.5,8.755669593811035
-210772.5,315007.5,8.974504470825195
-210712.5,315007.5,15.17825698852539
-210652.5,315007.5,14.607156753540039
-210592.5,315007.5,16.237211227416992
-210532.5,315007.5,13.08215618133545
-210472.5,315007.5,9.47446346282959
-210412.5,315007.5,7.091657638549805
-210352.5,315007.5,9.230513572692871
-210292.5,315007.5,10.021463394165039
-210232.5,315007.5,6.483734607696533
-210172.5,315007.5,11.535544395446777
-210112.5,315007.5,15.050788879394531
-210052.5,315007.5,14.466732025146484
-209992.5,315007.5,14.433320999145508
-209932.5,315007.5,15.409116744995117
-209872.5,315007.5,9.87302017211914
-209812.5,315007.5,8.824811935424805
-209752.5,315007.5,6.730193138122559
-209692.5,315007.5,8.614073753356934
-209632.5,315007.5,8.642683029174805
-209572.5,315007.5,10.43111515045166
-209512.5,315007.5,9.386563301086426
-209452.5,315007.5,4.969305515289307
-209392.5,315007.5,7.392894744873047
-209332.5,315007.5,7.273011207580566
-209272.5,315007.5,6.516321659088135
-209212.5,315007.5,6.626452445983887
-209152.5,315007.5,6.867988109588623
-209092.5,315007.5,5.8446173667907715
-209032.5,315007.5,5.350426197052002
-208972.5,315007.5,7.378046989440918
-208912.5,315007.5,7.65384578704834
-208852.5,315007.5,7.631325721740723
-208792.5,315007.5,4.148514270782471
-208732.5,315007.5,5.801568031311035
-208672.5,315007.5,5.675204753875732
-208612.5,315007.5,6.910349369049072
-208552.5,315007.5,6.92218017578125
-208492.5,315007.5,7.4339799880981445
-208432.5,315007.5,10.66718864440918
-208372.5,315007.5,11.723153114318848
-208312.5,315007.5,10.904363632202148
-208252.5,315007.5,9.295772552490234
-208192.5,315007.5,8.368979454040527
-208132.5,315007.5,4.419677734375
-208072.5,315007.5,3.939429759979248
-208012.5,315007.5,4.509002208709717
-207952.5,315007.5,5.95609188079834
-207892.5,315007.5,4.507384300231934
-207832.5,315007.5,4.537374496459961
-207772.5,315007.5,6.666767597198486
-207712.5,315007.5,8.014472007751465
-207652.5,315007.5,8.175422668457031
-207592.5,315007.5,13.28580093383789
-207532.5,315007.5,13.314322471618652
-207472.5,315007.5,10.997865676879883
-207412.5,315007.5,10.0966157913208
-211672.5,314947.5,7.6090474128723145
-211612.5,314947.5,7.674433708190918
-211552.5,314947.5,7.428309440612793
-211492.5,314947.5,7.139334678649902
-211432.5,314947.5,8.851903915405273
-211372.5,314947.5,13.977340698242188
-211312.5,314947.5,11.432001113891602
-211252.5,314947.5,6.374626636505127
-211192.5,314947.5,4.588369846343994
-211132.5,314947.5,7.058407783508301
-211072.5,314947.5,13.605935096740723
-211012.5,314947.5,8.627737045288086
-210952.5,314947.5,8.421234130859375
-210892.5,314947.5,8.283346176147461
-210832.5,314947.5,9.639546394348145
-210772.5,314947.5,6.085389137268066
-210712.5,314947.5,11.95075511932373
-210652.5,314947.5,12.630145072937012
-210592.5,314947.5,10.631261825561523
-210532.5,314947.5,6.570697784423828
-210472.5,314947.5,6.990188121795654
-210412.5,314947.5,5.893988132476807
-210352.5,314947.5,6.245564937591553
-210292.5,314947.5,6.626784801483154
-210232.5,314947.5,8.57223129272461
-210172.5,314947.5,13.661083221435547
-210112.5,314947.5,14.713805198669434
-210052.5,314947.5,15.831962585449219
-209992.5,314947.5,11.341897964477539
-209932.5,314947.5,11.161062240600586
-209872.5,314947.5,4.739912509918213
-209812.5,314947.5,4.109160423278809
-209752.5,314947.5,5.837441921234131
-209692.5,314947.5,7.465183734893799
-209632.5,314947.5,8.273201942443848
-209572.5,314947.5,8.599189758300781
-209512.5,314947.5,10.628275871276855
-209452.5,314947.5,7.804265022277832
-209392.5,314947.5,5.083313465118408
-209332.5,314947.5,6.575483798980713
-209272.5,314947.5,5.6224799156188965
-209212.5,314947.5,4.9103474617004395
-209152.5,314947.5,5.079865455627441
-209092.5,314947.5,6.238787651062012
-209032.5,314947.5,9.089612007141113
-208972.5,314947.5,7.1674346923828125
-208912.5,314947.5,6.136322498321533
-208852.5,314947.5,5.829649448394775
-208792.5,314947.5,6.470469951629639
-208732.5,314947.5,5.314630508422852
-208672.5,314947.5,5.561940670013428
-208612.5,314947.5,5.234373092651367
-208552.5,314947.5,14.006380081176758
-208492.5,314947.5,13.369573593139648
-208432.5,314947.5,7.833505630493164
-208372.5,314947.5,7.155028820037842
-208312.5,314947.5,7.254164218902588
-208252.5,314947.5,7.127452850341797
-208192.5,314947.5,7.314712047576904
-208132.5,314947.5,8.171900749206543
-208072.5,314947.5,7.406599044799805
-208012.5,314947.5,6.145815849304199
-207952.5,314947.5,4.4171462059021
-207892.5,314947.5,4.616318225860596
-207832.5,314947.5,6.863228797912598
-207772.5,314947.5,6.652215480804443
-207712.5,314947.5,12.3235502243042
-207652.5,314947.5,12.997462272644043
-207592.5,314947.5,12.651330947875977
-207532.5,314947.5,10.900590896606445
-207472.5,314947.5,9.919569969177246
-211672.5,314887.5,4.1250081062316895
-211612.5,314887.5,5.056631088256836
-211552.5,314887.5,7.805326461791992
-211492.5,314887.5,7.304440498352051
-211432.5,314887.5,5.34013032913208
-211372.5,314887.5,7.111429691314697
-211312.5,314887.5,6.7392754554748535
-211252.5,314887.5,4.031630516052246
-211192.5,314887.5,9.73034381866455
-211132.5,314887.5,6.690997123718262
-211072.5,314887.5,10.970605850219727
-211012.5,314887.5,13.42225170135498
-210952.5,314887.5,10.787503242492676
-210892.5,314887.5,10.097701072692871
-210832.5,314887.5,6.3144659996032715
-210772.5,314887.5,8.180930137634277
-210712.5,314887.5,15.64033031463623
-210652.5,314887.5,16.69083023071289
-210592.5,314887.5,9.62844181060791
-210532.5,314887.5,6.156027793884277
-210472.5,314887.5,5.735779285430908
-210412.5,314887.5,6.72740364074707
-210352.5,314887.5,6.915889739990234
-210292.5,314887.5,6.119000434875488
-210232.5,314887.5,8.92770767211914
-210172.5,314887.5,11.443480491638184
-210112.5,314887.5,6.887836933135986
-210052.5,314887.5,11.647581100463867
-209992.5,314887.5,10.70401668548584
-209932.5,314887.5,13.503734588623047
-209872.5,314887.5,6.785172939300537
-209812.5,314887.5,3.697767734527588
-209752.5,314887.5,4.1247453689575195
-209692.5,314887.5,8.349928855895996
-209632.5,314887.5,6.708846569061279
-209572.5,314887.5,6.837891578674316
-209512.5,314887.5,6.602159023284912
-209452.5,314887.5,5.99909782409668
-209392.5,314887.5,6.52592134475708
-209332.5,314887.5,7.422637939453125
-209272.5,314887.5,8.408515930175781
-209212.5,314887.5,6.0367960929870605
-209152.5,314887.5,4.210844039916992
-209092.5,314887.5,6.5515546798706055
-209032.5,314887.5,11.234962463378906
-208972.5,314887.5,7.636201858520508
-208912.5,314887.5,5.05108642578125
-208852.5,314887.5,6.680285453796387
-208792.5,314887.5,7.851792335510254
-208732.5,314887.5,6.541011333465576
-208672.5,314887.5,4.915027141571045
-208612.5,314887.5,10.030757904052734
-208552.5,314887.5,11.235852241516113
-208492.5,314887.5,8.824014663696289
-208432.5,314887.5,7.785558700561523
-208372.5,314887.5,7.556710720062256
-208312.5,314887.5,8.412638664245605
-208252.5,314887.5,7.916280269622803
-208192.5,314887.5,7.235795974731445
-208132.5,314887.5,7.715271949768066
-208072.5,314887.5,7.383816719055176
-208012.5,314887.5,5.1127848625183105
-207952.5,314887.5,5.970948696136475
-207892.5,314887.5,7.4801506996154785
-207832.5,314887.5,8.294954299926758
-207772.5,314887.5,12.86594009399414
-207712.5,314887.5,10.32812786102295
-207652.5,314887.5,11.316163063049316
-207592.5,314887.5,9.945785522460938
-211672.5,314827.5,2.579176187515259
-211612.5,314827.5,4.38742733001709
-211552.5,314827.5,4.9430670738220215
-211492.5,314827.5,11.87493896484375
-211432.5,314827.5,8.783663749694824
-211372.5,314827.5,8.463419914245605
-211312.5,314827.5,7.52620267868042
-211252.5,314827.5,8.572562217712402
-211192.5,314827.5,9.428559303283691
-211132.5,314827.5,7.835395812988281
-211072.5,314827.5,9.645695686340332
-211012.5,314827.5,11.224952697753906
-210952.5,314827.5,14.31314468383789
-210892.5,314827.5,10.461408615112305
-210832.5,314827.5,11.41316032409668
-210772.5,314827.5,13.71117877960205
-210712.5,314827.5,13.867237091064453
-210652.5,314827.5,9.464451789855957
-210592.5,314827.5,8.761187553405762
-210532.5,314827.5,7.92010498046875
-210472.5,314827.5,5.023061752319336
-210412.5,314827.5,7.239176273345947
-210352.5,314827.5,6.985442161560059
-210292.5,314827.5,8.985677719116211
-210232.5,314827.5,12.821453094482422
-210172.5,314827.5,10.225017547607422
-210112.5,314827.5,7.508188724517822
-210052.5,314827.5,6.809578895568848
-209992.5,314827.5,9.43200969696045
-209932.5,314827.5,12.36307430267334
-209872.5,314827.5,6.810506343841553
-209812.5,314827.5,4.425373077392578
-209752.5,314827.5,5.626873970031738
-209692.5,314827.5,5.496434211730957
-209632.5,314827.5,6.677514553070068
-209572.5,314827.5,7.435763359069824
-209512.5,314827.5,5.828382968902588
-209452.5,314827.5,11.085928916931152
-209392.5,314827.5,10.8930082321167
-209332.5,314827.5,6.4266486167907715
-209272.5,314827.5,6.049769401550293
-209212.5,314827.5,6.223807334899902
-209152.5,314827.5,5.139476776123047
-209092.5,314827.5,7.575591087341309
-209032.5,314827.5,10.525725364685059
-208972.5,314827.5,7.668582439422607
-208912.5,314827.5,4.074666500091553
-208852.5,314827.5,3.7068846225738525
-208792.5,314827.5,5.479227066040039
-208732.5,314827.5,5.366109848022461
-208672.5,314827.5,3.6565234661102295
-208612.5,314827.5,6.171198844909668
-208552.5,314827.5,10.200430870056152
-208492.5,314827.5,11.253366470336914
-208432.5,314827.5,8.157028198242188
-208372.5,314827.5,11.323863983154297
-208312.5,314827.5,7.788571834564209
-208252.5,314827.5,8.135802268981934
-208192.5,314827.5,11.110406875610352
-208132.5,314827.5,7.857217311859131
-208072.5,314827.5,6.633993148803711
-208012.5,314827.5,7.004188537597656
-207952.5,314827.5,10.169523239135742
-207892.5,314827.5,8.660134315490723
-207832.5,314827.5,11.876139640808105
-207772.5,314827.5,13.538338661193848
-207712.5,314827.5,8.1119384765625
-207652.5,314827.5,10.02711009979248
-211672.5,314767.5,2.6847825050354004
-211612.5,314767.5,3.1061668395996094
-211552.5,314767.5,6.99140739440918
-211492.5,314767.5,9.150496482849121
-211432.5,314767.5,14.407073020935059
-211372.5,314767.5,14.920171737670898
-211312.5,314767.5,12.693232536315918
-211252.5,314767.5,10.470355033874512
-211192.5,314767.5,5.902195453643799
-211132.5,314767.5,5.727669715881348
-211072.5,314767.5,9.547889709472656
-211012.5,314767.5,13.988689422607422
-210952.5,314767.5,13.551740646362305
-210892.5,314767.5,13.448936462402344
-210832.5,314767.5,14.159162521362305
-210772.5,314767.5,11.505359649658203
-210712.5,314767.5,7.35078763961792
-210652.5,314767.5,5.239985942840576
-210592.5,314767.5,6.808743476867676
-210532.5,314767.5,9.6929349899292
-210472.5,314767.5,6.62788724899292
-210412.5,314767.5,7.071571350097656
-210352.5,314767.5,7.332351207733154
-210292.5,314767.5,9.893974304199219
-210232.5,314767.5,13.88982105255127
-210172.5,314767.5,7.072132587432861
-210112.5,314767.5,7.689553737640381
-210052.5,314767.5,7.459517478942871
-209992.5,314767.5,4.225022315979004
-209932.5,314767.5,5.813384532928467
-209872.5,314767.5,13.462970733642578
-209812.5,314767.5,6.623904705047607
-209752.5,314767.5,4.747658729553223
-209692.5,314767.5,5.880792617797852
-209632.5,314767.5,4.147080898284912
-209572.5,314767.5,7.852366924285889
-209512.5,314767.5,12.536863327026367
-209452.5,314767.5,12.915953636169434
-209392.5,314767.5,10.676255226135254
-209332.5,314767.5,7.3540191650390625
-209272.5,314767.5,7.746014595031738
-209212.5,314767.5,6.39610481262207
-209152.5,314767.5,8.623499870300293
-209092.5,314767.5,10.752120971679688
-209032.5,314767.5,10.246322631835938
-208972.5,314767.5,6.32966423034668
-208912.5,314767.5,3.422664165496826
-208852.5,314767.5,5.592475414276123
-208792.5,314767.5,3.1509647369384766
-208732.5,314767.5,4.0983757972717285
-208672.5,314767.5,3.644749164581299
-208612.5,314767.5,6.767804145812988
-208552.5,314767.5,9.23347282409668
-208492.5,314767.5,9.528268814086914
-208432.5,314767.5,10.504947662353516
-208372.5,314767.5,12.021673202514648
-208312.5,314767.5,10.37658405303955
-208252.5,314767.5,9.48438835144043
-208192.5,314767.5,6.9568610191345215
-208132.5,314767.5,7.480736255645752
-208072.5,314767.5,6.453608989715576
-208012.5,314767.5,9.905200004577637
-207952.5,314767.5,13.473938941955566
-207892.5,314767.5,14.719841957092285
-207832.5,314767.5,12.99418830871582
-207772.5,314767.5,9.708578109741211
-211672.5,314707.5,2.7481987476348877
-211612.5,314707.5,3.025054693222046
-211552.5,314707.5,4.732881546020508
-211492.5,314707.5,7.409832954406738
-211432.5,314707.5,11.31547737121582
-211372.5,314707.5,14.455418586730957
-211312.5,314707.5,14.252164840698242
-211252.5,314707.5,13.559494972229004
-211192.5,314707.5,11.189042091369629
-211132.5,314707.5,9.856698989868164
-211072.5,314707.5,9.65067195892334
-211012.5,314707.5,9.141256332397461
-210952.5,314707.5,13.281079292297363
-210892.5,314707.5,14.779850959777832
-210832.5,314707.5,13.430644989013672
-210772.5,314707.5,8.832536697387695
-210712.5,314707.5,7.063958644866943
-210652.5,314707.5,6.175963401794434
-210592.5,314707.5,10.36827278137207
-210532.5,314707.5,9.30771255493164
-210472.5,314707.5,7.112262725830078
-210412.5,314707.5,6.450915813446045
-210352.5,314707.5,7.041078090667725
-210292.5,314707.5,12.51409912109375
-210232.5,314707.5,15.271814346313477
-210172.5,314707.5,11.700892448425293
-210112.5,314707.5,5.107231140136719
-210052.5,314707.5,7.036263465881348
-209992.5,314707.5,4.128410339355469
-209932.5,314707.5,6.3081374168396
-209872.5,314707.5,7.3501057624816895
-209812.5,314707.5,12.674583435058594
-209752.5,314707.5,6.319894790649414
-209692.5,314707.5,4.664055347442627
-209632.5,314707.5,4.045901298522949
-209572.5,314707.5,7.963253021240234
-209512.5,314707.5,12.136341094970703
-209452.5,314707.5,7.734415531158447
-209392.5,314707.5,7.416025638580322
-209332.5,314707.5,9.129258155822754
-209272.5,314707.5,13.002942085266113
-209212.5,314707.5,12.531227111816406
-209152.5,314707.5,13.12435531616211
-209092.5,314707.5,11.164804458618164
-209032.5,314707.5,7.553567409515381
-208972.5,314707.5,7.530653476715088
-208912.5,314707.5,5.123295783996582
-208852.5,314707.5,4.736887454986572
-208792.5,314707.5,6.40430212020874
-208732.5,314707.5,4.113964080810547
-208672.5,314707.5,3.5719642639160156
-208612.5,314707.5,3.76886248588562
-208552.5,314707.5,6.866743564605713
-208492.5,314707.5,7.065284252166748
-208432.5,314707.5,7.4650774002075195
-208372.5,314707.5,7.272904396057129
-208312.5,314707.5,6.789273738861084
-208252.5,314707.5,8.43151569366455
-208192.5,314707.5,5.389687538146973
-208132.5,314707.5,7.610825538635254
-208072.5,314707.5,11.814315795898438
-208012.5,314707.5,13.307005882263184
-207952.5,314707.5,11.153839111328125
-207892.5,314707.5,11.79411792755127
-207832.5,314707.5,9.942950248718262
-211672.5,314647.5,3.986884593963623
-211612.5,314647.5,3.408060312271118
-211552.5,314647.5,4.702729225158691
-211492.5,314647.5,9.354735374450684
-211432.5,314647.5,16.162639617919922
-211372.5,314647.5,13.82954216003418
-211312.5,314647.5,15.306170463562012
-211252.5,314647.5,9.317523002624512
-211192.5,314647.5,14.40400218963623
-211132.5,314647.5,8.708279609680176
-211072.5,314647.5,10.090774536132812
-211012.5,314647.5,7.8625359535217285
-210952.5,314647.5,8.73857593536377
-210892.5,314647.5,9.934772491455078
-210832.5,314647.5,9.401592254638672
-210772.5,314647.5,10.6834077835083
-210712.5,314647.5,9.680872917175293
-210652.5,314647.5,7.6081366539001465
-210592.5,314647.5,5.669083595275879
-210532.5,314647.5,10.129210472106934
-210472.5,314647.5,6.094846248626709
-210412.5,314647.5,6.135415554046631
-210352.5,314647.5,8.056032180786133
-210292.5,314647.5,12.500310897827148
-210232.5,314647.5,11.873953819274902
-210172.5,314647.5,8.880858421325684
-210112.5,314647.5,6.606254577636719
-210052.5,314647.5,6.671858310699463
-209992.5,314647.5,8.423304557800293
-209932.5,314647.5,6.223730087280273
-209872.5,314647.5,4.793158531188965
-209812.5,314647.5,7.019629001617432
-209752.5,314647.5,10.768329620361328
-209692.5,314647.5,8.208403587341309
-209632.5,314647.5,7.577585220336914
-209572.5,314647.5,11.066117286682129
-209512.5,314647.5,9.639927864074707
-209452.5,314647.5,6.944605827331543
-209392.5,314647.5,7.143676280975342
-209332.5,314647.5,11.04293155670166
-209272.5,314647.5,16.138179779052734
-209212.5,314647.5,15.210243225097656
-209152.5,314647.5,14.646327018737793
-209092.5,314647.5,9.822904586791992
-209032.5,314647.5,7.6479926109313965
-208972.5,314647.5,6.728077411651611
-208912.5,314647.5,7.167807102203369
-208852.5,314647.5,5.879465103149414
-208792.5,314647.5,4.770544528961182
-208732.5,314647.5,3.610182046890259
-208672.5,314647.5,4.910104274749756
-208612.5,314647.5,4.959864139556885
-208552.5,314647.5,6.41001033782959
-208492.5,314647.5,6.462664604187012
-208432.5,314647.5,7.276493072509766
-208372.5,314647.5,6.06522798538208
-208312.5,314647.5,5.181431770324707
-208252.5,314647.5,6.4756293296813965
-208192.5,314647.5,7.571703910827637
-208132.5,314647.5,11.4847993850708
-208072.5,314647.5,13.269065856933594
-208012.5,314647.5,11.542767524719238
-207952.5,314647.5,10.498432159423828
-207892.5,314647.5,11.198551177978516
-207832.5,314647.5,8.697511672973633
-211672.5,314587.5,7.087128639221191
-211612.5,314587.5,7.613041400909424
-211552.5,314587.5,7.649294376373291
-211492.5,314587.5,15.44924259185791
-211432.5,314587.5,11.91070556640625
-211372.5,314587.5,16.485727310180664
-211312.5,314587.5,14.926904678344727
-211252.5,314587.5,14.624411582946777
-211192.5,314587.5,14.391942977905273
-211132.5,314587.5,11.505409240722656
-211072.5,314587.5,6.607920169830322
-211012.5,314587.5,6.339427947998047
-210952.5,314587.5,6.422757625579834
-210892.5,314587.5,9.226534843444824
-210832.5,314587.5,8.22971248626709
-210772.5,314587.5,10.118117332458496
-210712.5,314587.5,5.684352397918701
-210652.5,314587.5,10.539018630981445
-210592.5,314587.5,6.777474403381348
-210532.5,314587.5,8.753229141235352
-210472.5,314587.5,6.011160373687744
-210412.5,314587.5,6.454938888549805
-210352.5,314587.5,9.130867958068848
-210292.5,314587.5,12.67876148223877
-210232.5,314587.5,8.540990829467773
-210172.5,314587.5,6.473220348358154
-210112.5,314587.5,9.344687461853027
-210052.5,314587.5,6.815755844116211
-209992.5,314587.5,7.035026550292969
-209932.5,314587.5,5.534773826599121
-209872.5,314587.5,3.7712454795837402
-209812.5,314587.5,4.672975063323975
-209752.5,314587.5,8.05160140991211
-209692.5,314587.5,10.655794143676758
-209632.5,314587.5,7.32570219039917
-209572.5,314587.5,9.213445663452148
-209512.5,314587.5,5.710890293121338
-209452.5,314587.5,7.969169616699219
-209392.5,314587.5,9.575587272644043
-209332.5,314587.5,7.130357265472412
-209272.5,314587.5,12.521424293518066
-209212.5,314587.5,14.500771522521973
-209152.5,314587.5,12.79648208618164
-209092.5,314587.5,12.055069923400879
-209032.5,314587.5,13.382649421691895
-208972.5,314587.5,7.498041152954102
-208912.5,314587.5,6.317266941070557
-208852.5,314587.5,4.598409652709961
-208792.5,314587.5,5.310567378997803
-208732.5,314587.5,5.364696025848389
-208672.5,314587.5,3.800978899002075
-208612.5,314587.5,5.832133769989014
-208552.5,314587.5,3.7849984169006348
-208492.5,314587.5,3.105358362197876
-208432.5,314587.5,4.525940418243408
-208372.5,314587.5,3.806684732437134
-208312.5,314587.5,6.033823490142822
-208252.5,314587.5,7.943436145782471
-208192.5,314587.5,8.930014610290527
-208132.5,314587.5,14.06923770904541
-208072.5,314587.5,13.626656532287598
-208012.5,314587.5,12.164726257324219
-207952.5,314587.5,10.270496368408203
-207892.5,314587.5,10.458298683166504
-207832.5,314587.5,8.442025184631348
-211672.5,314527.5,8.563701629638672
-211612.5,314527.5,9.38660717010498
-211552.5,314527.5,14.408611297607422
-211492.5,314527.5,15.776677131652832
-211432.5,314527.5,16.854734420776367
-211372.5,314527.5,13.20460033416748
-211312.5,314527.5,12.915044784545898
-211252.5,314527.5,10.329317092895508
-211192.5,314527.5,14.415966987609863
-211132.5,314527.5,8.698312759399414
-211072.5,314527.5,7.16767692565918
-211012.5,314527.5,6.992494106292725
-210952.5,314527.5,7.04489803314209
-210892.5,314527.5,5.607259750366211
-210832.5,314527.5,7.446472644805908
-210772.5,314527.5,7.532527923583984
-210712.5,314527.5,9.353391647338867
-210652.5,314527.5,7.51339864730835
-210592.5,314527.5,9.022406578063965
-210532.5,314527.5,7.316317081451416
-210472.5,314527.5,7.216594696044922
-210412.5,314527.5,6.410093307495117
-210352.5,314527.5,6.539855480194092
-210292.5,314527.5,11.731976509094238
-210232.5,314527.5,10.38385009765625
-210172.5,314527.5,13.012207984924316
-210112.5,314527.5,13.045512199401855
-210052.5,314527.5,12.448933601379395
-209992.5,314527.5,6.380053520202637
-209932.5,314527.5,5.9122796058654785
-209872.5,314527.5,3.9894607067108154
-209812.5,314527.5,4.440561771392822
-209752.5,314527.5,7.426659107208252
-209692.5,314527.5,11.021437644958496
-209632.5,314527.5,5.528972148895264
-209572.5,314527.5,4.097739219665527
-209512.5,314527.5,5.143634796142578
-209452.5,314527.5,5.564383506774902
-209392.5,314527.5,7.074863910675049
-209332.5,314527.5,6.430913925170898
-209272.5,314527.5,8.496402740478516
-209212.5,314527.5,7.0878071784973145
-209152.5,314527.5,6.5007004737854
-209092.5,314527.5,8.673340797424316
-209032.5,314527.5,10.850761413574219
-208972.5,314527.5,7.511031150817871
-208912.5,314527.5,4.277331829071045
-208852.5,314527.5,3.93835186958313
-208792.5,314527.5,3.041868209838867
-208732.5,314527.5,2.658116340637207
-208672.5,314527.5,3.4725046157836914
-208612.5,314527.5,3.8287158012390137
-208552.5,314527.5,3.5580382347106934
-208492.5,314527.5,3.6811745166778564
-208432.5,314527.5,4.5178751945495605
-208372.5,314527.5,7.8440093994140625
-208312.5,314527.5,10.11435317993164
-208252.5,314527.5,8.717933654785156
-208192.5,314527.5,13.98079776763916
-208132.5,314527.5,15.437834739685059
-208072.5,314527.5,12.925362586975098
-208012.5,314527.5,12.53766918182373
-207952.5,314527.5,10.839167594909668
-207892.5,314527.5,11.478960037231445
-207832.5,314527.5,8.701092720031738
-207772.5,314527.5,7.759306907653809
-211672.5,314467.5,10.432390213012695
-211612.5,314467.5,12.585612297058105
-211552.5,314467.5,12.030548095703125
-211492.5,314467.5,12.797585487365723
-211432.5,314467.5,13.047884941101074
-211372.5,314467.5,14.90916633605957
-211312.5,314467.5,10.58908748626709
-211252.5,314467.5,12.875036239624023
-211192.5,314467.5,14.42138671875
-211132.5,314467.5,14.692522048950195
-211072.5,314467.5,14.796324729919434
-211012.5,314467.5,7.144486427307129
-210952.5,314467.5,11.531188011169434
-210892.5,314467.5,7.690979480743408
-210832.5,314467.5,5.683241367340088
-210772.5,314467.5,8.318039894104004
-210712.5,314467.5,4.745091915130615
-210652.5,314467.5,6.157481670379639
-210592.5,314467.5,6.560715675354004
-210532.5,314467.5,11.626570701599121
-210472.5,314467.5,8.219642639160156
-210412.5,314467.5,8.02069091796875
-210352.5,314467.5,6.514041423797607
-210292.5,314467.5,10.017827033996582
-210232.5,314467.5,11.483120918273926
-210172.5,314467.5,15.824837684631348
-210112.5,314467.5,11.900256156921387
-210052.5,314467.5,8.92318058013916
-209992.5,314467.5,10.711237907409668
-209932.5,314467.5,7.204770565032959
-209872.5,314467.5,8.692173957824707
-209812.5,314467.5,10.568164825439453
-209752.5,314467.5,4.678717136383057
-209692.5,314467.5,6.714169979095459
-209632.5,314467.5,5.156692028045654
-209572.5,314467.5,3.4810194969177246
-209512.5,314467.5,5.469915390014648
-209452.5,314467.5,7.984551429748535
-209392.5,314467.5,10.125661849975586
-209332.5,314467.5,10.612975120544434
-209272.5,314467.5,6.433234691619873
-209212.5,314467.5,6.76724100112915
-209152.5,314467.5,7.205828666687012
-209092.5,314467.5,5.078975677490234
-209032.5,314467.5,3.6684885025024414
-208972.5,314467.5,4.955009937286377
-208912.5,314467.5,5.149352073669434
-208852.5,314467.5,5.976665496826172
-208792.5,314467.5,3.012207508087158
-208732.5,314467.5,2.7757952213287354
-208672.5,314467.5,2.576817035675049
-208612.5,314467.5,3.1418027877807617
-208552.5,314467.5,3.3739945888519287
-208492.5,314467.5,6.0183820724487305
-208432.5,314467.5,7.433734893798828
-208372.5,314467.5,11.688820838928223
-208312.5,314467.5,11.487994194030762
-208252.5,314467.5,12.777520179748535
-208192.5,314467.5,12.424921989440918
-208132.5,314467.5,15.02623462677002
-208072.5,314467.5,15.111572265625
-208012.5,314467.5,11.947318077087402
-207952.5,314467.5,8.045546531677246
-207892.5,314467.5,8.962705612182617
-207832.5,314467.5,7.814592361450195
-207772.5,314467.5,9.201603889465332
-211672.5,314407.5,11.245489120483398
-211612.5,314407.5,13.028072357177734
-211552.5,314407.5,14.532299041748047
-211492.5,314407.5,6.783163070678711
-211432.5,314407.5,7.641852378845215
-211372.5,314407.5,8.80709171295166
-211312.5,314407.5,6.614840030670166
-211252.5,314407.5,6.636275768280029
-211192.5,314407.5,9.96776294708252
-211132.5,314407.5,14.264713287353516
-211072.5,314407.5,14.415641784667969
-211012.5,314407.5,12.758370399475098
-210952.5,314407.5,11.86870288848877
-210892.5,314407.5,7.40525484085083
-210832.5,314407.5,6.862950801849365
-210772.5,314407.5,6.625721454620361
-210712.5,314407.5,5.752462387084961
-210652.5,314407.5,5.150622367858887
-210592.5,314407.5,5.933459758758545
-210532.5,314407.5,7.118603229522705
-210472.5,314407.5,12.753049850463867
-210412.5,314407.5,10.770536422729492
-210352.5,314407.5,8.667258262634277
-210292.5,314407.5,10.499276161193848
-210232.5,314407.5,13.16676139831543
-210172.5,314407.5,12.101313591003418
-210112.5,314407.5,12.434453010559082
-210052.5,314407.5,11.111266136169434
-209992.5,314407.5,12.16024112701416
-209932.5,314407.5,7.260184288024902
-209872.5,314407.5,4.389692306518555
-209812.5,314407.5,6.865875244140625
-209752.5,314407.5,5.612338066101074
-209692.5,314407.5,6.001659870147705
-209632.5,314407.5,6.054996490478516
-209572.5,314407.5,3.7320616245269775
-209512.5,314407.5,4.901908874511719
-209452.5,314407.5,7.520066261291504
-209392.5,314407.5,7.795297622680664
-209332.5,314407.5,7.405032157897949
-209272.5,314407.5,3.4238569736480713
-209212.5,314407.5,5.463104724884033
-209152.5,314407.5,4.3438520431518555
-209092.5,314407.5,2.79077410697937
-209032.5,314407.5,3.3302886486053467
-208972.5,314407.5,6.850766658782959
-208912.5,314407.5,3.8354392051696777
-208852.5,314407.5,3.248096466064453
-208792.5,314407.5,3.126391887664795
-208732.5,314407.5,3.0230979919433594
-208672.5,314407.5,4.847909450531006
-208612.5,314407.5,4.836001873016357
-208552.5,314407.5,4.170135021209717
-208492.5,314407.5,7.461157321929932
-208432.5,314407.5,10.59791374206543
-208372.5,314407.5,12.156363487243652
-208312.5,314407.5,11.62261962890625
-208252.5,314407.5,14.817678451538086
-208192.5,314407.5,11.986687660217285
-208132.5,314407.5,12.08956241607666
-208072.5,314407.5,13.770787239074707
-208012.5,314407.5,12.334620475769043
-207952.5,314407.5,8.358016014099121
-207892.5,314407.5,6.53535270690918
-207832.5,314407.5,9.234642028808594
-207772.5,314407.5,8.329131126403809
-211672.5,314347.5,14.850458145141602
-211612.5,314347.5,14.57168197631836
-211552.5,314347.5,12.360308647155762
-211492.5,314347.5,10.054145812988281
-211432.5,314347.5,7.004924297332764
-211372.5,314347.5,6.942049503326416
-211312.5,314347.5,4.985805034637451
-211252.5,314347.5,4.388075351715088
-211192.5,314347.5,6.441595554351807
-211132.5,314347.5,8.188079833984375
-211072.5,314347.5,10.869373321533203
-211012.5,314347.5,12.972007751464844
-210952.5,314347.5,11.61296272277832
-210892.5,314347.5,10.43675708770752
-210832.5,314347.5,6.9508843421936035
-210772.5,314347.5,5.847383499145508
-210712.5,314347.5,4.934271812438965
-210652.5,314347.5,6.155735969543457
-210592.5,314347.5,6.709364891052246
-210532.5,314347.5,7.988320827484131
-210472.5,314347.5,12.574750900268555
-210412.5,314347.5,13.456680297851562
-210352.5,314347.5,12.307364463806152
-210292.5,314347.5,9.747264862060547
-210232.5,314347.5,8.99162769317627
-210172.5,314347.5,11.897452354431152
-210112.5,314347.5,12.015093803405762
-210052.5,314347.5,4.546873569488525
-209992.5,314347.5,10.356194496154785
-209932.5,314347.5,4.374916076660156
-209872.5,314347.5,6.121242523193359
-209812.5,314347.5,7.687229156494141
-209752.5,314347.5,6.535947799682617
-209692.5,314347.5,6.030290603637695
-209632.5,314347.5,4.163589954376221
-209572.5,314347.5,4.1506147384643555
-209512.5,314347.5,5.394681930541992
-209452.5,314347.5,10.0849609375
-209392.5,314347.5,4.7635674476623535
-209332.5,314347.5,6.663205146789551
-209272.5,314347.5,5.66439151763916
-209212.5,314347.5,3.69098162651062
-209152.5,314347.5,3.1328988075256348
-209092.5,314347.5,3.1812753677368164
-209032.5,314347.5,2.741262912750244
-208972.5,314347.5,3.1160967350006104
-208912.5,314347.5,3.2798256874084473
-208852.5,314347.5,4.107375621795654
-208792.5,314347.5,4.236349582672119
-208732.5,314347.5,3.597344160079956
-208672.5,314347.5,6.174454689025879
-208612.5,314347.5,6.090693473815918
-208552.5,314347.5,3.8416860103607178
-208492.5,314347.5,5.496692657470703
-208432.5,314347.5,10.311042785644531
-208372.5,314347.5,12.676709175109863
-208312.5,314347.5,11.724818229675293
-208252.5,314347.5,13.405224800109863
-208192.5,314347.5,10.478092193603516
-208132.5,314347.5,11.945791244506836
-208072.5,314347.5,11.627900123596191
-208012.5,314347.5,10.175634384155273
-207952.5,314347.5,7.634768962860107
-207892.5,314347.5,7.37780237197876
-207832.5,314347.5,7.326691150665283
-211672.5,314287.5,13.985209465026855
-211612.5,314287.5,9.994025230407715
-211552.5,314287.5,6.942818641662598
-211492.5,314287.5,4.881250858306885
-211432.5,314287.5,7.805267333984375
-211372.5,314287.5,5.259707450866699
-211312.5,314287.5,4.964601516723633
-211252.5,314287.5,3.947810411453247
-211192.5,314287.5,4.621356964111328
-211132.5,314287.5,6.49019193649292
-211072.5,314287.5,9.572267532348633
-211012.5,314287.5,12.83218765258789
-210952.5,314287.5,10.803088188171387
-210892.5,314287.5,9.172991752624512
-210832.5,314287.5,12.208412170410156
-210772.5,314287.5,9.164567947387695
-210712.5,314287.5,5.993144512176514
-210652.5,314287.5,6.074388027191162
-210592.5,314287.5,4.419665336608887
-210532.5,314287.5,7.236176013946533
-210472.5,314287.5,8.204249382019043
-210412.5,314287.5,6.905278205871582
-210352.5,314287.5,11.085641860961914
-210292.5,314287.5,8.34097671508789
-210232.5,314287.5,5.246509075164795
-210172.5,314287.5,8.158392906188965
-210112.5,314287.5,8.244906425476074
-210052.5,314287.5,9.846199989318848
-209992.5,314287.5,4.7776994705200195
-209932.5,314287.5,4.514731407165527
-209872.5,314287.5,7.713011741638184
-209812.5,314287.5,6.39764404296875
-209752.5,314287.5,4.977587699890137
-209692.5,314287.5,4.055479049682617
-209632.5,314287.5,4.014440536499023
-209572.5,314287.5,8.07952880859375
-209512.5,314287.5,8.730204582214355
-209452.5,314287.5,6.473817348480225
-209392.5,314287.5,7.674685001373291
-209332.5,314287.5,7.097401142120361
-209272.5,314287.5,5.537837028503418
-209212.5,314287.5,5.192844867706299
-209152.5,314287.5,6.275266170501709
-209092.5,314287.5,6.12082052230835
-209032.5,314287.5,5.926985263824463
-208972.5,314287.5,5.6258416175842285
-208912.5,314287.5,7.206071853637695
-208852.5,314287.5,6.675321578979492
-208792.5,314287.5,7.323329448699951
-208732.5,314287.5,5.832141399383545
-208672.5,314287.5,6.294130325317383
-208612.5,314287.5,6.22244119644165
-208552.5,314287.5,3.943101644515991
-208492.5,314287.5,6.769489765167236
-208432.5,314287.5,6.283687114715576
-208372.5,314287.5,10.718082427978516
-208312.5,314287.5,11.036155700683594
-208252.5,314287.5,11.766493797302246
-208192.5,314287.5,9.8594388961792
-208132.5,314287.5,10.179648399353027
-208072.5,314287.5,8.073894500732422
-211672.5,314227.5,8.700782775878906
-211612.5,314227.5,8.193875312805176
-211552.5,314227.5,6.8340606689453125
-211492.5,314227.5,9.12918758392334
-211432.5,314227.5,7.906850337982178
-211372.5,314227.5,5.8979902267456055
-211312.5,314227.5,5.87728214263916
-211252.5,314227.5,6.047976016998291
-211192.5,314227.5,6.975864887237549
-211132.5,314227.5,5.354447841644287
-211072.5,314227.5,6.318330764770508
-211012.5,314227.5,6.214832782745361
-210952.5,314227.5,11.954808235168457
-210892.5,314227.5,12.273298263549805
-210832.5,314227.5,10.573433876037598
-210772.5,314227.5,7.36570930480957
-210712.5,314227.5,7.137504577636719
-210652.5,314227.5,5.573562145233154
-210592.5,314227.5,5.89329195022583
-210532.5,314227.5,5.712763786315918
-210472.5,314227.5,5.125871658325195
-210412.5,314227.5,6.970404148101807
-210352.5,314227.5,7.975274085998535
-210292.5,314227.5,8.59645938873291
-210232.5,314227.5,6.332027435302734
-210172.5,314227.5,7.520870685577393
-210112.5,314227.5,10.864374160766602
-210052.5,314227.5,6.586099147796631
-209992.5,314227.5,8.572728157043457
-209932.5,314227.5,7.161981582641602
-209872.5,314227.5,11.92983341217041
-209812.5,314227.5,6.550589561462402
-209752.5,314227.5,5.897827625274658
-209692.5,314227.5,6.827498912811279
-209632.5,314227.5,6.440059661865234
-209572.5,314227.5,6.9640655517578125
-209512.5,314227.5,7.046795845031738
-209452.5,314227.5,6.231821537017822
-209392.5,314227.5,10.026224136352539
-209332.5,314227.5,9.132181167602539
-209272.5,314227.5,6.970269203186035
-209212.5,314227.5,6.4582366943359375
-209152.5,314227.5,6.610496520996094
-209092.5,314227.5,6.0764665603637695
-209032.5,314227.5,4.27427339553833
-208972.5,314227.5,5.544233798980713
-208912.5,314227.5,7.7346086502075195
-208852.5,314227.5,7.722326755523682
-208792.5,314227.5,7.9795989990234375
-208732.5,314227.5,5.6884026527404785
-208672.5,314227.5,5.723300933837891
-208612.5,314227.5,6.134952068328857
-208552.5,314227.5,4.925843238830566
-208492.5,314227.5,8.21163272857666
-208432.5,314227.5,7.869927406311035
-208372.5,314227.5,11.460698127746582
-208252.5,314227.5,9.80650806427002
-211672.5,314167.5,10.447324752807617
-211612.5,314167.5,10.737530708312988
-211552.5,314167.5,8.523823738098145
-211492.5,314167.5,10.809768676757812
-211432.5,314167.5,6.654313564300537
-211372.5,314167.5,6.34598970413208
-211312.5,314167.5,6.011269569396973
-211252.5,314167.5,6.428878307342529
-211192.5,314167.5,6.501350402832031
-211132.5,314167.5,6.490306377410889
-211072.5,314167.5,7.043430328369141
-211012.5,314167.5,5.583131790161133
-210952.5,314167.5,10.164322853088379
-210892.5,314167.5,12.670904159545898
-210832.5,314167.5,10.812376022338867
-210772.5,314167.5,7.963521480560303
-210712.5,314167.5,5.456340312957764
-210652.5,314167.5,5.297751426696777
-210592.5,314167.5,5.251123428344727
-210532.5,314167.5,4.991684436798096
-210472.5,314167.5,6.186329364776611
-210412.5,314167.5,6.832594871520996
-210352.5,314167.5,7.138208866119385
-210292.5,314167.5,7.92960262298584
-210232.5,314167.5,9.875950813293457
-210172.5,314167.5,7.20144510269165
-210112.5,314167.5,5.519378662109375
-210052.5,314167.5,5.979367256164551
-209992.5,314167.5,7.513195514678955
-209932.5,314167.5,6.434787750244141
-209872.5,314167.5,6.565793514251709
-209812.5,314167.5,6.466030120849609
-209752.5,314167.5,8.140813827514648
-209692.5,314167.5,14.004558563232422
-209632.5,314167.5,9.573881149291992
-209572.5,314167.5,5.600175380706787
-209512.5,314167.5,5.867405891418457
-209452.5,314167.5,6.742631912231445
-209392.5,314167.5,11.098403930664062
-209332.5,314167.5,7.3957109451293945
-209272.5,314167.5,6.496592044830322
-209212.5,314167.5,5.526956558227539
-209152.5,314167.5,6.869256496429443
-209092.5,314167.5,6.118264198303223
-209032.5,314167.5,5.969505786895752
-208972.5,314167.5,9.680726051330566
-208912.5,314167.5,6.931889057159424
-208852.5,314167.5,8.20426082611084
-208792.5,314167.5,4.624119281768799
-208732.5,314167.5,6.533212661743164
-208672.5,314167.5,6.254326343536377
-208612.5,314167.5,7.094887733459473
-208552.5,314167.5,6.445564270019531
-208492.5,314167.5,10.419803619384766
-208432.5,314167.5,8.104399681091309
-208372.5,314167.5,9.887932777404785
-211672.5,314107.5,14.750293731689453
-211612.5,314107.5,9.834762573242188
-211552.5,314107.5,12.852446556091309
-211492.5,314107.5,14.51689338684082
-211432.5,314107.5,9.595357894897461
-211372.5,314107.5,6.904360771179199
-211312.5,314107.5,6.895952224731445
-211252.5,314107.5,7.114450454711914
-211192.5,314107.5,8.549870491027832
-211132.5,314107.5,12.942168235778809
-211072.5,314107.5,9.090255737304688
-211012.5,314107.5,3.731106758117676
-210952.5,314107.5,6.196807861328125
-210892.5,314107.5,8.922216415405273
-210832.5,314107.5,9.83000659942627
-210772.5,314107.5,12.435860633850098
-210712.5,314107.5,6.3610663414001465
-210652.5,314107.5,7.353373050689697
-210592.5,314107.5,4.767106056213379
-210532.5,314107.5,7.710299491882324
-210472.5,314107.5,5.770529270172119
-210412.5,314107.5,6.508335113525391
-210352.5,314107.5,6.890713691711426
-210292.5,314107.5,12.476780891418457
-210232.5,314107.5,7.2435383796691895
-210172.5,314107.5,8.921717643737793
-210112.5,314107.5,6.362663745880127
-210052.5,314107.5,6.078198432922363
-209992.5,314107.5,7.080403804779053
-209932.5,314107.5,10.585173606872559
-209872.5,314107.5,6.2360734939575195
-209812.5,314107.5,6.5882768630981445
-209752.5,314107.5,8.111090660095215
-209692.5,314107.5,14.21983528137207
-209632.5,314107.5,11.611162185668945
-209572.5,314107.5,7.288357734680176
-209512.5,314107.5,6.450248718261719
-209452.5,314107.5,9.337732315063477
-209392.5,314107.5,8.272892951965332
-209332.5,314107.5,4.5764594078063965
-209272.5,314107.5,4.491800785064697
-209212.5,314107.5,3.9165544509887695
-209152.5,314107.5,3.203470230102539
-209092.5,314107.5,4.202785968780518
-209032.5,314107.5,7.25839900970459
-208972.5,314107.5,7.131340980529785
-208912.5,314107.5,6.934152126312256
-208852.5,314107.5,4.847171783447266
-208792.5,314107.5,6.2515435218811035
-208732.5,314107.5,4.560670375823975
-208672.5,314107.5,4.313262939453125
-208612.5,314107.5,7.6907124519348145
-208552.5,314107.5,10.185253143310547
-208492.5,314107.5,8.787896156311035
-208432.5,314107.5,10.803566932678223
-211672.5,314047.5,17.577255249023438
-211612.5,314047.5,10.585783958435059
-211552.5,314047.5,8.467598915100098
-211492.5,314047.5,8.707691192626953
-211432.5,314047.5,5.694493770599365
-211372.5,314047.5,5.154024600982666
-211312.5,314047.5,6.4875898361206055
-211252.5,314047.5,10.978798866271973
-211192.5,314047.5,12.723006248474121
-211132.5,314047.5,12.2841215133667
-211072.5,314047.5,6.414925575256348
-211012.5,314047.5,3.6224210262298584
-210952.5,314047.5,3.487138509750366
-210892.5,314047.5,9.26347541809082
-210832.5,314047.5,13.824698448181152
-210772.5,314047.5,15.171551704406738
-210712.5,314047.5,10.337013244628906
-210652.5,314047.5,8.894268035888672
-210592.5,314047.5,6.404789447784424
-210532.5,314047.5,5.13859224319458
-210472.5,314047.5,5.683840274810791
-210412.5,314047.5,7.501781940460205
-210352.5,314047.5,10.067096710205078
-210292.5,314047.5,8.49752426147461
-210232.5,314047.5,6.327626705169678
-210172.5,314047.5,6.4927802085876465
-210112.5,314047.5,3.6528265476226807
-210052.5,314047.5,5.687551975250244
-209992.5,314047.5,5.661130905151367
-209932.5,314047.5,7.555663585662842
-209872.5,314047.5,6.487749099731445
-209812.5,314047.5,9.254384994506836
-209752.5,314047.5,6.888199806213379
-209692.5,314047.5,12.722582817077637
-209632.5,314047.5,12.010025024414062
-209572.5,314047.5,7.808659076690674
-209512.5,314047.5,6.6135759353637695
-209452.5,314047.5,7.454003810882568
-209392.5,314047.5,8.652379035949707
-209332.5,314047.5,5.612996578216553
-209272.5,314047.5,4.734891414642334
-209212.5,314047.5,4.394953727722168
-209152.5,314047.5,3.2917873859405518
-209092.5,314047.5,4.214994430541992
-209032.5,314047.5,4.729729652404785
-208972.5,314047.5,5.736039161682129
-208912.5,314047.5,6.014370441436768
-208852.5,314047.5,3.976799964904785
-208792.5,314047.5,3.97157621383667
-208732.5,314047.5,5.221569061279297
-208672.5,314047.5,8.787171363830566
-208612.5,314047.5,7.863501071929932
-208552.5,314047.5,8.069052696228027
-208492.5,314047.5,12.05805778503418
-208432.5,314047.5,7.851470947265625
-211672.5,313987.5,14.464187622070312
-211612.5,313987.5,12.285407066345215
-211552.5,313987.5,9.40298843383789
-211492.5,313987.5,6.714773654937744
-211432.5,313987.5,6.23729133605957
-211372.5,313987.5,5.941041946411133
-211312.5,313987.5,4.979286193847656
-211252.5,313987.5,11.493553161621094
-211192.5,313987.5,12.137038230895996
-211132.5,313987.5,5.102795600891113
-211072.5,313987.5,4.001080513000488
-211012.5,313987.5,3.4114794731140137
-210952.5,313987.5,4.875133514404297
-210892.5,313987.5,13.601547241210938
-210832.5,313987.5,17.005859375
-210772.5,313987.5,15.605191230773926
-210712.5,313987.5,13.742877006530762
-210652.5,313987.5,9.90082836151123
-210592.5,313987.5,5.849362850189209
-210532.5,313987.5,7.497860431671143
-210472.5,313987.5,5.335343360900879
-210412.5,313987.5,8.059919357299805
-210352.5,313987.5,7.435568809509277
-210292.5,313987.5,6.551082134246826
-210232.5,313987.5,6.0870161056518555
-210172.5,313987.5,5.143077373504639
-210112.5,313987.5,7.007448196411133
-210052.5,313987.5,8.364693641662598
-209992.5,313987.5,9.594954490661621
-209932.5,313987.5,6.491322040557861
-209872.5,313987.5,4.086843967437744
-209812.5,313987.5,4.512192726135254
-209752.5,313987.5,4.114872455596924
-209692.5,313987.5,7.181490898132324
-209632.5,313987.5,8.933123588562012
-209572.5,313987.5,13.399786949157715
-209512.5,313987.5,6.776029586791992
-209452.5,313987.5,7.237107753753662
-209392.5,313987.5,11.572595596313477
-209332.5,313987.5,7.845948696136475
-209272.5,313987.5,5.451539039611816
-209212.5,313987.5,4.302198886871338
-209152.5,313987.5,3.932826042175293
-209092.5,313987.5,6.169824123382568
-209032.5,313987.5,5.31377649307251
-208972.5,313987.5,5.067160606384277
-208912.5,313987.5,5.381762981414795
-208852.5,313987.5,4.83202600479126
-208792.5,313987.5,5.22618293762207
-208732.5,313987.5,7.524287700653076
-208672.5,313987.5,11.107672691345215
-208612.5,313987.5,9.696438789367676
-208552.5,313987.5,10.899456024169922
-208492.5,313987.5,9.240842819213867
-208432.5,313987.5,7.325941562652588
-211672.5,313927.5,10.157020568847656
-211612.5,313927.5,10.106990814208984
-211552.5,313927.5,8.349059104919434
-211492.5,313927.5,10.98621940612793
-211432.5,313927.5,7.548346042633057
-211372.5,313927.5,3.9281628131866455
-211312.5,313927.5,3.841449022293091
-211252.5,313927.5,6.702063083648682
-211192.5,313927.5,7.743503570556641
-211132.5,313927.5,4.8414483070373535
-211072.5,313927.5,3.3056983947753906
-211012.5,313927.5,2.713960886001587
-210952.5,313927.5,3.448894500732422
-210892.5,313927.5,6.821911334991455
-210832.5,313927.5,10.693209648132324
-210772.5,313927.5,10.614462852478027
-210712.5,313927.5,6.789283275604248
-210652.5,313927.5,10.537494659423828
-210592.5,313927.5,10.494301795959473
-210532.5,313927.5,6.526036739349365
-210472.5,313927.5,5.685495853424072
-210412.5,313927.5,6.734307289123535
-210352.5,313927.5,5.81233549118042
-210292.5,313927.5,6.653280258178711
-210232.5,313927.5,4.940497398376465
-210172.5,313927.5,4.035671710968018
-210112.5,313927.5,5.5682525634765625
-210052.5,313927.5,11.784029960632324
-209992.5,313927.5,4.786750316619873
-209932.5,313927.5,4.253385543823242
-209872.5,313927.5,3.7875211238861084
-209812.5,313927.5,3.8622682094573975
-209752.5,313927.5,4.431372165679932
-209692.5,313927.5,6.550034523010254
-209632.5,313927.5,11.25369930267334
-209572.5,313927.5,14.824960708618164
-209512.5,313927.5,13.161623001098633
-209452.5,313927.5,15.212362289428711
-209392.5,313927.5,11.921950340270996
-209332.5,313927.5,11.190913200378418
-209272.5,313927.5,9.38271427154541
-209212.5,313927.5,4.763043403625488
-209152.5,313927.5,6.343712329864502
-209092.5,313927.5,6.399233818054199
-209032.5,313927.5,6.401988983154297
-208972.5,313927.5,6.391072750091553
-208912.5,313927.5,4.977230072021484
-208852.5,313927.5,5.5214691162109375
-208792.5,313927.5,7.415923118591309
-208732.5,313927.5,11.293603897094727
-208672.5,313927.5,10.976005554199219
-208612.5,313927.5,7.873855113983154
-211672.5,313867.5,6.927555084228516
-211612.5,313867.5,8.94359302520752
-211552.5,313867.5,5.739372253417969
-211492.5,313867.5,10.153115272521973
-211432.5,313867.5,10.66011905670166
-211372.5,313867.5,4.754101276397705
-211312.5,313867.5,4.783178329467773
-211252.5,313867.5,6.827085971832275
-211192.5,313867.5,9.13916301727295
-211132.5,313867.5,5.165855407714844
-211072.5,313867.5,3.7374963760375977
-211012.5,313867.5,2.7026944160461426
-210952.5,313867.5,3.801912307739258
-210892.5,313867.5,7.164607048034668
-210832.5,313867.5,12.416718482971191
-210772.5,313867.5,11.407333374023438
-210712.5,313867.5,7.015137195587158
-210652.5,313867.5,6.186398506164551
-210592.5,313867.5,9.164448738098145
-210532.5,313867.5,6.35715389251709
-210472.5,313867.5,4.591447830200195
-210412.5,313867.5,4.5687336921691895
-210352.5,313867.5,4.556715488433838
-210292.5,313867.5,5.777982711791992
-210232.5,313867.5,4.7355055809021
-210172.5,313867.5,6.316266059875488
-210112.5,313867.5,7.047073841094971
-210052.5,313867.5,9.065407752990723
-209992.5,313867.5,4.280994892120361
-209932.5,313867.5,3.1139886379241943
-209872.5,313867.5,3.4650025367736816
-209812.5,313867.5,3.2658891677856445
-209752.5,313867.5,3.8993678092956543
-209692.5,313867.5,4.830405235290527
-209632.5,313867.5,6.08491325378418
-209572.5,313867.5,13.088885307312012
-209512.5,313867.5,13.355107307434082
-209452.5,313867.5,16.003971099853516
-209392.5,313867.5,12.850214004516602
-209332.5,313867.5,12.984064102172852
-209272.5,313867.5,9.704991340637207
-209212.5,313867.5,8.011812210083008
-209152.5,313867.5,7.338210105895996
-209092.5,313867.5,5.807171821594238
-209032.5,313867.5,5.480404376983643
-208972.5,313867.5,6.074347019195557
-208912.5,313867.5,7.091315269470215
-208852.5,313867.5,9.35583782196045
-208792.5,313867.5,11.260740280151367
-208732.5,313867.5,10.958863258361816
-208672.5,313867.5,8.066668510437012
-208612.5,313867.5,9.792792320251465
-211672.5,313807.5,6.816472053527832
-211612.5,313807.5,8.037798881530762
-211552.5,313807.5,8.502254486083984
-211492.5,313807.5,11.251744270324707
-211432.5,313807.5,14.00152587890625
-211372.5,313807.5,9.432183265686035
-211312.5,313807.5,7.529234409332275
-211252.5,313807.5,8.551328659057617
-211192.5,313807.5,14.249709129333496
-211132.5,313807.5,11.680928230285645
-211072.5,313807.5,4.92824649810791
-211012.5,313807.5,3.3689372539520264
-210952.5,313807.5,5.578135013580322
-210892.5,313807.5,11.880023002624512
-210832.5,313807.5,11.822596549987793
-210772.5,313807.5,12.87759780883789
-210712.5,313807.5,7.408376216888428
-210652.5,313807.5,6.671311378479004
-210592.5,313807.5,5.175493240356445
-210532.5,313807.5,4.079928398132324
-210472.5,313807.5,3.7574708461761475
-210412.5,313807.5,3.7924468517303467
-210352.5,313807.5,5.250333309173584
-210292.5,313807.5,4.45913028717041
-210232.5,313807.5,5.940253257751465
-210172.5,313807.5,4.431706428527832
-210112.5,313807.5,5.54984712600708
-210052.5,313807.5,7.777129173278809
-209992.5,313807.5,5.157210826873779
-209932.5,313807.5,5.965590000152588
-209872.5,313807.5,4.908425807952881
-209812.5,313807.5,4.546720504760742
-209752.5,313807.5,5.521193504333496
-209692.5,313807.5,6.4958038330078125
-209632.5,313807.5,10.93839168548584
-209572.5,313807.5,12.815576553344727
-209512.5,313807.5,13.36131763458252
-209452.5,313807.5,13.356720924377441
-209392.5,313807.5,13.013689041137695
-209332.5,313807.5,12.367504119873047
-209272.5,313807.5,8.233905792236328
-209212.5,313807.5,7.09481954574585
-209152.5,313807.5,6.641472339630127
-209092.5,313807.5,6.4927568435668945
-209032.5,313807.5,6.4053263664245605
-208972.5,313807.5,5.866635799407959
-208912.5,313807.5,6.770370006561279
-208852.5,313807.5,7.629218101501465
-208792.5,313807.5,12.732888221740723
-208732.5,313807.5,12.66403579711914
-208672.5,313807.5,8.462830543518066
-208372.5,313807.5,9.353581428527832
-211672.5,313747.5,7.158674716949463
-211612.5,313747.5,13.50407886505127
-211552.5,313747.5,10.170844078063965
-211492.5,313747.5,13.361738204956055
-211432.5,313747.5,15.163087844848633
-211372.5,313747.5,12.912172317504883
-211312.5,313747.5,9.420989036560059
-211252.5,313747.5,12.739956855773926
-211192.5,313747.5,12.233125686645508
-211132.5,313747.5,10.747637748718262
-211072.5,313747.5,4.669070243835449
-211012.5,313747.5,3.3596231937408447
-210952.5,313747.5,6.654530048370361
-210892.5,313747.5,6.764866828918457
-210832.5,313747.5,7.715164661407471
-210772.5,313747.5,10.555913925170898
-210712.5,313747.5,6.991275787353516
-210652.5,313747.5,4.503032684326172
-210592.5,313747.5,3.7987895011901855
-210532.5,313747.5,3.260607957839966
-210472.5,313747.5,3.448115587234497
-210412.5,313747.5,5.614194869995117
-210352.5,313747.5,5.0937275886535645
-210292.5,313747.5,5.7910566329956055
-210232.5,313747.5,6.489379405975342
-210172.5,313747.5,5.60848331451416
-210112.5,313747.5,4.463133335113525
-210052.5,313747.5,3.8618669509887695
-209992.5,313747.5,4.897388935089111
-209932.5,313747.5,7.29962682723999
-209872.5,313747.5,6.06321907043457
-209812.5,313747.5,6.284260272979736
-209752.5,313747.5,8.250757217407227
-209692.5,313747.5,3.9292209148406982
-209632.5,313747.5,7.268916130065918
-209572.5,313747.5,11.18117618560791
-209512.5,313747.5,6.1482744216918945
-209452.5,313747.5,11.668691635131836
-209392.5,313747.5,15.071067810058594
-209332.5,313747.5,12.880352973937988
-209272.5,313747.5,7.289144992828369
-209212.5,313747.5,8.018864631652832
-209152.5,313747.5,7.154014587402344
-209092.5,313747.5,9.341269493103027
-209032.5,313747.5,6.976019859313965
-208972.5,313747.5,4.456016540527344
-208912.5,313747.5,8.314901351928711
-208852.5,313747.5,10.534189224243164
-208792.5,313747.5,10.890445709228516
-208732.5,313747.5,8.143375396728516
-208672.5,313747.5,9.120464324951172
-211672.5,313687.5,7.030066967010498
-211612.5,313687.5,11.6529541015625
-211552.5,313687.5,12.966941833496094
-211492.5,313687.5,15.252067565917969
-211432.5,313687.5,9.939151763916016
-211372.5,313687.5,11.957850456237793
-211312.5,313687.5,13.327225685119629
-211252.5,313687.5,7.930739402770996
-211192.5,313687.5,6.31677770614624
-211132.5,313687.5,10.275654792785645
-211072.5,313687.5,4.33014440536499
-211012.5,313687.5,4.3480424880981445
-210952.5,313687.5,4.725777626037598
-210892.5,313687.5,8.124180793762207
-210832.5,313687.5,7.484457015991211
-210772.5,313687.5,6.753490924835205
-210712.5,313687.5,4.709628105163574
-210652.5,313687.5,3.8985259532928467
-210592.5,313687.5,5.066788673400879
-210532.5,313687.5,4.827730178833008
-210472.5,313687.5,5.5452799797058105
-210412.5,313687.5,5.590831756591797
-210352.5,313687.5,8.890626907348633
-210292.5,313687.5,4.128573894500732
-210232.5,313687.5,5.439281463623047
-210172.5,313687.5,3.444019079208374
-210112.5,313687.5,3.4610352516174316
-210052.5,313687.5,2.9993841648101807
-209992.5,313687.5,4.2853899002075195
-209932.5,313687.5,6.486794471740723
-209872.5,313687.5,12.961962699890137
-209812.5,313687.5,8.764153480529785
-209752.5,313687.5,10.099995613098145
-209692.5,313687.5,6.035366535186768
-209632.5,313687.5,6.161411285400391
-209572.5,313687.5,5.12232780456543
-209512.5,313687.5,11.436484336853027
-209452.5,313687.5,13.131147384643555
-209392.5,313687.5,10.980449676513672
-209332.5,313687.5,7.008906841278076
-209272.5,313687.5,7.285468101501465
-209212.5,313687.5,10.687016487121582
-209152.5,313687.5,11.435301780700684
-209092.5,313687.5,12.500667572021484
-209032.5,313687.5,11.079924583435059
-208972.5,313687.5,8.180623054504395
-208912.5,313687.5,8.003852844238281
-208852.5,313687.5,11.818077087402344
-208792.5,313687.5,8.872063636779785
-208732.5,313687.5,10.669262886047363
-208672.5,313687.5,10.452845573425293
-211672.5,313627.5,8.699824333190918
-211612.5,313627.5,10.500435829162598
-211552.5,313627.5,12.774008750915527
-211492.5,313627.5,13.812716484069824
-211432.5,313627.5,7.471937656402588
-211372.5,313627.5,7.558262348175049
-211312.5,313627.5,11.760734558105469
-211252.5,313627.5,10.327594757080078
-211192.5,313627.5,10.249086380004883
-211132.5,313627.5,12.96265983581543
-211072.5,313627.5,9.93348503112793
-211012.5,313627.5,6.489686012268066
-210952.5,313627.5,8.361348152160645
-210892.5,313627.5,6.374429225921631
-210832.5,313627.5,4.857260227203369
-210772.5,313627.5,6.548859119415283
-210712.5,313627.5,5.295231342315674
-210652.5,313627.5,5.030643463134766
-210592.5,313627.5,3.7958877086639404
-210532.5,313627.5,4.1699090003967285
-210472.5,313627.5,5.460824489593506
-210412.5,313627.5,6.01987361907959
-210352.5,313627.5,6.105607509613037
-210292.5,313627.5,5.472565650939941
-210232.5,313627.5,4.180032730102539
-210172.5,313627.5,4.584843635559082
-210112.5,313627.5,4.143507480621338
-210052.5,313627.5,4.063836097717285
-209992.5,313627.5,3.426953077316284
-209932.5,313627.5,6.330538272857666
-209872.5,313627.5,10.573426246643066
-209812.5,313627.5,14.973688125610352
-209752.5,313627.5,10.245351791381836
-209692.5,313627.5,7.024931907653809
-209632.5,313627.5,6.741513729095459
-209572.5,313627.5,6.153810024261475
-209512.5,313627.5,11.961206436157227
-209452.5,313627.5,11.680028915405273
-209392.5,313627.5,9.158119201660156
-209332.5,313627.5,6.316856384277344
-209272.5,313627.5,7.166198253631592
-209212.5,313627.5,7.732210159301758
-209152.5,313627.5,8.760542869567871
-209092.5,313627.5,6.873740196228027
-209032.5,313627.5,9.183212280273438
-208972.5,313627.5,8.015894889831543
-208912.5,313627.5,8.350220680236816
-208852.5,313627.5,11.135971069335938
-208792.5,313627.5,7.220224380493164
-208732.5,313627.5,7.04819393157959
-211672.5,313567.5,11.095575332641602
-211612.5,313567.5,7.446181774139404
-211552.5,313567.5,11.137609481811523
-211492.5,313567.5,12.608696937561035
-211432.5,313567.5,10.118508338928223
-211372.5,313567.5,7.738422870635986
-211312.5,313567.5,6.7760443687438965
-211252.5,313567.5,12.069534301757812
-211192.5,313567.5,8.100602149963379
-211132.5,313567.5,7.585362434387207
-211072.5,313567.5,7.125516414642334
-211012.5,313567.5,6.848350524902344
-210952.5,313567.5,10.387401580810547
-210892.5,313567.5,6.449920177459717
-210832.5,313567.5,5.192688941955566
-210772.5,313567.5,6.099625587463379
-210712.5,313567.5,6.169238090515137
-210652.5,313567.5,6.044505596160889
-210592.5,313567.5,4.975403785705566
-210532.5,313567.5,5.505887508392334
-210472.5,313567.5,5.812531471252441
-210412.5,313567.5,3.938288927078247
-210352.5,313567.5,3.9912495613098145
-210292.5,313567.5,5.9284796714782715
-210232.5,313567.5,5.26453161239624
-210172.5,313567.5,3.978696823120117
-210112.5,313567.5,5.1052565574646
-210052.5,313567.5,5.36428165435791
-209992.5,313567.5,4.681321144104004
-209932.5,313567.5,6.566061973571777
-209872.5,313567.5,8.428116798400879
-209812.5,313567.5,8.442778587341309
-209752.5,313567.5,11.799955368041992
-209692.5,313567.5,6.9216766357421875
-209632.5,313567.5,4.114820957183838
-209572.5,313567.5,8.147067070007324
-209512.5,313567.5,8.841231346130371
-209452.5,313567.5,12.921599388122559
-209392.5,313567.5,11.888289451599121
-209332.5,313567.5,8.601540565490723
-209272.5,313567.5,7.147948265075684
-209212.5,313567.5,4.905317783355713
-209152.5,313567.5,6.869795799255371
-209092.5,313567.5,7.462100982666016
-209032.5,313567.5,7.536936283111572
-208972.5,313567.5,6.566104412078857
-208912.5,313567.5,6.551484107971191
-208852.5,313567.5,6.718377590179443
-211672.5,313507.5,15.486751556396484
-211612.5,313507.5,12.860481262207031
-211552.5,313507.5,7.20084810256958
-211492.5,313507.5,9.702816009521484
-211432.5,313507.5,7.818653106689453
-211372.5,313507.5,6.874261379241943
-211312.5,313507.5,4.941320896148682
-211252.5,313507.5,7.08604097366333
-211192.5,313507.5,12.251361846923828
-211132.5,313507.5,9.636347770690918
-211072.5,313507.5,9.793006896972656
-211012.5,313507.5,10.455060958862305
-210952.5,313507.5,12.868618965148926
-210892.5,313507.5,11.898757934570312
-210832.5,313507.5,6.504814624786377
-210772.5,313507.5,6.424452781677246
-210712.5,313507.5,4.765884876251221
-210652.5,313507.5,5.40940523147583
-210592.5,313507.5,9.577032089233398
-210532.5,313507.5,4.825632095336914
-210472.5,313507.5,5.112216949462891
-210412.5,313507.5,5.384096145629883
-210352.5,313507.5,4.5827813148498535
-210292.5,313507.5,5.875029563903809
-210232.5,313507.5,3.8586533069610596
-210172.5,313507.5,5.865661144256592
-210112.5,313507.5,5.60500955581665
-210052.5,313507.5,3.625922679901123
-209992.5,313507.5,5.346710681915283
-209932.5,313507.5,5.758966445922852
-209872.5,313507.5,7.1227593421936035
-209812.5,313507.5,6.89998197555542
-209752.5,313507.5,12.483519554138184
-209692.5,313507.5,8.492313385009766
-209632.5,313507.5,5.957589149475098
-209572.5,313507.5,10.165093421936035
-209512.5,313507.5,10.772074699401855
-209452.5,313507.5,8.204853057861328
-209392.5,313507.5,11.3879976272583
-209332.5,313507.5,8.329752922058105
-209272.5,313507.5,4.433196067810059
-209212.5,313507.5,6.854671001434326
-209152.5,313507.5,7.048418045043945
-209092.5,313507.5,7.367377281188965
-209032.5,313507.5,6.56341028213501
-208972.5,313507.5,7.795436859130859
-208912.5,313507.5,6.574799537658691
-211672.5,313447.5,14.735492706298828
-211612.5,313447.5,10.688631057739258
-211552.5,313447.5,8.963926315307617
-211492.5,313447.5,7.346402168273926
-211432.5,313447.5,5.746549606323242
-211372.5,313447.5,4.965552806854248
-211312.5,313447.5,5.735496520996094
-211252.5,313447.5,6.61170768737793
-211192.5,313447.5,11.95963191986084
-211132.5,313447.5,12.854657173156738
-211072.5,313447.5,12.400056838989258
-211012.5,313447.5,10.804130554199219
-210952.5,313447.5,9.377918243408203
-210892.5,313447.5,11.654465675354004
-210832.5,313447.5,4.990695476531982
-210772.5,313447.5,6.890247821807861
-210712.5,313447.5,7.510739326477051
-210652.5,313447.5,4.137274742126465
-210592.5,313447.5,4.600157737731934
-210532.5,313447.5,5.815978050231934
-210472.5,313447.5,4.217933177947998
-210412.5,313447.5,5.177272796630859
-210352.5,313447.5,4.283352851867676
-210292.5,313447.5,5.615415573120117
-210232.5,313447.5,6.581073760986328
-210172.5,313447.5,6.492501735687256
-210112.5,313447.5,7.453549861907959
-210052.5,313447.5,5.4435930252075195
-209992.5,313447.5,3.865631580352783
-209932.5,313447.5,4.789924144744873
-209872.5,313447.5,6.865688800811768
-209812.5,313447.5,6.250951766967773
-209752.5,313447.5,6.698760986328125
-209692.5,313447.5,12.79455852508545
-209632.5,313447.5,12.225200653076172
-209572.5,313447.5,7.267142295837402
-209512.5,313447.5,5.333218097686768
-209452.5,313447.5,4.854852676391602
-209392.5,313447.5,5.812353610992432
-209332.5,313447.5,10.578145980834961
-209272.5,313447.5,7.3160080909729
-209212.5,313447.5,7.11000394821167
-209152.5,313447.5,6.147553443908691
-209092.5,313447.5,7.28696870803833
-209032.5,313447.5,6.278918743133545
-208972.5,313447.5,6.6656060218811035
-208912.5,313447.5,8.73062801361084
-205912.5,313447.5,5.9702839851379395
-205852.5,313447.5,4.1906938552856445
-211672.5,313387.5,13.063483238220215
-211612.5,313387.5,15.984770774841309
-211552.5,313387.5,11.695884704589844
-211492.5,313387.5,7.508516311645508
-211432.5,313387.5,4.986198425292969
-211372.5,313387.5,4.2814106941223145
-211312.5,313387.5,3.8569438457489014
-211252.5,313387.5,8.788414001464844
-211192.5,313387.5,11.42967414855957
-211132.5,313387.5,15.060515403747559
-211072.5,313387.5,12.554075241088867
-211012.5,313387.5,9.41115951538086
-210952.5,313387.5,13.677193641662598
-210892.5,313387.5,13.518481254577637
-210832.5,313387.5,7.028792381286621
-210772.5,313387.5,11.380777359008789
-210712.5,313387.5,5.769871711730957
-210652.5,313387.5,4.561690807342529
-210592.5,313387.5,5.662450313568115
-210532.5,313387.5,6.0793914794921875
-210472.5,313387.5,4.943071365356445
-210412.5,313387.5,4.3451995849609375
-210352.5,313387.5,3.6350924968719482
-210292.5,313387.5,5.309176445007324
-210232.5,313387.5,6.732327938079834
-210172.5,313387.5,6.771894931793213
-210112.5,313387.5,7.000408172607422
-210052.5,313387.5,7.19164514541626
-209992.5,313387.5,3.967825174331665
-209932.5,313387.5,4.990065574645996
-209872.5,313387.5,5.98246955871582
-209812.5,313387.5,6.841799736022949
-209752.5,313387.5,5.787619590759277
-209692.5,313387.5,10.244908332824707
-209632.5,313387.5,12.900748252868652
-209572.5,313387.5,6.312833309173584
-209512.5,313387.5,3.373546838760376
-209452.5,313387.5,5.5436625480651855
-209392.5,313387.5,5.54617977142334
-209332.5,313387.5,7.0239152908325195
-209272.5,313387.5,10.002588272094727
-209212.5,313387.5,7.684514045715332
-209152.5,313387.5,5.467851638793945
-209092.5,313387.5,5.34818696975708
-209032.5,313387.5,8.182955741882324
-208972.5,313387.5,9.766634941101074
-206392.5,313387.5,10.037402153015137
-206092.5,313387.5,4.9014153480529785
-206032.5,313387.5,5.257726669311523
-205972.5,313387.5,5.2377028465271
-205912.5,313387.5,5.045884609222412
-205852.5,313387.5,4.351517677307129
-211672.5,313327.5,10.93282699584961
-211612.5,313327.5,13.88119125366211
-211552.5,313327.5,14.843096733093262
-211492.5,313327.5,10.512308120727539
-211432.5,313327.5,7.048651218414307
-211372.5,313327.5,4.6888837814331055
-211312.5,313327.5,4.040665149688721
-211252.5,313327.5,5.408809185028076
-211192.5,313327.5,6.633255481719971
-211132.5,313327.5,12.345044136047363
-211072.5,313327.5,10.469115257263184
-211012.5,313327.5,8.223670959472656
-210952.5,313327.5,7.1515212059021
-210892.5,313327.5,9.625088691711426
-210832.5,313327.5,10.504438400268555
-210772.5,313327.5,7.800914764404297
-210712.5,313327.5,7.358819961547852
-210652.5,313327.5,6.026686668395996
-210592.5,313327.5,4.273290157318115
-210532.5,313327.5,4.046037673950195
-210472.5,313327.5,3.322506904602051
-210412.5,313327.5,3.7945680618286133
-210352.5,313327.5,5.808346271514893
-210292.5,313327.5,7.086463928222656
-210232.5,313327.5,7.290524959564209
-210172.5,313327.5,5.253478527069092
-210112.5,313327.5,6.22838020324707
-210052.5,313327.5,4.491539001464844
-209992.5,313327.5,6.052898406982422
-209932.5,313327.5,5.583739280700684
-209872.5,313327.5,6.118759632110596
-209812.5,313327.5,5.4006853103637695
-209752.5,313327.5,6.22358512878418
-209692.5,313327.5,6.682051658630371
-209632.5,313327.5,14.18656063079834
-209572.5,313327.5,6.5702691078186035
-209512.5,313327.5,4.773104190826416
-209452.5,313327.5,3.8812968730926514
-209392.5,313327.5,4.548760890960693
-209332.5,313327.5,7.99573278427124
-209272.5,313327.5,6.209905624389648
-209212.5,313327.5,6.292025089263916
-209152.5,313327.5,7.104517936706543
-209092.5,313327.5,6.136476039886475
-209032.5,313327.5,9.371337890625
-206272.5,313327.5,10.056649208068848
-206092.5,313327.5,6.632812023162842
-206032.5,313327.5,5.702729225158691
-205972.5,313327.5,4.830462455749512
-205912.5,313327.5,3.6222634315490723
-205852.5,313327.5,5.502976894378662
